tree
version=v4
num_class=1
num_tree_per_iteration=1
label_index=0
max_feature_idx=3
objective=regression
feature_names=PlateLocHeight PlateLocSide Balls Strikes
feature_infos=[-7.8629899024963379:12.25059986114502] [-7.1553702354431152:11.130649566650391] [0:3] [0:2]
tree_sizes=3076 3081 3092 3095 3112 3070 3089 3117 3104 3110 3090 3071 3102 3084 3107 3082 3098 3139 3108 3102 3115 3115 3110 3130 3148 3118 3139 3135 3138 3131 3139 3111 3144 3129 3146 3133 3115 3137 3123 3135 3121 3121 3165 3153 3123 3146 3144 3137 3189 3157 3142 3155 3137 3154 3160 3190 3177 3182 3133 3133 3156 3140 3159 3138 3137 3169 3163 3157 3133 3140 3172 3188 3139 3192 3139 3143 3164 3143 3167 3151 3138 3138 3143 3148 3171 3135 3140 3148 3162 3138 3133 3142 3130 3132 3158 3201 3171 3193 3177 3142 3196 3165 3157 3162 3140 3155 3132 3193 3180 3120 3159 3143 3157 3142 3158 3172 3164 3162 3136 3187 3169 3179 3149 3184 3176 3158 3157 3180 3152 3163 3138 3178 3143 3174 3141 3155 3138 3131 3150 3141 3149 3129 3157 3196 3138 3135 3138 3138 3175 3154 3173 3160 3196 3141 3169 3158

Tree=0
num_leaves=31
num_cat=0
split_feature=0 0 2 2 0 2 0 3 3 0 3 0 0 0 0 0 2 3 0 2 2 0 2 2 0 0 0 2 3 2
split_gain=42.1203 47.4693 9.65579 9.13388 8.26629 7.75975 6.68951 5.5329 5.49581 9.71934 5.36192 3.83942 3.62525 2.9424 2.34422 2.27206 1.33776 1.28081 1.16039 0.97739 0.952304 0.862361 0.671941 0.611306 0.603104 0.526051 0.52502 0.549335 0.474307 0.466675
threshold=3.4893649816513066 0.83102500438690197 1.5000000000000002 2.5000000000000004 2.2024350166320805 1.5000000000000002 1.335795044898987 1.5000000000000002 1.5000000000000002 1.3246949911117556 1.5000000000000002 2.1724550724029545 1.9664199948310854 0.22264499962329867 0.41416500508785253 3.8358099460601811 1.0000000180025095e-35 1.0000000180025095e-35 3.2356851100921635 1.0000000180025095e-35 1.5000000000000002 3.6810050010681157 1.0000000180025095e-35 1.0000000180025095e-35 1.6482349634170534 0.47683499753475195 1.4910349845886233 1.5000000000000002 1.0000000180025095e-35 1.5000000000000002
decision_type=2 2 2 2 2 2 2 2 2 2 2 2 2 2 2 2 2 2 2 2 2 2 2 2 2 2 2 2 2 2
left_child=1 2 10 4 8 21 -5 18 9 17 19 -8 24 -4 -12 -7 -11 -3 20 -1 28 -2 -9 -23 -10 -21 -18 -28 -6 -14
right_child=5 3 13 6 7 15 11 22 12 16 14 -13 29 -15 -16 -17 26 -19 -20 25 -22 23 -24 -25 -26 -27 27 -29 -30 -31
leaf_value=0.0040122027014784165 0.0036926925802841085 0.0029566639081141052 0.011056103665955105 0.0035625287360323012 0.00060083066943812798 0.0074411290121750712 -0.0057791503835303449 0.0037780057894796258 -0.0017729375273427429 0.00024186354554653886 0.0031587495596026882 -0.0016172343156358386 0.0018100796530580324 0.0064366357285289407 1.820782827175382e-05 0.012341371822932386 0.00026974168363281463 0.0014822102398139208 0.0020948454452563445 0.0063057525356042098 -0.00044653493650321195 0.0047559870712422687 0.0024353978727047502 0.0063359456512057507 -0.00079328211850887911 0.0045888631057662312 -0.00061602605453690991 -0.0017664068335953207 0.0012152394348638909 2.4594497727160446e-06
leaf_weight=7890 2647 7408 1292 1007 18656 1160 2600 3125 12938 22147 3180 3122 2616 2784 2916 1267 3058 7679 4428 2380 3968 3805 10084 2665 5836 2196 11564 3449 14133 1405
leaf_count=7890 2647 7408 1292 1007 18656 1160 2600 3125 12938 22147 3180 3122 2616 2784 2916 1267 3058 7679 4428 2380 3968 3805 10084 2665 5836 2196 11564 3449 14133 1405
internal_value=0.00131054 0.000977566 0.00437508 0.000425121 0.00057115 0.00597926 -0.00245019 0.00132833 4.38026e-05 0.000474645 0.00360085 -0.00350835 -0.0010015 0.0079009 0.00165648 0.00999927 -0.000174913 0.00220619 0.00087139 0.00455167 0.000724004 0.00490911 0.00275303 0.00540677 -0.00146841 0.00548183 -0.000685695 -0.000880308 0.000865658 0.00117847
internal_weight=173405 161861 22638 139223 132494 11544 6729 54394 78100 55305 18562 5722 22795 4076 6096 2427 40218 15087 41185 12466 36757 9117 13209 6470 18774 4576 18071 15013 32789 4021
internal_count=173405 161861 22638 139223 132494 11544 6729 54394 78100 55305 18562 5722 22795 4076 6096 2427 40218 15087 41185 12466 36757 9117 13209 6470 18774 4576 18071 15013 32789 4021
is_linear=0
shrinkage=1


Tree=1
num_leaves=31
num_cat=0
split_feature=0 0 2 2 2 0 0 3 3 0 0 3 0 0 0 0 0 2 2 3 2 0 2 2 2 0 0 2 0 2
split_gain=35.5216 42.3087 9.08335 6.71562 6.42998 7.4087 6.43012 5.08157 4.96318 10.3966 3.29015 3.1838 2.5654 2.10245 1.66315 1.61077 1.06099 0.9802 0.934102 0.889057 0.782214 0.726284 0.645876 0.608262 0.594759 0.571332 0.441573 0.438243 0.42649 0.414679
threshold=3.4893649816513066 0.751530021429062 1.5000000000000002 1.5000000000000002 2.5000000000000004 1.3246949911117556 2.2024350166320805 1.5000000000000002 1.5000000000000002 1.301290035247803 1.8865550160408022 1.5000000000000002 2.1724550724029545 0.22264499962329867 0.12533500045537951 3.8358099460601811 3.2603299617767338 1.5000000000000002 1.0000000180025095e-35 1.0000000180025095e-35 1.0000000180025095e-35 3.6810050010681157 1.5000000000000002 1.0000000180025095e-35 1.5000000000000002 1.5448549985885622 1.6585550308227541 1.0000000180025095e-35 1.0012049674987795 1.5000000000000002
decision_type=2 2 2 2 2 2 2 2 2 2 2 2 2 2 2 2 2 2 2 2 2 2 2 2 2 2 2 2 2 2
left_child=1 2 11 21 6 -6 8 16 9 19 26 20 -7 -4 -13 -5 17 -8 -11 -3 -1 -2 -12 -9 28 -20 -10 -23 -21 -27
right_child=3 4 13 15 5 12 7 23 10 18 22 14 -14 -15 -16 -17 -18 -19 25 24 -22 27 -24 -25 -26 29 -28 -29 -30 -31
leaf_value=0.0026122112615676965 0.0021783737305427309 0.0016332419360076819 0.0093197971418849633 0.0058727657064677231 0.0028632680498056713 -0.0061783053074527831 -0.0004280391604784521 0.0023501311433872895 -0.0028374764113918622 -0.0010483245122481753 0.00027030399651034533 0.0026616937238917067 -0.0027808765399650343 0.0052993923535894051 -0.00025813497009123638 0.010029558271430048 0.0008048464474882973 -0.0017563297981340743 -0.0010185545029485286 0.00094571181686828169 0.004013363265884003 0.003207904038968209 -0.0015595429478568092 0.0010669244305543172 0.0022036085162853527 -0.0018254789617125429 -0.0019030416741949974 0.0045439172447143232 -0.0003252269340127059 -0.0028580899213161491
leaf_weight=7025 2634 7708 1321 1134 1087 2630 33341 3091 13921 22785 3511 1920 3098 2251 3570 1259 3977 3980 4420 2773 4003 3852 1904 10054 1059 10940 4217 2654 4326 3222
leaf_count=7025 2634 7708 1321 1134 1087 2630 33341 3091 13921 22785 3511 1920 3098 2251 3570 1259 3977 3980 4420 2773 4003 3852 1904 10054 1059 10940 4217 2654 4326 3222
internal_value=-2.93565e-06 -0.000308085 0.0031282 0.00428693 -0.000794096 -0.00319174 -0.000673264 -1.2758e-06 -0.00112613 -0.000723873 -0.00210359 0.00233716 -0.0043408 0.00678622 0.000763007 0.00805973 -0.000437323 -0.000569691 -0.00139163 0.00101715 0.00312081 0.00329915 -0.000373099 0.00136867 0.000435051 -0.00181259 -0.00262022 0.00375291 0.000171225 -0.00206041
internal_weight=173667 162134 20090 11533 142044 6815 135229 54443 80786 57233 23553 16518 5728 3572 5490 2393 41298 37321 41367 15866 11028 9140 5415 13145 8158 18582 18138 6506 7099 14162
internal_count=173667 162134 20090 11533 142044 6815 135229 54443 80786 57233 23553 16518 5728 3572 5490 2393 41298 37321 41367 15866 11028 9140 5415 13145 8158 18582 18138 6506 7099 14162
is_linear=0
shrinkage=0.08


Tree=2
num_leaves=31
num_cat=0
split_feature=1 1 2 2 2 1 1 1 1 3 3 1 1 2 3 1 2 1 1 1 2 3 1 1 3 2 1 2 3 1
split_gain=54.6731 61.7954 10.2023 7.17656 5.01543 4.73485 3.60849 4.86067 3.18507 3.11024 2.61844 2.36369 1.85383 1.56071 1.50868 1.45745 1.28262 1.01081 0.849109 1.41851 0.704404 0.676791 0.662882 0.599559 0.586271 0.537672 0.520602 0.453702 0.420002 0.388757
threshold=1.4003850221633913 -1.0724650025367735 1.5000000000000002 1.5000000000000002 2.5000000000000004 -1.6754750013351438 0.36897499859333044 1.1133450269699099 1.7369199991226199 1.5000000000000002 1.5000000000000002 -1.3639299869537351 -0.85982501506805409 1.5000000000000002 1.5000000000000002 1.7048449516296389 1.0000000180025095e-35 -0.23541500419378278 0.74057999253273021 -0.29094000160694117 1.0000000180025095e-35 1.5000000000000002 1.7369199991226199 1.260689973831177 1.5000000000000002 1.0000000180025095e-35 1.5945749878883364 1.0000000180025095e-35 1.0000000180025095e-35 -0.69629499316215504
decision_type=2 2 2 2 2 2 2 2 2 2 2 2 2 2 2 2 2 2 2 2 2 2 2 2 2 2 2 2 2 2
left_child=1 3 9 5 6 -1 12 20 -4 16 23 -5 24 17 -6 -11 22 29 19 -16 -8 25 -2 -9 -3 -7 -18 -17 -19 -14
right_child=2 4 8 11 14 21 7 10 -10 15 -12 -13 13 -15 18 27 26 28 -20 -21 -22 -23 -24 -25 -26 -27 -28 -29 -30 -31
leaf_value=0.0067580384214034703 0.0023637640261710874 0.0013339317678260701 0.0051786757821408926 0.010700365835027285 -0.0012495603252774671 0.0025988631405352109 -0.0013980094813881741 0.00026769138649777738 0.0099357687992030191 -0.00033742367601344829 -0.0017338616748956005 0.0059555418547394311 -0.00021437288382414991 -0.001459892000023002 -0.0022469278533528915 0.0013362071690997462 0.0035120593240186107 -0.00049638303171503108 -0.0018320903886178378 -0.0055236601552018354 -0.002023008457067326 0.0013660391772939609 0.0037957998098516665 0.0016389566145140534 -0.00048237675589474368 0.0042453478664290171 0.0054546907864813591 0.0032919603031653544 7.0647275440619684e-05 -0.0010230640921191859
leaf_weight=2667 3824 4303 1700 1481 1985 3315 22194 4617 1916 1974 3510 1230 4772 11978 1273 1339 1273 14844 1029 2518 24044 1625 4507 3657 1546 2057 2881 1753 19140 18764
leaf_count=2667 3824 4303 1700 1481 1985 3315 22194 4617 1916 1974 3510 1230 4772 11978 1273 1339 1273 14844 1029 2518 24044 1625 4507 3657 1546 2057 2881 1753 19140 18764
internal_value=1.98218e-05 -0.000508845 0.00382988 0.00491022 -0.000987257 0.00388984 -0.000879164 -0.00135336 0.0076993 0.00303267 9.70588e-05 0.00854761 -0.000513999 -0.000629118 -0.00310573 0.00136082 0.00371105 -0.000456118 -0.00387015 -0.00442335 -0.00172301 0.00279659 0.00313848 0.000873773 0.000853847 0.00322932 0.00485937 0.00244502 -0.000177028 -0.000859099
internal_weight=173716 152549 21167 12375 140174 9664 133369 58022 3616 17551 11784 2711 75347 69498 6805 5066 12485 57520 4820 3791 46238 6997 8331 8274 5849 5372 4154 3092 33984 23536
internal_count=173716 152549 21167 12375 140174 9664 133369 58022 3616 17551 11784 2711 75347 69498 6805 5066 12485 57520 4820 3791 46238 6997 8331 8274 5849 5372 4154 3092 33984 23536
is_linear=0
shrinkage=0.08


Tree=3
num_leaves=31
num_cat=0
split_feature=1 1 2 2 2 1 1 1 1 3 3 1 1 1 1 2 2 1 3 2 1 3 1 3 2 1 1 1 3 3
split_gain=45.5222 52.1188 8.23807 6.49037 4.58125 3.36157 3.25809 4.1119 2.73216 2.54275 2.2473 1.88151 1.50913 1.35917 1.29655 1.06785 0.967354 0.861723 0.68886 0.638862 0.670336 0.633751 0.585664 0.51024 0.622166 0.505625 0.483402 0.476922 0.476095 0.475649
threshold=1.4003850221633913 -1.1028450131416319 1.5000000000000002 1.5000000000000002 2.5000000000000004 -1.6754750013351438 0.36897499859333044 1.1133450269699099 1.7048449516296389 1.5000000000000002 1.5000000000000002 -0.85982501506805409 -1.3639299869537351 1.8748199939727785 -0.52672499418258656 1.0000000180025095e-35 1.5000000000000002 0.88093999028205883 1.0000000180025095e-35 1.5000000000000002 0.65289500355720531 1.5000000000000002 -0.23541500419378278 1.0000000180025095e-35 1.0000000180025095e-35 1.7048449516296389 1.7369199991226199 -1.3164699673652647 1.0000000180025095e-35 1.5000000000000002
decision_type=2 2 2 2 2 2 2 2 2 2 2 2 2 2 2 2 2 2 2 2 2 2 2 2 2 2 2 2 2 2
left_child=1 3 9 5 6 -1 11 19 -4 15 18 21 -5 -11 -6 26 22 29 -9 20 28 -3 -13 24 -24 -17 -2 -7 -8 -16
right_child=2 4 8 12 14 27 7 10 -10 13 -12 16 -14 -15 17 25 -18 -19 -20 -21 -22 -23 23 -25 -26 -27 -28 -29 -30 -31
leaf_value=0.0060683726914939921 0.0022142494507831206 0.0013383810168242486 0.0044922559033741564 0.0098999896946444493 -0.00033900198830696401 0.0033817128639786098 -0.0015490787111412749 0.0015462402698816677 0.0089372864100494848 0.00011414532767771711 -0.001577475294947154 -0.00072606885900596495 0.0059839181663834907 0.0027435302224274451 -0.0025952326462691205 0.0034544496759116583 -0.001208628030080817 -0.0012806887114230098 8.5393245695755191e-05 -0.0022484359738061924 -0.0017240931784072314 -0.00044660009418501896 -0.00019954828787547779 6.4799468950521902e-05 -0.0013020363173863387 0.0052302574381036197 0.0034502257797036314 0.0020025466436573323 -0.00067813869632000676 -0.0043574967649366173
leaf_weight=2665 3740 4796 1569 1477 1063 3192 7024 4189 2030 2812 3564 23602 1098 2277 1390 1818 12017 1027 4076 7447 22394 1733 10051 19211 4860 2356 4417 3227 9383 3325
leaf_count=2665 3740 4796 1569 1477 1063 3192 7024 4189 2030 2812 3564 23602 1098 2277 1390 1818 12017 1027 4076 7447 22394 1733 10051 19211 4860 2356 4417 3227 9383 3325
internal_value=2.43566e-05 -0.000455784 0.00351504 0.00468492 -0.0008804 0.00367997 -0.000777826 -0.0012293 0.00699946 0.00279516 0.000101711 -0.000434044 0.00823015 0.00129063 -0.00290546 0.00341607 -0.000555619 -0.00338058 0.000825803 -0.00156974 -0.00143947 0.000864591 -0.000419676 -0.000207746 -0.000558886 0.0044568 0.00288353 0.00268837 -0.001051 -0.00383797
internal_weight=173830 152811 21019 11659 141152 9084 134347 58077 3599 17420 11829 76270 2575 5089 6805 12331 69741 5742 8265 46248 38801 6529 57724 34122 14911 4174 8157 6419 16407 4715
internal_count=173830 152811 21019 11659 141152 9084 134347 58077 3599 17420 11829 76270 2575 5089 6805 12331 69741 5742 8265 46248 38801 6529 57724 34122 14911 4174 8157 6419 16407 4715
is_linear=0
shrinkage=0.08


Tree=4
num_leaves=31
num_cat=0
split_feature=1 1 2 1 1 2 1 2 3 1 3 1 2 2 3 2 1 1 1 3 1 3 3 3 3 2 1 1 2 3
split_gain=39.2215 43.4404 6.94864 5.23998 3.39437 3.97191 4.17047 2.7379 1.92694 1.82573 1.39552 1.29605 1.25489 1.14116 0.917313 0.880427 0.851916 0.583131 0.731455 0.70244 0.576207 0.52927 0.489817 0.467564 0.411729 0.459673 0.322892 0.318609 0.31172 0.467324
threshold=1.4396449923515322 -1.0451250076293943 1.5000000000000002 -1.5939149856567381 1.1700899600982668 2.5000000000000004 0.36897499859333044 1.5000000000000002 1.5000000000000002 1.7369199991226199 1.0000000180025095e-35 -0.85982501506805409 1.0000000180025095e-35 1.5000000000000002 1.5000000000000002 1.0000000180025095e-35 1.9581649899482729 1.0320950150489809 0.65289500355720531 1.5000000000000002 -0.2245099991559982 1.0000000180025095e-35 1.0000000180025095e-35 1.5000000000000002 1.5000000000000002 1.0000000180025095e-35 1.3110450506210329 1.6202899813652041 1.0000000180025095e-35 1.0000000180025095e-35
decision_type=2 2 2 2 2 2 2 2 2 2 2 2 2 2 2 2 2 2 2 2 2 2 2 2 2 2 2 2 2 2
left_child=1 3 8 12 5 6 11 24 15 -4 -6 -3 -1 20 -7 21 -10 18 22 -19 -13 -2 -8 26 25 -5 -12 -17 -22 -30
right_child=2 4 9 7 10 14 17 -9 16 -11 23 13 -14 -15 -16 27 -18 19 -20 -21 28 -23 -24 -25 -26 -27 -28 -29 29 -31
leaf_value=0.0047501252623894409 0.0033078218883481518 0.00072988905582319703 0.0044930721533449061 0.0019093919885498625 0.0017476506404689417 -0.0014137422364269626 -0.0017035002471991634 0.0055454676900726823 0.00040752577837690367 0.0082588675878653237 -0.00019053993000123624 -0.00073373052830576983 0.0075773749962307286 -0.00129160668931519 -0.0035480102800838106 0.0030573185755188715 0.002587837173512731 -0.00020846642089955366 -0.0018606757671364394 -0.0020359184089039713 -1.8048477560075939e-06 0.0019697474643783899 -0.00087884761288441399 -0.00082357802760679819 0.0010312861367719512 0.0034362342023092698 0.0013268256457458444 0.0046623774817249044 -0.0011495015881601038 -0.00018455401855078284
leaf_weight=1777 4350 5169 1435 3330 3768 1812 7450 1944 2785 1935 2046 23970 2312 12030 4464 1108 1950 4630 22736 1898 18607 3348 12091 3457 1616 2032 1599 2771 4731 10005
leaf_count=1777 4350 5169 1435 3330 3768 1812 7450 1944 2785 1935 2046 23970 2312 12030 4464 1108 1950 4630 22736 1898 18607 3348 12091 3457 1616 2032 1599 2771 4731 10005
internal_value=-1.38853e-05 -0.000445057 0.00334826 0.00397721 -0.000854689 -0.000968586 -0.000868672 0.00289034 0.00266503 0.00665533 0.0005032 -0.00049215 0.00634871 -0.000583244 -0.00293181 0.0032211 0.00130544 -0.00144352 -0.00155218 -0.000739794 -0.000434559 0.00272587 -0.00119325 -0.000157049 0.00215065 0.00248801 0.000475103 0.00420391 -0.000219486 -0.000494351
internal_weight=173156 153474 19682 13011 140463 129593 123317 8922 16312 3370 10870 74512 4089 69343 6276 11577 4735 48805 42277 6528 57313 7698 19541 7102 6978 5362 3645 3879 33343 14736
internal_count=173156 153474 19682 13011 140463 129593 123317 8922 16312 3370 10870 74512 4089 69343 6276 11577 4735 48805 42277 6528 57313 7698 19541 7102 6978 5362 3645 3879 33343 14736
is_linear=0
shrinkage=0.08


Tree=5
num_leaves=31
num_cat=0
split_feature=1 1 0 0 2 2 0 2 2 1 0 1 1 0 1 0 0 2 0 0 0 2 0 1 1 1 1 1 2 1
split_gain=33.8865 37.4503 25.0296 24.5642 11.4681 6.59758 4.55746 4.23066 3.87367 3.84336 3.70373 4.50232 4.27882 2.97189 2.89037 2.90866 2.84521 2.57223 2.56457 2.43729 2.30799 2.05709 1.81309 1.58686 1.3906 1.31405 1.13244 1.09869 0.873725 0.855486
threshold=1.4396449923515322 -1.0724650025367735 0.77140498161315929 3.5972449779510502 2.5000000000000004 1.5000000000000002 1.381554961204529 1.5000000000000002 1.5000000000000002 -1.6754750013351438 2.0252099037170415 -0.69629499316215504 -0.44616499543189997 1.199805021286011 0.47127500176429754 2.9250850677490239 2.832994937896729 1.5000000000000002 1.6282149553298952 3.2603299617767338 2.89330005645752 1.5000000000000002 2.1724550724029545 -0.36128000915050501 1.1991499662399294 -0.20219499617815015 1.0077999830245974 1.9158399701118471 1.0000000180025095e-35 -0.2245099991559982
decision_type=2 2 2 2 2 2 2 2 2 2 2 2 2 2 2 2 2 2 2 2 2 2 2 2 2 2 2 2 2 2
left_child=1 9 7 4 10 16 -6 -3 -5 -1 11 18 -12 25 15 29 27 28 -4 24 -7 -11 -8 -9 -16 -13 -21 -2 -15 -14
right_child=5 2 3 8 6 20 22 23 -10 21 12 13 14 17 19 -17 -18 -19 -20 26 -22 -23 -24 -25 -26 -27 -28 -29 -30 -31
leaf_value=0.006083772776155588 0.00089303727998672994 0.0015724838124591359 0.001534168281218772 0.002696676601768669 5.5742325518247105e-05 0.0045258563593616272 -0.0075571894296306806 0.0073415814788297751 0.0075448146933703129 0.002284555754596651 -0.0027168453935270511 0.00045069175541535096 -0.00056535940328451438 -0.001611867568809888 -0.0016775519857272451 -0.0015287144238674139 0.0036890382366797751 -0.0037085237129937123 -0.0020806507190924833 -0.00027863239676184686 0.0087523100135962397 0.0052161728948239136 -0.0044781192529399459 0.0034697568795966213 -8.5484130149591269e-05 -0.0013602984917414635 0.0029323105323461962 0.0026658275106223235 -0.0024416171094250199 0.00089081927103270089
leaf_weight=3430 6054 13348 4054 4785 1011 1957 2191 1103 1353 6937 6391 3498 3143 18397 18423 5161 6777 6600 1820 1637 1432 1966 2773 1756 4338 9606 1232 3549 14542 14467
leaf_count=3430 6054 13348 4054 4785 1011 1957 2191 1103 1353 6937 6391 3498 3143 18397 18423 5161 6777 6600 1820 1637 1432 1966 2773 1756 4338 9606 1232 3549 14542 14467
internal_value=-1.93087e-05 -0.000419669 -0.000787856 -0.00117016 -0.00142412 0.00309871 -0.00484005 0.00217068 0.00376535 0.00380851 -0.001244 -0.00168658 -0.000771324 -0.00192098 -0.000514432 0.000141446 0.00243395 -0.00226702 0.000414153 -0.00109715 0.00631172 0.00293193 -0.00583715 0.0049635 -0.00137412 -0.00087687 0.0011002 0.00154821 -0.00197819 0.000630923
internal_weight=173731 153962 141629 125422 119284 19769 5975 16207 6138 12333 113309 58517 54792 52643 48401 22771 16380 39539 5874 25630 3389 8903 4964 2859 22761 13104 2869 9603 32939 17610
internal_count=173731 153962 141629 125422 119284 19769 5975 16207 6138 12333 113309 58517 54792 52643 48401 22771 16380 39539 5874 25630 3389 8903 4964 2859 22761 13104 2869 9603 32939 17610
is_linear=0
shrinkage=0.08


Tree=6
num_leaves=31
num_cat=0
split_feature=1 1 0 0 0 1 0 3 0 1 0 3 1 1 0 1 0 3 3 1 0 3 1 1 1 1 0 1 1 1
split_gain=28.5465 32.0857 21.3443 19.5267 4.50088 3.281 3.10186 5.60111 7.2898 4.21921 2.34004 3.0396 2.23427 2.17145 2.16546 2.07719 1.86391 1.85282 1.84002 1.35532 1.61376 1.52265 1.08886 1.51086 1.04922 1.03855 0.923369 0.912003 0.821724 0.772946
threshold=1.3811399936676028 -1.0451250076293943 0.84925499558448803 3.5972449779510502 2.8481400012969975 -1.7719500064849851 2.1318750381469731 1.5000000000000002 1.3700749874114992 -0.44616499543189997 0.47683499753475195 1.5000000000000002 0.36897499859333044 1.7369199991226199 2.0252099037170415 -0.39679500460624689 3.1291050910949711 1.5000000000000002 1.5000000000000002 1.1557949781417849 3.1091099977493291 1.5000000000000002 1.045385003089905 0.3334649950265885 0.15852499753236773 -1.3164699673652647 1.6079150438308718 -0.29094000160694117 -0.81958499550819386 0.78211501240730297
decision_type=2 2 2 2 2 2 2 2 2 2 2 2 2 2 2 2 2 2 2 2 2 2 2 2 2 2 2 2 2 2
left_child=1 5 10 6 13 -1 7 8 15 -8 -3 -12 16 18 24 -4 17 27 -2 21 -21 -14 23 28 -9 -7 -27 -11 -10 -23
right_child=4 2 3 -5 -6 25 9 14 22 12 11 -13 19 -15 -16 -17 -18 -19 -20 20 -22 29 -24 -25 -26 26 -28 -29 -30 -31
leaf_value=0.0058833447121314688 0.0017915321099681522 0.0027039644744117743 0.0019110399531854943 0.0033580674269413496 0.0041139323449163089 0.003628328267918186 -0.002936741367002926 -0.002469438488647442 0.00015348734138173842 -0.0018622988472813478 0.0020197827193198336 -0.0010424903665762792 -0.0017588773760416239 0.0028457680388589363 -0.00010780120152989285 -0.00030558096863462879 -0.001895115276787838 0.0019076341852804417 -0.00092285734642499624 -0.00068144138332822222 0.0028222444552688775 0.00065448062234348234 -0.00040852064900400001 -0.0028625888172700764 -0.0037010983204151401 0.0028495297586823517 0.00073087985342473022 0.00016932571613093234 -0.0018024028758879111 -0.0012462479394205717
leaf_weight=2726 4311 9266 3629 5908 8729 4746 5711 8379 1502 1642 5612 3291 16159 6267 1671 10634 2692 3851 2540 3654 1093 2979 2734 10100 9384 3338 2174 10190 16224 2534
leaf_count=2726 4311 9266 3629 5908 8729 4746 5711 8379 1502 1642 5612 3291 16159 6267 1671 10634 2692 3851 2540 3654 1093 2979 2734 10100 9384 3338 2174 10190 16224 2534
internal_value=2.46971e-06 -0.000386603 -0.000742255 -0.00112715 0.00270628 0.00341641 -0.00135805 -0.00172678 -0.00123497 -0.000888918 0.00181403 0.000887811 -0.000627832 0.0017696 -0.0028611 0.000258404 4.96426e-05 0.000383462 0.000785175 -0.00109903 0.000125285 -0.0013672 -0.00193196 -0.00208164 -0.00312011 0.00276084 0.00201391 -0.000112615 -0.00163667 -0.000219172
internal_weight=173670 151823 138839 120670 21847 12984 114762 64257 44823 50505 18169 8903 44794 13118 19434 14263 18375 15683 6851 26419 4747 21672 30560 27826 17763 10258 5512 11832 17726 5513
internal_count=173670 151823 138839 120670 21847 12984 114762 64257 44823 50505 18169 8903 44794 13118 19434 14263 18375 15683 6851 26419 4747 21672 30560 27826 17763 10258 5512 11832 17726 5513
is_linear=0
shrinkage=0.08


Tree=7
num_leaves=31
num_cat=0
split_feature=1 1 2 2 2 1 1 1 3 1 3 1 1 1 2 1 1 2 1 2 1 3 1 3 2 3 1 3 1 3
split_gain=24.0271 27.3475 4.7821 3.92173 3.04012 2.12945 2.86012 1.90789 1.64336 1.62958 1.59225 1.43583 1.22487 0.878026 0.7999 0.905362 0.733794 0.693662 0.681029 0.475414 0.427894 0.389132 0.386597 0.381184 0.376753 0.515698 0.342117 0.474497 0.428353 0.520334
threshold=1.3811399936676028 -1.1028450131416319 1.5000000000000002 1.5000000000000002 2.5000000000000004 0.36044000089168554 1.0320950150489809 1.7369199991226199 1.5000000000000002 -1.8944150209426878 1.0000000180025095e-35 -0.51241999864578236 0.88093999028205883 -1.4687100052833555 1.5000000000000002 -0.69629499316215504 0.5845799744129182 1.0000000180025095e-35 1.6765750050544741 1.0000000180025095e-35 1.2145199775695803 1.5000000000000002 -1.4687100052833555 1.0000000180025095e-35 1.5000000000000002 1.0000000180025095e-35 -0.85982501506805409 1.5000000000000002 -0.2245099991559982 1.0000000180025095e-35
decision_type=2 2 2 2 2 2 2 2 2 2 2 2 2 2 2 2 2 2 2 2 2 2 2 2 2 2 2 2 2 2
left_child=1 3 8 9 5 14 16 -4 17 -1 20 -6 -13 -5 26 -16 24 23 -10 -18 -8 -12 -11 -2 25 -7 27 -3 -28 -30
right_child=2 4 7 13 11 6 10 -9 18 22 21 12 -14 -15 15 -17 19 -19 -20 -21 -22 -23 -24 -25 -26 -27 28 -29 29 -31
leaf_value=0.0048499930820126184 0.0024694583919009781 0.00079414492665926179 0.0032372033608430583 0.0078072627125875963 0.00030377877981802568 -0.001266387922360838 0.00046718664964368197 0.0068788100986170832 -0.00042497427905015522 0.0028454762772218097 -0.00015029781191032099 -0.0034075093834586511 -0.00034182454038078375 0.0048046446329000096 0.00057263739042833438 -0.0011873205185066024 -0.0011964921471677417 0.0032521060251812866 0.0014576737782929473 -0.0018656715831560156 0.0019082669848703769 -0.0011683257604586466 0.0016469083197589744 0.0013906119612565188 -0.0017437041643888827 -0.00025046229189969941 -0.00050930704028061703 -0.0010733638970167074 -0.00042860204716384432 0.00021405708048973131
leaf_weight=1661 4889 4282 1800 1128 1102 5567 3028 1885 1988 2695 5162 4617 1018 1393 2261 10836 13079 4303 3224 14141 2336 4496 4772 3669 2562 7514 24113 1093 14259 18556
leaf_count=1661 4889 4282 1800 1128 1102 5567 3028 1885 1988 2695 5162 4617 1018 1393 2261 10836 13079 4303 3224 14141 2336 4496 4772 3669 2562 7514 24113 1093 14259 18556
internal_value=-1.26648e-05 -0.000369311 0.00247345 0.00335504 -0.000679156 -0.000595349 -0.0009603 0.00510001 0.00193791 0.00258364 -1.04032e-05 -0.0023372 -0.00285367 0.00614814 -0.000315173 -0.00088349 -0.00129321 0.00242354 0.00073958 -0.00154414 0.00109477 -0.000624211 0.0020795 0.00200693 -0.00085657 -0.000682819 -0.000195704 0.000414389 -0.000253308 -6.51956e-05
internal_weight=173429 151671 21758 11649 140022 133285 57885 3685 18073 9128 15022 6737 5635 2521 75400 13097 42863 12861 5212 27220 5364 9658 7467 8558 15643 13081 62303 5375 56928 32815
internal_count=173429 151671 21758 11649 140022 133285 57885 3685 18073 9128 15022 6737 5635 2521 75400 13097 42863 12861 5212 27220 5364 9658 7467 8558 15643 13081 62303 5375 56928 32815
is_linear=0
shrinkage=0.08


Tree=8
num_leaves=31
num_cat=0
split_feature=0 0 2 0 2 3 3 0 2 0 3 2 0 0 0 0 2 2 3 3 2 2 0 3 3 2 0 0 2 2
split_gain=20.4379 23.0844 6.23699 5.0408 4.71833 4.69624 4.08666 3.90546 3.08904 2.49074 2.23093 3.23119 2.10895 1.92152 1.38227 0.997242 0.972445 0.822242 0.768822 0.684014 0.617959 0.552001 0.742595 0.600921 0.551665 0.539619 0.520726 0.48282 0.434419 0.405364
threshold=3.4565649032592778 0.96772497892379772 1.5000000000000002 2.1724550724029545 1.5000000000000002 1.5000000000000002 1.5000000000000002 1.3700749874114992 2.5000000000000004 0.47683499753475195 1.5000000000000002 2.5000000000000004 0.30769999325275427 1.7782750129699709 3.7283149957656865 1.5866000056266787 1.5000000000000002 1.0000000180025095e-35 1.0000000180025095e-35 1.5000000000000002 1.5000000000000002 1.0000000180025095e-35 3.0893599987030034 1.0000000180025095e-35 1.0000000180025095e-35 1.5000000000000002 2.0252099037170415 1.5866000056266787 1.0000000180025095e-35 1.0000000180025095e-35
decision_type=2 2 2 2 2 2 2 2 2 2 2 2 2 2 2 2 2 2 2 2 2 2 2 2 2 2 2 2 2 2
left_child=1 2 5 6 28 17 7 18 13 -4 21 29 -7 -8 -6 -10 -9 24 -3 -11 26 23 -23 -5 -1 -20 -15 -18 -2 -12
right_child=4 3 9 10 14 12 8 16 15 19 11 -13 -14 20 -16 -17 27 -19 25 -21 -22 22 -24 -25 -26 -27 -28 -29 -30 -31
leaf_value=0.0021785206082976442 0.0018809778981049028 0.0010327651892617536 0.006424290433297431 -0.0004768723026663252 0.0039212160964161953 0.0014209251740585028 -0.002253329761537505 -0.0010032583854590719 -0.0028714629908718403 0.0045013665177502252 0.001931613443399721 -0.0022111405492797392 -0.0014019271897072498 -0.00070161870839750926 0.0077063295669877957 -0.0061578616442172522 -0.00081981161428292936 0.0028055100770386565 -0.00047063118403996003 0.0019688396886853058 -0.0016699172425302857 -0.00097239782654539458 0.00032449528543926668 0.00036412662492062148 0.00097805368598140839 0.0014203385322918048 0.0010861614317617574 -0.0027267532710750731 0.0029677383789463788 0.00089768279277231602
leaf_weight=5133 5721 6714 2151 14965 1033 2632 13536 33334 1045 1051 3175 2131 4752 2966 1535 1360 1132 5821 5923 1947 2347 16193 3423 8541 4687 1154 1608 3408 4000 10299
leaf_count=5133 5721 6714 2151 14965 1033 2632 13536 33334 1045 1051 3175 2131 4752 2966 1535 1360 1132 5821 5923 1947 2347 16193 3423 8541 4687 1154 1608 3408 4000 10299
internal_value=-1.11305e-05 -0.000250548 0.00182999 -0.000690438 0.00313385 0.00126711 -0.00112722 -0.000733144 -0.00201777 0.00434704 -0.000136147 0.00068351 -0.000395732 -0.00169892 0.00618374 -0.00472988 -0.00115286 0.00205213 0.000419513 0.00285666 -0.000614615 -0.000432765 -0.000746089 -0.000171292 0.00160555 -0.000162283 -7.31206e-05 -0.00225128 0.00232816 0.00114132
internal_weight=173717 161428 28174 133254 12289 23025 74527 51665 22862 5149 58727 15605 7384 20457 2568 2405 37874 15641 13791 2998 6921 43122 19616 23506 9820 7077 4574 4540 9721 13474
internal_count=173717 161428 28174 133254 12289 23025 74527 51665 22862 5149 58727 15605 7384 20457 2568 2405 37874 15641 13791 2998 6921 43122 19616 23506 9820 7077 4574 4540 9721 13474
is_linear=0
shrinkage=0.08


Tree=9
num_leaves=31
num_cat=0
split_feature=1 1 2 2 1 2 1 1 3 3 1 1 1 1 2 2 1 1 2 3 3 3 3 2 3 3 1 1 1 2
split_gain=20.1485 21.0226 4.35956 3.33195 2.26243 2.80105 1.36075 1.67535 1.33388 1.23361 1.11313 1.07294 1.06657 1.04311 0.927372 0.64978 0.607606 0.499843 0.456561 0.413937 0.377753 0.363645 0.359765 0.33436 0.312327 0.301805 0.422543 0.385867 0.287986 0.274735
threshold=1.4396449923515322 -1.1028450131416319 1.5000000000000002 1.5000000000000002 -0.7817150056362151 2.5000000000000004 1.1991499662399294 0.49013000726699835 1.5000000000000002 1.5000000000000002 -1.5294100046157835 -1.5939149856567381 0.90371501445770275 1.7048449516296389 1.5000000000000002 1.0000000180025095e-35 1.9158399701118471 1.0320950150489809 1.5000000000000002 1.5000000000000002 1.5000000000000002 1.0000000180025095e-35 1.0000000180025095e-35 1.0000000180025095e-35 1.5000000000000002 1.0000000180025095e-35 -0.2245099991559982 0.31523500382900244 1.5945749878883364 1.0000000180025095e-35
decision_type=2 2 2 2 2 2 2 2 2 2 2 2 2 2 2 2 2 2 2 2 2 2 2 2 2 2 2 2 2 2
left_child=1 3 8 11 18 6 7 14 15 22 -5 -1 24 -4 25 28 -10 23 20 -16 -3 -19 -8 -9 -7 27 -27 -6 -2 -13
right_child=2 4 13 10 5 12 9 17 16 -11 -12 29 -14 -15 19 -17 -18 21 -20 -21 -22 -23 -24 -25 -26 26 -28 -29 -30 -31
leaf_value=0.0033970629427308619 0.0010278646209221736 0.00058269798712560768 0.0032657213806993384 0.0075070773870326004 -0.00039109171378119847 -0.0018244210163502286 0.0015241542611331993 -0.0009558111668415023 -9.1123662371465539e-05 -0.0010612093000427025 0.0041031393680245956 0.0010928075334305678 2.8844053951708393e-05 0.0061552437575407726 -0.0015524474881252321 0.0031555925966276748 0.0017219879350240993 0.00021794854593653075 0.0016384592126664308 -0.0006482595103678543 -0.00083599525779968012 -0.00091669404887261767 0.00032597911176099825 -0.0014581402211620367 -0.0031858370638096671 -0.00055029267132160038 3.298702208319143e-05 -0.0012029869128410654 0.0021611119831854556 0.0021934114867935375
leaf_weight=3206 1897 5966 1323 1040 22854 1514 3306 16292 2648 2833 1504 3291 1023 2021 6034 3850 2138 2821 2075 6999 1504 5033 3115 17687 3749 12178 22888 4481 5895 2597
leaf_count=3206 1897 5966 1323 1040 22854 1514 3306 16292 2648 2833 1504 3291 1023 2021 6034 3850 2138 2821 2075 6999 1504 5033 3115 17687 3749 12178 22888 4481 5895 2597
internal_value=-2.50284e-05 -0.000333712 0.00237908 0.0029354 -0.000600978 -0.000686479 -0.000604587 -0.000678288 0.00184313 0.000329357 0.00549469 0.00221945 -0.00233477 0.00501205 -0.000453107 0.00230533 0.000718829 -0.00108434 0.000588669 -0.00106688 0.00029706 -0.000509153 0.000942887 -0.00121729 -0.0027942 -0.000324915 -0.000169579 -0.000524185 0.00188522 0.00157825
internal_weight=173762 153990 19772 11638 142352 132807 126521 117267 16428 9254 2544 9094 6286 3344 75434 11642 4786 41833 9545 13033 7470 7854 6421 33979 5263 62401 35066 27335 7792 5888
internal_count=173762 153990 19772 11638 142352 132807 126521 117267 16428 9254 2544 9094 6286 3344 75434 11642 4786 41833 9545 13033 7470 7854 6421 33979 5263 62401 35066 27335 7792 5888
is_linear=0
shrinkage=0.08


Tree=10
num_leaves=31
num_cat=0
split_feature=1 0 0 1 2 1 2 2 0 1 2 1 1 2 0 0 1 0 2 0 1 1 2 1 0 0 0 2 2 0
split_gain=16.8131 20.6978 12.8777 13.3403 8.47043 4.90619 3.89049 3.38214 2.9289 3.49133 2.79133 2.59388 2.41112 2.42006 2.28564 1.88573 1.78839 1.60271 1.5011 1.23164 1.02939 0.970015 0.967446 0.914031 0.879468 0.735652 0.880024 0.668688 0.632654 0.614234
threshold=1.3454400300979616 0.98396000266075145 3.5972449779510502 -1.1336849927902219 2.5000000000000004 -0.36128000915050501 1.5000000000000002 1.5000000000000002 2.0252099037170415 -0.44616499543189997 1.5000000000000002 0.36897499859333044 -0.69629499316215504 1.0000000180025095e-35 0.47683499753475195 2.832994937896729 1.7369199991226199 3.1091099977493291 1.5000000000000002 1.5661150217056277 -0.2245099991559982 -1.7719500064849851 1.5000000000000002 1.7048449516296389 2.528845071792603 1.5341800451278689 1.9563249945640566 1.0000000180025095e-35 1.5000000000000002 3.2603299617767338
decision_type=2 2 2 2 2 2 2 2 2 2 2 2 2 2 2 2 2 2 2 2 2 2 2 2 2 2 2 2 2 2
left_child=1 5 3 18 8 6 21 15 12 -10 -4 17 19 -14 27 23 24 20 -3 -5 -11 -1 -22 -2 -9 -6 -27 -7 -15 -13
right_child=7 2 10 4 25 14 -8 16 9 11 -12 29 13 28 -16 -17 -18 -19 -20 -21 22 -23 -24 -25 -26 26 -28 -29 -30 -31
leaf_value=0.0043696496097792156 0.00025012272605351172 0.0019476615134761395 0.0019860440963812534 0.0011963073351550812 -0.0023138650479307826 0.0010605658465242947 0.0056398841330522241 0.000855743743117133 -0.0022795350372567798 -0.00056139459326035696 0.0062430256171822551 -0.00096681832275761364 -0.00098298637113382369 -0.0018747336751500075 -7.6974260513655866e-05 0.0025452937118777908 0.0058925942369450063 -0.001449434465884385 0.0048583188267356647 -0.0012017308627555192 0.0012845091286087884 0.0018517386136362051 -0.0004932237674256689 0.0016675730628647001 0.0041481405958727945 -0.0065298006584268388 -0.0039718235097630636 0.0027845820864248255 -0.0027523459154033601 0.0002653509016040878
leaf_weight=1099 6116 4872 4664 3158 1090 2801 2521 1040 6682 3524 1250 24094 21343 16874 9390 7582 1907 2674 1478 2422 11190 8984 2375 5557 1037 1159 3345 2963 7636 2901
leaf_count=1099 6116 4872 4664 3158 1090 2801 2521 1040 6682 3524 1250 24094 21343 16874 9390 7582 1907 2674 1478 2422 11190 8984 2375 5557 1037 1159 3345 2963 7636 2901
internal_value=-7.66496e-07 -0.000310035 -0.000756221 -0.000940604 -0.00114557 0.00166276 0.00282898 0.00200196 -0.000983782 -0.000569021 0.00288581 -0.000324578 -0.00141473 -0.00160581 0.000692792 0.00156296 0.00412369 0.000371811 0.00262513 0.000155438 0.000656791 0.00212618 0.000973258 0.000924908 0.00249956 -0.00417875 -0.00463006 0.0019468 -0.00214815 -0.000834404
internal_weight=173728 150489 122731 116817 110467 27758 12604 23239 104873 53440 5914 46758 51433 45853 15154 19255 3984 19763 6350 5580 17089 10083 13565 11673 2077 5594 4504 5764 24510 26995
internal_count=173728 150489 122731 116817 110467 27758 12604 23239 104873 53440 5914 46758 51433 45853 15154 19255 3984 19763 6350 5580 17089 10083 13565 11673 2077 5594 4504 5764 24510 26995
is_linear=0
shrinkage=0.08


Tree=11
num_leaves=31
num_cat=0
split_feature=1 0 0 1 2 2 0 2 0 2 1 0 2 2 1 0 1 1 0 1 0 1 0 1 1 0 0 1 1 1
split_gain=14.2986 17.0902 11.955 12.0771 4.82293 4.04687 3.46904 3.06279 2.87027 2.73419 2.68456 2.00554 1.94362 1.81908 1.70912 1.24902 1.19623 1.18323 1.88014 1.22594 1.10508 1.11705 1.09143 1.04987 0.911822 0.86807 0.694048 0.691536 0.956382 0.632336
threshold=1.5022949576377871 0.751530021429062 3.636759996414185 -1.0188499689102171 2.5000000000000004 1.5000000000000002 1.381554961204529 1.5000000000000002 2.1922450065612797 1.5000000000000002 -0.42088499665260309 1.1730650067329409 1.5000000000000002 1.5000000000000002 -0.32600499689579004 1.9563249945640566 -1.3164699673652647 0.39616499841213232 2.9250850677490239 1.260689973831177 0.22264499962329867 -0.31364999711513514 2.832994937896729 -1.5939149856567381 0.028575000353157524 2.89330005645752 2.9763550758361821 0.40609499812126165 1.0320950150489809 -1.3164699673652647
decision_type=2 2 2 2 2 2 2 2 2 2 2 2 2 2 2 2 2 2 2 2 2 2 2 2 2 2 2 2 2 2
left_child=1 5 3 13 8 23 -6 22 11 -4 -10 14 27 29 -5 -8 -15 18 -12 -19 -7 -22 -2 -1 -17 -9 -21 -13 -29 -3
right_child=7 2 9 4 6 20 15 25 10 -11 17 12 -14 16 -16 24 -18 19 -20 26 21 -23 -24 -25 -26 -27 -28 28 -30 -31
leaf_value=0.0036218185635884144 0.0011091445414702157 0.0021683000838186093 0.0020334157765900997 0.001090917339445116 0.0011184894835227742 0.0063219007167063758 -0.0059492690159333528 0.0033114420157651331 -0.0020584411506668924 0.0061669950681633176 0.00094145256164188096 -0.00088770704425483922 -0.0024312671159599513 0.0059393767432205456 -0.00085208834435456567 -0.0050184599934266763 0.0021779888960443074 -0.00071319003810686331 -0.00095346130339519705 4.8829655579353054e-05 0.0051503319623502535 0.0015456858201858979 0.0025000909754982021 0.0012488764448464799 -0.0022668875334724095 0.006081365465686786 0.0022306061465804604 -0.0019016496325172353 -0.00064705470477247442 0.000667960833739928
leaf_weight=1298 8644 3717 4719 4055 1015 1277 1493 1669 5121 1308 11892 26496 9108 1099 10149 1155 1066 20925 4666 2744 1110 1091 6200 14790 2317 1279 1414 12953 5557 3482
leaf_count=1298 8644 3717 4719 4055 1015 1277 1493 1669 5121 1308 11892 26496 9108 1099 10149 1155 1066 20925 4666 2744 1110 1091 6200 14790 2317 1279 1414 12953 5557 3482
internal_value=9.18078e-06 -0.000235854 -0.000552912 -0.000713884 -0.000927987 0.00197528 -0.00314309 0.00215787 -0.000812881 0.0029305 -0.000329965 -0.00114343 -0.0013655 0.00205409 -0.000297393 -0.00401429 0.00408735 -0.000117397 0.000407471 -0.000463877 0.00444976 0.00336357 0.00169011 0.00144033 -0.00318223 0.00451318 0.000790781 -0.00114981 -0.001525 0.00144262
internal_weight=173809 156017 136451 130424 121060 19566 5980 17792 115080 6027 46762 68318 54114 9364 14204 4965 2165 41641 16558 25083 3478 2201 14844 16088 3472 2948 4158 45006 18510 7199
internal_count=173809 156017 136451 130424 121060 19566 5980 17792 115080 6027 46762 68318 54114 9364 14204 4965 2165 41641 16558 25083 3478 2201 14844 16088 3472 2948 4158 45006 18510 7199
is_linear=0
shrinkage=0.08


Tree=12
num_leaves=31
num_cat=0
split_feature=0 0 1 1 2 2 2 1 2 2 0 1 1 0 0 1 0 2 0 1 2 2 0 0 1 0 1 1 1 1
split_gain=12.797 14.6822 11.5624 8.78867 7.98261 5.4356 2.8059 2.61131 2.07687 1.59976 1.49196 2.41265 2.49656 1.45139 1.29376 1.29015 1.12375 1.11207 1.1067 0.957816 0.820496 0.798586 0.694351 0.889577 0.751174 0.677784 0.646559 0.593544 0.593117 0.540536
threshold=3.425090074539185 0.96772497892379772 1.5250350236892702 -1.1028450131416319 2.5000000000000004 1.5000000000000002 1.5000000000000002 -0.32600499689579004 2.5000000000000004 1.5000000000000002 2.0252099037170415 -0.34954500198364252 0.41523499786853796 3.1091099977493291 0.3434749990701676 -0.64735502004623402 2.3265800476074223 1.5000000000000002 3.8358099460601811 -1.7719500064849851 1.0000000180025095e-35 1.0000000180025095e-35 1.4910349845886233 1.9563249945640566 -0.068089999258518205 1.6692450046539309 1.1700899600982668 1.8366050124168398 0.90371501445770275 0.65289500355720531
decision_type=2 2 2 2 2 2 2 2 2 2 2 2 2 2 2 2 2 2 2 2 2 2 2 2 2 2 2 2 2 2
left_child=1 4 3 17 7 10 28 19 16 -4 15 -12 13 -13 -9 25 -7 -3 -8 -1 -21 -17 -10 -24 -25 -5 29 -11 -2 -14
right_child=6 2 9 5 -6 8 18 14 22 27 11 12 26 -15 -16 21 -18 -19 -20 20 -22 -23 23 24 -26 -27 -28 -29 -30 -31
leaf_value=0.0041320201334822055 0.0011383634957008583 0.0014453557601965654 0.0013559634186414303 0.00081089675793311825 0.0084716038010617042 -0.0020815872024235495 0.0032014303623833945 0.0016477628898280527 -0.0014944712015382813 0.0023822329356335105 -0.0017935930383296992 0.00093623037349542157 -0.00025445542915218623 -0.0015734874937508828 6.4409063808466385e-06 -0.00083735190966546704 -0.00076297081922663918 0.0038750197784233197 0.0064233033182496714 0.001077841866202872 0.0024606579921920839 -0.0015640805551927236 -0.0055928794699644522 -0.0049190130533898263 -0.0023044739636210276 -0.0011866955012604736 0.00010142183729166496 0.0050796560826861853 0.0023621492330265308 -0.0011998033013038468
leaf_weight=1284 4642 5206 10488 3529 1003 11772 1480 4351 1022 1008 6344 13955 5830 1649 10469 22007 6377 1569 1266 5092 5961 17273 1278 1015 2290 1571 5677 1083 5583 11520
leaf_count=1284 4642 5206 10488 3529 1003 11772 1480 4351 1022 1008 6344 13955 5830 1649 10469 22007 6377 1569 1266 5092 5961 17273 1278 1015 2290 1571 5677 1083 5583 11520
internal_value=-7.65851e-07 -0.000195957 -0.000548613 -0.000790721 0.00146292 -0.00095836 0.00241633 0.00120406 -0.00203397 0.0017588 -0.000672421 -0.000347695 -0.000110249 0.000671008 0.000488316 -0.0010015 -0.00161827 0.00200803 0.00468682 0.00206386 0.00182361 -0.00115692 -0.00338003 -0.00380051 -0.00310743 0.00019556 -0.000639659 0.00377932 0.00180657 -0.000882145
internal_weight=173594 160623 132463 119884 28160 113109 12971 27157 23754 12579 89355 44975 38631 15604 14820 44380 18149 6775 2746 12337 11053 39280 5605 4583 3305 5100 23027 2091 10225 17350
internal_count=173594 160623 132463 119884 28160 113109 12971 27157 23754 12579 89355 44975 38631 15604 14820 44380 18149 6775 2746 12337 11053 39280 5605 4583 3305 5100 23027 2091 10225 17350
is_linear=0
shrinkage=0.08


Tree=13
num_leaves=31
num_cat=0
split_feature=0 0 2 2 0 3 0 2 2 3 3 2 3 0 0 2 0 2 0 2 0 3 2 2 0 0 3 3 0 0
split_gain=10.5316 11.9089 3.11819 2.12461 1.9182 3.60354 2.8609 2.03509 1.69359 1.62859 1.24858 1.43202 1.08521 1.86011 1.00525 0.737669 0.682111 0.657805 0.61386 0.574786 0.547013 0.501601 0.452972 0.436926 0.374025 0.371223 1.47584 0.622302 1.81471 0.312301
threshold=3.425090074539185 0.65963500738143932 1.5000000000000002 1.5000000000000002 1.105365037918091 1.5000000000000002 2.2951200008392338 1.5000000000000002 1.5000000000000002 1.5000000000000002 1.5000000000000002 2.5000000000000004 1.5000000000000002 1.480324983596802 3.6810050010681157 2.5000000000000004 0.22264499962329867 1.5000000000000002 -0.075010001659393297 1.5000000000000002 3.0314950942993169 1.0000000180025095e-35 1.0000000180025095e-35 1.0000000180025095e-35 3.0695700645446782 2.0252099037170415 1.5000000000000002 1.0000000180025095e-35 1.480324983596802 1.7094349861145022
decision_type=2 2 2 2 2 2 2 2 2 2 2 2 2 2 2 2 2 2 2 2 2 2 2 2 2 2 2 2 2 2
left_child=1 2 9 23 5 17 8 -7 25 22 19 20 13 -10 -5 -14 -4 21 -11 -8 -12 -3 -1 -2 -21 27 -27 28 -6 -17
right_child=3 4 16 14 6 7 10 -9 12 18 11 -13 15 -15 -16 29 -18 -19 -20 24 -22 -23 -24 -25 -26 26 -28 -29 -30 -31
leaf_value=0.001519518131220546 0.0012285044884439847 0.001605295778844446 0.0055564074886216269 0.0022453448629691877 0.00068945502809807774 -0.0022748213099559513 -0.00016196378029079326 0.00078786635900426601 0.0015780575784391788 0.0016056460011482959 0.00125284862507575 -0.0014613958420237065 -0.001675141674396477 -0.0015553432333872924 0.0053841976375840006 -0.002251774398780256 0.0031152598010900784 0.0030073198012397547 -0.00041370600367415496 -0.00148419001978878 -8.2698700512726683e-05 0.00046423548726401317 0.0026721419404591423 0.0022904652881628415 0.00025789959196639487 -0.00068049562756730935 0.001332152597546647 -0.00098349678565868063 -0.00095943017261444275 -0.0040440102319322831
leaf_weight=6038 5960 4892 1285 1063 6547 3891 32108 2159 1630 1323 8863 1817 6878 4734 1693 1094 1704 1209 3545 3679 2521 4971 3417 4246 1004 11638 2916 27446 12292 1443
leaf_count=6038 5960 4892 1285 1063 6547 3891 32108 2159 1630 1323 8863 1817 6878 4734 1693 1094 1704 1209 3545 3679 2521 4971 3417 4246 1004 11638 2916 27446 12292 1443
internal_value=8.77529e-06 -0.000167796 0.00181444 0.00220255 -0.000406549 0.000388176 -0.000514023 -0.00118187 -0.000821202 0.00132397 -4.32385e-05 0.000624207 -0.00155975 -0.000752791 0.00417353 -0.00210521 0.00416473 0.00124609 0.000135103 -0.000282725 0.00095709 0.0010302 0.00193607 0.00167031 -0.0011107 -0.000629655 -0.000277247 -0.000740467 -0.000386403 -0.00327117
internal_weight=174006 161044 17312 12962 143732 17122 126610 6050 76618 14323 49992 13201 15779 6364 2756 9415 2989 11072 4868 36791 11384 9863 9455 10206 4683 60839 14554 46285 18839 2537
internal_count=174006 161044 17312 12962 143732 17122 126610 6050 76618 14323 49992 13201 15779 6364 2756 9415 2989 11072 4868 36791 11384 9863 9455 10206 4683 60839 14554 46285 18839 2537
is_linear=0
shrinkage=0.08


Tree=14
num_leaves=31
num_cat=0
split_feature=0 0 2 2 3 0 3 0 0 3 2 2 2 0 2 0 0 3 0 2 2 0 0 2 2 2 0 2 2 0
split_gain=9.0114 10.7087 3.02025 2.25345 1.64021 1.62343 3.0803 4.82983 1.89913 1.73246 1.6274 1.55572 0.774019 0.673827 0.585968 0.562555 0.552724 0.53401 0.53148 0.456084 0.419416 0.401931 0.38231 1.05112 0.471689 0.374013 0.336618 0.424563 0.327826 0.346957
threshold=3.4893649816513066 0.72983500361442577 1.5000000000000002 1.5000000000000002 1.5000000000000002 2.2951200008392338 1.5000000000000002 1.3134100437164309 1.7782750129699709 1.5000000000000002 2.5000000000000004 1.5000000000000002 1.5000000000000002 0.22264499962329867 1.0000000180025095e-35 1.6180050373077395 0.12533500045537951 1.0000000180025095e-35 3.8358099460601811 2.5000000000000004 1.0000000180025095e-35 2.0252099037170415 1.0012049674987795 1.5000000000000002 2.5000000000000004 1.0000000180025095e-35 3.1482000350952153 1.0000000180025095e-35 1.0000000180025095e-35 1.5448549985885622
decision_type=2 2 2 2 2 2 2 2 2 2 2 2 2 2 2 2 2 2 2 2 2 2 2 2 2 2 2 2 2 2
left_child=1 2 4 -2 20 6 7 12 22 26 25 21 17 -4 -9 -16 -6 -3 -5 -13 -1 -10 23 -8 28 -11 27 -7 29 -24
right_child=3 5 13 18 16 9 8 14 11 10 -12 19 -14 -15 15 -17 -18 -19 -20 -21 -22 -23 24 -25 -26 -27 -28 -29 -30 -31
leaf_value=0.0013530401679248444 0.0015854841087733574 0.0011434288481818094 0.0052106714547420956 0.003093644782095944 0.0011275339953228634 -0.00014421209597104264 -0.0020548692492233164 -0.00044237161028253653 -0.00021428240303306427 0.0019074660372992722 -0.001453354019201781 -0.0010415462150574341 0.002379807795216511 0.0028930590665500978 -0.00036026946963501618 -0.0012768252669865354 -0.0005732699811480897 0.00019496914083896974 0.0054582892333622296 -0.0028771325154768779 0.0023976186599468717 0.0011162763025358738 -0.0016825919250160132 0.00077261934909290053 -0.0033662003077601921 0.00084484866657961208 0.00021270872239239781 -0.00073715076189885802 -0.0020440395211532305 4.8279351686784136e-05
leaf_weight=6716 9181 7727 1308 1171 1879 16881 2343 24783 2912 2779 1855 3050 1925 2079 5988 15076 3502 7474 1266 1210 3882 2900 2339 1313 1372 8938 6615 14255 9749 1085
leaf_count=6716 9181 7727 1308 1171 1879 16881 2343 24783 2912 2779 1855 3050 1925 2079 5988 15076 3502 7474 1266 1210 3882 2900 2339 1313 1372 8938 6615 14255 9749 1085
internal_value=7.34869e-06 -0.000147058 0.00161809 0.00215951 0.00115812 -0.000386828 -0.00058929 -0.00027784 -0.00128299 -2.68754e-05 0.000748315 -0.000401592 0.000868481 0.00378808 -0.000706044 -0.00101627 2.06365e-05 0.000677092 0.00432206 -0.00156292 0.00173566 0.000449623 -0.00177073 -0.00103942 -0.00195455 0.00109688 -0.000305567 -0.000415677 -0.00180753 -0.00113411
internal_weight=173553 161935 19366 11618 15979 142569 91246 62973 28273 51323 13572 10072 17126 3387 45847 21064 5381 15201 2437 4260 10598 5812 18201 3656 14545 11717 37751 31136 13173 3424
internal_count=173553 161935 19366 11618 15979 142569 91246 62973 28273 51323 13572 10072 17126 3387 45847 21064 5381 15201 2437 4260 10598 5812 18201 3656 14545 11717 37751 31136 13173 3424
is_linear=0
shrinkage=0.08


Tree=15
num_leaves=31
num_cat=0
split_feature=1 1 0 0 2 2 1 0 1 1 0 0 0 0 2 0 2 2 2 2 1 0 0 1 1 1 1 1 1 0
split_gain=10.0142 11.3743 6.49777 6.29558 3.80964 2.31287 1.99951 1.9095 2.92667 1.80238 2.42548 1.71688 1.62659 1.48574 1.46976 1.4312 1.39027 1.35508 1.33272 1.258 1.25688 0.952548 0.882592 0.862699 0.813155 0.779544 0.751966 0.743745 0.740561 0.665265
threshold=1.3278149962425234 -0.92320501804351796 0.65963500738143932 3.6810050010681157 2.5000000000000004 1.5000000000000002 -1.3639299869537351 2.0252099037170415 -0.49901999533176417 0.65289500355720531 2.9580500125885014 1.381554961204529 1.83748996257782 1.1464500427246096 1.5000000000000002 3.1091099977493291 1.5000000000000002 1.5000000000000002 1.5000000000000002 1.5000000000000002 -0.57034999132156361 2.832994937896729 2.89330005645752 1.7369199991226199 0.34208999574184423 1.0077999830245974 -0.2245099991559982 1.8366050124168398 1.0320950150489809 2.1724550724029545
decision_type=2 2 2 2 2 2 2 2 2 2 2 2 2 2 2 2 2 2 2 2 2 2 2 2 2 2 2 2 2 2
left_child=1 6 14 4 7 21 17 13 -9 10 26 -6 16 20 -3 -11 -8 -1 -5 24 -4 27 23 -7 -15 -17 -10 -2 -26 -13
right_child=5 2 3 18 11 22 12 8 9 15 -12 29 -14 19 -16 25 -18 -19 -20 -21 -22 -23 -24 -25 28 -27 -28 -29 -30 -31
leaf_value=0.0022008081154616986 0.00027550164374057147 0.00087489047874935062 0.0015463620069564178 0.0014906025605455453 0.00014660804744573509 0.0010475177717298154 0.0011049296562447696 -0.0022590779368856151 -0.00036890027586982527 -0.0011094084884899838 -0.0010896763926690773 -0.0045012299254970642 -0.00051168473540440349 -0.00069805365139218294 0.0031844111741148812 -0.00038193026751911916 0.0039309267597417083 0.0049239520272733499 0.0047302558872565495 -0.0021723478125703689 -0.00058406702031562881 0.0018711357290813718 0.0047128935762899499 0.0041056444587102576 -0.001755273869010735 0.0019626495681686787 0.00085087459808365893 0.0015949875110668058 -0.00037586052062964166 -0.002587884448338192
leaf_weight=5424 7857 10250 2068 3731 1056 1431 5146 4528 3895 14645 6662 2060 3079 20882 2130 2051 1422 1491 1039 7315 12395 7759 1633 1005 11976 1628 19077 4193 3145 2671
leaf_count=5424 7857 10250 2068 3731 1056 1431 5146 4528 3895 14645 6662 2060 3079 20882 2130 2051 1422 1491 1039 7315 12395 7759 1633 1005 11976 1628 19077 4193 3145 2671
internal_value=1.51259e-05 -0.000227457 -0.000473292 -0.000652146 -0.00076922 0.00153664 0.00174973 -0.000664215 -0.000314916 -0.000131356 0.000254297 -0.00276999 0.00100552 -0.000981505 0.00127225 -0.000755044 0.00171677 0.00278797 0.00219626 -0.00121591 -0.000279446 0.00117979 0.00327386 0.00230918 -0.00102158 0.000655573 0.000644057 0.000734639 -0.00146837 -0.003421
internal_weight=173644 149766 133204 120824 116054 23878 16562 110267 52486 47958 29634 5787 9647 57781 12380 18324 6568 6915 4770 43318 14463 19809 4069 2436 36003 3679 22972 12050 15121 4731
internal_count=173644 149766 133204 120824 116054 23878 16562 110267 52486 47958 29634 5787 9647 57781 12380 18324 6568 6915 4770 43318 14463 19809 4069 2436 36003 3679 22972 12050 15121 4731
is_linear=0
shrinkage=0.08


Tree=16
num_leaves=31
num_cat=0
split_feature=0 0 2 3 2 2 0 3 0 0 0 0 3 0 0 3 0 3 0 0 2 2 3 2 0 0 2 3 3 3
split_gain=6.58137 8.11079 2.25301 2.27102 1.25946 1.25394 0.9559 1.69596 0.915827 1.10461 0.862174 0.746677 0.659333 1.86807 1.46647 0.738084 0.635918 0.517738 0.459541 0.427412 0.397394 0.385682 0.32919 1.13215 1.09561 0.529096 0.466475 0.328672 0.311027 0.30348
threshold=3.425090074539185 0.88413497805595409 1.5000000000000002 1.5000000000000002 1.5000000000000002 1.5000000000000002 2.2024350166320805 1.5000000000000002 1.199805021286011 2.6281249523162846 0.30769999325275427 0.22264499962329867 1.5000000000000002 1.480324983596802 1.8281849622726443 1.0000000180025095e-35 3.6810050010681157 1.5000000000000002 2.9941799640655522 1.4041999578475954 1.0000000180025095e-35 1.0000000180025095e-35 1.5000000000000002 2.5000000000000004 1.4694550037384035 1.7686450481414797 2.5000000000000004 1.5000000000000002 1.0000000180025095e-35 1.0000000180025095e-35
decision_type=2 2 2 2 2 2 2 2 2 2 2 2 2 2 2 2 2 2 2 2 2 2 2 2 2 2 2 2 2 2
left_child=1 2 3 20 6 21 12 29 17 22 -5 -4 13 15 19 -3 -7 -6 -9 -14 28 -2 24 25 -10 -24 -26 -13 -1 -8
right_child=5 4 11 10 8 16 7 18 9 -11 -12 27 14 -15 -16 -17 -18 -19 -20 -21 -22 -23 23 -25 26 -27 -28 -29 -30 -31
leaf_value=0.0015354118322016166 0.00089386737748145052 0.00080483049017135823 0.004389016210705989 0.00072346318914030968 0.0019150302355646054 0.0017180995721104134 -0.00042654257577461296 0.0013631039662209525 0.0012498776312493529 -0.00011357856741695987 -0.0011572198447711522 0.0032331567950138152 -0.0019379619708531817 -0.00071191794321674999 0.00031308582288562157 -0.00021218757579486458 0.0041960763945570545 -0.00033465775754046669 -7.6420296108923287e-05 -0.00092224305909166862 0.0019641103512064314 0.0018892013767642444 -0.0018931141192103618 -0.0029136193191853007 -0.001644752067462508 -0.00058034604926668007 0.00018436293668465406 0.0015382658705046827 0.00056961048286587697 4.39166142283205e-05
leaf_weight=4433 6034 9395 1322 2584 1038 1093 20490 6446 1239 6362 3937 1126 5424 30555 4278 8887 1684 1773 1820 5187 5076 4244 3311 3085 5451 4833 1067 2094 4115 15349
leaf_count=4433 6034 9395 1322 2584 1038 1093 20490 6446 1239 6362 3937 1126 5424 30555 4278 8887 1684 1773 1820 5187 5076 4244 3311 3085 5451 4833 1067 2094 4115 15349
internal_value=-1.50104e-05 -0.000155363 0.00117866 0.000815771 -0.000397536 0.0017124 -0.000273123 1.3189e-05 -0.000873958 -0.00102589 -0.000411984 0.00278819 -0.00047128 -0.000329197 -0.000937323 0.000310451 0.00322077 0.00049607 0.00104615 -0.00144145 0.00140342 0.00130486 -0.00133159 -0.00160846 -0.000930802 -0.00111406 -0.00134532 0.00213095 0.00107048 -0.000225056
internal_weight=173732 160677 24687 20145 135990 13055 107831 44105 28159 25348 6521 4542 63726 48837 14889 18282 2777 2811 8266 10611 13624 10278 18986 11229 7757 8144 6518 3220 8548 35839
internal_count=173732 160677 24687 20145 135990 13055 107831 44105 28159 25348 6521 4542 63726 48837 14889 18282 2777 2811 8266 10611 13624 10278 18986 11229 7757 8144 6518 3220 8548 35839
is_linear=0
shrinkage=0.08


Tree=17
num_leaves=31
num_cat=0
split_feature=1 1 2 3 1 2 1 1 1 2 1 1 3 2 2 1 1 3 1 3 3 1 2 3 1 1 2 2 2 1
split_gain=8.36471 9.75875 1.64437 1.62825 1.54783 1.18995 1.20178 0.979072 0.978709 0.96771 0.632235 0.482477 0.566633 0.473299 0.398809 0.393528 0.376639 0.347451 0.342411 0.684923 0.341463 0.319535 0.313296 0.261418 0.603525 0.301121 0.260368 0.259401 0.251845 0.176879
threshold=1.2774500250816347 -1.0188499689102171 1.5000000000000002 1.5000000000000002 -1.7719500064849851 1.5000000000000002 -0.80007001757621754 1.7048449516296389 0.49013000726699835 1.5000000000000002 1.1275949478149416 0.98370999097824108 1.0000000180025095e-35 1.0000000180025095e-35 1.0000000180025095e-35 1.6765750050544741 1.5479999780654909 1.0000000180025095e-35 0.79280999302864086 1.5000000000000002 1.5000000000000002 0.15852499753236773 1.0000000180025095e-35 1.0000000180025095e-35 -0.2245099991559982 -0.63187497854232777 1.0000000180025095e-35 1.0000000180025095e-35 2.5000000000000004 0.3334649950265885
decision_type=2 2 2 2 2 2 2 2 2 2 2 2 2 2 2 2 2 2 2 2 2 2 2 2 2 2 2 2 2 2
left_child=1 4 3 13 14 8 -7 -4 23 20 21 18 -13 17 -1 -5 -15 -2 19 -10 22 -8 -6 25 -25 -3 -17 -20 -23 -27
right_child=2 5 7 15 9 6 10 -9 11 -11 -12 12 -14 16 -16 26 -18 -19 27 -21 -22 28 -24 24 -26 29 -28 -29 -30 -31
leaf_value=0.0024031523924043104 0.0015640624270258281 0.0002720921936539795 0.0016387503422767278 -0.00075920786198532581 0.00081113554084994138 0.0012901705035724986 -0.00082230585994015907 0.004012502441847963 -0.00088873100642237178 0.0027744649085522277 0.00068540706759041446 0.00046850560709937915 -0.00067589757875261783 0.0012485266597254514 0.004351436953266616 -0.0002937608614818242 0.002640553680772813 0.00061756379686651289 -0.00086006343073008224 0.00033895495153913561 4.5705736612381839e-05 -0.0012021822469023861 0.0019456538842264007 -0.00038271251633517384 0.00026469928841777395 -0.00033090690797488739 0.0011520530978952526 -0.0017177242107050475 -0.0020428126340215507 -0.00091338021902902602
leaf_weight=1190 5765 4752 2439 2837 4026 1513 12152 2044 13266 2462 1310 4665 6813 2047 1546 1399 3171 4359 5307 3725 1955 10056 2541 15465 22804 21339 1853 3927 2950 3955
leaf_count=1190 5765 4752 2439 2837 4026 1513 12152 2044 13266 2462 1310 4665 6813 2047 1546 1399 3171 4359 5307 3725 1955 10056 2541 15465 22804 21339 1853 3927 2950 3955
internal_value=1.98706e-06 -0.00023058 0.0013277 0.00103624 0.00180151 -0.000438643 -0.000902691 0.00272105 -0.000316169 0.00137742 -0.00102804 -0.000643356 -0.000210778 0.00147554 0.00350405 -7.06339e-05 0.00209447 0.00115654 -0.000832685 -0.000619581 0.00097382 -0.00111726 0.00125012 -0.000135594 3.07177e-06 -0.00031221 0.000530069 -0.00122481 -0.00139285 -0.000421983
internal_weight=173633 147719 25914 21431 13720 133999 27981 4483 106018 10984 26468 37703 11478 15342 2736 6089 5218 10124 26225 16991 8522 25158 6567 68315 38269 30046 3252 9234 13006 25294
internal_count=173633 147719 25914 21431 13720 133999 27981 4483 106018 10984 26468 37703 11478 15342 2736 6089 5218 10124 26225 16991 8522 25158 6567 68315 38269 30046 3252 9234 13006 25294
is_linear=0
shrinkage=0.08


Tree=18
num_leaves=31
num_cat=0
split_feature=1 1 0 0 0 3 1 1 0 3 0 3 1 1 0 3 0 0 1 1 1 1 3 0 3 1 1 0 0 1
split_gain=7.61073 8.20642 5.39226 4.73782 1.44392 1.69006 1.34255 1.12732 1.04581 2.79974 1.4466 2.97154 2.12658 1.81475 1.94284 1.42464 1.58734 1.18589 1.04526 0.993175 0.817919 0.650577 0.818199 0.861532 0.616854 1.18597 0.83156 0.816815 0.777645 0.604676
threshold=1.3278149962425234 -1.0451250076293943 0.6846199929714204 3.7283149957656865 2.7885200977325444 1.5000000000000002 1.9581649899482729 -1.7719500064849851 1.105365037918091 1.5000000000000002 2.0252099037170415 1.5000000000000002 -0.52672499418258656 0.67176499962806713 3.0499399900436406 1.5000000000000002 1.480324983596802 1.7782750129699709 -0.34954500198364252 -0.43293499946594233 -0.61645501852035511 -0.36128000915050501 1.5000000000000002 0.12533500045537951 1.0000000180025095e-35 0.49924500286579138 1.045385003089905 3.1909749507904057 3.2860100269317631 0.72117501497268688
decision_type=2 2 2 2 2 2 2 2 2 2 2 2 2 2 2 2 2 2 2 2 2 2 2 2 2 2 2 2 2 2
left_child=1 7 21 8 5 -2 -7 -1 9 -4 15 18 -13 14 -14 16 20 -17 -12 -11 -10 -3 -23 -24 26 27 -20 -26 -27 -19
right_child=4 2 3 -5 -6 6 -8 -9 10 19 11 12 13 -15 -16 17 -18 29 24 -21 -22 22 23 -25 25 28 -28 -29 -30 -31
leaf_value=0.0031285719611597713 0.0014942960427379382 0.0018444806470048168 0.00084895348556212127 0.0020198287601931554 0.0020557060828064254 -0.0011164858770745024 0.0016760722287149927 0.0013108210470857886 0.0015586215857315009 0.00060800806390034264 -0.0017665752635999366 -0.0024579252925212612 0.0021419315955480724 -0.00037361650829117625 -0.0011504376848257276 -0.0021774993582605409 -0.0011969933952418327 1.9282705858525464e-05 -0.0011592024130255955 -0.0022167731754375083 -0.00032110133307346666 0.0013412273169973921 0.0015640720851898297 -0.0010760424225439689 0.00069757111967141407 -0.0012439205735633868 0.00034447190747613357 -0.0017195879289271662 0.0010749766715786408 -0.0022384803575445332
leaf_weight=2768 8538 4898 8699 4365 9963 3841 1545 10341 1727 1024 6251 1387 6678 4917 1385 10541 21593 2969 16925 3587 10422 5157 1166 2460 7185 7393 2734 1022 1058 1020
leaf_count=2768 8538 4898 8699 4365 9963 3841 1545 10341 1727 1024 6251 1387 6678 4917 1385 10541 21593 2969 16925 3587 10422 5157 1166 2460 7185 7393 2734 1022 1058 1020
internal_value=-5.67764e-06 -0.000217314 -0.000400847 -0.000568582 0.0013204 0.00079427 -0.000315427 0.00169464 -0.000663914 4.21347e-06 -0.00074844 -0.000475291 0.000519541 0.000837703 0.00157639 -0.00107061 -0.000785415 -0.0017329 -0.000811054 -0.00158945 -5.38957e-05 0.00110574 0.000693767 -0.00022707 -0.000646586 -0.000288411 -0.000950085 0.000396568 -0.000953613 -0.000558034
internal_weight=173559 149672 136563 122882 23887 13924 5386 13109 118517 13310 105207 56935 14367 12980 8063 48272 33742 14530 42568 4611 12149 13681 8783 3626 36317 16658 19659 8207 8451 3989
internal_count=173559 149672 136563 122882 23887 13924 5386 13109 118517 13310 105207 56935 14367 12980 8063 48272 33742 14530 42568 4611 12149 13681 8783 3626 36317 16658 19659 8207 8451 3989
is_linear=0
shrinkage=0.08


Tree=19
num_leaves=31
num_cat=0
split_feature=1 1 0 0 0 3 1 0 1 3 3 1 0 0 1 1 3 1 0 1 1 1 0 1 1 1 1 0 3 1
split_gain=6.02543 6.59813 4.8219 4.60355 0.907491 2.37976 1.30043 0.924986 1.96165 1.77268 1.7718 3.06909 1.39311 1.35834 1.21325 1.0323 0.810881 0.9493 0.802874 1.31463 2.01249 0.80661 0.800378 0.747113 0.719344 0.741901 0.647896 0.60729 0.766612 0.906378
threshold=1.5022949576377871 -1.200545012950897 0.65963500738143932 3.5972449779510502 1.105365037918091 1.5000000000000002 -0.49901999533176417 2.0252099037170415 -0.44616499543189997 1.5000000000000002 1.5000000000000002 0.78211501240730297 2.9941799640655522 1.480324983596802 1.2145199775695803 -0.39679500460624689 1.0000000180025095e-35 0.61321499943733226 1.6585550308227541 0.78211501240730297 -0.39679500460624689 -0.38529999554157252 2.9580500125885014 -0.2245099991559982 -0.90105998516082753 1.045385003089905 -1.7719500064849851 2.8031849861145024 1.5000000000000002 1.9581649899482729
decision_type=2 2 2 2 2 2 2 2 2 2 2 2 2 2 2 2 2 2 2 2 2 2 2 2 2 2 2 2 2 2
left_child=1 26 -3 4 5 -4 -7 9 -9 13 14 12 -12 15 16 -6 -10 22 21 20 -20 -11 23 -18 -15 -26 -1 28 -2 -30
right_child=27 2 3 -5 7 6 -8 8 10 18 11 -13 -14 24 -16 -17 17 -19 19 -21 -22 -23 -24 -25 25 -27 -28 -29 29 -31
leaf_value=0.0029034997614146973 0.0015566109565975221 0.0011256876386684525 0.00078650509167341675 0.0016648176690289679 0.0013141505426422393 0.0010821726478302141 -0.0019882665305364601 -0.00162373215724584 -0.0010161426524210647 -0.00067496340996023199 0.0019921462421226793 -0.0010132974219816677 -0.00063525253090332054 0.0010492263105594082 0.0007656129556526301 -0.00032462661318370884 -0.0013113236451202351 -0.0010339276341594452 -0.0031182903928151169 -0.0028523781313162418 0.00071336109840899995 -0.0024746215780672562 -0.0011312738281856938 0.00093641208267481227 -0.00119392384234025 0.00028923886985278018 0.0014569378958651886 0.0019366265938792115 -0.00086365840212955405 0.0016221148470937728
leaf_weight=2785 6061 14021 9705 6364 3327 1124 4114 7416 18901 2061 6807 4977 1594 1121 4279 9441 1103 6015 1161 1636 3590 7033 2136 6666 19381 2429 6869 7743 2369 1555
leaf_count=2785 6061 14021 9705 6364 3327 1124 4114 7416 18901 2061 6807 4977 1594 1121 4279 9441 1103 6015 1161 1636 3590 7033 2136 6666 19381 2429 6869 7743 2369 1555
internal_value=7.29163e-06 -0.000151479 -0.000285058 -0.000434476 -0.000540493 4.48147e-05 -0.00132939 -0.000619235 -0.000405827 -0.000868978 -0.000233718 0.000560978 0.00149363 -0.000558932 -0.000505621 0.000102395 -0.000661838 -0.00024119 -0.00158394 -0.000896487 -0.000222978 -0.00206676 0.000240215 0.000617291 -0.000927159 -0.00102874 0.00187424 0.00140491 0.000992589 0.000121402
internal_weight=173784 156056 146402 132381 126017 14943 5238 111074 59894 51180 52478 13378 8401 35699 39100 12768 34821 15920 15481 6387 4751 9094 9905 7769 22931 21810 9654 17728 9985 3924
internal_count=173784 156056 146402 132381 126017 14943 5238 111074 59894 51180 52478 13378 8401 35699 39100 12768 34821 15920 15481 6387 4751 9094 9905 7769 22931 21810 9654 17728 9985 3924
is_linear=0
shrinkage=0.08


Tree=20
num_leaves=31
num_cat=0
split_feature=1 1 0 0 1 0 3 0 3 0 3 0 1 3 1 0 1 1 1 3 0 1 1 0 0 1 1 0 1 1
split_gain=5.38027 5.68849 3.46172 3.91688 1.28926 1.24857 0.870271 0.778926 0.799863 0.734041 2.43617 1.05306 1.74695 1.66583 1.88378 1.21674 0.656195 0.630524 0.610615 0.60588 1.27263 1.30118 1.56731 0.917232 0.790139 0.609457 0.603023 0.666276 0.641794 0.609631
threshold=1.3811399936676028 -0.90105998516082753 0.61244499683380138 3.5972449779510502 -1.5294100046157835 1.8281849622726443 1.5000000000000002 2.8031849861145024 1.5000000000000002 1.105365037918091 1.5000000000000002 2.1318750381469731 -0.49901999533176417 1.5000000000000002 0.59399500489234935 2.9941799640655522 -0.32600499689579004 0.59399500489234935 1.7048449516296389 1.5000000000000002 1.5133000016212466 0.73100998997688305 -0.39679500460624689 1.447690010070801 1.7881450057029726 -0.39679500460624689 1.1557949781417849 2.8481400012969975 0.1311450004577637 -0.29094000160694117
decision_type=2 2 2 2 2 2 2 2 2 2 2 2 2 2 2 2 2 2 2 2 2 2 2 2 2 2 2 2 2 2
left_child=1 4 -3 9 -1 -6 -7 8 -2 10 -4 19 -13 26 15 -15 -12 -18 -10 23 25 22 -22 -11 -24 -21 28 -28 29 -14
right_child=7 2 3 -5 5 6 -8 -9 18 11 16 12 13 14 -16 -17 17 -19 -20 20 21 -23 24 -25 -26 -27 27 -29 -30 -31
leaf_value=0.0023181454623097146 0.0012777685724099572 0.0010038121268309806 0.00072877832828025608 0.0015560954817584694 0.0013129640769704476 0.00030961473943328272 -0.0023927297376226619 0.0017400814773188122 -0.0009854419324216478 -7.3870573181816445e-05 0.00014963024276248008 -0.0019833612518726875 -0.0011653349806500272 0.0021125342053996163 -0.0005189026027940791 -0.00063561820377294102 -0.0027037132086690551 -0.00056101347884637191 0.00080775566596242318 -0.00052795126531872904 -0.0024715261134334275 -0.0022633296478785504 -0.00059025125039652044 -0.00095574772372229873 0.0012859956767833122 -0.0025973168133575524 -0.0004148687388120965 0.0018729078363912911 -0.00087210201673380134 0.00028823764961215237
leaf_weight=4791 7723 11239 9461 5859 8569 2838 1043 9173 2282 10481 1258 3967 2485 4941 5232 1303 2512 1352 2600 1118 1525 2639 2689 26975 3084 4916 2041 1356 21107 7188
leaf_count=4791 7723 11239 9461 5859 8569 2838 1043 9173 2282 10481 1258 3967 2485 4941 5232 1303 2512 1352 2600 1118 1525 2639 2689 26975 3084 4916 2041 1356 21107 7188
internal_value=3.24876e-06 -0.000165276 -0.000340367 -0.000462704 0.00120295 0.000773804 -0.000416627 0.00117923 0.00077109 -0.000563258 -3.20244e-05 -0.000638437 -0.000373068 -0.000233142 0.000600812 0.00153905 -0.00143733 -0.00195399 -3.04412e-05 -0.000884897 -0.00129747 -0.000740986 -0.000190498 -0.000708979 0.00041206 -0.0022139 -0.000513168 0.000498356 -0.000624804 -8.51861e-05
internal_weight=173747 151969 134728 123489 17241 12450 3881 21778 12605 117630 14583 103047 49620 45653 11476 6244 5122 3864 4882 53427 15971 9937 7298 37456 5773 6034 34177 3397 30780 9673
internal_count=173747 151969 134728 123489 17241 12450 3881 21778 12605 117630 14583 103047 49620 45653 11476 6244 5122 3864 4882 53427 15971 9937 7298 37456 5773 6034 34177 3397 30780 9673
is_linear=0
shrinkage=0.08


Tree=21
num_leaves=31
num_cat=0
split_feature=1 1 0 0 2 2 2 0 2 0 0 1 1 0 0 1 0 0 1 2 0 1 2 0 1 0 1 1 1 1
split_gain=4.54376 5.67277 3.26046 3.04101 2.39721 1.78228 1.57123 1.45114 1.26616 1.02424 0.904235 0.892602 1.0237 2.09844 0.77954 0.763919 1.60574 0.710977 0.706206 0.690273 0.531976 0.524608 0.496619 0.473721 0.470548 0.448483 0.409332 0.4051 0.345506 0.439308
threshold=1.2774500250816347 -0.92320501804351796 0.6846199929714204 3.6810050010681157 2.5000000000000004 1.5000000000000002 1.5000000000000002 1.381554961204529 1.5000000000000002 2.0252099037170415 2.9580500125885014 -0.49901999533176417 0.65289500355720531 2.8630249500274663 3.1482000350952153 -0.60052499175071705 1.5559799671173098 1.5235149860382082 1.7369199991226199 1.0000000180025095e-35 0.30769999325275427 -1.3164699673652647 1.0000000180025095e-35 2.9763550758361821 -0.077665001153945909 1.9563249945640566 1.8748199939727785 0.88093999028205883 1.0718550086021426 0.14018500596284869
decision_type=2 2 2 2 2 2 2 2 2 2 2 2 2 2 2 2 2 2 2 2 2 2 2 2 2 2 2 2 2 2
left_child=1 5 8 4 9 21 23 -6 -3 15 18 -11 13 24 -14 16 -4 -7 -8 -17 -10 -1 -5 26 -13 -9 -2 -16 29 -21
right_child=6 2 3 22 7 17 10 25 20 11 -12 12 14 -15 27 19 -18 -19 -20 28 -22 -23 -24 -25 -26 -27 -28 -29 -30 -31
leaf_value=0.0013234993014101918 0.00013718524058595985 0.00048869247587953618 0.0010839016080767924 0.00060595007308111826 0.00058151711188071404 0.0037502925368052813 0.00048320024998388974 -0.0039502956972973886 0.0039399355713138455 -0.0013007331391499748 0.0038176733003638221 -1.4331088659741624e-05 -0.00087048233716124988 -0.00092150841313244874 -0.00061121958823306293 -0.0005088355390263778 -0.0015472384056009461 0.0014863152453550483 0.0030872618307425793 -0.00081918646142263227 0.0014490855277132827 0.00029894280374594481 0.0022665429957143711 0.0012191358906253791 0.00081387978057101786 -0.002248492265032963 0.0010674051047128469 0.0012779401605648381 3.2409285890921187e-05 -0.001487022313319425
leaf_weight=5966 10043 10705 3987 2106 1005 2076 1773 1429 1014 4537 1648 6159 14051 8308 1192 23392 2365 1551 1068 11827 1196 6895 2546 7025 15289 3234 4334 1860 1613 13499
leaf_count=5966 10043 10705 3987 2106 1005 2076 1773 1429 1014 4537 1648 6159 14051 8308 1192 23392 2365 1551 1068 11827 1196 6895 2546 7025 15289 3234 4334 1860 1613 13499
internal_value=-1.15076e-05 -0.000182762 -0.000358382 -0.00049004 -0.000572033 0.00121592 0.000966118 -0.00217575 0.000848599 -0.000487929 0.0023269 -0.000229297 -0.000125558 0.000157926 -0.000618766 -0.000722438 0.000104266 0.00278216 0.00146213 -0.000826772 0.00259195 0.000774217 0.00151478 0.000680699 0.000576051 -0.00277002 0.000417603 0.000540103 -0.00110285 -0.00117515
internal_weight=173693 147802 131314 118399 113747 16488 25891 5668 12915 108079 4489 51396 46859 29756 17103 56683 6352 3627 2841 50331 2210 12861 4652 21402 21448 4663 14377 3052 26939 25326
internal_count=173693 147802 131314 118399 113747 16488 25891 5668 12915 108079 4489 51396 46859 29756 17103 56683 6352 3627 2841 50331 2210 12861 4652 21402 21448 4663 14377 3052 26939 25326
is_linear=0
shrinkage=0.08


Tree=22
num_leaves=31
num_cat=0
split_feature=1 1 0 0 2 0 2 2 1 2 0 2 2 0 1 1 0 0 1 1 0 1 1 1 2 2 1 1 0 1
split_gain=3.90574 4.18764 2.71311 2.58178 2.22904 1.64248 1.5035 1.28499 1.28659 1.13042 1.15985 1.04036 0.936367 0.685632 0.939719 1.72853 1.14208 0.668776 0.544053 0.475452 0.43458 0.355211 0.351117 0.590792 0.32844 0.300195 0.293278 0.279057 0.270523 0.368281
threshold=1.5022949576377871 -0.81958499550819386 3.7283149957656865 0.47683499753475195 1.5000000000000002 1.1464500427246096 1.5000000000000002 2.5000000000000004 0.88093999028205883 1.5000000000000002 1.5235149860382082 1.5000000000000002 1.5000000000000002 2.0056951045989995 -0.34954500198364252 0.39616499841213232 3.212305068969727 2.3265800476074223 -2.0718749761581416 -0.30197499692440027 1.7782750129699709 -1.200545012950897 1.0320950150489809 0.14018500596284869 1.0000000180025095e-35 1.0000000180025095e-35 0.86974501609802257 -0.2245099991559982 3.212305068969727 0.67176499962806713
decision_type=2 2 2 2 2 2 2 2 2 2 2 2 2 2 2 2 2 2 2 2 2 2 2 2 2 2 2 2 2 2
left_child=1 9 3 12 13 19 24 17 -9 18 -11 -4 -3 22 -15 16 27 -7 -1 -6 25 -22 23 -5 -2 -20 -19 -16 29 -17
right_child=6 2 11 4 5 7 -8 8 -10 10 -12 -13 -14 14 15 28 -18 26 20 -21 21 -23 -24 -25 -26 -27 -28 -29 -30 -31
leaf_value=0.0023626000721033219 0.00049083198959203099 0.00064272510039878143 0.00096593658701549538 -0.00026529119010668264 0.0019495700878894697 -0.0014361036919182707 0.0027669189580668166 -0.0030660884309457433 9.9271353134488779e-05 0.0032531699901318144 0.0006369366661180527 0.0038249839363827844 0.0029521069766246591 -0.0010605201350496068 4.8850488242607946e-05 6.5638021777484801e-05 -0.0011612554320909985 -0.00072803085411233333 0.00041029373998157552 -9.7784008195962827e-05 0.00075748858392247749 -0.00070160943246224772 0.0001226944402168085 -0.0008467883047197231 0.0012625002945646788 0.001295901977774655 0.00045658415005691639 0.0010941049336974694 0.00028577038005270813 -0.00066007207904455513
leaf_weight=1090 8862 6933 3784 23017 1024 10034 2986 4247 1019 2445 1949 1038 1341 5211 1878 6356 1832 4941 5492 2494 1733 2782 5627 21747 5867 4422 1834 12616 3814 15126
leaf_count=1090 8862 6933 3784 23017 1024 10034 2986 4247 1019 2445 1949 1038 1341 5211 1878 6356 1832 4941 5492 2494 1733 2782 5627 21747 5867 4422 1834 12616 3814 15126
internal_value=4.4358e-06 -0.000123529 -0.000282271 -0.000350823 -0.000442973 -0.00110725 0.00113005 -0.00136309 -0.00245357 0.00095994 0.00209272 0.00158138 0.00101702 -0.000268111 -4.7743e-05 7.90549e-05 0.000720786 -0.00102146 0.00063921 0.000498149 0.000509021 -0.000141561 -0.00047292 -0.000547791 0.00079821 0.000805307 -0.000407354 0.00095867 -0.000335117 -0.000445352
internal_weight=173541 155826 135913 131091 122817 25593 17715 22075 5266 19913 4394 4822 8274 97224 46833 41622 16326 16809 15519 3518 14429 4515 50391 44764 14729 9914 6775 14494 25296 21482
internal_count=173541 155826 135913 131091 122817 25593 17715 22075 5266 19913 4394 4822 8274 97224 46833 41622 16326 16809 15519 3518 14429 4515 50391 44764 14729 9914 6775 14494 25296 21482
is_linear=0
shrinkage=0.08


Tree=23
num_leaves=31
num_cat=0
split_feature=0 0 2 3 2 2 0 0 0 0 3 3 0 0 3 3 0 3 3 0 2 0 3 0 3 0 2 2 2 0
split_gain=2.63271 3.30232 1.50469 1.83008 1.17751 1.00674 0.44124 0.42037 0.41874 0.43475 1.20373 0.414096 0.370282 0.317446 1.36792 0.782098 0.721376 0.336925 0.277468 0.264186 0.231543 0.229129 0.354191 0.281577 0.208306 0.265197 0.203793 0.194596 0.175626 0.155053
threshold=3.3672550916671757 0.98396000266075145 1.5000000000000002 1.5000000000000002 1.5000000000000002 1.5000000000000002 -0.075010001659393297 0.22264499962329867 3.0893599987030034 1.3927350044250491 1.5000000000000002 1.0000000180025095e-35 3.9024749994277959 1.83748996257782 1.5000000000000002 1.0000000180025095e-35 1.5235149860382082 1.0000000180025095e-35 1.5000000000000002 1.6482349634170534 1.0000000180025095e-35 2.6281249523162846 1.5000000000000002 2.8481400012969975 1.5000000000000002 1.4150999784469607 1.0000000180025095e-35 1.0000000180025095e-35 1.0000000180025095e-35 1.2762950062751772
decision_type=2 2 2 2 2 2 2 2 2 2 2 2 2 2 2 2 2 2 2 2 2 2 2 2 2 2 2 2 2 2
left_child=1 2 3 11 13 27 -5 -4 9 10 -6 28 -7 15 17 16 -3 -15 -9 24 -13 -11 -23 -24 29 -26 -19 -2 -1 -17
right_child=5 4 7 6 8 12 -8 18 -10 21 -12 20 -14 14 -16 19 -18 26 -20 -21 -22 22 23 -25 25 -27 -28 -29 -30 -31
leaf_value=0.0010454323786664574 0.00041114862637966023 0.00059099536835061713 0.003142426898469441 0.0007109541295150008 0.0016254433967112572 0.0016582139098265856 -0.00091103200970613682 0.0023971747422208418 0.00047324563906142494 -0.0011003917986563761 -0.001145977773843065 0.00013748561504242537 0.0034970294505737788 -0.00039456826789194629 0.00073165829106408803 -0.00014863379786519124 -0.0004951223921756939 0.00024594484597234486 0.00099347690779736297 -0.00014009159725984836 0.00099393071796403357 -0.0012571317164485796 0.0010055441187997892 -0.00073965823066302408 -0.0014573166804197622 -0.00047543149269120718 -0.00024067944512929675 0.001085620455886453 0.0018595371880787482 -0.00076938597798261181
leaf_weight=5229 6565 8965 1316 1300 1631 1887 6158 1396 1715 16791 2605 4826 1115 28671 12141 4170 6946 11905 2543 5919 3475 1910 1290 1093 4592 2855 10250 4696 2510 6734
leaf_count=5229 6565 8965 1316 1300 1631 1887 6158 1396 1715 16791 2605 4826 1115 28671 12141 4170 6946 11905 2543 5919 3475 1910 1290 1093 4592 2855 10250 4696 2510 6734
internal_value=-1.73887e-06 -9.51746e-05 0.000680758 0.000407078 -0.000266552 0.00103944 -0.000628304 0.00190453 -0.000736514 -0.000818455 -7.8889e-05 0.000888492 0.00234119 -0.000143375 -3.12639e-05 -0.000319063 0.000116847 -0.000213506 0.00149095 -0.000604837 0.000496014 -0.000967041 -0.000445473 0.00020508 -0.000754738 -0.00108089 2.08084e-05 0.000692413 0.00130947 -0.000531993
internal_weight=173199 158936 28753 23498 130183 14263 7458 5255 27035 25320 4236 16040 3002 103148 62967 40181 15911 50826 3939 24270 8301 21084 4293 2383 18351 7447 22155 11261 7739 10904
internal_count=173199 158936 28753 23498 130183 14263 7458 5255 27035 25320 4236 16040 3002 103148 62967 40181 15911 50826 3939 24270 8301 21084 4293 2383 18351 7447 22155 11261 7739 10904
is_linear=0
shrinkage=0.08


Tree=24
num_leaves=31
num_cat=0
split_feature=1 1 2 2 1 1 2 3 3 1 2 1 3 1 1 2 2 3 2 2 2 3 1 3 1 2 1 1 3 2
split_gain=3.15633 3.4121 1.03634 0.839962 0.830881 0.931095 1.25403 0.66873 0.576589 0.532398 0.47786 0.419752 0.345814 0.343713 0.363176 0.321432 0.286154 0.254327 0.230605 0.195469 0.191657 0.212805 0.155747 0.170346 0.158347 0.155438 0.273246 0.145365 0.166729 0.179062
threshold=1.5945749878883364 -1.3164699673652647 1.5000000000000002 1.5000000000000002 -0.81958499550819386 1.1991499662399294 1.5000000000000002 1.0000000180025095e-35 1.5000000000000002 0.39616499841213232 1.5000000000000002 -0.34954500198364252 1.5000000000000002 0.99526500701904308 -0.087294999510049806 1.0000000180025095e-35 1.5000000000000002 1.5000000000000002 1.0000000180025095e-35 1.0000000180025095e-35 1.0000000180025095e-35 1.0000000180025095e-35 0.25150999426841741 1.0000000180025095e-35 0.1311450004577637 2.5000000000000004 0.27834500372409826 1.0077999830245974 1.0000000180025095e-35 1.0000000180025095e-35
decision_type=2 2 2 2 2 2 2 2 2 2 2 2 2 2 2 2 2 2 2 2 2 2 2 2 2 2 2 2 2 2
left_child=1 3 8 20 10 6 9 18 15 11 12 -6 -3 14 -8 -2 -9 19 -7 -13 21 -1 24 -24 -21 -16 -27 -11 -29 -30
right_child=2 4 -4 -5 5 7 13 16 -10 27 -12 17 -14 -15 25 -17 -18 -19 -20 22 -22 -23 23 -25 -26 26 -28 28 29 -31
leaf_value=0.0013782845476951854 0.00083182625130775773 0.00043583429460623423 0.0025978932444248835 0.0031640498942554392 -0.0003519042758840567 0.00076012190941325314 -0.00046198440907901028 -0.00026482720365622641 -2.0973292788502773e-05 -0.00047075037788138003 0.0013860636288593972 0.00017465000657066024 -0.00073819019679823819 0.00021436044308733231 -0.00097293133262657896 0.0018586526693418958 0.00076570965956627643 0.00051299960586927932 0.001940627146543038 -0.00020541399340438197 0.0016283418126124339 8.4250410232251368e-05 -0.00039142724571178611 0.00089750023511434626 -0.00098094726784457987 -0.0006792057581800874 -0.0021134664344904189 0.0003636337500243242 0.0001029329321032153 -0.00089952147655245106
leaf_weight=1574 5925 7529 2518 1646 17082 3237 8501 7087 3688 32681 2726 19967 2041 1980 11898 2909 2279 8388 1574 7790 2624 1683 1194 1457 2150 1366 2251 3145 2303 2259
leaf_count=1574 5925 7529 2518 1646 17082 3237 8501 7087 3688 32681 2726 19967 2041 1980 11898 2909 2279 8388 1574 7790 2624 1683 1194 1457 2150 1366 2251 3145 2303 2259
internal_value=9.44439e-06 -9.57086e-05 0.00111699 0.00156663 -0.000178635 -0.000234554 -0.000304551 0.00037972 0.000819202 -0.000174014 0.000451623 -1.87818e-05 0.000185449 -0.00079874 -0.000882265 0.00116996 -1.40698e-05 0.000120191 0.00114634 1.89913e-05 0.00111953 0.000709614 -0.000227855 0.000316972 -0.00037316 -0.00111255 -0.0015718 -0.000397047 -8.45123e-05 -0.00039346
internal_weight=173452 158412 15040 7527 150885 138589 124412 14177 12522 98416 12296 58028 9570 25996 24016 8834 9366 40946 4811 32558 5881 3257 12591 2651 9940 15515 3617 40388 7707 4562
internal_count=173452 158412 15040 7527 150885 138589 124412 14177 12522 98416 12296 58028 9570 25996 24016 8834 9366 40946 4811 32558 5881 3257 12591 2651 9940 15515 3617 40388 7707 4562
is_linear=0
shrinkage=0.08


Tree=25
num_leaves=31
num_cat=0
split_feature=1 1 0 0 2 0 2 2 2 2 0 1 1 2 0 0 0 1 0 1 1 0 1 1 0 0 1 1 0 0
split_gain=3.12404 3.37952 2.18542 1.86282 1.98832 1.93381 1.16496 1.03837 0.970226 0.807526 0.620483 0.497101 0.481366 0.433378 0.398437 0.364169 0.36205 0.764269 0.33499 0.708435 0.322188 0.316023 0.521121 0.963964 1.01709 0.31192 0.341936 0.291246 0.740849 0.620845
threshold=1.2774500250816347 -0.90105998516082753 0.53439998626708995 3.8358099460601811 2.5000000000000004 1.3246949911117556 1.5000000000000002 1.5000000000000002 1.0000000180025095e-35 1.5000000000000002 1.5235149860382082 1.4396449923515322 -1.4135100245475767 1.0000000180025095e-35 2.9763550758361821 2.0148200988769536 1.0613449811935427 -0.23541500419378278 1.9664199948310854 -0.47219999134540552 1.9158399701118471 2.1318750381469731 -0.23541500419378278 0.36044000089168554 3.1091099977493291 1.9563249945640566 -0.038125000894069665 0.39616499841213232 2.8031849861145024 2.4818899631500249
decision_type=2 2 2 2 2 2 2 2 2 2 2 2 2 2 2 2 2 2 2 2 2 2 2 2 2 2 2 2 2 2
left_child=1 6 9 4 8 -6 12 14 21 -3 -8 -9 -1 -5 20 -14 17 -10 -18 -20 -2 -4 -23 24 -24 -7 -27 28 29 -21
right_child=7 2 3 13 5 25 10 11 16 -11 -12 -13 15 -15 -16 -17 18 -19 19 27 -22 22 23 -25 -26 26 -28 -29 -30 -31
leaf_value=0.001182874534046684 8.6000669165144875e-05 0.00053522925061581035 -0.00028579600829319312 0.00047273716858267618 0.0013184533643678801 -0.0034761506819076114 0.0030286477766563714 0.00043541127054673613 0.0010629536824967104 0.0025039014235101733 0.00093304034899794697 0.0023914737273838323 0.00048951622955134566 0.0022948793761350746 0.0010569330983800206 -0.00071358438322455481 -0.00089352820759802957 -0.00065857642968351383 -0.001666765914674307 -0.00012093081041363988 0.00093358370128258288 -0.00075643474812340573 0.00156416430413108 -0.00014703285494734961 -0.0009212133629244722 -0.0033198024163316356 -0.0015603478300710207 -0.00060276610840448474 -0.0010423012213677358 0.0013417001680696167
leaf_weight=4866 10396 7907 30155 1537 1003 1550 2155 1107 2525 1604 1558 3341 6378 1830 6977 2154 22894 4765 2925 6092 3965 3671 5241 11702 1319 1021 2298 14123 3569 2672
leaf_count=4866 10396 7907 30155 1537 1003 1550 2155 1107 2525 1604 1558 3341 6378 1830 6977 2154 22894 4765 2925 6092 3965 3671 5241 11702 1319 1021 2298 14123 3569 2672
internal_value=-1.96561e-05 -0.000161668 -0.000300374 -0.000392234 -0.000445387 -0.00188025 0.00089541 0.00079275 -0.000369926 0.00086724 0.00214932 0.00190466 0.000547913 0.00146309 0.000560968 0.00018578 -0.000590454 -6.22989e-05 -0.000664108 -0.000485341 0.000320014 -0.000117742 0.000113311 0.000288146 0.00106444 -0.00253917 -0.0021016 -0.000354722 -7.06771e-05 0.000325001
internal_weight=173300 147514 130403 120892 117525 5872 17111 25786 111653 9511 3713 4448 13398 3367 21338 8532 59565 7290 52275 29381 14361 52088 21933 18262 6560 4869 3319 26456 12333 8764
internal_count=173300 147514 130403 120892 117525 5872 17111 25786 111653 9511 3713 4448 13398 3367 21338 8532 59565 7290 52275 29381 14361 52088 21933 18262 6560 4869 3319 26456 12333 8764
is_linear=0
shrinkage=0.08


Tree=26
num_leaves=31
num_cat=0
split_feature=1 1 2 2 3 2 1 3 1 1 2 1 2 1 1 1 2 3 3 1 3 2 3 1 1 1 2 1 3 2
split_gain=2.62862 3.05292 0.892419 0.774579 0.739961 0.709095 0.838833 0.644505 0.946176 0.435324 0.430437 0.426292 0.419604 0.282212 0.333487 0.256293 0.225429 0.223007 0.198019 0.173706 0.165052 0.151693 0.205892 0.136067 0.189607 0.129375 0.105526 0.10477 0.0928242 0.0903837
threshold=1.2296350002288821 -1.2339649796485899 1.5000000000000002 1.0000000180025095e-35 1.0000000180025095e-35 1.5000000000000002 -0.90105998516082753 1.5000000000000002 1.7048449516296389 0.5845799744129182 1.5000000000000002 0.98370999097824108 1.5000000000000002 1.045385003089905 -0.23541500419378278 -2.0718749761581416 1.0000000180025095e-35 1.0000000180025095e-35 1.0000000180025095e-35 1.7048449516296389 1.5000000000000002 1.0000000180025095e-35 1.5000000000000002 -0.39679500460624689 -0.31364999711513514 1.7691050171852114 1.0000000180025095e-35 0.85833999514579784 1.0000000180025095e-35 1.0000000180025095e-35
decision_type=2 2 2 2 2 2 2 2 2 2 2 2 2 2 2 2 2 2 2 2 2 2 2 2 2 2 2 2 2 2
left_child=1 2 15 4 -2 9 -7 12 -9 -3 -10 21 18 14 23 -1 28 29 -5 -20 25 22 -11 -8 -25 -6 -19 -23 -17 -13
right_child=3 5 -4 7 20 6 13 8 10 11 -12 17 -14 -15 -16 16 -18 26 19 -21 -22 27 -24 24 -26 -27 -28 -29 -30 -31
leaf_value=0.0019684045354506495 0.00089878902964856029 -5.4818674843162576e-05 0.0027876049381982586 0.0018361465519892409 -0.0003343134154444418 0.001064096530405717 -0.0005475592651266848 -0.00031737929243929187 0.000739232842047138 -0.00057313458172634905 0.0026275658578941291 0.00022390343211146956 0.0027108348711369023 0.0002748527183277925 -0.00096332289872020293 0.00061968613907965701 0.0012067943334299943 3.9891028516736595e-05 0.00037461048726383789 0.0015571202833063675 -0.00076893673413941713 -0.00069247868086038907 0.00034939340731319281 0.00097790674318297172 -0.00052650856388849424 0.00051957145325547929 -0.00064139542645787802 -0.0012995560648856547 -0.00023489118420443709 0.0010415288927869441
leaf_weight=1109 6323 77445 1963 2416 2814 1811 4909 3727 1760 10029 1377 2767 1731 1727 18186 1658 2533 2962 1861 1388 2756 6271 1831 1059 1086 1904 2860 2563 1597 1259
leaf_count=1109 6323 77445 1963 2416 2814 1811 4909 3727 1760 10029 1377 2767 1731 1727 18186 1658 2533 2962 1861 1388 2756 6271 1831 1059 1086 1904 2860 2563 1597 1259
internal_value=-1.98863e-05 -0.000156495 0.00128264 0.000689158 0.000261822 -0.000249726 -0.000602592 0.00110262 0.000544338 -0.000155689 0.00156812 -0.000411464 0.00162074 -0.00071452 -0.000782216 0.000854297 0.000640831 2.17904e-05 0.00128765 0.000879789 -0.000277052 -0.000617644 -0.000430711 -0.000315304 0.000216231 1.02811e-05 -0.000294784 -0.000868609 0.000200405 0.000479589
internal_weight=173682 145625 8860 28057 13797 136765 28778 14260 6864 107987 3137 30542 7396 26967 25240 6897 5788 9848 5665 3249 7474 20694 11860 7054 2145 4718 5822 8834 3255 4026
internal_count=173682 145625 8860 28057 13797 136765 28778 14260 6864 107987 3137 30542 7396 26967 25240 6897 5788 9848 5665 3249 7474 20694 11860 7054 2145 4718 5822 8834 3255 4026
is_linear=0
shrinkage=0.08


Tree=27
num_leaves=31
num_cat=0
split_feature=0 0 2 3 2 2 0 3 0 2 0 0 0 3 0 3 2 0 0 3 0 3 0 3 0 0 2 0 3 0
split_gain=1.83379 2.40725 6.08028 2.34075 0.813673 0.787921 0.733139 0.633786 1.2527 0.484056 0.428738 0.414953 0.332415 0.300926 0.243486 0.241709 0.218631 0.208542 0.186033 0.173551 0.154857 0.276589 0.293907 0.151091 0.25916 0.235333 0.119652 0.115187 0.106028 0.0924053
threshold=3.3672550916671757 1.1596649885177615 2.5000000000000004 1.5000000000000002 1.5000000000000002 1.5000000000000002 0.22264499962329867 1.5000000000000002 2.0056951045989995 1.0000000180025095e-35 1.4041999578475954 3.0314950942993169 3.0314950942993169 1.0000000180025095e-35 1.301290035247803 1.0000000180025095e-35 1.0000000180025095e-35 3.8358099460601811 2.8481400012969975 1.0000000180025095e-35 2.589789986610413 1.5000000000000002 2.7606199979782109 1.0000000180025095e-35 1.4150999784469607 2.9941799640655522 1.0000000180025095e-35 -0.16187500208616254 1.5000000000000002 1.0164849758148196
decision_type=2 2 2 2 2 2 2 2 2 2 2 2 2 2 2 2 2 2 2 2 2 2 2 2 2 2 2 2 2 2
left_child=1 2 3 9 7 19 27 16 10 13 -9 14 18 -1 -6 -11 -3 -7 -10 -2 -16 -22 -23 24 -18 -26 -21 -5 -28 -17
right_child=5 4 -4 6 11 17 -8 8 12 15 -12 -13 -14 -15 20 29 23 -19 -20 26 21 22 -24 -25 25 -27 28 -29 -30 -31
leaf_value=0.00082278776497841043 0.00088940511167571947 -0.00013556436833404782 0.0058134720364422581 0.0010203448001673303 0.00023454915655957273 0.0014534410540836607 -0.00091129094468717423 -0.0012312332082528876 0.00092653809698998546 0.0016864420163946114 -5.5022296423695752e-05 0.00042115181123485108 -0.00024777418403034031 5.4683645936750917e-05 -0.00091601205873246595 0.0010367779182488478 0.00041414253670912207 0.0027974104028980944 0.0020379143294130854 -0.00012603914671170403 -0.0010981506895720182 0.0012037707368260174 -0.00057987627961843225 -0.00024542022012094761 -0.00085223232628269267 0.00030785577051085033 0.0010114948094454208 3.5557547265643615e-05 5.3492960996366165e-05 0.00024517448931553608
leaf_weight=6928 5478 47431 1326 1471 1528 1748 9719 2729 7743 3960 7259 2144 1435 6173 17507 4714 1412 1280 1101 2712 1920 1039 1372 15677 10763 1249 1745 1573 1283 1180
leaf_count=6928 5478 47431 1326 1471 1528 1748 9719 2729 7743 3960 7259 2144 1435 6173 17507 4714 1412 1280 1101 2712 1920 1039 1372 15677 10763 1249 1745 1573 1283 1180
internal_value=6.79996e-06 -7.09423e-05 0.000494048 0.000296569 -0.000242062 0.00087641 -0.000571964 -0.000136135 0.000261653 0.000779474 -0.000376396 -0.000644006 0.000881639 0.000460868 -0.000741742 0.00120306 -0.000241477 0.00202157 0.00106489 0.000567305 -0.000810053 -0.000381741 0.000188771 -0.000414101 -0.000611092 -0.000731607 0.000259908 0.000511452 0.000605578 0.000878296
internal_weight=173599 159353 37044 35718 122309 14246 12763 96799 20267 22955 9988 25510 10279 13101 23366 9854 76532 3028 8844 11218 21838 4331 2411 29101 13424 12012 5740 3044 3028 5894
internal_count=173599 159353 37044 35718 122309 14246 12763 96799 20267 22955 9988 25510 10279 13101 23366 9854 76532 3028 8844 11218 21838 4331 2411 29101 13424 12012 5740 3044 3028 5894
is_linear=0
shrinkage=0.08


Tree=28
num_leaves=31
num_cat=0
split_feature=1 2 1 2 0 0 2 0 2 0 0 1 1 1 0 2 0 1 1 0 0 1 1 0 0 2 0 0 1 0
split_gain=2.03474 5.65429 2.50815 4.03775 1.2782 1.33837 1.36981 0.671878 0.663244 0.546149 0.468814 0.463864 0.397158 0.379062 0.399879 0.360479 0.292531 0.847859 0.512558 0.962213 0.529385 0.465365 0.44203 0.359551 0.271033 0.259689 0.230269 0.37558 0.223674 0.220058
threshold=1.1700899600982668 2.5000000000000004 -0.7817150056362151 2.5000000000000004 3.8358099460601811 0.65963500738143932 2.5000000000000004 1.7985249757766726 1.0000000180025095e-35 2.832994937896729 2.9089949131011967 -1.2719349861145017 -2.0718749761581416 1.9581649899482729 1.7296400070190432 1.5000000000000002 1.877609968185425 -0.44616499543189997 0.49013000726699835 2.8031849861145024 2.5168900489807133 0.11228000000119211 -0.64735502004623402 2.2435250282287602 0.96772497892379772 1.0000000180025095e-35 2.528845071792603 1.5866000056266787 2.5682650804519658 2.0252099037170415
decision_type=2 2 2 2 2 2 2 2 2 2 2 2 2 2 2 2 2 2 2 2 2 2 2 2 2 2 2 2 2 2
left_child=2 10 3 7 5 15 8 12 29 11 13 -9 -1 14 -2 -4 22 23 19 20 21 -19 -10 -18 -24 -6 27 -8 -12 -7
right_child=1 -3 4 -5 25 6 26 9 16 -11 28 -13 -14 -15 -16 -17 17 18 -20 -21 -22 -23 24 -25 -26 -27 -28 -29 -30 -31
leaf_value=0.0022237517341025933 0.00055284053696761639 0.0062330090894407997 0.00030598958301129977 0.0054938456190912902 0.00053286810626570298 -0.00029017193089707095 -0.00094461343849781138 0.00046756950478505917 0.00064404945332242295 0.0012256816237287004 0.00094152213686392316 -0.0011899603271069926 0.00059655767906357984 0.00084421354576377674 -0.00031365788793600609 0.0015192514991175274 -0.0028341057938867718 -0.00038130822025116877 -0.00061610688410276165 -0.00097024972960719114 0.0014707528611316609 0.00082461929890037956 -0.00020207367650678827 -0.00098200211356066136 -0.00094190506654783163 0.0020282288677331297 -0.0008462776987532227 -0.0025913869382998738 -0.00027722291455693039 5.4790811242123142e-05
leaf_weight=1037 5017 1091 9299 1052 1360 24647 1401 1591 1397 1229 9024 3368 12926 3916 10632 1885 1069 4524 11921 4018 2614 3742 3787 1801 19423 1639 1613 2413 1079 22768
leaf_count=1037 5017 1091 9299 1052 1360 24647 1401 1591 1397 1229 9024 3368 12926 3916 10632 1885 1069 4524 11921 4018 2614 3742 3787 1801 19423 1639 1613 2413 1079 22768
internal_value=-1.32885e-05 0.000576811 -0.000140641 0.00066213 -0.00028094 -0.000322281 -0.000409211 0.000409886 -0.000343135 -0.000284021 0.000368812 -0.000658174 0.000717406 0.000140288 -3.58623e-05 0.000510478 -0.00053404 -0.000364986 -0.000225133 8.77146e-05 0.000478422 0.000164613 -0.000738007 -0.00167186 -0.000821192 0.00135011 -0.00164759 -0.00198648 0.00081136 -0.000124526
internal_weight=173283 30759 142524 21203 121321 118322 107138 20151 101711 6188 29668 4959 13963 19565 15649 11184 54296 29689 26819 14898 10880 8266 24607 2870 23210 2999 5427 3814 10103 47415
internal_count=173283 30759 142524 21203 121321 118322 107138 20151 101711 6188 29668 4959 13963 19565 15649 11184 54296 29689 26819 14898 10880 8266 24607 2870 23210 2999 5427 3814 10103 47415
is_linear=0
shrinkage=0.08


Tree=29
num_leaves=31
num_cat=0
split_feature=1 0 1 0 2 1 2 2 2 2 1 0 2 0 1 0 1 1 0 0 0 1 1 0 1 0 0 0 0 1
split_gain=1.85386 1.74076 1.56503 1.60576 1.15557 0.692021 0.625225 0.570121 0.560415 0.5583 0.477164 0.455501 0.406446 0.498484 0.499968 0.334686 0.295097 0.707093 1.87269 1.00142 0.990194 0.420033 0.382082 0.282265 0.488576 0.617986 0.28188 0.279381 0.277665 0.232205
threshold=-1.3639299869537351 3.4565649032592778 1.7048449516296389 0.96772497892379772 1.5000000000000002 -0.31364999711513514 1.5000000000000002 1.5000000000000002 1.0000000180025095e-35 1.5000000000000002 0.59399500489234935 0.30769999325275427 2.5000000000000004 1.4694550037384035 -0.34954500198364252 2.348274946212769 0.48114499449729925 -0.27962499856948847 1.7395550012588503 3.212305068969727 1.4910349845886233 1.0320950150489809 -0.96863502264022816 2.0346250534057622 0.75066500902175914 2.9941799640655522 2.6155350208282475 2.6155350208282475 3.1091099977493291 0.84743499755859386
decision_type=2 2 2 2 2 2 2 2 2 2 2 2 2 2 2 2 2 2 2 2 2 2 2 2 2 2 2 2 2 2
left_child=7 2 3 5 16 9 -3 -1 -4 -2 11 -7 15 -14 -15 -6 17 20 -19 27 -5 23 -22 -18 25 -25 -16 -20 -23 -8
right_child=1 6 8 4 12 10 29 -9 -10 -11 -12 -13 13 14 26 -17 21 18 19 -21 22 28 -24 24 -26 -27 -28 -29 -30 -31
leaf_value=0.00093546635832694367 0.00063799833848353252 0.0005996241068833753 0.00027697676655265264 0.00042687407962234197 -0.00083047833597314357 0.00062341678991517571 0.001202182996902121 0.0027166948891211057 0.0015122351457959404 0.002135463557077394 0.00075764012086264277 -0.00056454801502560685 0.00026302483605631575 -0.0032737041894850094 -0.0017489417836522453 -0.00013025917954595593 -0.00085231407722217382 -0.00060599289164546489 0.00095785007387421306 -0.0016326557995162457 0.00010257507879915169 -0.00013027736797787629 -0.00094438667248496991 0.00056953529817365778 -0.00079098918776713265 -0.0013858333281988448 -0.00029381290142430284 0.00029098415690481753 0.00092005741730538356 0.0027347334078730119
leaf_weight=5349 7996 9579 4661 6532 12709 2877 1198 1465 4742 1990 4523 7325 1016 1006 2597 6657 10401 12007 14640 1170 2728 15042 12242 5322 6408 1284 1268 5543 1804 1341
leaf_count=5349 7996 9579 4661 6532 12709 2877 1198 1465 4742 1990 4523 7325 1016 1006 2597 6657 10401 12007 14640 1170 2728 15042 12242 5322 6408 1284 1268 5543 1804 1341
internal_value=2.50573e-05 -2.78395e-05 -0.000100263 -0.000165084 -0.000285669 0.000422325 0.000895469 0.00131843 0.000899926 0.000936412 7.36884e-05 -0.000229538 -0.000766735 -0.00134885 -0.00168506 -0.00058978 -0.000157957 -3.72485e-05 0.00019333 0.000642797 -0.000394987 -0.00032244 -0.000753598 -0.000541615 -0.0002933 0.000189473 -0.00127155 0.000774704 -1.77994e-05 0.00201162
internal_weight=173422 166608 154490 145087 120376 24711 12118 6814 9403 9986 14725 10202 25253 5887 4871 19366 95123 54862 33360 21353 21502 40261 14970 23415 13014 6606 3865 20183 16846 2539
internal_count=173422 166608 154490 145087 120376 24711 12118 6814 9403 9986 14725 10202 25253 5887 4871 19366 95123 54862 33360 21353 21502 40261 14970 23415 13014 6606 3865 20183 16846 2539
is_linear=0
shrinkage=0.08


Tree=30
num_leaves=31
num_cat=0
split_feature=1 1 2 2 3 2 1 1 3 1 2 1 1 1 1 1 2 2 1 3 1 1 1 1 1 2 3 1 3 3
split_gain=1.40907 1.63278 0.586209 0.569542 0.813019 0.446702 0.433725 0.487987 0.2328 0.570319 0.228493 0.220234 0.370252 0.248842 0.212367 0.204409 0.223206 0.177468 0.177809 0.166993 0.822339 0.535296 0.238022 0.14852 0.230599 0.14278 0.124599 0.125158 0.120373 0.115341
threshold=1.3278149962425234 -1.1028450131416319 1.5000000000000002 1.5000000000000002 1.0000000180025095e-35 1.5000000000000002 1.045385003089905 -0.31364999711513514 1.5000000000000002 1.7369199991226199 1.0000000180025095e-35 0.1311450004577637 0.11228000000119211 0.14879500120878222 -1.5294100046157835 -2.0718749761581416 1.0000000180025095e-35 1.0000000180025095e-35 1.7048449516296389 1.0000000180025095e-35 0.86974501609802257 0.80408501625061046 0.98370999097824108 -0.047654999420046799 -0.028874999843537804 2.5000000000000004 1.5000000000000002 0.61321499943733226 1.0000000180025095e-35 1.5000000000000002
decision_type=2 2 2 2 2 2 2 2 2 2 2 2 2 2 2 2 2 2 2 2 2 2 2 2 2 2 2 2 2 2
left_child=1 2 15 4 10 11 7 25 -5 -10 -2 12 23 -13 -4 -1 28 29 -19 20 -15 26 -23 -3 -25 -7 -21 -28 -17 -6
right_child=3 5 14 8 17 6 -8 -9 9 -11 -12 13 -14 19 -16 16 -18 18 -20 21 -22 22 -24 24 -26 -27 27 -29 -30 -31
leaf_value=0.0015502585127065171 0.00079915867336951012 -6.0257167246722557e-05 0.002779353869148946 0.0022630176154246058 -1.9911556057743114e-05 -0.00017230050136979373 0.0005743818064064593 -0.00074453778243591161 -0.00014724713911943232 0.0022151382890140776 0.0018038424601456403 -0.0013895117234035831 0.0015066618461958526 -0.00062894338243254437 0.0012972375117952667 0.00040929714520592946 0.00086417517148953255 -0.00013234804323399981 0.0007382073000279471 4.4747489039468132e-05 0.00036968138613216906 -0.00088253780390682313 -0.00018102431090456981 0.0014095599768685074 0.00015285199871312494 0.00066232766772516801 0.00024417038358229412 0.00094781409921252779 -0.00042365297849619672 -0.0007172229883963757
leaf_weight=1095 5341 38660 1037 1433 4085 5397 2469 19189 1353 1266 1988 1082 1079 17254 1534 2309 3479 2866 3154 13667 7603 5124 7819 1058 8004 1733 5745 2252 2139 2416
leaf_count=1095 5341 38660 1037 1433 4085 5397 2469 19189 1353 1266 1988 1082 1079 17254 1534 2309 3479 2866 3154 13667 7603 5124 7819 1058 8004 1733 5745 2252 2139 2416
internal_value=8.5179e-06 -8.25382e-05 0.000829382 0.000578915 0.000402478 -0.000159071 -0.00043945 -0.000534558 0.00144325 0.000994708 0.00107168 -8.52554e-05 4.12059e-05 -0.000187185 0.00189504 0.000525701 0.000384173 1.07697e-05 0.000323754 -0.000165308 -0.000323494 -5.16876e-05 -0.000458746 8.07174e-06 0.000299574 3.05621e-05 0.000191507 0.00044232 8.73952e-06 -0.000279057
internal_weight=173630 149728 11593 23902 19850 138135 28788 26319 4052 2619 7329 109347 48801 60546 2571 9022 7927 12521 6020 59464 24857 34607 12943 47722 9062 7130 21664 7997 4448 6501
internal_count=173630 149728 11593 23902 19850 138135 28788 26319 4052 2619 7329 109347 48801 60546 2571 9022 7927 12521 6020 59464 24857 34607 12943 47722 9062 7130 21664 7997 4448 6501
is_linear=0
shrinkage=0.08


Tree=31
num_leaves=31
num_cat=0
split_feature=0 0 1 1 3 1 1 0 0 1 3 1 0 1 3 1 0 1 0 1 0 1 1 0 3 1 0 3 1 0
split_gain=1.23234 1.31483 1.31115 1.11918 1.03886 1.18679 0.920288 0.620551 0.408395 1.09662 1.66485 2.81646 1.09313 0.744089 0.398343 0.589195 0.70111 0.41801 0.507866 0.397257 0.337451 0.301003 0.553264 0.514815 0.320424 0.295247 0.346319 0.277568 0.264841 0.388198
threshold=3.3672550916671757 1.105365037918091 1.7048449516296389 -1.2719349861145017 1.5000000000000002 -0.30197499692440027 1.0320950150489809 0.12533500045537951 2.2024350166320805 -0.64735502004623402 1.5000000000000002 0.9153600037097932 2.7465400695800786 1.2774500250816347 1.0000000180025095e-35 0.65289500355720531 2.9580500125885014 -0.19207500666379926 2.4253449440002446 0.14879500120878222 2.589789986610413 0.5845799744129182 -0.40872499346733088 3.975544929504395 1.5000000000000002 -0.88114500045776356 1.8575599789619448 1.0000000180025095e-35 0.88093999028205883 2.4253449440002446
decision_type=2 2 2 2 2 2 2 2 2 2 2 2 2 2 2 2 2 2 2 2 2 2 2 2 2 2 2 2 2 2
left_child=1 4 3 -3 27 -6 7 -7 25 -10 13 12 20 14 28 16 17 -16 -19 -14 -12 22 -2 -24 -23 26 -5 -1 29 -11
right_child=21 2 -4 8 5 6 -8 -9 9 10 11 -13 19 -15 15 -17 -18 18 -20 -21 -22 24 23 -25 -26 -27 -28 -29 -30 -31
leaf_value=0.001047196644378482 0.001882237851117887 0.0010685280410894765 0.0008068587068135204 0.00069784949183345185 0.00072700724124230348 0.00054022924061923507 0.0010798688048746039 -0.0016177842084328265 -0.001471629444465203 -0.00013449071671042082 0.002071197151412762 -0.0010016522180821251 -0.00068058064424715971 0.00071497802078956192 -0.00046832472350882669 -0.0008184384781615878 -0.001093196028787765 -1.6717974727196017e-05 0.0016276258801591328 0.0012182241992683297 0.0036490170154392329 0.00071658584842269391 -0.00079906724223429391 0.0012626351090665494 0.0017616927569965579 -0.00045039764612962323 -0.00096266859870961625 0.00047159042504612062 -3.7446987108935993e-05 -0.0011305675594224021
leaf_weight=10113 1017 4122 8433 2993 5447 1028 1323 5004 3450 3447 3681 3624 1138 4219 1574 4705 1829 1905 3258 1854 1135 6968 2746 1080 2570 60142 1099 11412 3145 9154
leaf_count=10113 1017 4122 8433 2993 5447 1028 1323 5004 3450 3447 3681 3624 1138 4219 1574 4705 1829 1905 3258 1854 1135 6968 2746 1080 2570 60142 1099 11412 3145 9154
internal_value=2.81594e-05 -3.58936e-05 -0.000156406 -0.000226149 0.00040262 -0.000168049 -0.000830914 -0.00125001 -0.000273648 -9.74228e-05 8.71614e-06 0.000841481 0.00169695 -0.000277725 -0.000422062 -9.91933e-05 0.000295863 0.000672972 0.00102091 0.000496018 0.00244305 0.000737387 0.000223755 -0.000217092 0.000998188 -0.000405659 0.000251879 0.000742025 -0.000694181 -0.000858091
internal_weight=173615 159234 124907 116474 34327 12802 7355 6032 112352 48118 44668 11432 7808 33236 29017 13271 8566 6737 5163 2992 4816 14381 4843 3826 9538 64234 4092 21525 15746 12601
internal_count=173615 159234 124907 116474 34327 12802 7355 6032 112352 48118 44668 11432 7808 33236 29017 13271 8566 6737 5163 2992 4816 14381 4843 3826 9538 64234 4092 21525 15746 12601
is_linear=0
shrinkage=0.08


Tree=32
num_leaves=31
num_cat=0
split_feature=1 1 2 3 2 3 2 2 1 2 3 2 1 1 3 2 3 3 1 1 1 1 1 3 1 1 1 1 1 1
split_gain=0.939786 1.16136 3.33812 0.599023 0.44903 0.444155 0.473606 0.309265 0.588194 0.230018 0.229063 0.198354 0.191941 0.186231 0.305008 0.231197 0.363121 0.170271 0.532195 0.29281 0.355094 0.332577 0.146474 0.184145 0.161107 0.131986 0.131527 0.135005 0.129251 0.114908
threshold=1.2774500250816347 -0.7817150056362151 2.5000000000000004 1.5000000000000002 1.0000000180025095e-35 1.5000000000000002 1.0000000180025095e-35 1.5000000000000002 1.7369199991226199 1.0000000180025095e-35 1.0000000180025095e-35 1.5000000000000002 -1.5294100046157835 1.045385003089905 1.0000000180025095e-35 2.5000000000000004 1.5000000000000002 1.5000000000000002 0.79280999302864086 0.10285500064492227 0.36044000089168554 0.028575000353157524 0.34208999574184423 1.5000000000000002 -0.23541500419378278 -1.6754750013351438 -0.11832500249147414 -0.40872499346733088 -0.52672499418258656 0.86974501609802257
decision_type=2 2 2 2 2 2 2 2 2 2 2 2 2 2 2 2 2 2 2 2 2 2 2 2 2 2 2 2 2 2
left_child=1 2 3 9 22 6 10 -7 -9 25 -2 -8 -5 15 -15 17 -17 29 19 21 -21 26 24 -24 -3 -1 27 28 -19 -6
right_child=5 4 -4 12 13 7 11 8 -10 -11 -12 -13 -14 14 -16 16 -18 18 -20 20 -22 -23 23 -25 -26 -27 -28 -29 -30 -31
leaf_value=0.0010305207247343362 0.0006854151156472718 -9.190594304063512e-05 0.0049266130066902229 0.00036643172557815774 -0.00043010016566098931 -0.00031358895286186749 0.0009820658259567629 -0.00033498755596757024 0.0019908967397212151 0.00088664396630877833 -8.3612434233400009e-05 0.0020066222259688955 -0.00069199770183195277 0.0011992902981255342 -0.00017497474196749211 0.00017457167799113613 -0.0012298824823234471 -0.00027113772126766237 -0.0010894940228917179 0.00098918949218527682 -2.001397595691555e-05 -0.0016187273339660121 -0.00021217709988680493 0.00036558943547565899 0.00028834708178625523 0.00010737014310460092 0.00047720223672996487 -0.00062389465236950732 0.00076921700534203291 8.7830453339360725e-05
leaf_weight=1164 5784 11852 1031 1466 33230 6121 5231 1565 1253 6551 4338 1573 4351 1350 4410 1671 3995 2183 3039 3623 5809 1028 22459 4189 17902 6677 1973 3364 1176 2988
leaf_count=1164 5784 11852 1031 1466 33230 6121 5231 1565 1253 6551 4338 1573 4351 1350 4410 1671 3995 2183 3039 3623 5809 1028 22459 4189 17902 6677 1973 3364 1176 2988
internal_value=1.70728e-05 -6.09346e-05 0.000486369 0.000259842 -0.000153018 0.000461867 0.000702785 5.68969e-06 0.000699197 0.000536745 0.000355832 0.00121893 -0.000425252 -0.000288608 0.000147119 -0.000327775 -0.000815685 -0.000280448 -0.00010597 5.00608e-05 0.000367639 -0.000257981 1.48734e-05 -0.000121354 0.00013688 0.000244412 -9.71201e-05 -0.000265667 9.30948e-05 -0.000387371
internal_weight=173346 147481 21240 20209 126241 25865 16926 8939 2818 14392 10122 6804 5817 69839 5760 64079 5666 58413 22195 19156 9432 9724 56402 26648 29754 7841 8696 6723 3359 36218
internal_count=173346 147481 21240 20209 126241 25865 16926 8939 2818 14392 10122 6804 5817 69839 5760 64079 5666 58413 22195 19156 9432 9724 56402 26648 29754 7841 8696 6723 3359 36218
is_linear=0
shrinkage=0.08


Tree=33
num_leaves=31
num_cat=0
split_feature=2 0 0 0 3 2 0 3 3 0 0 3 0 2 3 0 3 2 0 3 0 0 0 2 0 0 0 0 0 0
split_gain=1.16307 4.27532 4.61685 0.601828 0.587725 0.502377 0.360401 0.698821 0.680141 0.822678 0.773048 0.374478 0.355137 0.309854 0.476251 0.286451 0.246414 0.243174 0.229852 0.221076 1.03329 0.373411 0.276553 0.216409 0.215951 0.15264 0.150111 0.138585 0.172938 0.124323
threshold=2.5000000000000004 1.199805021286011 3.1909749507904057 0.41416500508785253 1.5000000000000002 1.5000000000000002 2.1020200252532963 1.5000000000000002 1.5000000000000002 1.4150999784469607 1.250779986381531 1.0000000180025095e-35 3.3117549419403081 1.0000000180025095e-35 1.0000000180025095e-35 3.0314950942993169 1.5000000000000002 1.0000000180025095e-35 1.7686450481414797 1.5000000000000002 1.3246949911117556 2.3372850418090825 3.1091099977493291 1.0000000180025095e-35 3.2860100269317631 1.8281849622726443 2.0734949111938481 2.89330005645752 2.6924350261688237 2.1422550678253178
decision_type=2 2 2 2 2 2 2 2 2 2 2 2 2 2 2 2 2 2 2 2 2 2 2 2 2 2 2 2 2 2
left_child=3 -2 4 16 -3 6 8 12 10 -10 11 -5 13 14 -8 -9 -1 -18 -6 20 -7 29 26 -14 -23 -11 -22 28 -16 -21
right_child=1 2 -4 5 18 19 7 15 9 25 -12 -13 23 -15 27 -17 17 -19 -20 21 22 24 -24 -25 -26 -27 -28 -29 -30 -31
leaf_value=0.00084325340080368015 0.0049019975527196174 0.00046934621155417786 0.0050448904016889414 0.00079950163579824791 -0.0023143195872117736 0.0014673682949828937 -0.00021230075452176517 0.00097155130869178001 -0.0011105493369601624 -0.00027424547098052005 -0.00021946950543208407 6.0560735311044085e-05 0.00013781173707170879 -0.00040609553785355009 0.00049319838063767712 9.0370771129689065e-05 -0.00080620114363280182 0.0004814533359672626 -0.00095875381593462543 -0.00080957829745205033 -0.00031674380245461564 0.00027205888335060771 0.00043186385922705414 0.00090302359784703769 -0.00092016793686998269 0.00043427434375080073 -0.0010228615795489502 -5.2062732268002193e-05 0.0014864333821477062 -0.0017195204684817742
leaf_weight=6537 1434 1626 1017 8850 1108 2082 15111 7640 8947 5068 34367 8708 6573 14646 5417 3417 1392 2882 2885 8173 3529 3565 1672 3695 1337 3159 4244 2043 1415 1089
leaf_count=6537 1434 1626 1017 8850 1108 2082 15111 7640 8947 5068 34367 8708 6573 14646 5417 3417 1392 2882 2885 8173 3529 3565 1672 3695 1337 3159 4244 2043 1415 1089
internal_value=3.06709e-06 0.000940893 8.49216e-05 -4.26465e-05 -0.000812798 -8.29621e-05 -1.86496e-05 0.000124869 -0.000143181 -0.000579602 1.16406e-06 0.000433019 -5.00304e-06 -0.000116151 6.08904e-05 0.000699236 0.000534425 6.20769e-05 -0.0013349 -0.000406029 -0.00014589 -0.000617736 -0.000501507 0.000413178 -5.3116e-05 -2.18833e-06 -0.000702279 0.000526039 0.000698911 -0.000916567
internal_weight=173628 8070 6636 165558 5619 154747 129056 59957 69099 17174 51925 17558 48900 38632 23986 11057 10811 4274 3993 25691 11527 14164 9445 10268 4902 8227 7773 8875 6832 9262
internal_count=173628 8070 6636 165558 5619 154747 129056 59957 69099 17174 51925 17558 48900 38632 23986 11057 10811 4274 3993 25691 11527 14164 9445 10268 4902 8227 7773 8875 6832 9262
is_linear=0
shrinkage=0.08


Tree=34
num_leaves=31
num_cat=0
split_feature=1 1 2 3 2 2 1 3 1 3 1 2 1 1 2 3 1 1 3 1 1 1 1 3 1 1 1 3 2 1
split_gain=1.04443 1.13939 0.51636 0.590408 0.403673 0.312553 0.418492 0.339953 0.199087 0.456179 0.192319 0.183621 0.179424 0.175996 0.266013 0.222758 0.407092 0.23861 0.172845 0.163946 0.147105 0.14574 0.200796 0.182896 0.267414 0.193283 0.159838 0.135145 0.133681 0.113283
threshold=1.2774500250816347 -1.2339649796485899 1.5000000000000002 1.0000000180025095e-35 1.0000000180025095e-35 1.0000000180025095e-35 -0.7817150056362151 1.5000000000000002 1.0077999830245974 1.0000000180025095e-35 1.7369199991226199 1.0000000180025095e-35 -1.5294100046157835 0.14018500596284869 2.5000000000000004 1.0000000180025095e-35 0.83616501092910778 0.57501000165939342 1.5000000000000002 0.34208999574184423 -0.24651499837636945 -0.018724999390542504 0.074754998087883009 1.5000000000000002 0.1311450004577637 0.1764749959111214 -0.057725001126527779 1.5000000000000002 1.0000000180025095e-35 0.25150999426841741
decision_type=2 2 2 2 2 2 2 2 2 2 2 2 2 2 2 2 2 2 2 2 2 2 2 2 2 2 2 2 2 2
left_child=1 4 3 11 -1 19 7 -7 13 -10 -4 -2 27 -8 15 16 -15 29 28 20 -3 26 -23 24 -24 -26 -22 -6 -5 -17
right_child=2 5 10 18 12 6 8 -9 9 -11 -12 -13 -14 14 -16 17 -18 -19 -20 -21 21 22 23 -25 25 -27 -28 -29 -30 -31
leaf_value=0.00020220547100471608 0.0006338607041768339 -4.4411099213470683e-05 0.00080755583854512359 -2.0492288082016144e-05 0.0011955224036896172 0.00081965849148218917 -0.00019435182379638787 -0.00030685771210799221 0.0012884192056063673 -0.00024359329536135602 0.0018676170995985172 0.0014962965155659272 0.00076064684760736789 -0.0010191927845593063 -0.0012127167017060277 -0.00043676821472466272 0.00055871523970408481 -0.00054449365186575555 -0.00031334850241550321 -0.0001373540174977161 0.00040404535332853501 -0.00045587025048427545 0.0013916766446914154 -0.0006363023817641066 -0.00064173754955033869 0.00045072686516784804 0.0014467837783976535 0.0023215163143574585 0.00067086816360094489 0.0001270867194471463
leaf_weight=3930 5818 16878 2519 4401 1462 4173 30377 2910 1632 5231 1938 2169 2282 6452 2764 3079 1249 10365 6132 26611 5476 2962 1536 1143 1331 4684 1136 1279 3017 8792
leaf_count=3930 5818 16878 2519 4401 1462 4173 30377 2910 1632 5231 1938 2169 2282 6452 2764 3079 1249 10365 6132 26611 5476 2962 1536 1143 1331 4684 1136 1279 3017 8792
internal_value=1.70748e-05 -6.52047e-05 0.000484701 0.000322498 0.000809509 -0.000121634 -0.000229136 0.000356837 -0.000288478 0.000120715 0.00126849 0.000868069 0.00128466 -0.000332999 -0.000461793 -0.000392462 -0.000763277 -0.000264038 9.12891e-07 1.24437e-05 0.000125864 0.000283183 0.000112996 0.000306806 0.000449565 0.000208986 0.000583197 0.00172093 0.000260693 -1.91612e-05
internal_weight=173728 147734 25994 21537 8953 138781 77024 7083 69941 6863 4457 7987 5023 63078 32701 29937 7701 22236 13550 61757 35146 18268 11656 8694 7551 6015 6612 2741 7418 11871
internal_count=173728 147734 25994 21537 8953 138781 77024 7083 69941 6863 4457 7987 5023 63078 32701 29937 7701 22236 13550 61757 35146 18268 11656 8694 7551 6015 6612 2741 7418 11871
is_linear=0
shrinkage=0.08


Tree=35
num_leaves=31
num_cat=0
split_feature=2 0 0 3 0 0 2 0 3 0 0 0 0 2 3 0 0 3 3 0 0 0 2 0 0 2 0 3 3 0
split_gain=1.02847 3.16486 4.1326 0.501018 0.432312 0.35551 0.34448 0.375931 0.514473 0.203502 0.181753 0.174755 0.136876 0.135006 0.1291 0.115217 0.0941519 0.278394 0.132251 0.124998 0.189736 0.274254 0.0868162 0.0862294 0.0783427 0.0783013 0.0737049 1.10919 0.81681 0.752071
threshold=2.5000000000000004 1.0012049674987795 3.1909749507904057 1.5000000000000002 0.26830498874187475 2.6924350261688237 1.5000000000000002 1.0613449811935427 1.5000000000000002 2.5650351047515874 2.348274946212769 2.2435250282287602 2.7333650588989262 1.0000000180025095e-35 1.5000000000000002 1.7782750129699709 3.2603299617767338 1.0000000180025095e-35 1.5000000000000002 2.9941799640655522 2.8783650398254399 2.9250850677490239 1.0000000180025095e-35 2.8031849861145024 3.0893599987030034 1.0000000180025095e-35 2.0346250534057622 1.0000000180025095e-35 1.5000000000000002 1.250779986381531
decision_type=2 2 2 2 2 2 2 2 2 2 2 2 2 2 2 2 2 2 2 2 2 2 2 2 2 2 2 2 2 2
left_child=4 -2 3 -3 13 6 26 8 -8 10 11 -9 -7 14 -1 -5 17 -14 25 20 22 -22 -19 -24 -21 -18 28 -28 29 -6
right_child=1 2 -4 15 5 12 7 9 -10 -11 -12 -13 16 -15 -16 -17 18 19 -20 24 21 -23 23 -25 -26 -27 27 -29 -30 -31
leaf_value=0.00046362521965168297 0.0049764181001072764 0.00059149188277961046 0.004993097064611705 -0.0016094200048082142 0.00042330655885892434 0.00078906030544150798 0.0015197626134244094 -0.00056219257205325436 -0.00044883781086961223 -0.001661387494041724 0.00015000231631508542 -0.0016293768330779641 -0.00037289557784037406 0.0008453033366238559 -0.00056186894843139438 -0.00071754832938215592 0.00019436488253977857 0.00063252617141117227 -0.00017918623286348535 -0.00047725846016964386 0.0019645047791140352 0.00029454376457446643 0.00031852384193676317 -0.00063300400072694764 0.00018603927094142797 0.00059961282425874873 -0.00050108273214314171 0.000441056463423974 -0.00061001660045854368 -0.00021285040093489815
leaf_weight=2972 1048 1784 1012 1373 19192 1949 1355 11947 2278 1108 2113 1070 8187 4071 1068 2854 7147 1332 3666 1834 1094 1482 1186 1254 3010 5325 14630 17641 17148 31275
leaf_count=2972 1048 1784 1012 1373 19192 1949 1355 11947 2278 1108 2113 1070 8187 4071 1068 2854 7147 1332 3666 1834 1094 1482 1186 1254 3010 5325 14630 17641 17148 31275
internal_value=-6.33506e-06 0.000875468 0.000263508 -0.000532756 -4.93815e-05 -7.87638e-05 -0.00014605 -0.000450253 0.000285391 -0.000614842 -0.000538202 -0.000649915 0.000136311 0.000520164 0.000192529 -0.00100724 0.000100491 -1.83715e-05 0.000243225 0.000240965 0.00047451 0.00100376 0.000113072 -0.000170499 -6.50937e-05 0.000367388 -8.55328e-05 1.39393e-05 -0.000133008 2.90725e-05
internal_weight=173405 8071 7023 6011 165334 157223 119757 19871 3633 16238 15130 13017 37466 8111 4040 4227 35517 19379 16138 11192 6348 2576 3772 2440 4844 12472 99886 32271 67615 50467
internal_count=173405 8071 7023 6011 165334 157223 119757 19871 3633 16238 15130 13017 37466 8111 4040 4227 35517 19379 16138 11192 6348 2576 3772 2440 4844 12472 99886 32271 67615 50467
is_linear=0
shrinkage=0.08


Tree=36
num_leaves=31
num_cat=0
split_feature=0 0 2 2 3 3 2 0 2 3 2 0 0 0 3 3 3 0 0 0 0 0 0 0 0 3 0 0 3 2
split_gain=0.903438 0.964193 0.574169 0.527655 0.332782 0.328327 0.31314 0.467809 0.177693 0.213067 0.1589 0.154414 0.271127 0.235673 0.135769 0.133223 0.107491 0.604842 0.304232 0.149902 0.131219 0.159817 0.104563 0.0997462 0.0756569 0.0750458 0.072046 0.0698076 0.0629376 0.0491326
threshold=3.3970999717712407 0.751530021429062 1.5000000000000002 1.0000000180025095e-35 1.5000000000000002 1.5000000000000002 1.5000000000000002 1.1464500427246096 1.5000000000000002 1.5000000000000002 1.0000000180025095e-35 2.6787550449371342 2.5516149997711186 2.7885200977325444 1.5000000000000002 1.0000000180025095e-35 1.5000000000000002 1.7588150501251223 2.348274946212769 1.381554961204529 1.6585550308227541 2.1922450065612797 3.0314950942993169 0.12533500045537951 0.47683499753475195 1.0000000180025095e-35 2.9089949131011967 3.2603299617767338 1.0000000180025095e-35 2.5000000000000004
decision_type=2 2 2 2 2 2 2 2 2 2 2 2 2 2 2 2 2 2 2 2 2 2 2 2 2 2 2 2 2 2
left_child=1 3 10 4 25 -4 27 14 9 28 15 12 16 -13 -8 -2 17 19 20 -9 -18 29 26 -11 -10 -1 -15 -3 -5 -22
right_child=2 6 5 8 -6 -7 7 11 24 23 -12 13 -14 22 -16 -17 18 -19 -20 -21 21 -23 -24 -25 -26 -27 -28 -29 -30 -31
leaf_value=0.0005571257064793762 0.00039796840230920272 -8.2839095900170777e-05 0.00063624486100643726 0.0013785648277388476 -0.00079956933016192186 0.002372707231656091 0.0012253895120417819 0.0013945818889302812 0.0016048015451360657 0.00075081187114725404 0.00071813524448167726 0.00093052813051280989 -0.0016347047077902403 -0.00033324970989741839 0.00014727116611824709 -0.00034753524126595231 -0.0011959455794079196 -0.0008426975078932832 0.00041357708818625966 0.00020512229110492062 -0.00020060109513831103 -0.0013921085194306215 6.0609010919587622e-06 -0.00019689335303319709 0.00084938990238473799 3.0019934446213121e-05 -0.0012545087855468254 0.00033055701339710801 0.0007325063500890404 -0.00078950448692861191
leaf_weight=3535 3778 108189 1219 1669 2367 1627 1175 1021 2147 1076 4458 1115 1461 1156 2055 2583 3770 4713 1453 2019 3227 1240 2311 2094 1403 3383 1025 2679 2288 1261
leaf_count=3535 3778 108189 1219 1669 2367 1627 1175 1021 2147 1076 4458 1115 1461 1156 2055 2583 3770 4713 1453 2019 3227 1240 2311 2094 1403 3383 1025 2679 2288 1261
internal_value=-6.46337e-06 -5.98418e-05 0.000617875 0.000460274 1.92155e-05 0.00162894 -0.000134072 -0.00036811 0.000843831 0.000613495 0.000351908 -0.000481856 -0.000585114 -0.000110498 0.000539466 9.52431e-05 -0.000503129 -0.0002752 -0.000664497 0.000604609 -0.00082942 -0.000588184 -0.000368901 0.000124788 0.00130625 0.000299364 -0.000766212 -7.28498e-05 0.001005 -0.000366066
internal_weight=173497 159832 13665 19962 9285 2846 139870 29002 10677 7127 10819 25772 20165 5607 3230 6361 18704 7753 10951 3040 9498 5728 4492 3170 3550 6918 2181 110868 3957 4488
internal_count=173497 159832 13665 19962 9285 2846 139870 29002 10677 7127 10819 25772 20165 5607 3230 6361 18704 7753 10951 3040 9498 5728 4492 3170 3550 6918 2181 110868 3957 4488
is_linear=0
shrinkage=0.08


Tree=37
num_leaves=31
num_cat=0
split_feature=1 1 0 0 3 0 0 3 1 0 1 0 0 0 1 1 0 1 3 1 0 3 1 1 3 0 0 3 1 0
split_gain=0.72589 0.846807 0.777478 0.627231 0.363412 0.560491 0.467794 0.494826 0.340665 0.637388 0.323849 0.290168 0.281536 0.263715 0.319333 0.349995 0.279834 2.79849 2.27145 1.21791 1.14791 0.769262 0.605683 0.602131 0.473169 1.55859 0.319984 0.347398 0.289439 0.254368
threshold=1.1991499662399294 -1.3164699673652647 0.47683499753475195 4.1553001403808603 1.0000000180025095e-35 2.8630249500274663 1.7195149660110476 1.5000000000000002 0.49924500286579138 3.2603299617767338 1.9581649899482729 0.83102500438690197 3.5231649875640874 2.8783650398254399 -0.68039500713348378 -0.34954500198364252 1.8865550160408022 -0.49901999533176417 1.5000000000000002 -0.38529999554157252 1.5866000056266787 1.0000000180025095e-35 0.11228000000119211 0.38706000149250036 1.5000000000000002 1.6585550308227541 1.2762950062751772 1.0000000180025095e-35 0.39616499841213232 2.264339923858643
decision_type=2 2 2 2 2 2 2 2 2 2 2 2 2 2 2 2 2 2 2 2 2 2 2 2 2 2 2 2 2 2
left_child=1 -1 -3 8 12 6 -6 -8 13 11 -9 -10 -2 16 -15 -16 19 -18 21 20 -4 28 -20 -23 26 -26 27 -21 29 -19
right_child=4 2 3 -5 5 -7 7 10 9 -11 -12 -13 -14 14 15 -17 17 18 22 24 -22 23 -24 -25 25 -27 -28 -29 -30 -31
leaf_value=0.00076447805274001827 0.00098917757398276599 0.00057369826287299495 0.00073931566905181584 0.0014061308683487868 0.00056564655676051502 0.0007774455238567853 0.00014350923987942576 -0.0014598544998069558 0.00053426471321481447 0.00057888037877322799 0.00010672222587209594 -0.00052834537220628028 -0.0001117613339704392 0.00083515412390208397 -0.0017819698736365689 -0.00041319389328925421 -0.0012652979814114535 -0.00069874923167909586 0.0011792139313468385 0.00066295093288458549 -0.00081707395311334744 0.00041464484310093069 0.0028123728967613011 0.0024398733573914228 -0.0015337255236488568 0.0011548623545622285 -0.00054995593687818525 -0.00038748411065124859 -0.0015651160430082162 0.0001886565880527061
leaf_weight=7551 7793 9989 12848 1617 4235 6645 4393 3275 1727 4064 1138 34504 1837 1061 1425 7426 6906 3764 3149 3843 3970 7009 2699 1085 6789 1732 11073 4236 1150 4586
leaf_count=7551 7793 9989 12848 1617 4235 6645 4393 3275 1727 4064 1138 34504 1837 1061 1425 7426 6906 3764 3149 3843 3970 7009 2699 1085 6789 1732 11073 4236 1150 4586
internal_value=1.35451e-05 -6.02313e-05 -0.000105802 -0.00015939 0.000376445 0.000179442 -0.000125268 -0.000457545 -0.000179634 -0.000371132 -0.00105587 -0.000477695 0.000779165 -8.85854e-05 -0.000476351 -0.000633565 -3.72282e-05 0.000150076 0.000567044 -0.000164991 0.00037192 0.000113034 0.00193296 0.000686127 -0.000491294 -0.000987236 -0.000270641 0.000112184 -0.000375242 -0.000211367
internal_weight=173519 144203 136652 126663 29316 19686 13041 8806 125046 40295 4413 36231 9630 84751 9912 8851 74839 30348 23442 44491 16818 17594 5848 8094 27673 8521 19152 8079 9500 8350
internal_count=173519 144203 136652 126663 29316 19686 13041 8806 125046 40295 4413 36231 9630 84751 9912 8851 74839 30348 23442 44491 16818 17594 5848 8094 27673 8521 19152 8079 9500 8350
is_linear=0
shrinkage=0.08


Tree=38
num_leaves=31
num_cat=0
split_feature=2 1 0 0 1 0 1 1 0 0 1 0 0 0 1 1 2 1 1 1 0 0 1 0 0 1 0 0 1 0
split_gain=1.35661 3.60976 3.63432 1.09098 0.908728 0.367535 0.354721 0.373104 0.232709 0.201517 0.210347 0.19387 0.234311 0.188507 0.632358 0.490967 0.335038 0.259599 0.248975 0.185298 0.299437 0.531716 0.170385 0.234346 0.169991 0.159618 0.152096 0.322201 0.201791 0.179864
threshold=2.5000000000000004 1.1991499662399294 1.1331949830055239 2.9941799640655522 0.15852499753236773 2.0439050197601323 -2.0718749761581416 1.1133450269699099 0.22264499962329867 4.1553001403808603 0.36044000089168554 2.0346250534057622 1.1596649885177615 2.9250850677490239 0.9153600037097932 0.90371501445770275 1.0000000180025095e-35 0.57501000165939342 0.98370999097824108 0.26861500740051275 1.7881450057029726 2.8031849861145024 0.65289500355720531 2.2435250282287602 2.2747850418090825 0.59399500489234935 1.7782750129699709 2.89330005645752 2.1779900789260869 4.271209955215455
decision_type=2 2 2 2 2 2 2 2 2 2 2 2 2 2 2 2 2 2 2 2 2 2 2 2 2 2 2 2 2 2
left_child=6 2 -2 4 5 -4 -1 8 -8 10 19 12 25 14 22 16 -15 -18 -16 -10 -21 -22 23 -13 -24 -12 -9 28 -28 -29
right_child=1 -3 3 -5 -6 -7 7 26 9 -11 11 13 -14 15 18 -17 17 -19 -20 20 21 -23 24 -25 -26 -27 27 29 -30 -31
leaf_value=0.0012674059297249232 0.0042959066511256659 0.0054655515262674471 0.00085645244224549473 0.0018903961817110049 -0.0021953086143222025 -0.0010628528603010186 0.00034248272622275182 0.00051243358884955198 -0.00010812744568107671 0.00080390056276426788 -0.00056049003554936735 -0.00020750240470867034 -0.00063431640554357702 -0.00019124823333567515 -0.0017267701174195676 0.00058478292448524611 -0.0024048850157355512 -0.00085519433635725757 -0.00038088508701194617 -0.00031261262598551742 0.0014401329166581817 -0.00067578040627456549 0.00063353245509467247 0.00086472833617520079 -0.00031992990493508601 0.00027504181120977515 -0.00026894712672770289 0.00054927796865759547 0.00066304854768267174 -0.00040423170328344105
leaf_weight=1307 1244 1020 1475 1030 2157 1126 6742 7196 72645 1431 2390 1782 15086 2619 1401 2101 1104 1853 2364 2582 2566 1080 1740 4869 3833 3774 12420 9450 1689 1462
leaf_count=1307 1244 1020 1475 1030 2157 1126 6742 7196 72645 1431 2390 1782 15086 2619 1401 2101 1104 1853 2364 2582 2566 1080 1740 4869 3833 3774 12420 9450 1689 1462
internal_value=4.02002e-06 0.00101804 0.000372928 -0.000470228 -0.00098125 2.55652e-05 -4.5319e-05 -5.57694e-05 -0.000115358 -0.000140009 -0.00015092 -0.000289112 -0.000464511 -0.000131619 2.48315e-05 -0.00045746 -0.00085017 -0.00143377 -0.000881704 -7.22243e-05 0.000346559 0.000813368 0.000304045 0.000577446 -2.22402e-05 -4.89233e-05 0.000188308 9.50904e-05 -0.000157377 0.000421526
internal_weight=173538 8052 7032 5788 4758 2601 165486 164179 131962 125220 123789 44916 21250 23666 15989 7677 5576 2957 3765 78873 6228 3646 12224 6651 5573 6164 32217 25021 14109 10912
internal_count=173538 8052 7032 5788 4758 2601 165486 164179 131962 125220 123789 44916 21250 23666 15989 7677 5576 2957 3765 78873 6228 3646 12224 6651 5573 6164 32217 25021 14109 10912
is_linear=0
shrinkage=0.08


Tree=39
num_leaves=31
num_cat=0
split_feature=0 0 2 2 2 0 0 3 0 0 2 3 0 3 3 0 0 3 0 2 0 3 3 0 0 2 3 0 3 0
split_gain=0.488898 0.479998 0.328414 0.327734 0.272768 0.351307 0.277561 0.403165 0.637656 0.247326 0.229822 0.188292 0.146304 0.391272 0.159709 0.727783 0.534768 0.480383 0.138925 0.210087 0.134623 0.130159 0.127575 0.10777 0.0991051 0.0938862 0.213055 0.0924105 0.235675 0.0882553
threshold=3.3970999717712407 0.50719499588012706 1.0000000180025095e-35 1.0000000180025095e-35 1.5000000000000002 1.090584993362427 2.4932849407196049 1.5000000000000002 1.4694550037384035 1.6585550308227541 2.5000000000000004 1.5000000000000002 2.264339923858643 1.5000000000000002 1.5000000000000002 1.5028749704360964 1.4259049892425539 1.0000000180025095e-35 2.3809649944305424 1.0000000180025095e-35 2.2435250282287602 1.5000000000000002 1.0000000180025095e-35 2.3922950029373173 1.250779986381531 1.5000000000000002 1.5000000000000002 2.7606199979782109 1.5000000000000002 2.0346250534057622
decision_type=2 2 2 2 2 2 2 2 2 2 2 2 2 2 2 2 2 2 2 2 2 2 2 2 2 2 2 2 2 2
left_child=1 2 11 22 12 21 7 8 -7 -9 20 -1 14 23 16 24 17 -3 -15 -20 -11 -6 -2 -14 -16 -5 -27 28 -8 -17
right_child=3 4 -4 25 5 6 27 9 -10 10 -12 -13 13 18 15 29 -18 -19 19 -21 -22 -23 -24 -25 -26 26 -28 -29 -30 -31
leaf_value=0.00025596357903482167 0.00032459467589272221 0.00062908533466789858 0.00079209154968438566 0.00058443029487997887 0.0010211466598912928 0.0012455860915943048 -0.00048203230839789188 -0.0013883595267537847 -0.00052465986171005934 -4.4991253509357187e-05 -0.0013375584610330407 -0.00074701985706068265 0.00030106947701282307 0.0014310171275952522 -0.00097373267196701116 5.5185031664223633e-05 -0.00023132238830464804 -0.00010674709989688249 0.0010723723741251265 0.00011680386857858705 -0.0010013082689909888 6.0141360332658994e-05 -0.00040661918194438365 -9.4547013817379344e-05 -0.0004144871669488714 0.00038422885827417224 0.0017778485665961396 -0.0002311466552084024 0.00094180365602939428 0.00061716219832071086
leaf_weight=4481 3763 11532 6933 4453 1388 1670 1302 4068 5914 3508 1920 1635 5245 1121 6441 6414 35122 11186 2317 4040 1288 2576 2570 27578 2960 1242 1615 4848 1736 2480
leaf_count=4481 3763 11532 6933 4453 1388 1670 1302 4068 5914 3508 1920 1635 5245 1121 6441 6414 35122 11186 2317 4040 1288 2576 2570 27578 2960 1242 1615 4848 1736 2480
internal_value=-1.05473e-05 -4.98155e-05 0.00041514 0.00044912 -9.11864e-05 -0.000305352 -0.000411344 -0.000581783 -0.000134851 -0.000896094 -0.000597919 -1.21656e-05 -3.5605e-05 8.76513e-05 -0.000100849 -0.000306869 -3.56841e-05 0.000266773 0.000609888 0.00046509 -0.000301817 0.000396639 2.78602e-05 -3.13289e-05 -0.000797649 0.000814077 0.00117201 -1.43589e-05 0.000331588 0.000211887
internal_weight=173346 159703 13049 13643 146654 30218 26254 18368 7584 10784 6716 6116 116436 40301 76135 18295 57840 22718 7478 6357 4796 3964 6333 32823 9401 7310 2857 7886 3038 8894
internal_count=173346 159703 13049 13643 146654 30218 26254 18368 7584 10784 6716 6116 116436 40301 76135 18295 57840 22718 7478 6357 4796 3964 6333 32823 9401 7310 2857 7886 3038 8894
is_linear=0
shrinkage=0.08


Tree=40
num_leaves=31
num_cat=0
split_feature=2 1 0 0 0 1 2 1 1 0 0 1 0 0 1 0 0 1 1 1 0 0 0 1 1 0 1 0 1 0
split_gain=0.87374 3.12657 3.166 0.969072 0.623305 0.971673 0.257837 0.217414 0.196812 0.25336 0.170343 0.274294 0.178503 0.142106 0.13962 0.967084 0.340727 0.164969 0.136154 0.354741 0.278209 0.134943 0.114987 0.11661 0.161032 0.386774 0.237824 0.246609 0.107982 0.0911456
threshold=2.5000000000000004 1.2145199775695803 1.0316050052642824 2.9941799640655522 2.3265800476074223 0.15852499753236773 1.5000000000000002 1.5945749878883364 0.31523500382900244 3.4565649032592778 1.6079150438308718 0.68147999048233043 2.3053900003433232 2.348274946212769 0.21329500526189807 1.7782750129699709 2.7744650840759282 0.1311450004577637 0.72117501497268688 0.98370999097824108 1.877609968185425 2.1422550678253178 1.0762950181961062 -1.1336849927902219 -0.47219999134540552 1.6585550308227541 -0.16035499423742292 1.3586100339889529 -1.4687100052833555 1.8281849622726443
decision_type=2 2 2 2 2 2 2 2 2 2 2 2 2 2 2 2 2 2 2 2 2 2 2 2 2 2 2 2 2 2
left_child=6 2 -2 4 5 -4 7 8 14 10 11 -10 18 -14 17 -16 -17 28 20 -20 -12 -22 -8 -24 25 -25 -26 -28 -1 -29
right_child=1 -3 3 -5 -6 -7 22 -9 9 -11 12 -13 13 -15 15 16 -18 -19 19 -21 21 -23 23 24 26 -27 27 29 -30 -31
leaf_value=0.00044592964749989568 0.0042049289742752136 0.0049884770226876042 0.00072981488232262345 0.0017320314475939675 -0.0023148330847878812 -0.002023247451826876 7.7280607612549148e-05 0.00031395095960268433 -0.00035034194860320857 0.00041275874204841235 -0.00085905821300725105 0.00031593277726429801 0.00079991804115794277 -0.00017854682332524852 -0.000738266529710996 0.0018683235770241577 0.00011706779501480083 -0.00042846999136820721 -0.0012700896950673247 -0.00028049259159966213 0.00051682793693223848 -0.00039618853895162796 0.00045128119932021527 0.00031632744748153347 0.0004466893418671411 -0.0016325362162886729 -0.0014482687268078745 6.3794913576342742e-05 2.7001167049655654e-05 -0.00042328648148892619
leaf_weight=4250 1076 1001 2050 1023 1530 1368 4905 12483 7100 4765 2695 8926 1001 18627 2571 2301 1029 4839 3890 5738 2748 1663 1104 1003 2349 1861 1354 3120 53603 11601
leaf_count=4250 1076 1001 2050 1023 1530 1368 4905 12483 7100 4765 2695 8926 1001 18627 2571 2301 1029 4839 3890 5738 2748 1663 1104 1003 2349 1861 1354 3120 53603 11601
internal_value=-9.27726e-06 0.000804729 0.000210443 -0.00050938 -0.000972792 -0.000372054 -4.88549e-05 -4.48506e-06 -3.60967e-05 -0.000145742 -0.000196541 2.0753e-05 -0.00029231 -0.000128647 5.52618e-05 0.000427282 0.00132717 2.02447e-05 -0.000484277 -0.000680319 -0.000218658 0.00017261 -0.000273539 -0.000350386 -0.000391961 -0.000950026 -0.00030521 -0.000415083 5.77765e-05 -0.000320053
internal_weight=173574 8048 7047 5971 4948 3418 165526 138229 125746 57153 52388 16026 36362 19628 68593 5901 3330 62692 16734 9628 7106 4411 27297 22392 21288 2864 18424 16075 57853 14721
internal_count=173574 8048 7047 5971 4948 3418 165526 138229 125746 57153 52388 16026 36362 19628 68593 5901 3330 62692 16734 9628 7106 4411 27297 22392 21288 2864 18424 16075 57853 14721
is_linear=0
shrinkage=0.08


Tree=41
num_leaves=31
num_cat=0
split_feature=2 1 0 0 1 2 1 1 0 0 1 1 1 0 0 0 0 0 0 0 0 0 1 0 0 1 0 1 0 0
split_gain=0.668025 2.28932 2.53767 0.616832 0.440093 0.254512 0.207961 0.205253 0.18569 0.136672 0.147001 0.145369 0.274065 0.272352 0.254961 0.250754 0.508808 0.241165 0.234888 0.334409 0.21014 0.16834 0.187464 0.160706 0.232276 0.139872 0.105802 0.142271 0.143583 0.109042
threshold=2.5000000000000004 1.2145199775695803 1.199805021286011 2.9941799640655522 -1.8944150209426878 1.5000000000000002 0.27834500372409826 1.5716249942779543 2.2024350166320805 3.6810050010681157 0.28750500082969671 1.0077999830245974 0.79280999302864086 1.5866000056266787 2.8630249500274663 2.9763550758361821 2.0346250534057622 3.1291050910949711 2.1422550678253178 2.2435250282287602 2.3590450286865239 2.3922950029373173 0.49924500286579138 1.7588150501251223 2.602699995040894 0.26861500740051275 2.6281249523162846 -0.0097050000913441164 2.832994937896729 1.8865550160408022
decision_type=2 2 2 2 2 2 2 2 2 2 2 2 2 2 2 2 2 2 2 2 2 2 2 2 2 2 2 2 2 2
left_child=4 2 -2 6 -1 7 8 9 -4 10 25 12 15 -14 20 16 -12 -17 -18 -20 -15 -21 -23 -13 -25 26 29 28 -28 -6
right_child=1 -3 3 -5 5 -7 -8 -9 -10 -11 11 23 13 14 -16 17 18 -19 19 21 -22 22 -24 24 -26 -27 27 -29 -30 -31
leaf_value=0.0011443250237715772 0.0032506665649270354 0.0042929166381698077 -2.3532321538147739e-05 0.0012331149722008114 -1.3460807985161499e-05 -0.00026948968613316822 -0.0016058261284705533 0.0003008878834157183 -0.0013743749388375466 0.00040130719030045503 -0.00031861959753184656 0.00042016118584370989 6.8766728922748792e-05 -0.00075924061262038183 -2.6505175017048425e-05 -0.0018065076575661081 0.0013739250975935099 -0.00029775391272220548 -0.00093735377281064928 0.0011541450912942197 -0.0018125611560431826 -0.0002928770948635526 0.00065334390254297896 -0.00043115535199850181 0.00026694719627981149 0.00096894889708217717 -0.00058598792427266583 -0.00071892347488472551 0.00027253776736163186 0.000235421171453741
leaf_weight=2014 1405 1002 1811 1021 38942 27096 1819 13031 1017 4471 14771 5162 2787 3294 1732 1000 1421 2106 1265 1756 1918 2317 3178 6667 5623 1006 1877 2746 3713 15853
leaf_count=2014 1405 1002 1811 1021 38942 27096 1819 13031 1017 4471 14771 5162 2787 3294 1732 1000 1421 2106 1265 1756 1918 2317 3178 6667 5623 1006 1877 2746 3713 15853
internal_value=3.56359e-06 0.000714098 0.000207103 -0.000547344 -3.10531e-05 -4.55109e-05 -0.000938531 -1.09413e-06 -0.00050932 -3.29304e-05 -4.9227e-05 -0.000145193 -0.000233868 -0.000599289 -0.000867416 -0.000106022 -2.08566e-05 -0.000783508 0.000421758 0.000262877 -0.00114686 0.000472267 0.000254364 4.55766e-05 -0.000111755 3.30632e-05 1.81497e-05 -0.000247376 -1.57364e-05 5.85444e-05
internal_weight=173821 8075 7073 5668 165746 163732 4647 136636 2828 123605 119134 54997 37545 9731 6944 27814 24708 3106 9937 8516 5212 7251 5495 17452 12290 64137 63131 8336 5590 54795
internal_count=173821 8075 7073 5668 165746 163732 4647 136636 2828 123605 119134 54997 37545 9731 6944 27814 24708 3106 9937 8516 5212 7251 5495 17452 12290 64137 63131 8336 5590 54795
is_linear=0
shrinkage=0.08


Tree=42
num_leaves=31
num_cat=0
split_feature=1 1 1 2 2 1 3 2 2 3 1 3 3 1 1 1 3 2 1 3 1 2 3 1 1 2 2 2 1 1
split_gain=0.552351 0.48476 0.283423 0.258952 0.23755 0.20291 0.563808 0.497374 0.254286 0.196968 0.247176 0.191973 0.184766 0.172599 0.235977 0.1718 0.142716 0.124901 0.165389 0.120664 0.116786 0.112548 0.271175 0.10951 0.217867 0.195633 0.140313 0.0997554 0.0871837 0.0860912
threshold=-1.8944150209426878 1.6202899813652041 -0.81958499550819386 1.0000000180025095e-35 1.0000000180025095e-35 0.98370999097824108 1.0000000180025095e-35 2.5000000000000004 1.0000000180025095e-35 1.5000000000000002 0.79280999302864086 1.5000000000000002 1.5000000000000002 0.1311450004577637 0.1764749959111214 0.074754998087883009 1.5000000000000002 1.0000000180025095e-35 0.24243500083684924 1.0000000180025095e-35 -1.3639299869537351 1.5000000000000002 1.5000000000000002 0.69158500432968151 0.64283499121665966 1.5000000000000002 1.5000000000000002 1.0000000180025095e-35 1.260689973831177 0.39616499841213232
decision_type=2 2 2 2 2 2 2 2 2 2 2 2 2 2 2 2 2 2 2 2 2 2 2 2 2 2 2 2 2 2
left_child=-1 2 4 11 19 7 8 9 -7 13 -11 -3 -9 15 27 -4 -6 18 -16 -2 -18 -8 -23 24 25 -19 -25 -15 -24 -14
right_child=1 3 5 -5 16 6 21 12 -10 10 -12 -13 29 14 17 -17 20 23 -20 -21 -22 22 28 26 -26 -27 -28 -29 -30 -31
leaf_value=0.0012950935373588659 0.00019533467868188819 0.00028879923417518164 -0.00011202585356613075 0.0007549747233338035 0.00073646986253326 0.00029415980068164224 -0.00030242599044099608 -0.00018045236410318407 0.0011920771506834563 0.00014013575732970337 -0.00060768109033723281 -0.0007250742268760836 -0.0014483041697302488 -0.0006080342268307595 0.00062148749995843641 0.00053371650883839747 0.00079859921201139985 -0.00025683830998326183 -0.00019004745993395422 -0.00043715128613704596 -0.00013014676384167869 0.0011273653189599298 0.00014452043049632371 -0.00033661609749795771 -0.0016510762098112279 -0.0010737321178012397 0.00063005366527865963 -0.0016506432766522756 -0.00073583644709123049 -0.00063509076500612924
leaf_weight=2025 4014 5594 35103 7105 5859 5875 12637 1617 3075 25675 3179 1520 2700 1314 1750 2851 1203 8222 19697 3719 3098 1316 1578 4271 1050 2431 1240 1062 1324 1205
leaf_count=2025 4014 5594 35103 7105 5859 5875 12637 1617 3075 25675 3179 1520 2700 1314 1750 2851 1203 8222 19697 3719 3098 1316 1578 4271 1050 2431 1240 1062 1324 1205
internal_value=-1.8415e-05 -3.39439e-05 -7.44378e-05 0.000413357 0.000225273 -0.000112971 8.94977e-05 -0.000159057 0.000602662 -0.00012114 5.77448e-05 7.21718e-05 -0.000899583 -0.000186484 -0.00030021 -6.35195e-05 0.000479576 -0.000252652 -0.000123829 -0.000108844 0.000129626 -0.000182993 0.000174827 -0.000413153 -0.000551619 -0.000443252 -0.000119111 -0.00107405 -0.000257131 -0.00119736
internal_weight=173309 171284 157065 14219 17893 139172 25805 113367 8950 107845 28854 7114 5522 78991 41037 37954 10160 38661 21447 7733 4301 16855 4218 17214 11703 10653 5511 2376 2902 3905
internal_count=173309 171284 157065 14219 17893 139172 25805 113367 8950 107845 28854 7114 5522 78991 41037 37954 10160 38661 21447 7733 4301 16855 4218 17214 11703 10653 5511 2376 2902 3905
is_linear=0
shrinkage=0.08


Tree=43
num_leaves=31
num_cat=0
split_feature=1 0 1 0 0 1 3 0 3 1 1 1 3 0 1 0 3 1 0 1 1 0 0 3 1 0 1 3 0 0
split_gain=0.438984 0.45263 0.498283 0.531835 0.112743 0.378801 0.265936 0.114043 0.948682 0.332471 0.27682 0.135264 0.407676 1.88697 3.60688 1.14465 0.894044 0.889812 0.487204 0.41376 0.280659 0.27758 0.284522 0.257048 0.876392 0.2845 0.492851 0.583051 0.356886 0.347082
threshold=1.5945749878883364 0.47683499753475195 -1.2339649796485899 3.975544929504395 3.4565649032592778 0.81485998630523693 1.0000000180025095e-35 0.98396000266075145 1.5000000000000002 -0.57034999132156361 0.65289500355720531 0.57501000165939342 1.0000000180025095e-35 1.6585550308227541 -0.47219999134540552 1.5559799671173098 1.5000000000000002 -0.47219999134540552 2.8481400012969975 -0.96863502264022816 -0.37299500405788416 2.9089949131011967 2.7191300392150883 1.0000000180025095e-35 0.86974501609802257 2.0346250534057622 0.90371501445770275 1.5000000000000002 1.8677499890327456 3.0499399900436406
decision_type=2 2 2 2 2 2 2 2 2 2 2 2 2 2 2 2 2 2 2 2 2 2 2 2 2 2 2 2 2 2
left_child=1 -1 -3 4 7 6 -6 8 -4 -10 -11 12 15 17 -15 20 21 -14 -18 -17 -9 22 -16 24 -13 28 27 -27 -25 -28
right_child=-2 2 3 -5 5 -7 -8 11 9 10 -12 23 13 14 16 19 18 -19 -20 -21 -22 -23 -24 25 -26 26 29 -29 -30 -31
leaf_value=0.00041133751696721281 0.0003956014547344777 0.00057844322274074099 0.00053354461474293304 0.00089793216134197444 0.00046040460270658351 0.0010020078516252081 -0.00097077462434561285 0.0011571399127815701 0.00044530885152318616 -0.0015537458256214237 -0.00010086608512595893 -0.00079141084190843542 0.0002609401170111553 -0.0012895103991796713 0.00046260067621517107 0.00089964007109517798 0.0016948337010246823 -0.0010480351072076589 0.00018136731445195562 -0.00073296831960016021 0.00012444391432528279 -0.00041805778605999747 0.0018236464265614547 -0.00052891408503828773 0.00045333970299552614 -0.00033700786947879865 -0.00082057219403963017 0.0012658446814954943 -0.0016300689461515613 0.00042399596174250202
leaf_weight=12279 15140 6723 9229 3169 1491 2258 1877 2695 1061 2963 1171 6011 4666 6330 10185 1044 8206 11553 1632 20536 4491 2050 1088 9365 9101 3423 7649 2523 2358 1765
leaf_count=12279 15140 6723 9229 3169 1491 2258 1877 2695 1061 2963 1171 6011 4666 6330 10185 1044 8206 11553 1632 20536 4491 2050 1088 9365 9101 3423 7649 2523 2358 1765
internal_value=-1.60105e-05 -5.52308e-05 -9.43065e-05 -0.000126638 -0.000150386 0.000200294 -0.000337197 -0.000165436 4.67757e-05 -0.000817977 -0.0011422 -0.000191672 -0.000126835 2.16471e-05 0.000402831 -0.000362777 0.000865355 -0.00067146 0.00144377 -0.000653986 0.000511741 0.000438242 0.00059396 -0.000306111 -4.17765e-05 -0.000453607 -0.000227087 0.000343113 -0.000750404 -0.000587232
internal_weight=174032 158892 146613 139890 136721 5626 3368 131095 14424 5195 4134 116671 74476 45710 29491 28766 23161 16219 9838 21580 7186 13323 11273 42195 15112 27083 15360 5946 11723 9414
internal_count=174032 158892 146613 139890 136721 5626 3368 131095 14424 5195 4134 116671 74476 45710 29491 28766 23161 16219 9838 21580 7186 13323 11273 42195 15112 27083 15360 5946 11723 9414
is_linear=0
shrinkage=0.08


Tree=44
num_leaves=31
num_cat=0
split_feature=2 0 1 0 1 0 1 2 0 1 1 0 2 0 1 0 1 0 1 1 0 1 0 0 1 2 0 0 0 1
split_gain=0.659736 2.06325 2.52983 0.715493 0.361567 0.394926 0.246361 0.245392 0.1346 0.133463 0.191479 0.255055 0.147972 0.132829 0.128116 0.245909 0.184462 0.153484 0.312202 0.127859 0.127441 0.121296 0.13969 0.116925 0.261484 0.0998735 0.0908843 0.265374 0.200328 0.184529
threshold=2.5000000000000004 1.1195099949836733 1.1991499662399294 2.9763550758361821 0.15852499753236773 2.0439050197601323 -2.0718749761581416 1.5000000000000002 2.832994937896729 0.75066500902175914 -0.64735502004623402 2.9941799640655522 1.0000000180025095e-35 3.7797650098800664 0.82565498352050792 1.5758699774742129 0.65289500355720531 2.7191300392150883 1.3278149962425234 0.20420999825000766 2.7333650588989262 0.35153000056743627 3.2356851100921635 2.6787550449371342 0.63363000750541698 1.0000000180025095e-35 2.4932849407196049 2.0926799774169926 2.8481400012969975 0.019539999775588516
decision_type=2 2 2 2 2 2 2 2 2 2 2 2 2 2 2 2 2 2 2 2 2 2 2 2 2 2 2 2 2 2
left_child=6 -2 3 4 5 -3 -1 8 20 10 -10 19 -11 21 16 -16 26 -17 -19 -12 23 22 -13 -8 -25 -23 27 -9 -28 -30
right_child=1 2 -4 -5 -6 -7 7 14 9 12 11 13 -14 -15 15 17 -18 18 -20 -21 -22 25 -24 24 -26 -27 28 -29 29 -31
leaf_value=0.0010470888943261785 0.0036172052768215735 0.00054799063522430972 0.0038224800801055247 0.0014040365663366208 -0.0017050037183605757 -0.0014501559292851569 -4.7639324547144756e-05 -0.0002331687388288403 0.00087608652378312352 0.00010309744420273482 -1.9213671534912015e-05 0.00026194703104028271 0.00063539784046782923 0.00024769007439827428 0.0010328265109198463 -0.00057619122304736626 -0.0011411142180412644 0.001205935572313158 -0.00052062126957887233 0.0011052555246351403 -0.00051413984139242334 -0.00055186091185049327 -0.00070437043613268396 0.0013997449961098355 -0.0003577125393637532 -0.001568727091093903 0.00068953622552943555 -0.0011253124833009946 0.00033308140349736713 -0.0011192662224225936
leaf_weight=1304 1296 1495 1011 1020 2129 1098 105699 11598 1292 8183 1309 1774 5650 1727 1251 3209 1851 1199 1520 1280 3685 1501 2080 1115 1054 1051 1708 2615 1027 1231
leaf_count=1304 1296 1495 1011 1020 2129 1098 105699 11598 1292 8183 1309 1774 5650 1727 1251 3209 1851 1199 1520 1280 3685 1501 2080 1115 1054 1051 1708 2615 1027 1231
internal_value=-1.38739e-05 0.000693448 0.000132336 -0.000517391 -0.000932439 -0.00029812 -4.81884e-05 -5.6865e-05 -1.33984e-05 0.000151097 -4.3968e-05 -0.000154834 0.000320512 -0.00037498 -0.000276363 1.36009e-05 -0.00038029 -0.000201489 0.00024074 0.000536723 -5.15123e-05 -0.000542846 -0.000259574 -3.57079e-05 0.000545729 -0.000970641 -0.000302822 -0.000397311 3.58007e-05 -0.000458699
internal_weight=173962 8049 6753 5742 4722 2593 165913 164609 137400 25847 12014 10722 13833 8133 27209 7179 20030 5928 2719 2589 111553 6406 3854 107868 2169 2552 18179 14213 3966 2258
internal_count=173962 8049 6753 5742 4722 2593 165913 164609 137400 25847 12014 10722 13833 8133 27209 7179 20030 5928 2719 2589 111553 6406 3854 107868 2169 2552 18179 14213 3966 2258
is_linear=0
shrinkage=0.08


Tree=45
num_leaves=31
num_cat=0
split_feature=1 1 0 3 0 0 0 1 0 0 3 1 0 0 3 3 0 0 3 1 1 1 1 3 1 0 1 1 1 1
split_gain=0.382021 0.432915 0.505133 0.395298 0.713613 0.493253 0.393276 0.336922 0.308018 0.209344 0.504228 0.195228 0.190606 0.316494 2.26895 1.15261 1.00311 0.784551 0.649361 0.499185 0.66082 0.494514 0.629682 0.352098 0.322212 0.426172 0.297799 0.279284 0.223543 0.42775
threshold=-0.81958499550819386 1.1133450269699099 0.12533500045537951 1.5000000000000002 3.0499399900436406 1.3927350044250491 3.975544929504395 2.0613700151443486 3.7283149957656865 1.7985249757766726 1.5000000000000002 1.8012650012969973 2.9941799640655522 1.9664199948310854 1.5000000000000002 1.5000000000000002 1.3246949911117556 1.7782750129699709 1.0000000180025095e-35 -0.38529999554157252 0.81485998630523693 -0.47219999134540552 0.67176499962806713 1.0000000180025095e-35 -0.45930500328540796 1.4150999784469607 -0.29094000160694117 0.55544498562812816 0.20420999825000766 0.38706000149250036
decision_type=2 2 2 2 2 2 2 2 2 2 2 2 2 2 2 2 2 2 2 2 2 2 2 2 2 2 2 2 2 2
left_child=9 2 -2 8 5 -5 12 -7 -3 -1 -11 -6 13 15 18 16 23 24 -15 -20 -21 -16 28 -4 -17 -26 -25 -28 -23 -30
right_child=1 3 6 4 11 7 -8 -9 -10 10 -12 -13 -14 14 21 17 -18 -19 19 20 -22 22 -24 26 25 -27 27 -29 29 -31
leaf_value=0.00050122342305461648 0.00080128745432528673 0.00051958051641844496 0.00079510989469977521 0.00062507903413673907 0.0016015355821268566 -0.0011194266464942591 0.00091291998910786516 0.00032931919054361979 -0.00039485095795930843 0.00038519821104863712 -0.0012486954322177832 0.00023175285574713667 -0.00045659734990215612 -0.00064026983815367272 -0.00059854100268008279 -0.00014627825380004672 -0.00036759648118250506 0.00050223006119980726 -0.0011591289194006009 0.00055485648069377108 -0.00092266807442053665 0.0012135761251075782 0.00023572278575157432 0.0007981496899008237 -0.0014289351217703938 -0.00048987626415323735 -0.00049718601285574776 0.00062705176942752375 0.0033185242582875365 0.001416780869338174
leaf_weight=13857 3743 19433 8840 1858 1437 5469 2215 1265 2683 4419 1664 1241 12619 16765 1046 2607 22133 2727 1782 10119 2396 3498 2843 2783 9265 4643 5019 1969 1219 1997
leaf_count=13857 3743 19433 8840 1858 1437 5469 2215 1265 2683 4419 1664 1241 12619 16765 1046 2607 22133 2727 1782 10119 2396 3498 2843 2783 9265 4643 5019 1969 1219 1997
internal_value=4.45622e-08 -4.2718e-05 -0.000113489 0.000212139 -0.000173482 -0.000528883 -0.000142883 -0.000847276 0.000408646 0.000329479 -6.17521e-05 0.000966771 -0.000163349 -0.000126945 4.24326e-05 -0.000244591 -3.60059e-06 -0.000754877 -0.000302486 9.36079e-05 0.000271984 0.00105289 0.00123363 0.000429279 -0.000962454 -0.00111544 9.83051e-05 -0.000180411 0.00165619 0.00213762
internal_weight=173554 153614 120228 33386 11270 8592 116485 6734 22116 19940 6083 2678 114270 101651 41665 59986 40744 19242 31062 14297 12515 10603 9557 18611 16515 13908 9771 6988 6714 3216
internal_count=173554 153614 120228 33386 11270 8592 116485 6734 22116 19940 6083 2678 114270 101651 41665 59986 40744 19242 31062 14297 12515 10603 9557 18611 16515 13908 9771 6988 6714 3216
is_linear=0
shrinkage=0.08


Tree=46
num_leaves=31
num_cat=0
split_feature=1 0 1 0 1 1 1 0 3 1 0 3 1 0 0 3 1 3 1 1 0 3 0 1 3 1 1 0 1 1
split_gain=0.275687 0.304987 0.520969 0.314677 0.277195 0.251386 0.159591 1.78413 0.305039 0.300897 0.707099 0.788456 0.639913 0.4982 0.488646 0.229928 0.209986 0.183225 0.781474 0.439966 0.165291 0.467177 0.356806 0.459128 0.27996 1.68762 0.488862 0.486964 0.379249 0.244665
threshold=-1.8944150209426878 3.5231649875640874 1.9581649899482729 0.6846199929714204 2.2488250732421879 -1.2719349861145017 -0.34954500198364252 1.5866000056266787 1.5000000000000002 0.1311450004577637 1.6482349634170534 1.5000000000000002 -0.057725001126527779 2.0148200988769536 2.5516149997711186 1.5000000000000002 -0.057725001126527779 1.5000000000000002 -0.64735502004623402 -0.96863502264022816 2.0346250534057622 1.0000000180025095e-35 1.5448549985885622 0.94935500621795665 1.5000000000000002 1.0718550086021426 1.2774500250816347 3.0499399900436406 0.1764749959111214 0.67176499962806713
decision_type=2 2 2 2 2 2 2 2 2 2 2 2 2 2 2 2 2 2 2 2 2 2 2 2 2 2 2 2 2 2
left_child=-1 2 3 -2 -3 -5 7 8 -7 10 15 12 -12 -14 -13 16 -8 19 -19 -9 21 22 -11 -24 26 27 28 29 -22 -26
right_child=1 4 -4 5 -6 6 9 17 -10 20 11 14 13 -15 -16 -17 -18 18 -20 -21 24 -23 23 -25 25 -27 -28 -29 -30 -31
leaf_value=0.00092673747060598372 0.00027322828407823341 0.00055028609736372058 0.0007325301112278801 0.000509759013293474 -0.00074760842373815641 0.00073731057055169327 0.00024949271676438176 0.000395850846412206 -0.00016222606401325256 0.0006243082273311016 -0.0003344887164948285 0.0019930742375081074 0.0020355836574803788 0.00034234768890066428 0.00010309402186546968 -0.00091663779192599785 -0.00062063543184330485 -0.0024007022323833268 -0.00016698956373177549 -0.00091738664949627346 -0.0018366062947046046 -0.00047010193541358481 -0.00074293498814926359 0.00075776842850741285 0.0017833297608122224 -0.00094595454782218718 0.00042804776742133099 -0.0003910321798012611 -0.00026569746958082042 0.00074190692057309678
leaf_weight=2092 16900 9796 5605 4297 1180 8035 4345 1980 3448 5363 7132 2950 1537 4023 1245 3221 3001 2065 1948 9309 1026 24593 4155 1902 3471 4361 6960 1243 23780 2472
leaf_count=2092 16900 9796 5605 4297 1180 8035 4345 1980 3448 5363 7132 2950 1537 4023 1245 3221 3001 2065 1948 9309 1026 24593 4155 1902 3471 4361 6960 1243 23780 2472
internal_value=1.39234e-05 2.77847e-06 -2.51445e-05 -5.25852e-05 0.000410753 -9.25254e-05 -0.000111902 -0.000286503 0.000467207 -6.81045e-05 0.000160171 0.000481335 0.000167065 0.000810424 0.00143216 -0.000353078 -0.000105973 -0.000852105 -0.00131641 -0.000687055 -0.000147109 -0.000273753 0.000149085 -0.000271689 -4.18087e-05 0.000295537 -0.000164435 0.00104897 -0.000330672 0.00135015
internal_weight=173435 171343 160367 154762 10976 137862 133565 26785 11483 106780 27454 16887 12692 5560 4195 10567 7346 15302 4013 11289 79326 36013 11420 6057 43313 11547 31766 7186 24806 5943
internal_count=173435 171343 160367 154762 10976 137862 133565 26785 11483 106780 27454 16887 12692 5560 4195 10567 7346 15302 4013 11289 79326 36013 11420 6057 43313 11547 31766 7186 24806 5943
is_linear=0
shrinkage=0.08


Tree=47
num_leaves=31
num_cat=0
split_feature=2 0 0 3 2 0 0 3 0 0 0 3 0 0 0 0 0 0 3 0 0 3 0 2 0 3 0 2 3 3
split_gain=0.85368 1.42217 1.71908 0.407377 0.203503 0.143483 0.114139 0.414195 0.163117 0.154523 0.141258 0.135336 0.241084 0.203133 0.106577 0.0902486 0.0718321 0.0726765 0.295408 0.390115 0.363363 0.290424 0.294747 0.266688 0.125087 0.0941772 0.083157 0.074731 0.0725506 0.071284
threshold=2.5000000000000004 1.105365037918091 3.1683599948883061 1.5000000000000002 1.5000000000000002 1.7686450481414797 1.3700749874114992 1.5000000000000002 2.3697550296783452 3.7797650098800664 2.2435250282287602 1.5000000000000002 3.1091099977493291 3.1291050910949711 2.7885200977325444 2.7191300392150883 -0.2634150087833404 2.0252099037170415 1.5000000000000002 1.4150999784469607 1.250779986381531 1.5000000000000002 3.1909749507904057 1.0000000180025095e-35 3.2860100269317631 1.0000000180025095e-35 1.906114995479584 1.0000000180025095e-35 1.0000000180025095e-35 1.0000000180025095e-35
decision_type=2 2 2 2 2 2 2 2 2 2 2 2 2 2 2 2 2 2 2 2 2 2 2 2 2 2 2 2 2 2
left_child=4 -2 3 -3 16 -5 7 -6 10 11 -8 12 14 15 -10 -13 -1 18 20 -20 23 24 -23 25 29 -18 -21 -26 -25 -19
right_child=1 2 -4 5 6 -7 8 -9 9 -11 -12 13 -14 -15 -16 -17 17 21 19 26 -22 22 -24 28 27 -27 -28 -29 -30 -31
leaf_value=0.00044950806348305756 0.0033322499515733429 0.00086316789327696821 0.0033187247217321371 -0.0013243660422874758 0.00080760153355055196 -0.00029737020333351331 -0.00043605181236627626 -0.00043017542342336043 -0.00033778738544609722 -0.00098831351310359086 -0.0013342382932289959 0.00029087774826780561 0.00064923334276412127 -0.00055755869588470966 -0.0013702773739214852 0.0011586730487817016 0.00026639464192725634 -0.00017240624229835757 -0.00062530380953557823 0.00025077879192096967 -0.0001344042141732547 0.00062844684220724324 -0.00033006728463761943 0.00091787159107883465 6.6959042096253004e-05 -0.00015288729539871559 -0.00043360151217784737 0.00050766883247257803 0.00044164420614971485 3.9387780379962352e-05
leaf_weight=2328 1218 1681 1063 1266 2787 2788 9362 4563 1761 1071 1273 1689 1189 1157 1005 1405 7462 23628 11231 6032 31066 9362 2630 3592 6836 6343 1400 3849 4761 17857
leaf_count=2328 1218 1681 1063 1266 2787 2788 9362 4563 1761 1071 1273 1689 1189 1157 1005 1405 7462 23628 11231 6032 31066 9362 2630 3592 6836 6343 1400 3849 4761 17857
internal_value=8.54018e-06 0.00081484 0.000363794 -0.000183911 -3.04802e-05 -0.000618085 -0.000230258 3.91694e-05 -0.00032971 -8.45516e-05 -0.000543564 3.34022e-05 -0.000303422 0.000346773 -0.000712933 0.000684948 8.87851e-06 1.33869e-06 -5.39012e-05 -0.000327768 4.21301e-05 6.32294e-05 0.000418232 0.000289635 -1.8373e-05 7.37467e-05 0.000121859 0.000225714 0.000646434 -8.12406e-05
internal_weight=173655 8016 6798 5735 165639 4054 27262 7350 19912 9277 10635 8206 3955 4251 2766 3094 138377 136049 71887 18663 53224 64162 11992 22158 52170 13805 7432 10685 8353 41485
internal_count=173655 8016 6798 5735 165639 4054 27262 7350 19912 9277 10635 8206 3955 4251 2766 3094 138377 136049 71887 18663 53224 64162 11992 22158 52170 13805 7432 10685 8353 41485
is_linear=0
shrinkage=0.08


Tree=48
num_leaves=31
num_cat=0
split_feature=2 1 1 3 1 1 1 3 1 1 1 2 1 2 1 1 1 2 1 1 1 1 3 3 1 3 1 1 1 1
split_gain=0.390354 2.38243 2.71439 0.206745 0.0905358 0.136181 0.0751531 0.0654956 0.54755 0.445546 0.375417 0.302336 0.189054 0.187997 0.149218 0.157753 0.154893 0.146767 0.138158 0.240787 0.175832 0.25573 0.124404 0.119523 0.114114 0.110618 0.10646 0.150599 0.291541 0.147789
threshold=2.5000000000000004 -0.80007001757621754 1.0077999830245974 1.5000000000000002 0.27834500372409826 -0.11832500249147414 -2.0718749761581416 1.5000000000000002 0.86974501609802257 1.0077999830245974 -0.96863502264022816 1.0000000180025095e-35 -0.60052499175071705 1.0000000180025095e-35 -0.49901999533176417 -0.21344000101089475 -0.11832500249147414 1.0000000180025095e-35 0.34208999574184423 -0.068089999258518205 -0.0097050000913441164 0.074754998087883009 1.0000000180025095e-35 1.0000000180025095e-35 -0.068089999258518205 1.0000000180025095e-35 0.46157500147819525 0.1311450004577637 0.019539999775588516 0.21329500526189807
decision_type=2 2 2 2 2 2 2 2 2 2 2 2 2 2 2 2 2 2 2 2 2 2 2 2 2 2 2 2 2 2
left_child=6 -2 3 -3 5 -5 -1 9 10 12 -9 25 17 18 -15 -16 -17 -8 19 -14 -21 -22 -19 -13 -18 -11 27 28 -26 -29
right_child=1 2 -4 4 -6 -7 7 8 -10 11 -12 23 13 14 15 16 24 22 -20 20 21 -23 -24 -25 26 -27 -28 29 -30 -31
leaf_value=0.00058933586842187604 0.0041996181775239274 -9.4007263714296283e-06 0.0031291146271986169 -0.0012824129679943005 -0.0015465114488551557 -6.0051560149760002e-05 -5.1097799470094451e-05 -0.00065797923784531196 -0.00051431241786199094 0.00026805072513039321 0.00018319103465986938 0.00097413739321396109 -0.00014180739079318994 -0.0010247149097478675 0.00016789699104708967 -0.00099723129501346429 0.00053649120884113834 0.0007517792122023727 -0.00018405349576850223 0.0011667108751333595 -0.00048827543314481503 0.00047513734705561069 0.00013682305309911883 0.00041658866899974586 -0.00082870659188284906 -0.00016672526808775461 -0.0001122993872572583 -0.0012824001576726089 0.00045671616752526365 -0.00047148800116435312
leaf_weight=1299 1004 1652 1443 1377 1571 1012 10157 3862 14270 8716 28122 4153 11614 1599 5248 1957 1106 3657 17370 1553 2298 7579 4962 6039 1975 6567 10844 1908 2637 5844
leaf_count=1299 1004 1652 1443 1377 1571 1012 10157 3862 14270 8716 28122 4153 11614 1599 5248 1957 1106 3657 17370 1553 2298 7579 4962 6039 1975 6567 10844 1908 2637 5844
internal_value=9.73432e-06 0.000553415 3.45228e-05 -0.000761182 -0.0010748 -0.000764611 -1.67664e-05 -2.15661e-05 -0.000102232 1.0112e-05 8.16215e-05 0.000306293 -7.16276e-05 -0.000129481 -0.000270787 -0.000232539 -0.000312532 0.000154941 -1.36846e-05 0.000114735 0.000375408 0.000250988 0.000397746 0.000643777 -0.000257421 8.12305e-05 -0.000295256 -0.000455721 -9.37413e-05 -0.000671078
internal_weight=173395 8059 7055 5612 3960 2389 165336 164037 46254 117783 31984 25475 92308 73532 33118 31519 26271 18776 40414 23044 11430 9877 8619 10192 24314 15283 23208 12364 4612 7752
internal_count=173395 8059 7055 5612 3960 2389 165336 164037 46254 117783 31984 25475 92308 73532 33118 31519 26271 18776 40414 23044 11430 9877 8619 10192 24314 15283 23208 12364 4612 7752
is_linear=0
shrinkage=0.08


Tree=49
num_leaves=31
num_cat=0
split_feature=1 0 0 1 3 1 1 1 0 1 1 1 0 1 0 3 1 3 0 1 0 0 0 1 0 3 1 1 0 0
split_gain=0.221016 0.344018 0.294315 0.391982 0.276358 0.518605 0.312424 0.308427 0.267368 0.231195 0.161678 0.112668 0.730554 0.39215 0.343377 0.626454 0.625822 1.48396 1.08783 0.399163 0.273489 0.270753 0.240993 0.327116 0.252892 0.240732 0.236802 0.216524 0.183568 0.167539
threshold=1.6765750050544741 3.5590500831604008 0.98396000266075145 -1.200545012950897 1.5000000000000002 -0.36128000915050501 -1.0724650025367735 0.59399500489234935 0.22264499962329867 0.057084999978542335 2.7389349937438969 -0.11832500249147414 1.6282149553298952 -0.38529999554157252 1.5978050231933596 1.0000000180025095e-35 0.55544498562812816 1.0000000180025095e-35 2.9580500125885014 0.19507999718189242 2.7885200977325444 3.2603299617767338 2.2850199937820439 -0.72840499877929676 2.4139449596405034 1.0000000180025095e-35 0.70147499442100536 -0.34954500198364252 2.5168900489807133 2.3265800476074223
decision_type=2 2 2 2 2 2 2 2 2 2 2 2 2 2 2 2 2 2 2 2 2 2 2 2 2 2 2 2 2 2
left_child=1 2 4 -4 6 -6 -1 8 -7 -10 -2 12 13 -5 15 26 17 20 -19 -17 28 -18 -14 -24 -25 -26 -13 -27 29 -16
right_child=10 -3 3 11 5 7 -8 -9 9 -11 -12 14 22 -15 16 19 21 18 -20 -21 -22 -23 23 24 25 27 -28 -29 -30 -31
leaf_value=-0.00036093033969635332 0.00040241672465788313 0.00048651069577904208 0.00055293476631590173 0.00054219926156314369 0.00049889536392524764 5.0988628045194641e-05 0.00052240192907575158 0.00016041299696067173 -0.00065579116181871888 -0.0020578385083330993 -0.00052045053887406103 -6.7070781470670408e-05 -0.00079238074907833818 -0.0004132765374561922 -0.00021029811852882579 -0.0014601742434198761 -0.00029552946482413919 0.0009852906980665798 -0.00082297742131683463 -0.00044877117203098894 -0.0011492586611998531 0.0004974325274210707 -0.0010728452709329974 0.00098949754171625127 -0.00079913541632664912 -0.00037512906082238368 0.0010068149704715236 0.00089440059952838912 0.00052649767555534345 -0.0011767553541547897
leaf_weight=3120 11532 7592 5334 8175 4547 1082 14343 2114 1392 1639 1358 4087 11903 4142 5905 3354 33983 15052 2480 9778 2650 2999 2378 1364 2592 1831 1937 1621 1691 1425
leaf_count=3120 11532 7592 5334 8175 4547 1082 14343 2114 1392 1639 1358 4087 11903 4142 5905 3354 33983 15052 2480 9778 2650 2999 2378 1364 2592 1831 1937 1621 1691 1425
internal_value=-1.35249e-05 -3.91198e-05 -6.52161e-05 -0.000118033 0.000168 -0.000150631 0.000364583 -0.00062492 -0.00102857 -0.00141394 0.00030519 -0.000148021 -0.000271157 0.000220889 -9.89549e-05 -0.000397235 -1.26234e-05 0.000264209 0.000729501 -0.00070709 -0.000434745 -0.000231225 -0.000550586 -0.000256484 5.57204e-06 -0.000216479 0.000278234 0.00022102 -0.000224851 -0.000398184
internal_weight=173400 160510 152918 124681 28237 10774 17463 6227 4113 3031 12890 119347 34006 12317 85341 19156 66185 29203 17532 13132 11671 36982 21689 9786 7408 6044 6024 3452 9021 7330
internal_count=173400 160510 152918 124681 28237 10774 17463 6227 4113 3031 12890 119347 34006 12317 85341 19156 66185 29203 17532 13132 11671 36982 21689 9786 7408 6044 6024 3452 9021 7330
is_linear=0
shrinkage=0.08


Tree=50
num_leaves=31
num_cat=0
split_feature=0 2 0 2 0 3 2 2 3 2 0 0 3 0 3 0 0 0 3 0 0 0 0 0 0 0 0 3 3 3
split_gain=0.232524 1.19988 0.144309 0.155359 0.239665 0.613615 0.383367 0.152971 0.130685 0.124187 0.176369 0.258663 0.12137 0.138025 0.114313 0.161108 0.10572 0.110611 0.0651897 0.052428 0.0690998 0.063237 0.0500098 0.176818 0.0424912 0.0408349 0.0398633 0.627773 0.476151 0.17088
threshold=3.0893599987030034 2.5000000000000004 0.26830498874187475 1.5000000000000002 1.5866000056266787 1.5000000000000002 2.5000000000000004 1.0000000180025095e-35 1.0000000180025095e-35 2.5000000000000004 2.1422550678253178 2.4588849544525151 1.5000000000000002 2.6924350261688237 1.5000000000000002 3.5231649875640874 2.4139449596405034 2.7333650588989262 1.5000000000000002 0.90121498703956615 1.1464500427246096 1.3586100339889529 2.2435250282287602 1.9664199948310854 2.2024350166320805 4.271209955215455 1.6482349634170534 1.0000000180025095e-35 1.5000000000000002 1.0000000180025095e-35
decision_type=2 2 2 2 2 2 2 2 2 2 2 2 2 2 2 2 2 2 2 2 2 2 2 2 2 2 2 2 2 2
left_child=2 14 7 26 5 8 19 18 -5 12 -11 -12 16 22 25 -16 24 -18 -1 -7 -21 -22 23 -14 -6 -2 27 -4 29 -28
right_child=1 -3 3 4 9 6 -8 -9 -10 10 11 -13 13 -15 15 -17 17 -19 -20 20 21 -23 -24 -25 -26 -27 28 -29 -30 -31
leaf_value=0.00015636301607841523 0.00027599828320408476 0.0026978674440531394 0.00033909156779620976 0.0016505060462830459 -0.00039541146450873001 -0.0010782741080473366 0.00071808534603466005 0.00064882060927604426 0.00061884410131248858 -0.0013471415612485097 0.00065966532650592975 -0.00096584758185607183 -0.00047108750085260892 0.00068644797733688901 0.00023410105292496529 -0.00067951268783745242 -0.0013845395523023826 -0.00032746636965143755 -0.00057086595277904689 2.0132108141582657e-05 -0.0012206836329393188 -0.00038726080528616626 -0.00049377062990313674 0.00061896186166561864 0.00020641957116778939 -0.00011450866192677807 -0.00017896302073951709 -0.00026786902204894384 0.00047995730929160338 0.00010883199543581342
leaf_weight=2949 14307 1229 17378 1085 3013 1617 1603 4279 2850 1793 1043 1569 2309 1397 2541 2404 1393 1162 1077 1035 1064 1288 2260 1621 1000 1947 30013 29283 13455 23576
leaf_count=2949 14307 1229 17378 1085 3013 1617 1603 4279 2850 1793 1043 1569 2309 1397 2541 2404 1393 1162 1077 1035 1064 1288 2260 1621 1000 1947 30013 29283 13455 23576
internal_value=2.72759e-05 0.000267645 -8.39964e-06 -2.72527e-05 -0.000192187 0.000112433 -0.000358596 0.000315785 0.000903305 -0.00036521 -0.000736165 -0.000316763 -0.00024977 -3.1812e-05 0.000126754 -0.00021005 -0.000501543 -0.000903788 -3.81789e-05 -0.000703504 -0.000524583 -0.000764285 -0.000193914 -2.14768e-05 -0.000245441 0.000229221 1.49611e-05 -4.18181e-05 5.44781e-05 -5.23502e-05
internal_weight=173540 22428 151112 142807 29102 10542 6607 8305 3935 18560 4405 2612 14155 7587 21199 4945 6568 2555 4026 5004 3387 2352 6190 3930 4013 16254 113705 46661 67044 53589
internal_count=173540 22428 151112 142807 29102 10542 6607 8305 3935 18560 4405 2612 14155 7587 21199 4945 6568 2555 4026 5004 3387 2352 6190 3930 4013 16254 113705 46661 67044 53589
is_linear=0
shrinkage=0.08


Tree=51
num_leaves=31
num_cat=0
split_feature=1 1 0 3 0 0 1 0 0 3 3 0 1 1 1 3 1 0 1 1 3 1 1 3 0 0 3 0 1 1
split_gain=0.267326 0.309029 0.313126 0.385339 0.312128 0.291944 0.285971 0.243416 0.473695 1.48084 0.866787 0.707424 0.657629 0.516568 0.626265 0.471904 0.295954 0.29304 0.59368 0.347184 0.288046 0.27864 0.26445 0.242126 0.275171 0.399807 0.302922 0.249737 0.219179 0.237088
threshold=1.0320950150489809 -0.7817150056362151 1.7985249757766726 1.5000000000000002 0.12533500045537951 4.1553001403808603 -1.200545012950897 2.9250850677490239 1.8865550160408022 1.5000000000000002 1.5000000000000002 1.250779986381531 0.78211501240730297 -0.24651499837636945 0.55544498562812816 1.0000000180025095e-35 -0.47219999134540552 1.4041999578475954 -0.34954500198364252 0.73100998997688305 1.0000000180025095e-35 -0.27962499856948847 0.63363000750541698 1.0000000180025095e-35 1.3134100437164309 2.8481400012969975 1.5000000000000002 3.5231649875640874 -0.25736001133918757 0.51850497722625744
decision_type=2 2 2 2 2 2 2 2 2 2 2 2 2 2 2 2 2 2 2 2 2 2 2 2 2 2 2 2 2 2
left_child=1 2 -1 6 -3 7 -4 8 10 13 11 20 16 -10 15 -15 -11 18 -12 21 -6 -19 -9 27 -25 26 -26 -2 -22 -30
right_child=23 4 3 -5 5 -7 -8 22 9 12 17 -13 -14 14 -16 -17 -18 19 -20 -21 28 -23 -24 24 25 -27 -28 -29 29 -31
leaf_value=0.00040811893088928001 0.00061430613468711184 0.00060662983354296449 0.00092731369568471852 -0.0012430718248893167 0.00070358497570040409 0.0010196990570887697 -0.0003526837475364447 -0.00070781019624561417 -0.00086311284397374687 -8.8745956046054259e-05 9.9646126000619431e-05 -0.00036653356390357021 -0.00051195283058038808 -0.00014133445210838972 -0.00056627992815756788 0.00073247403444061615 0.0013331150575073792 -0.0010398751100961538 -0.0013265488748454748 -0.001677241058000741 0.00063751081183169777 0.00024165413772139066 3.4822229690942122e-05 0.00073113900200425116 3.7598053073949242e-05 0.00037329668078268658 -0.00070743586009264865 -0.00033939869724396155 -0.00057798140267124778 0.00054423656366290815
leaf_weight=14708 10341 3576 1777 1827 7523 1343 3008 9800 6050 1062 2415 20529 1793 8527 9164 7378 7953 1458 8247 1036 2568 4254 4468 3061 6955 7978 7016 2117 4119 1703
leaf_count=14708 10341 3576 1777 1827 7523 1343 3008 9800 6050 1062 2415 20529 1793 8527 9164 7378 7953 1458 8247 1036 2568 4254 4468 3061 6955 7978 7016 2117 4119 1703
internal_value=-2.51556e-05 -7.71849e-05 0.000202556 -0.000254708 -0.000129062 -0.00015268 0.000122667 -0.000166987 -0.000121065 8.05662e-05 -0.000278047 -5.62055e-05 0.000887314 -0.000199627 -3.95052e-05 0.000264007 0.00116561 -0.000742399 -0.00100351 -0.00032984 0.000344142 -8.54589e-05 -0.000475256 0.000164096 2.05638e-05 -7.85327e-05 -0.000336545 0.000452242 2.18423e-05 -0.00024972
internal_weight=173754 136286 21320 6612 114966 111390 4785 110047 95779 41927 53852 36442 10808 31119 25069 15905 9015 17410 10662 6748 15913 5712 14268 37468 25010 21949 13971 12458 8390 5822
internal_count=173754 136286 21320 6612 114966 111390 4785 110047 95779 41927 53852 36442 10808 31119 25069 15905 9015 17410 10662 6748 15913 5712 14268 37468 25010 21949 13971 12458 8390 5822
is_linear=0
shrinkage=0.08


Tree=52
num_leaves=31
num_cat=0
split_feature=2 0 0 3 2 0 3 0 0 0 3 3 0 3 0 3 0 0 2 2 0 0 0 0 0 0 2 3 0 0
split_gain=0.500225 1.06352 1.36704 0.167092 0.0962852 0.0801676 0.213542 0.0806144 0.17007 0.093235 0.0962378 0.0779264 0.0764583 0.337367 0.444416 0.177392 0.357736 0.175855 0.151724 0.108066 0.101151 0.0960889 0.0904884 0.172033 0.0813022 0.0757053 0.0962259 0.0605786 0.0589053 0.0657045
threshold=2.5000000000000004 1.0316050052642824 3.1909749507904057 1.5000000000000002 1.5000000000000002 1.3927350044250491 1.5000000000000002 2.3265800476074223 2.0926799774169926 3.7283149957656865 1.0000000180025095e-35 1.5000000000000002 2.1220500469207768 1.5000000000000002 3.0314950942993169 1.5000000000000002 1.4368649721145632 1.1730650067329409 1.0000000180025095e-35 1.0000000180025095e-35 2.1624999046325688 2.4030599594116215 2.6155350208282475 2.3809649944305424 2.2951200008392338 0.751530021429062 1.0000000180025095e-35 1.0000000180025095e-35 2.3265800476074223 2.3590450286865239
decision_type=2 2 2 2 2 2 2 2 2 2 2 2 2 2 2 2 2 2 2 2 2 2 2 2 2 2 2 2 2 2
left_child=4 -2 3 -3 12 6 -6 8 -7 10 -9 -10 15 20 19 17 25 18 -1 21 -14 -15 23 -21 -22 26 -17 -20 -26 -30
right_child=1 2 -4 -5 5 7 -8 9 11 -11 -12 -13 13 14 -16 16 -18 -19 27 22 24 -23 -24 -25 28 -27 -28 -29 29 -31
leaf_value=5.7585513218252054e-05 0.0029756252020053681 0.00046442520027624299 0.0029727987759675628 -0.00046759268633653049 0.00060854156706504313 -0.0002013932258078561 -0.00026176600427715044 -0.00057700848240045406 -0.00049026710669911044 -0.00074865173257936818 0.00014485354146653113 -0.0013921309848042055 0.00059375359605131739 0.0018387049373921425 -0.00026463728202582828 -0.00067086055021434588 0.00017781368276128143 -6.5573577553684623e-05 0.00075445338346530409 0.00087104459875947296 -0.00031241357216478343 0.00086247017240269168 0.0010636204165657703 -0.0003627088165777768 0.00053621565847198228 -0.00068389777865758908 2.3676044477060589e-06 0.00030801537334816632 -0.00056010852149146213 1.5347765848631519e-05
leaf_weight=13381 1079 1748 1025 4163 2944 7533 4661 1418 1159 1130 7102 1302 1752 1054 3404 2377 8123 37581 3398 1670 5560 1664 1745 1276 1336 6825 3172 4550 1314 37788
leaf_count=13381 1079 1748 1025 4163 2944 7533 4661 1418 1159 1130 7102 1302 1752 1054 3404 2377 8123 37581 3398 1670 5560 1664 1745 1276 1336 6825 3172 4550 1314 37788
internal_value=2.197e-05 0.000639182 0.000275713 -0.000191977 -7.97176e-06 -0.000145394 7.5142e-05 -0.000230772 -0.000390021 -6.58471e-05 2.47127e-05 -0.000967401 1.9169e-05 8.85161e-05 0.000492016 -3.19747e-05 -0.000234685 3.8556e-05 0.000222029 0.000839653 -2.85655e-06 0.00124104 0.000607087 0.000336669 -2.55806e-05 -0.000505473 -0.00028602 0.000498881 1.38573e-05 -3.99011e-06
internal_weight=173234 8015 6936 5911 165219 27249 7605 19644 9994 9650 8520 2461 137970 58563 10813 79407 20497 58910 21329 7409 47750 2718 4691 2946 45998 12374 5549 7948 40438 39102
internal_count=173234 8015 6936 5911 165219 27249 7605 19644 9994 9650 8520 2461 137970 58563 10813 79407 20497 58910 21329 7409 47750 2718 4691 2946 45998 12374 5549 7948 40438 39102
is_linear=0
shrinkage=0.08


Tree=53
num_leaves=31
num_cat=0
split_feature=0 2 0 2 2 0 3 2 0 2 0 0 3 0 0 3 3 3 2 0 0 0 0 0 0 0 3 3 2 0
split_gain=0.176014 0.221939 0.14988 0.213728 0.168297 0.168785 0.511491 0.299224 0.310932 0.202975 0.219669 0.203386 0.197647 0.165005 0.12425 0.266577 0.228908 0.102884 0.0919625 0.145287 0.127994 0.0916845 0.0874038 0.106664 0.0937111 0.110281 0.081196 0.0763988 0.123361 0.0748683
threshold=3.3970999717712407 1.0000000180025095e-35 0.47683499753475195 1.0000000180025095e-35 1.0000000180025095e-35 1.4910349845886233 1.5000000000000002 2.5000000000000004 1.3246949911117556 2.5000000000000004 2.7465400695800786 2.1724550724029545 1.5000000000000002 1.6482349634170534 1.5758699774742129 1.0000000180025095e-35 1.0000000180025095e-35 1.5000000000000002 1.5000000000000002 2.9941799640655522 2.3372850418090825 2.1020200252532963 1.699555039405823 2.89330005645752 2.8031849861145024 2.7333650588989262 1.0000000180025095e-35 1.5000000000000002 1.5000000000000002 1.6482349634170534
decision_type=2 2 2 2 2 2 2 2 2 2 2 2 2 2 2 2 2 2 2 2 2 2 2 2 2 2 2 2 2 2
left_child=2 -2 3 17 14 6 26 8 -8 12 11 -11 22 -14 15 -4 -16 -1 19 -15 21 -20 29 24 25 -24 -6 -3 -29 -7
right_child=1 27 4 -5 5 9 7 -9 -10 10 -12 -13 13 18 16 -17 -18 -19 20 -21 -22 -23 23 -25 -26 -27 -28 28 -30 -31
leaf_value=7.8531162678568896e-05 -8.5849488803865071e-05 0.00035355224226026809 0.00018554339103558248 0.00054255468262383365 0.00062871854633133131 -0.0001388105155618722 -0.00075292138144011369 0.00076813253734089556 0.00033413941484122052 -0.00091361807752037678 -0.0016162268312372877 0.00024555401624490997 -0.00062003709062548307 0.00041078152621695655 -5.6848553334610331e-05 -0.00037507079326237633 0.00030752099810349534 -0.00068204710311675512 -0.00013116962045326021 -0.00056714932935215468 0.00025423151703935924 -0.00094519545251263958 -0.00041038507943797425 -5.6297530970801491e-06 -0.0010797701486184091 0.00041493821157774795 0.00021931058791254323 0.00027728380211458609 0.0013369986073481172 0.00064293184137622413
leaf_weight=4308 6322 4445 9899 6558 5118 3140 7604 1327 2163 2173 1246 1748 2164 8095 23971 12020 20447 1547 2782 1105 3816 1299 20983 5150 1257 1090 7864 1230 1641 1045
leaf_count=4308 6322 4445 9899 6558 5118 3140 7604 1327 2163 2173 1246 1748 2164 8095 23971 12020 20447 1547 2782 1105 3816 1299 20983 5150 1257 1090 7864 1230 1641 1045
internal_value=-1.4559e-05 0.000261319 -3.80861e-05 0.000228894 -6.05531e-05 -0.000137804 3.98439e-05 -0.000359037 -0.000512181 -0.000212718 -0.0006909 -0.000396854 -0.000165136 3.81206e-05 3.39706e-05 -0.000121888 0.000110882 -0.000122428 0.000121425 0.000293324 -7.88369e-05 -0.000390278 -0.000284987 -0.000335151 -0.000407891 -0.000369629 0.000380715 0.00056132 0.000882993 5.63916e-05
internal_weight=173557 13638 159919 12413 147506 81169 24076 11094 9767 57093 5167 3921 51926 19261 66337 21919 44418 5855 17097 9200 7897 4081 32665 28480 23330 22073 12982 7316 2871 4185
internal_count=173557 13638 159919 12413 147506 81169 24076 11094 9767 57093 5167 3921 51926 19261 66337 21919 44418 5855 17097 9200 7897 4081 32665 28480 23330 22073 12982 7316 2871 4185
is_linear=0
shrinkage=0.08


Tree=54
num_leaves=31
num_cat=0
split_feature=1 0 1 0 0 0 1 1 1 3 1 1 3 3 1 1 3 1 0 1 1 1 1 0 1 3 1 0 0 0
split_gain=0.155477 0.27899 0.162475 0.231171 0.154099 0.11914 0.151857 0.0826108 0.0755443 0.106909 0.0752772 0.068209 0.143607 0.125576 0.101097 0.0656505 0.065172 0.48055 0.652922 0.56975 0.394079 0.397929 0.328761 0.619385 1.97124 0.82042 0.781999 0.45683 0.295808 0.280405
threshold=-1.5294100046157835 1.3134100437164309 1.9158399701118471 3.4565649032592778 3.5590500831604008 0.47683499753475195 -1.1336849927902219 -0.36128000915050501 0.73100998997688305 1.0000000180025095e-35 -0.1495149955153465 0.74057999253273021 1.5000000000000002 1.0000000180025095e-35 1.1991499662399294 -1.8944150209426878 1.0000000180025095e-35 0.88093999028205883 1.5341800451278689 0.31523500382900244 0.21329500526189807 -0.96863502264022816 0.80408501625061046 1.6585550308227541 -0.49901999533176417 1.5000000000000002 -0.39679500460624689 3.0499399900436406 2.9580500125885014 2.8630249500274663
decision_type=2 2 2 2 2 2 2 2 2 2 2 2 2 2 2 2 2 2 2 2 2 2 2 2 2 2 2 2 2 2
left_child=1 15 4 -4 5 6 -2 -8 9 -9 -6 13 14 -12 -13 -1 17 18 -7 20 21 -20 23 26 -25 28 -18 -27 -26 -24
right_child=2 -3 3 -5 10 16 7 8 -10 -11 11 12 -14 -15 -16 -17 22 -19 19 -21 -22 -23 29 24 25 27 -28 -29 -30 -31
leaf_value=0.00037821885260825721 -0.00063798948162126549 0.0012051954097057299 0.00060560272523786586 -0.00036168974859902614 0.00096273962647971142 0.00037526326689563193 0.00061568830487839714 0.00063542323585156753 0.00068971703596749467 -0.0002320127768429443 0.00052425034096476974 0.00065040841238966311 0.0011911269474058075 -0.00054578455759049429 -0.00023391025479123693 -0.00038533480480646006 0.00030762886405297425 0.00048188816960670046 0.00097925144347124605 -0.00079978032198011492 0.0010644874997790526 -0.00031318365084647087 -0.00047011115981804421 -0.0010041818976797572 0.00028022338595223677 0.0011540996522208526 -0.00058039981587935409 -0.00040533590236471859 -0.00064631873148072593 0.00021653437609544176
leaf_weight=1338 1173 1946 6040 2142 1026 12401 3823 1228 1262 3504 1253 1489 1162 1596 1862 1562 9609 11290 1705 10175 1823 14413 20108 6852 14525 11329 18692 1345 2600 4695
leaf_count=1338 1173 1946 6040 2142 1026 12401 3823 1228 1262 3504 1253 1489 1162 1596 1862 1562 9609 11290 1705 10175 1823 14413 20108 6852 14525 11329 18692 1345 2600 4695
internal_value=1.74088e-05 0.000464192 4.60675e-06 0.000352371 -1.30732e-05 -3.14292e-05 0.000222308 0.000325102 0.000139765 -6.9047e-06 0.000320767 0.000231299 0.000424774 -7.51795e-05 0.000159032 -3.30469e-05 -5.11278e-05 2.03189e-05 -0.000108297 -0.000321578 -5.03724e-05 -0.000176467 -9.23672e-05 2.24708e-06 0.000219333 0.000500669 -0.000278889 0.000988608 0.000139551 -0.000340135
internal_weight=173968 4846 169122 8182 160940 152552 10990 9817 5994 4732 8388 7362 4513 2849 3351 2900 141562 51807 40517 28116 17941 16118 89755 64952 36651 29799 28301 12674 17125 24803
internal_count=173968 4846 169122 8182 160940 152552 10990 9817 5994 4732 8388 7362 4513 2849 3351 2900 141562 51807 40517 28116 17941 16118 89755 64952 36651 29799 28301 12674 17125 24803
is_linear=0
shrinkage=0.08


Tree=55
num_leaves=31
num_cat=0
split_feature=2 1 1 1 1 1 1 3 1 1 1 2 2 1 1 1 1 3 1 1 1 1 1 3 2 2 3 1 1 1
split_gain=0.364284 2.15239 1.96614 0.146319 0.215394 0.251505 0.127327 0.0653293 0.408278 0.222467 0.219946 0.240379 0.117248 0.267912 0.147331 0.103567 0.210295 0.101949 0.0967078 0.096858 0.125803 0.100717 0.0894602 0.0892169 0.0889467 0.0810147 0.0801088 0.0678257 0.132659 0.0668007
threshold=2.5000000000000004 1.2145199775695803 -0.81958499550819386 0.74057999253273021 0.084465000778436675 -0.21344000101089475 -2.0718749761581416 1.5000000000000002 0.80408501625061046 -0.88114500045776356 0.99526500701904308 1.5000000000000002 1.0000000180025095e-35 -0.64735502004623402 0.25150999426841741 0.31523500382900244 0.36044000089168554 1.0000000180025095e-35 0.1311450004577637 0.019539999775588516 -0.087294999510049806 -0.19207500666379926 0.1764749959111214 1.0000000180025095e-35 1.0000000180025095e-35 1.0000000180025095e-35 1.0000000180025095e-35 -0.66405999660491932 -0.52672499418258656 0.019539999775588516
decision_type=2 2 2 2 2 2 2 2 2 2 2 2 2 2 2 2 2 2 2 2 2 2 2 2 2 2 2 2 2 2
left_child=6 2 -2 4 5 -4 -1 10 9 25 12 17 -8 23 18 -16 -17 24 19 20 21 -15 -20 -14 -12 -9 -21 -11 -29 -30
right_child=1 -3 3 -5 -6 -7 7 8 -10 27 11 -13 13 14 15 16 -18 -19 22 26 -22 -23 -24 -25 -26 -27 -28 28 29 -31
leaf_value=0.00076809881658169326 0.0033155449520887083 0.0040065661247191339 -0.00082690289928246037 0.00031634974367869572 -0.0012688591478481567 0.00076339059312377825 3.5429469828494756e-05 -0.0010605257584485983 -0.00043911476636774416 0.0005925197715851661 0.00016431877456777447 0.0010152646220738307 0.00058657991167522278 -0.00042136505109787245 0.00055910046411033012 -0.0012022827437409673 -4.4148511742289845e-05 -3.1808286690993432e-05 -0.0013997593096679328 -0.00039379970644519343 -0.00093661850212493848 0.00019828719885284042 -0.000475798987434844 4.3001168809801733e-05 0.00063665547759216348 -0.00026430308649982577 0.00049715799302763443 -0.00059776127303738885 0.00034295297712467972 6.0390004839115433e-05
leaf_weight=1322 1008 1002 1628 1139 2239 1045 50554 1075 15287 2079 8809 2212 3345 7938 1533 1087 13053 11204 1087 1122 2384 2129 1751 4576 3592 3419 1522 1558 8506 14453
leaf_count=1322 1008 1002 1628 1139 2239 1045 50554 1075 15287 2079 8809 2212 3345 7938 1533 1087 13053 11204 1087 1122 2384 2129 1751 4576 3592 3419 1522 1558 8506 14453
internal_value=1.16857e-05 0.000536849 4.43351e-05 -0.000500596 -0.000690031 -0.000205183 -1.38784e-05 -2.01714e-05 -0.000100609 6.58345e-05 1.14701e-05 0.000217831 -4.63878e-05 -0.00014599 -0.000244642 -6.54661e-05 -0.000133179 0.000143104 -0.000401236 -0.000320683 -0.000414066 -0.000290319 -0.000829691 0.000272552 0.000301133 -0.000454766 0.000119074 0.000153802 0.000116599 0.000165076
internal_weight=173658 8061 7059 6051 4912 2673 165597 164275 46377 31090 117898 25817 92081 41527 33606 15673 14140 23605 17933 15095 12451 10067 2838 7921 12401 4494 2644 26596 24517 22959
internal_count=173658 8061 7059 6051 4912 2673 165597 164275 46377 31090 117898 25817 92081 41527 33606 15673 14140 23605 17933 15095 12451 10067 2838 7921 12401 4494 2644 26596 24517 22959
is_linear=0
shrinkage=0.08


Tree=56
num_leaves=31
num_cat=0
split_feature=1 2 3 2 1 2 1 1 1 2 1 2 1 1 1 3 1 1 1 2 3 1 1 1 1 2 1 2 2 1
split_gain=0.152994 1.04671 0.399098 0.24363 0.504256 0.208079 0.191215 0.170687 0.153764 0.150376 0.144329 0.165078 0.138764 0.130677 0.11994 0.129842 0.250172 0.178342 0.150348 0.187161 0.118948 0.15589 0.149608 0.197477 0.128084 0.0932883 0.0737002 0.0838445 0.0717237 0.0696371
threshold=0.99526500701904308 2.5000000000000004 1.5000000000000002 1.5000000000000002 -1.5294100046157835 1.5000000000000002 -0.30197499692440027 0.77133500576019298 0.67176499962806713 2.5000000000000004 -0.0097050000913441164 2.5000000000000004 -0.16035499423742292 -1.0451250076293943 0.79280999302864086 1.0000000180025095e-35 -0.2245099991559982 -0.63187497854232777 -0.13862500339746472 1.0000000180025095e-35 1.5000000000000002 -0.047654999420046799 -0.0097050000913441164 0.18585500121116641 0.047824999317526824 1.0000000180025095e-35 1.3110450506210329 1.0000000180025095e-35 1.0000000180025095e-35 0.86974501609802257
decision_type=2 2 2 2 2 2 2 2 2 2 2 2 2 2 2 2 2 2 2 2 2 2 2 2 2 2 2 2 2 2
left_child=3 2 5 14 -5 -2 9 8 10 13 11 12 -8 -6 15 17 -17 25 19 -18 21 -20 -22 -24 -23 -1 27 -4 -19 -16
right_child=1 -3 26 4 6 -7 7 -9 -10 -11 -12 -13 -14 -15 29 16 18 28 20 -21 22 24 23 -25 -26 -27 -28 -29 -30 -31
leaf_value=5.1294093170564797e-05 0.00014667003294470182 0.0022039572547537961 0.0005086654483252291 0.0014627065204099157 -0.00088710606212562227 0.00095500118632836379 -5.7672266625462376e-05 0.00010759186521736309 -0.00140951242876637 0.00056989466975055508 -0.00034250123256999331 -0.0017894960818027714 -0.0011124626285550368 -2.715566872913741e-05 -0.00054074449381014958 -0.00010488047020486778 0.0016151874829163247 -8.8712556809087255e-05 -0.00064376865383754408 0.00019222119075977068 0.0011815851383571694 0.00076543127216094754 -0.00035378406235415808 0.00049422174179506058 7.2391892561100461e-05 0.0005945009237618065 -0.0004842342983125808 -0.00028937472799801372 -0.00034391391615973141 -0.00010109895410681226
leaf_weight=6237 23686 1485 1161 1039 1435 2230 1504 2705 1312 2069 10222 1012 1701 5337 3750 21726 1112 21768 1748 1264 1390 1918 2299 7462 15493 2995 7894 3072 10423 5987
leaf_count=6237 23686 1485 1161 1039 1435 2230 1504 2705 1312 2069 10222 1012 1701 5337 3750 21726 1112 21768 1748 1264 1390 1918 2299 7462 15493 2995 7894 3072 10423 5987
internal_value=-1.79857e-05 0.00012031 3.89752e-05 -5.88089e-05 -0.000267094 0.000216225 -0.000332935 -0.000479481 -0.000580302 -2.70122e-05 -0.000504956 -0.000898745 -0.000617485 -0.000209381 -2.9043e-06 2.42757e-05 0.000105523 -8.24484e-05 0.000245376 0.000858189 0.000197337 7.64318e-05 0.00040507 0.000294492 0.000148737 0.000227519 -0.000339816 -7.04934e-05 -0.000171343 -0.000270419
internal_weight=173436 39528 38043 133908 28336 25916 27297 18456 15751 8841 14439 4217 3205 6772 105572 95835 54412 41423 32686 2376 30310 19159 11151 9761 17411 9232 12127 4233 32191 9737
internal_count=173436 39528 38043 133908 28336 25916 27297 18456 15751 8841 14439 4217 3205 6772 105572 95835 54412 41423 32686 2376 30310 19159 11151 9761 17411 9232 12127 4233 32191 9737
is_linear=0
shrinkage=0.08


Tree=57
num_leaves=31
num_cat=0
split_feature=2 1 1 3 1 1 3 1 1 3 1 3 1 2 1 1 2 2 3 1 2 1 1 1 1 1 1 1 3 1
split_gain=0.447938 1.06773 1.22346 0.158013 0.0823444 0.0739522 0.0810733 0.0431911 0.0329275 0.0258459 0.0233482 0.0987916 0.244252 0.212578 0.263228 0.154269 0.106841 0.0907367 0.0882816 0.074806 0.0640876 0.164124 0.143006 0.169206 0.104468 0.0851626 0.148802 0.0957967 0.0797566 0.0519934
threshold=2.5000000000000004 -0.80007001757621754 1.1847050189971926 1.5000000000000002 2.7389349937438969 2.0613700151443486 1.5000000000000002 0.47127500176429754 0.047824999317526824 1.0000000180025095e-35 0.55544498562812816 1.5000000000000002 1.3110450506210329 1.5000000000000002 0.78211501240730297 0.98370999097824108 1.0000000180025095e-35 1.0000000180025095e-35 1.0000000180025095e-35 1.1700899600982668 1.0000000180025095e-35 -0.24651499837636945 -0.018724999390542504 -0.057725001126527779 -0.19207500666379926 0.45170499384403234 0.39616499841213232 0.48114499449729925 1.0000000180025095e-35 -0.64735502004623402
decision_type=2 2 2 2 2 2 2 2 2 2 2 2 2 2 2 2 2 2 2 2 2 2 2 2 2 2 2 2 2 2
left_child=4 -2 3 -3 5 10 9 8 -5 -7 20 13 16 15 -15 -12 -13 -17 -19 -20 21 -1 23 24 -23 26 29 -27 -26 -22
right_child=1 2 -4 7 -6 6 -8 -9 -10 -11 11 12 -14 14 -16 17 -18 18 19 -21 25 22 -24 -25 28 27 -28 -29 -30 -31
leaf_value=-8.7758520395667038e-05 0.0030232597153316151 0.00045872579191512034 0.0028006977139671241 -0.00042341296074142594 -0.00063578376379961113 0.00079512914555438603 -0.0001391516215075951 -7.8708603186498287e-05 -0.00098520902487785273 0.00032280529556809865 -0.00022099833678129529 0.00038487216654754374 -0.00064057071761558482 -0.00049971725466216278 0.00098367730460124296 -2.0679483869880944e-05 -0.00015278450382233771 0.00064606764811859282 -0.00047928502492193846 0.00029246905618099384 8.2111954604222859e-05 0.00091027311190757768 0.00010205966352970323 0.0014098557623244679 -0.00020510612330021518 0.00097501897527067706 -0.00073854824521853602 6.8802978090634319e-05 0.00051574892102856235 -0.00010146897308694026
leaf_weight=20927 1018 1708 1026 1840 1336 1493 1649 1347 1048 1473 17259 3255 5755 1053 2805 13340 8655 3188 1101 2978 13853 1524 18818 1164 2110 1030 2088 2713 1838 34371
leaf_count=20927 1018 1708 1026 1840 1336 1493 1649 1347 1048 1473 17259 3255 5755 1053 2805 13340 8655 3188 1101 2978 13853 1524 18818 1164 2110 1030 2088 2713 1838 34371
internal_value=1.79379e-05 0.000603117 0.000249594 -0.000190829 -1.02557e-05 -5.1736e-06 0.000310544 -0.000452798 -0.000627278 0.00056056 -1.429e-05 -5.40537e-05 -0.000212628 1.30832e-05 0.000578801 -4.45553e-05 -5.84307e-06 0.000103221 0.000330665 8.41579e-05 9.22266e-06 7.82117e-05 0.000214664 0.000533981 0.000347666 -4.99722e-05 -7.73609e-05 0.000318176 0.00013049 -4.87329e-05
internal_weight=173763 7987 6969 5943 165776 164440 4615 4235 2888 2966 159825 59389 17665 41724 3858 37866 11910 20607 7267 4079 100436 46381 25454 6636 5472 54055 50312 3743 3948 48224
internal_count=173763 7987 6969 5943 165776 164440 4615 4235 2888 2966 159825 59389 17665 41724 3858 37866 11910 20607 7267 4079 100436 46381 25454 6636 5472 54055 50312 3743 3948 48224
is_linear=0
shrinkage=0.08


Tree=58
num_leaves=31
num_cat=0
split_feature=1 0 1 2 0 0 2 2 0 1 0 2 0 1 0 1 2 0 0 1 0 1 1 1 1 1 0 1 1 1
split_gain=0.149445 0.194832 0.127883 0.197076 0.280363 0.158722 0.248869 0.189841 1.72276 0.234393 0.498625 0.146358 0.131052 0.119523 0.0960347 0.089754 0.0764058 0.263626 0.171723 0.259477 0.285641 0.453681 0.134778 0.15441 0.153335 0.124466 0.114109 0.106603 0.211306 0.142845
threshold=-1.4687100052833555 1.3134100437164309 1.7048449516296389 1.0000000180025095e-35 3.636759996414185 3.6810050010681157 1.5000000000000002 2.5000000000000004 1.1596649885177615 0.85833999514579784 2.7333650588989262 1.5000000000000002 2.1922450065612797 -1.8944150209426878 1.9955049753189089 0.074754998087883009 1.0000000180025095e-35 0.98396000266075145 2.1220500469207768 0.67176499962806713 2.9763550758361821 -0.72840499877929676 0.84743499755859386 -0.0097050000913441164 -1.1028450131416319 0.40609499812126165 3.1091099977493291 -0.23541500419378278 0.25150999426841741 0.074754998087883009
decision_type=2 2 2 2 2 2 2 2 2 2 2 2 2 2 2 2 2 2 2 2 2 2 2 2 2 2 2 2 2 2
left_child=1 13 5 -4 11 7 -7 16 -9 10 12 -5 15 -1 -3 -10 18 22 -2 20 21 -20 23 24 -18 -25 -21 -23 29 -29
right_child=2 14 3 4 -6 6 -8 8 9 -11 -12 -13 -14 -15 -16 -17 17 -19 19 26 -22 27 -24 25 -26 -27 -28 28 -30 -31
leaf_value=0.00060239211722075132 -6.2586121946686256e-05 0.0014641290461717197 -7.6971458678000968e-05 0.0005214808666434334 -0.00057369351818512015 0.00010789217618670626 0.0013610802082686471 0.0023143431203160587 -9.4697846069240809e-05 -2.4744635180113936e-05 -0.0028255949347141453 0.0014473612555268643 -0.0015095369016765489 -0.00038611035871243286 0.00041575018265064048 -0.0010776820858404972 -0.00047507112856419952 -0.00014630697060271153 -0.00076341212967631199 -0.00024353834791501867 -0.00021226996406034066 0.00031428917476657744 0.0010272601124040551 -0.00059388166826312993 0.00053399638661635234 0.00028424489109593354 0.00037260229894874633 0.00096224782152942734 0.00052520672733003166 0.001962503665786704
leaf_weight=1328 41008 1232 6176 3374 1131 4730 1291 1204 1466 1237 1022 1616 1211 1907 1024 1000 1135 62081 1381 8323 3622 2425 1285 2441 6389 1791 2502 2383 4181 1482
leaf_count=1328 41008 1232 6176 3374 1131 4730 1291 1204 1466 1237 1022 1616 1211 1907 1024 1000 1135 62081 1381 8323 3622 2425 1285 2441 6389 1791 2502 2383 4181 1482
internal_value=6.93641e-06 0.000417629 -6.49591e-06 0.000241863 0.000563562 -2.61249e-05 0.000376596 -4.23367e-05 -0.000444882 -0.00100454 -0.00126246 0.000821325 -0.000828001 1.96798e-05 0.000988269 -0.000493313 -2.2157e-05 -7.76196e-05 3.97454e-05 0.000199311 0.000409486 0.000599497 0.000249363 0.000164334 0.000381778 -0.000222255 -0.000101129 0.000779248 0.000919383 0.00134579
internal_weight=173378 5491 167887 12297 6121 155590 6021 149569 7140 5936 4699 4990 3677 3235 2256 2466 142429 75122 67307 26299 15474 11852 13041 11756 7524 4232 10825 10471 8046 3865
internal_count=173378 5491 167887 12297 6121 155590 6021 149569 7140 5936 4699 4990 3677 3235 2256 2466 142429 75122 67307 26299 15474 11852 13041 11756 7524 4232 10825 10471 8046 3865
is_linear=0
shrinkage=0.08


Tree=59
num_leaves=31
num_cat=0
split_feature=2 1 1 0 0 0 2 0 1 0 1 0 0 0 0 0 1 0 0 1 1 0 0 0 1 1 0 1 0 0
split_gain=0.109086 1.12831 1.32731 0.350257 0.570961 0.123242 0.0851159 0.112307 0.0829021 0.174122 0.158443 0.17769 0.33212 0.268032 0.0999366 0.0805691 0.0945821 0.284225 0.243539 0.117351 0.0766124 0.0554324 0.102215 0.0459919 0.045594 0.0333661 0.334188 0.147501 0.148682 0.161345
threshold=2.5000000000000004 -0.80007001757621754 1.0077999830245974 1.2259850502014162 2.0148200988769536 2.4253449440002446 1.5000000000000002 3.7797650098800664 0.82565498352050792 1.5758699774742129 0.65289500355720531 2.4818899631500249 2.7885200977325444 2.0926799774169926 2.7053349018096928 1.9360400438308718 -0.12855999916791913 1.5866000056266787 0.90121498703956615 0.40609499812126165 -0.85982501506805409 1.5341800451278689 1.0762950181961062 2.2329449653625493 1.3811399936676028 -0.34954500198364252 1.4910349845886233 -0.69629499316215504 1.7588150501251223 2.9089949131011967
decision_type=2 2 2 2 2 2 2 2 2 2 2 2 2 2 2 2 2 2 2 2 2 2 2 2 2 2 2 2 2 2
left_child=6 -2 3 -3 -5 -6 25 8 10 -10 11 13 -13 15 23 16 17 18 20 21 -8 22 -18 -11 -16 26 -1 28 -28 -30
right_child=1 2 -4 4 5 -7 7 -9 9 14 -12 12 -14 -15 24 -17 19 -19 -20 -21 -22 -23 -24 -25 -26 -27 27 -29 29 -31
leaf_value=0.00017820761718015621 0.0027650346498902622 0.00071785535058006638 0.0020898147469533275 -0.0020878405476727115 0.0004704267751739421 -0.00062885984100044285 -0.00079068381551435963 -0.00095819976183208024 0.00098613896953487178 -8.3806578344662786e-05 -0.00093291552018217141 0.0012678638840879157 -0.00028035663129061673 -0.0010060828043460513 0.00070281260671848104 0.00053762365418170489 -0.00038559972246371118 -0.00096252753213379408 0.00087202895566331569 0.00022077330617758942 0.00015186234520782012 -0.00023375523856527684 -0.0014958037168824306 -0.00069972969539600462 -3.185643592441364e-05 2.5709498116117785e-05 0.00049182480140048696 -0.0005962659396176387 -0.00048143526834137039 0.00060531410832475013
leaf_weight=17004 1021 1000 1434 1718 1005 1862 1012 1060 1230 1739 1724 1527 2115 2519 1119 1156 1063 1405 2517 1214 1214 1070 1060 1401 1046 105639 2029 7318 5153 1053
leaf_count=17004 1021 1000 1434 1718 1005 1862 1012 1060 1230 1739 1724 1527 2115 2519 1119 1156 1063 1405 2517 1214 1214 1070 1060 1401 1046 105639 2029 7318 5153 1053
internal_value=-7.58094e-06 0.000280184 -8.12678e-05 -0.000638713 -0.000934584 -0.000243515 -2.15701e-05 -0.000150954 -0.000118208 0.000128541 -0.000200496 -0.000129844 0.000368774 -0.000257459 -7.02989e-05 -9.64321e-05 -0.000165875 3.68794e-05 0.00033293 -0.000448728 -0.000276645 -0.000703277 -0.000939917 -0.000358618 0.000347864 3.88699e-06 -6.69214e-05 -0.000334919 -0.000102675 -0.000297042
internal_weight=173427 8040 7019 5585 4585 2867 165387 27191 26131 6535 19596 17872 3642 14230 5305 11711 10555 6148 4743 4407 2226 3193 2123 3140 2165 138196 32557 15553 8235 6206
internal_count=173427 8040 7019 5585 4585 2867 165387 27191 26131 6535 19596 17872 3642 14230 5305 11711 10555 6148 4743 4407 2226 3193 2123 3140 2165 138196 32557 15553 8235 6206
is_linear=0
shrinkage=0.08


Tree=60
num_leaves=31
num_cat=0
split_feature=2 0 0 3 0 0 0 0 0 0 3 2 3 3 0 2 0 0 0 0 0 0 0 0 0 0 0 0 2 0
split_gain=0.189388 0.698651 0.883836 0.359301 0.0730803 0.0517984 0.127762 0.0733708 0.0520062 0.0511519 0.441134 0.181889 0.136837 0.134108 0.20048 0.17367 0.194917 0.152466 0.111981 0.146823 0.132865 0.108396 0.107003 0.140152 0.0984344 0.12792 0.112372 0.254687 0.0856944 0.08365
threshold=2.5000000000000004 1.0164849758148196 3.1683599948883061 1.5000000000000002 2.3265800476074223 2.89330005645752 2.9250850677490239 2.8630249500274663 4.6078250408172616 1.5661150217056277 1.5000000000000002 1.0000000180025095e-35 1.0000000180025095e-35 1.5000000000000002 2.0148200988769536 1.0000000180025095e-35 2.7885200977325444 2.7606199979782109 2.0734949111938481 2.1318750381469731 2.0056951045989995 2.1422550678253178 1.2377250194549563 -0.16187500208616254 2.2127549648284917 2.2951200008392338 2.3922950029373173 2.4473249912261967 1.5000000000000002 2.7053349018096928
decision_type=2 2 2 2 2 2 2 2 2 2 2 2 2 2 2 2 2 2 2 2 2 2 2 2 2 2 2 2 2 2
left_child=5 -2 3 -3 -5 7 -7 9 -8 10 11 12 -1 15 -15 17 18 29 20 -20 -17 -16 23 -12 -21 -26 -27 -28 -29 -11
right_child=1 2 -4 4 -6 6 8 -9 -10 13 22 -13 -14 14 21 16 -18 -19 19 24 -22 -23 -24 -25 25 26 27 28 -30 -31
leaf_value=0.00019742165188468919 0.0022797052279545241 0.00066470641771141097 0.0021953500830895999 -0.00046054704149079513 -0.0011599194860601849 0.00083660661309281571 5.3976977566971172e-05 -0.00065241531710749103 -0.00047161378858180788 -4.4215226955496866e-05 0.00032398404939996554 0.00036507776730825144 -0.00020293184777772522 -0.00021699283512598765 0.0008097432696929362 -0.00018087002832156042 -0.0013663105407985335 0.00066629070372005818 -0.001230780974105235 0.00022317655779972682 0.00062693474085701723 0.00018391452324571547 -5.3711642764587047e-06 -0.00050224222692258323 -0.0010584851143159765 0.00022844566193865393 -0.0015785017314906545 -7.3401101094081847e-05 -0.00078334009679170648 -0.00075514811147268945
leaf_weight=12032 1060 1723 1066 2702 1480 1316 25755 1290 1264 28576 1467 16796 10009 8182 2160 9279 1064 1913 1271 1777 1516 9842 5709 12595 1690 2003 1084 4502 1435 1100
leaf_count=12032 1060 1723 1066 2702 1480 1316 25755 1290 1264 28576 1467 16796 10009 8182 2160 9279 1064 1913 1271 1777 1516 9842 5709 12595 1690 2003 1084 4502 1435 1100
internal_value=-1.32029e-05 0.000366199 7.52336e-05 -0.0003075 -0.000708053 -3.15995e-05 6.68795e-05 -5.19241e-05 2.93888e-05 -4.62283e-05 1.01515e-05 0.00016675 1.56178e-05 -8.89229e-05 8.83718e-05 -0.000151474 -0.000306243 -2.59439e-05 -0.000260313 -0.000411615 -6.74257e-05 0.000296545 -0.000297462 -0.000416047 -0.000328262 -0.000419722 -0.000300096 -0.000450882 -0.000244997 -7.05674e-05
internal_weight=173658 8031 6971 5905 4182 165627 28335 137292 27019 136002 58608 38837 22041 77394 20184 57210 25621 31589 24557 13762 10795 12002 19771 14062 12491 10714 9024 7021 5937 29676
internal_count=173658 8031 6971 5905 4182 165627 28335 137292 27019 136002 58608 38837 22041 77394 20184 57210 25621 31589 24557 13762 10795 12002 19771 14062 12491 10714 9024 7021 5937 29676
is_linear=0
shrinkage=0.08


Tree=61
num_leaves=31
num_cat=0
split_feature=1 1 0 2 2 0 0 2 1 1 0 1 0 1 1 0 0 1 0 1 2 1 1 0 0 0 1 0 1 0
split_gain=0.146733 0.0849295 0.174615 0.289346 0.187201 1.34581 0.169789 0.192352 0.137365 0.270954 0.179624 0.0496978 0.0443069 0.276885 0.481523 0.716836 0.321764 0.254823 0.254344 0.223227 0.209225 0.241699 0.227179 0.165044 0.200147 0.144294 0.127307 0.226471 0.222605 0.131633
threshold=-2.0718749761581416 1.5945749878883364 3.6810050010681157 1.5000000000000002 2.5000000000000004 1.381554961204529 3.9024749994277959 1.5000000000000002 -0.36128000915050501 0.27834500372409826 2.2951200008392338 1.9158399701118471 1.8281849622726443 0.65289500355720531 -0.44616499543189997 2.8630249500274663 2.9763550758361821 0.85833999514579784 2.6924350261688237 -0.31364999711513514 1.5000000000000002 -0.097484998404979692 0.22324000298976901 2.6155350208282475 2.528845071792603 2.8630249500274663 -1.0724650025367735 1.5866000056266787 -0.72840499877929676 1.3134100437164309
decision_type=2 2 2 2 2 2 2 2 2 2 2 2 2 2 2 2 2 2 2 2 2 2 2 2 2 2 2 2 2 2
left_child=-1 2 4 -4 12 -6 7 -3 -7 -10 -11 -9 17 14 16 18 -14 19 20 26 23 -22 -23 24 -16 -15 29 -28 -29 -2
right_child=1 6 3 -5 5 8 -8 11 9 10 -12 -13 13 25 15 -17 -18 -19 -20 -21 21 22 -24 -25 -26 -27 27 28 -30 -31
leaf_value=0.00081852868977721788 -0.00043453259077012 0.00013230089279225711 0.00010590615210064971 0.0014879948506369976 0.0014325998696417611 -0.0018257395461321812 -0.00056555709780591198 0.00057647795914260187 -7.167722210539992e-05 -0.0021556181547973032 -0.00079332163769004057 0.0013413211864449787 -0.00049563031279149675 -0.00030875496133214226 0.00048110106313029271 -0.00037874376085633357 0.00076532949368097265 0.00031037714608526343 0.0011647594962143153 -0.00026001105527543081 0.00088302762484269548 -0.0013189232718689486 9.8994710683150019e-05 -0.00036119566910531166 0.0014143717561554572 9.6498661025280882e-05 0.00028572348910056651 0.00049563964021886845 -0.00096016678653642576 0.00030599813943405044
leaf_weight=1369 5491 10959 4522 1234 1829 1217 1772 1096 1675 1094 1428 1079 9523 18738 16666 8060 1499 9679 3088 36000 1098 1263 1692 1325 1613 8034 15383 1011 2006 2133
leaf_count=1369 5491 10959 4522 1234 1829 1217 1772 1096 1675 1094 1428 1079 9523 18738 16666 8060 1499 9679 3088 36000 1098 1263 1692 1325 1613 8034 15383 1011 2006 2133
internal_value=-6.43137e-06 -1.29896e-05 -3.02841e-05 0.000402205 -4.6711e-05 -0.000443583 0.000169517 0.000268691 -0.00107741 -0.000860417 -0.00138426 0.000955911 -2.67907e-05 1.72641e-05 0.000136678 0.000282609 -0.000324139 -7.13959e-05 0.000481917 -0.000130973 0.000392784 -0.000130456 -0.000507039 0.00050096 0.000563456 -0.000187143 4.75314e-05 0.000161428 -0.000472324 -0.000227351
internal_weight=173576 172207 157301 5756 151545 7243 14906 13134 5414 4197 2522 2175 144302 72599 45827 34805 11022 71703 26745 62024 23657 4053 2955 19604 18279 26772 26024 18400 3017 7624
internal_count=173576 172207 157301 5756 151545 7243 14906 13134 5414 4197 2522 2175 144302 72599 45827 34805 11022 71703 26745 62024 23657 4053 2955 19604 18279 26772 26024 18400 3017 7624
is_linear=0
shrinkage=0.08


Tree=62
num_leaves=31
num_cat=0
split_feature=2 1 1 3 2 1 1 1 1 3 1 3 1 1 1 1 1 1 1 1 1 1 3 1 3 1 3 1 1 1
split_gain=0.229028 1.05601 0.863894 0.123594 0.0620592 0.107194 0.135923 0.16202 0.102944 0.343878 0.165547 0.134555 0.0971945 0.239931 0.262895 0.0503879 0.047136 0.0577168 0.0393765 0.0903117 0.0359844 0.0798764 0.102348 0.0591353 0.0864985 0.137025 0.0770738 0.378888 0.0875823 0.0821848
threshold=2.5000000000000004 -0.80007001757621754 1.2296350002288821 1.5000000000000002 1.5000000000000002 -1.200545012950897 -0.60052499175071705 -0.74558499455451954 0.78211501240730297 1.5000000000000002 1.260689973831177 1.5000000000000002 0.36044000089168554 0.12179499864578248 -0.068089999258518205 0.32445999979972845 0.038304999470710761 -0.16035499423742292 -0.0097050000913441164 0.56521499156951915 2.7389349937438969 1.8748199939727785 1.5000000000000002 0.67176499962806713 1.0000000180025095e-35 0.86974501609802257 1.5000000000000002 -0.88114500045776356 -0.31364999711513514 0.065930001437664046
decision_type=2 2 2 2 2 2 2 2 2 2 2 2 2 2 2 2 2 2 2 2 2 2 2 2 2 2 2 2 2 2
left_child=4 -2 3 -3 20 -6 7 -7 11 -10 -11 15 13 14 -13 16 17 -8 -5 -20 21 23 -23 26 25 -25 -1 -28 -29 -30
right_child=1 2 -4 18 5 6 8 -9 9 10 -12 12 -14 -15 -16 -17 -18 -19 19 -21 -22 22 -24 24 -26 -27 27 28 29 -31
leaf_value=3.2170417208783384e-08 0.0028225684299775533 0.00028802638344133037 0.0022525547960982498 -0.00081577648725879748 -0.0007441167619395366 2.2810441997607982e-05 -0.00030524835541003673 0.0012464360032731386 0.00073556128011476713 0.00012406737337932811 -0.00084404099254632573 0.00024802331269475886 -0.00046200435557563628 0.00099472319932267217 -0.0011629010160757723 -0.00084211603991359799 -1.8823849745997433e-05 -0.0010407708777700354 9.7305523275281291e-05 -0.00083855717132488893 -0.00043218522970082945 0.00050928409001199995 -0.00019858553354673409 -0.00032496433934051604 -0.0001709529549380032 0.00020139294139338843 -0.00060010856604425695 3.5302655051482493e-05 0.00075238573012908843 0.00030291854964807359
leaf_weight=70395 1027 1739 1003 1664 1657 2213 1932 1008 3113 2275 2247 2726 2517 1515 1225 2275 1527 1056 1480 1191 1160 4333 1872 4271 24959 12227 3281 4254 4009 7427
leaf_count=70395 1027 1739 1003 1664 1657 2213 1932 1008 3113 2275 2247 2726 2517 1515 1225 2275 1527 1056 1480 1191 1160 4333 1872 4271 24959 12227 3281 4254 4009 7427
internal_value=1.00787e-05 0.000425322 7.7438e-05 -0.000281739 -1.02576e-05 -0.000120511 -8.01932e-05 0.00040574 -0.000150043 8.84735e-05 -0.00035699 -0.000273313 -5.06453e-05 0.000138779 -0.000189431 -0.000535103 -0.000380407 -0.000565192 -0.000510303 -0.000319996 1.15127e-05 1.52687e-05 0.000295725 1.96655e-06 -7.70028e-05 6.51296e-05 3.86005e-05 0.000181715 0.000345205 0.000460484
internal_weight=173578 8104 7077 6074 165474 27286 25629 3221 22408 7635 4522 14773 7983 5466 3951 6790 4515 2988 4335 2671 138188 137028 6205 130823 41457 16498 89366 18971 15690 11436
internal_count=173578 8104 7077 6074 165474 27286 25629 3221 22408 7635 4522 14773 7983 5466 3951 6790 4515 2988 4335 2671 138188 137028 6205 130823 41457 16498 89366 18971 15690 11436
is_linear=0
shrinkage=0.08


Tree=63
num_leaves=31
num_cat=0
split_feature=1 0 0 3 1 1 0 0 0 3 1 0 1 3 1 0 0 3 0 1 0 1 0 1 1 0 0 3 0 1
split_gain=0.0897969 0.162864 0.155394 0.107149 0.173823 0.106112 0.144516 0.138624 0.109141 0.0997536 0.0750162 0.118589 0.399399 0.395133 0.198459 0.521217 0.446433 0.443548 0.240408 0.396073 0.208254 0.188036 0.180369 0.178052 0.165549 0.228676 0.196883 0.194841 0.176802 0.159809
threshold=1.7048449516296389 3.6810050010681157 3.4565649032592778 1.5000000000000002 1.0854049921035769 -1.2339649796485899 -0.075010001659393297 1.250779986381531 2.0252099037170415 1.5000000000000002 0.21329500526189807 1.2637200355529787 -0.057725001126527779 1.5000000000000002 -0.34954500198364252 1.6585550308227541 1.6282149553298952 1.5000000000000002 2.0439050197601323 0.038304999470710761 1.8281849622726443 -1.0188499689102171 2.1318750381469731 -0.69629499316215504 0.10285500064492227 2.2435250282287602 2.4588849544525151 1.0000000180025095e-35 3.1683599948883061 -0.047654999420046799
decision_type=2 2 2 2 2 2 2 2 2 2 2 2 2 2 2 2 2 2 2 2 2 2 2 2 2 2 2 2 2 2
left_child=1 5 -2 4 -3 7 -7 9 -9 -1 11 12 -8 -14 16 -16 23 18 19 20 -17 -18 -20 -13 25 -24 -27 -26 29 -28
right_child=2 3 -4 -5 -6 6 10 8 -10 -11 -12 14 13 -15 15 17 21 -19 22 -21 -22 -23 24 -25 27 26 28 -29 -30 -31
leaf_value=-0.00034792013047103658 0.00034733216429293023 0.00050796956789044803 -0.0003203067452860736 0.00096410886971691782 -0.00055881138557677937 0.00046337586904042185 0.00020507019172885267 0.00090354973465011984 5.3482971625440655e-05 0.00041246891988148618 -2.6493363036020484e-05 0.00071894960048768993 -8.8280594215838659e-05 -0.0016117827679288255 -0.0007143452269986006 -0.00089852100452797717 0.00012221370332083788 0.00076818733913054714 -0.0012854002936800041 0.00142375509568778 0.00044187072829751591 -0.00073919444752500109 0.0010891736098886306 -0.00021162627443316312 -0.0014741544332955931 -0.00091221693657956389 -7.0441509139912629e-05 2.8631879203391098e-05 -0.00083247950904078404 0.0010147802333456109
leaf_weight=3068 9314 3172 2934 1470 1413 3188 16195 2410 1614 1725 75697 2489 3073 1688 6188 1315 1856 5122 1065 1572 1702 12854 1044 2792 1221 1748 2282 1008 1054 1402
leaf_count=3068 9314 3172 2934 1470 1413 3188 16195 2410 1614 1725 75697 2489 3073 1688 6188 1315 1856 5122 1065 1572 1702 12854 1044 2792 1221 1748 2282 1008 1054 1402
internal_value=-2.14373e-05 -3.72824e-05 0.0001874 0.000369764 0.00017921 -5.31454e-05 -6.93615e-05 0.000216396 0.000562594 -7.42562e-05 -8.12078e-05 -0.000142412 1.57061e-05 -0.000628434 -0.000213345 -7.0726e-05 -0.00040399 0.000123222 -9.11113e-05 0.000394128 -0.000142357 -0.000630508 -0.000296836 0.000226966 -0.000188954 -9.68353e-06 -0.000186558 -0.000794563 8.1161e-05 0.000342555
internal_weight=173675 161427 12248 6055 4585 155372 146555 8817 4024 4793 143367 67670 20956 4761 46714 26723 19991 20535 15413 4589 3017 14710 10824 5281 9759 7530 6486 2229 4738 3684
internal_count=173675 161427 12248 6055 4585 155372 146555 8817 4024 4793 143367 67670 20956 4761 46714 26723 19991 20535 15413 4589 3017 14710 10824 5281 9759 7530 6486 2229 4738 3684
is_linear=0
shrinkage=0.08


Tree=64
num_leaves=31
num_cat=0
split_feature=1 2 1 1 1 1 1 2 1 1 3 1 1 1 1 1 1 1 1 1 3 1 1 1 1 1 1 1 3 2
split_gain=0.104203 0.0770641 0.850701 0.3871 0.0873948 0.149201 0.0887794 0.0659726 0.0903762 0.113672 0.28921 0.106864 0.145406 0.197721 0.163608 0.127267 0.108526 0.149005 0.141803 0.0654298 0.171384 0.055361 0.0470774 0.0402863 0.0365199 0.0318518 0.0297922 0.0459012 0.096416 0.038224
threshold=-2.0718749761581416 2.5000000000000004 1.1991499662399294 -0.74558499455451954 0.56521499156951915 -0.34954500198364252 0.074754998087883009 1.5000000000000002 1.6479300260543825 0.82565498352050792 1.5000000000000002 -0.097484998404979692 0.18585500121116641 0.36044000089168554 0.45170499384403234 -1.200545012950897 -0.60052499175071705 -0.74558499455451954 -0.47219999134540552 0.72117501497268688 1.5000000000000002 -0.27962499856948847 1.0197100043296816 -0.92320501804351796 1.1133450269699099 0.028575000353157524 2.7389349937438969 1.9581649899482729 1.5000000000000002 1.0000000180025095e-35
decision_type=2 2 2 2 2 2 2 2 2 2 2 2 2 2 2 2 2 2 2 2 2 2 2 2 2 2 2 2 2 2
left_child=-1 7 3 -3 5 -5 -7 26 9 11 24 15 25 -14 -15 -9 17 23 -18 20 -16 -20 -12 -17 -11 -13 27 -2 29 -29
right_child=1 2 -4 4 -6 6 -8 8 -10 10 22 12 13 14 19 16 18 -19 21 -21 -22 -23 -24 -25 -26 -27 -28 28 -30 -31
leaf_value=0.0007014522145215806 1.0261621060491762e-05 0.0013408739399473593 0.0023854552496862516 -0.0009704369963101536 -0.00081773193305455119 0.00058169611832735164 -0.00025632562113964228 -0.00067514149007331524 -0.00066144570455199431 0.00058683442857249515 0.00018199899010396727 -0.00050705349895097422 0.00052152438873247513 -0.0012770581012975155 -0.00064585494804052939 0.00045565128716073048 -0.00091662365752978126 0.0012945296593490877 -0.0001831080265313909 -0.00070031280477085101 0.0005822315583648562 0.00043092152753821945 -0.00048408357332065875 -0.0002241685646497843 0.0012310126045289539 -0.0010090812145827209 -0.00038528885424009052 0.00030462892415432808 -0.00026829992685659939 0.00086710204789570608
leaf_weight=1387 130723 1056 1037 1030 1643 1516 1735 1413 1843 1050 1021 1452 2045 1093 1334 1184 1049 1039 1813 1098 1599 1951 2028 1055 1215 1826 1174 2399 1564 1141
leaf_count=1387 130723 1056 1037 1030 1643 1516 1735 1413 1843 1050 1021 1452 2045 1093 1334 1184 1049 1039 1813 1098 1599 1951 2028 1055 1215 1826 1174 2399 1564 1141
internal_value=1.08164e-05 5.25124e-06 0.00024744 -7.01998e-05 -0.000321735 -0.000131377 0.000134459 -6.58006e-06 -0.00012061 -8.11578e-05 0.000247639 -0.000168734 -0.000345329 -0.000143511 -0.000408929 2.5384e-05 0.000147723 0.000502749 -9.40755e-05 -0.000173537 2.36678e-05 0.000135163 -0.000261037 0.000135325 0.000932387 -0.000786707 1.59827e-05 1.9451e-05 0.000254809 0.000485923
internal_weight=173513 172126 8017 6980 5924 4281 3251 164109 27108 25265 5314 19951 10447 7169 5124 9504 8091 3278 4813 4031 2933 3764 3049 2239 2265 3278 137001 135827 5104 3540
internal_count=173513 172126 8017 6980 5924 4281 3251 164109 27108 25265 5314 19951 10447 7169 5124 9504 8091 3278 4813 4031 2933 3764 3049 2239 2265 3278 137001 135827 5104 3540
is_linear=0
shrinkage=0.08


Tree=65
num_leaves=31
num_cat=0
split_feature=1 2 3 1 2 1 2 1 1 1 1 1 2 1 1 2 1 2 1 2 1 1 1 1 1 3 1 1 1 2
split_gain=0.119451 0.178933 0.063036 0.124945 0.539566 0.170689 0.139656 0.342081 0.241215 0.130246 0.20872 0.118612 0.143578 0.0895144 0.168307 0.143746 0.0892608 0.0732146 0.0676626 0.131647 0.106032 0.0681685 0.073435 0.0690345 0.0962058 0.0669801 0.069398 0.0656957 0.0655213 0.0654133
threshold=-1.5294100046157835 1.5000000000000002 1.5000000000000002 0.80408501625061046 2.5000000000000004 0.74057999253273021 2.5000000000000004 -0.27962499856948847 -0.21344000101089475 0.019539999775588516 0.093699999153614058 0.98370999097824108 1.0000000180025095e-35 -0.36128000915050501 -0.74558499455451954 1.5000000000000002 -0.11832500249147414 1.5000000000000002 0.1311450004577637 1.0000000180025095e-35 0.36044000089168554 0.75066500902175914 0.1764749959111214 0.86974501609802257 0.9266449809074403 1.0000000180025095e-35 1.3278149962425234 -0.27962499856948847 0.074754998087883009 1.0000000180025095e-35
decision_type=2 2 2 2 2 2 2 2 2 2 2 2 2 2 2 2 2 2 2 2 2 2 2 2 2 2 2 2 2 2
left_child=1 -1 11 5 -5 6 8 -8 13 16 -11 18 -13 14 17 -16 -10 -4 28 21 -21 22 -20 -23 -25 -14 -27 -15 -2 -30
right_child=2 -3 3 4 -6 -7 7 -9 9 10 -12 12 25 27 15 -17 -18 -19 19 20 -22 23 -24 24 -26 26 -28 -29 29 -31
leaf_value=0.00015109273514883888 2.9722067696533018e-05 0.0013462579518342024 -0.00023153414253736099 -0.00039021935962942734 0.0012537918070472268 0.000947981454547119 0.00047903810022519939 -0.001036241878479432 0.00016029594179043172 -0.0008434860653242721 0.00021800784933092237 2.6640096676416556e-05 0.00064185006877564611 -0.0010979735302320177 -0.00012586362157798053 0.00079031298495292222 0.00094437299161509523 -0.00088450677866367864 -0.0004545694228325938 -0.00052819277021092599 -0.00011710505961646835 -0.00047019087338697043 0.00016950826359452977 0.00057414701133714932 -0.00039028494998444394 -5.8839844692677536e-05 0.00046692105489907262 -0.00022007703898580856 0.00077336535494272867 1.6556312615594177e-05
leaf_weight=3746 46278 1020 3019 15309 1394 1208 1538 2509 1524 1316 11957 15889 4456 1199 3043 1713 2381 1728 1305 5724 13454 2891 16023 1333 1315 2829 3719 1001 1563 1373
leaf_count=3746 46278 1020 3019 15309 1394 1208 1538 2509 1524 1316 11957 15889 4456 1199 3043 1713 2381 1728 1305 5724 13454 2891 16023 1333 1315 2829 3719 1001 1563 1373
internal_value=1.19034e-05 0.000406877 7.6408e-07 -7.37219e-05 -0.000253013 1.40067e-05 -2.02572e-05 -0.000460383 4.14162e-05 0.000232247 0.000112762 3.28143e-05 0.00018047 -0.00023869 -0.000132235 0.000204122 0.000638372 -0.000469229 -1.06983e-05 -8.52253e-05 -0.000239801 4.44138e-05 0.000122508 -0.000199893 9.52089e-05 0.00040259 0.000239771 -0.000698531 5.29723e-05 0.000419449
internal_weight=173757 4766 168991 50839 16703 34136 32928 4047 28881 17178 13273 118152 26893 11703 9503 4756 3905 4747 91259 42045 19178 22867 17328 5539 2648 11004 6548 2200 49214 2936
internal_count=173757 4766 168991 50839 16703 34136 32928 4047 28881 17178 13273 118152 26893 11703 9503 4756 3905 4747 91259 42045 19178 22867 17328 5539 2648 11004 6548 2200 49214 2936
is_linear=0
shrinkage=0.08


Tree=66
num_leaves=31
num_cat=0
split_feature=2 0 0 3 0 0 0 3 0 0 0 3 2 0 0 0 3 3 0 0 2 3 2 0 0 0 0 0 0 0
split_gain=0.188418 0.590947 0.75406 0.194067 0.0516369 0.0360955 0.0831005 0.0871526 0.23411 0.0616451 0.0525172 0.0380331 0.0356631 0.0338772 0.330606 0.233906 0.192582 0.139427 0.242736 0.141787 0.164016 0.103326 0.0980408 0.108535 0.142031 0.131564 0.107566 0.106494 0.114532 0.0982888
threshold=2.5000000000000004 0.98396000266075145 3.1909749507904057 1.5000000000000002 4.6078250408172616 3.0893599987030034 3.1291050910949711 1.5000000000000002 3.5231649875640874 3.2860100269317631 3.1909749507904057 1.0000000180025095e-35 1.0000000180025095e-35 2.1422550678253178 2.1220500469207768 2.2024350166320805 1.5000000000000002 1.5000000000000002 1.5133000016212466 1.3700749874114992 1.0000000180025095e-35 1.0000000180025095e-35 1.0000000180025095e-35 2.89330005645752 2.8031849861145024 2.9763550758361821 2.7333650588989262 2.7191300392150883 2.6652600765228276 2.7744650840759282
decision_type=2 2 2 2 2 2 2 2 2 2 2 2 2 2 2 2 2 2 2 2 2 2 2 2 2 2 2 2 2 2
left_child=4 -2 3 -3 5 13 -7 10 9 -9 -8 12 -12 14 17 21 22 19 -19 20 -1 -15 27 24 26 -25 -24 28 -17 -29
right_child=1 2 -4 -5 -6 6 7 8 -10 -11 11 -13 -14 15 -16 16 -18 18 -20 -21 -22 -23 23 25 -26 -27 -28 29 -30 -31
leaf_value=1.5664382372338294e-06 0.002156442076339392 0.00046288431186754036 0.0021016501584561471 -0.00053187756122005897 -0.0005340577004123001 0.00069750048498922693 -0.00032477193886726921 0.0007380549941213069 -0.00090095191322774331 -0.00010694058513153195 0.00017520873796145639 2.2691408927349936e-05 0.00055012946225431447 -0.0011910833397739485 0.0012534097167962782 4.9872186223651767e-05 0.00025420087943193054 -0.00034732328727709412 0.00012627134008794729 -7.3630051737434701e-05 0.00037590605196900643 -0.00035000185772592182 -0.00037354775872595062 0.00086010766249882873 -0.0011737224019077164 -0.0003375218324168153 0.00045433404695202585 -0.00097176623766096382 0.0009152090115865278 -0.00013525455772155692
leaf_weight=17377 1031 1784 1034 4234 1281 1290 1477 1030 2048 1192 4935 5659 2420 1562 1306 11055 10730 18691 11004 34562 13167 2328 10047 1078 1302 1289 1116 1083 1074 5290
leaf_count=17377 1031 1784 1034 4234 1281 1290 1477 1030 2048 1192 4935 5659 2420 1562 1306 11055 10730 18691 11004 34562 13167 2328 10047 1078 1302 1289 1116 1083 1074 5290
internal_value=-9.67672e-06 0.000367464 0.000105916 -0.000236986 -2.81082e-05 -2.41589e-05 7.64072e-05 3.3701e-05 -0.000283941 0.000284754 0.000127299 0.000178606 0.000298568 -3.81561e-05 -1.07526e-05 -9.30768e-05 -4.05802e-05 -2.8168e-05 -0.000171825 3.73541e-05 0.000162938 -0.000687732 -0.000135468 -0.000288704 -0.000383007 0.000207913 -0.000290782 -1.26283e-05 0.000126496 -0.000277408
internal_weight=173476 8083 7052 6018 165393 164112 20051 18761 4270 2222 14491 13014 7355 144061 96107 47954 44064 94801 29695 65106 30544 3890 33334 14832 12465 2367 11163 18502 12129 6373
internal_count=173476 8083 7052 6018 165393 164112 20051 18761 4270 2222 14491 13014 7355 144061 96107 47954 44064 94801 29695 65106 30544 3890 33334 14832 12465 2367 11163 18502 12129 6373
is_linear=0
shrinkage=0.08


Tree=67
num_leaves=31
num_cat=0
split_feature=2 1 1 3 1 1 2 1 1 3 1 3 1 1 1 1 1 1 3 3 1 1 1 1 3 1 1 3 1 2
split_gain=0.0670677 0.736937 0.982973 0.0847079 0.0762974 0.0292859 0.0250643 0.107292 0.089785 0.180874 0.0705994 0.0858611 0.0791729 0.326006 0.259045 0.0603722 0.160916 0.149905 0.185041 0.0889986 0.224666 0.182038 0.144577 0.128381 0.0861184 0.0642415 0.0602142 0.0570953 0.0950149 0.131198
threshold=2.5000000000000004 1.045385003089905 -0.80007001757621754 1.5000000000000002 0.35153000056743627 2.7389349937438969 1.0000000180025095e-35 2.1779900789260869 1.1413550376892092 1.0000000180025095e-35 -0.85982501506805409 1.5000000000000002 -0.028874999843537804 0.22324000298976901 -0.31364999711513514 0.45170499384403234 0.49013000726699835 0.28750500082969671 1.0000000180025095e-35 1.0000000180025095e-35 0.83616501092910778 0.81485998630523693 0.97232499718666088 0.69158500432968151 1.5000000000000002 0.74057999253273021 0.60400497913360607 1.5000000000000002 1.5479999780654909 1.5000000000000002
decision_type=2 2 2 2 2 2 2 2 2 2 2 2 2 2 2 2 2 2 2 2 2 2 2 2 2 2 2 2 2 2
left_child=5 2 -2 -4 -5 6 8 15 10 -10 -1 -12 14 -14 -13 17 -17 -8 -19 20 -18 23 -23 24 26 -25 -21 -24 -29 -30
right_child=1 -3 3 4 -6 -7 7 -9 9 -11 11 12 13 -15 -16 16 19 18 -20 21 -22 22 27 25 -26 -27 -28 28 29 -31
leaf_value=-0.00014835992493392517 0.0021809509688288237 0.001961992118191059 -3.356664040009703e-05 -0.00097498889264468959 -0.0002508140351700107 -0.00037513946612862054 -4.7343824230728717e-05 0.00062322685555442651 0.00015748940800452491 -0.00040027753796090292 6.534076549881403e-05 3.1573408035384957e-05 -0.001068289979340999 0.00049369856967511816 0.0016729649399753297 0.00087814317109444835 -0.00030417640456949766 -0.0012021436941558462 -0.00020640646927335156 -2.2333631354370756e-06 0.00056408319757348703 -0.0006751111931568366 8.9274004412045544e-05 0.0011018540175196925 0.00031169390850897967 0.00034776386688987495 -0.00079041510070661149 -4.1860815212239228e-05 -0.00016747373999781236 -0.0013285831470433995
leaf_weight=7998 1019 1318 1647 2586 1455 1351 44045 1576 6879 8105 47101 1467 1074 4197 1060 1401 3079 1622 4531 1463 5012 3555 5747 1219 2714 1777 1077 5013 1533 1049
leaf_count=7998 1019 1318 1647 2586 1455 1351 44045 1576 6879 8105 47101 1467 1074 4197 1060 1401 3079 1622 4531 1463 5012 3555 5747 1219 2714 1777 1077 5013 1533 1049
internal_value=6.75136e-06 0.000232617 -0.000107224 -0.000517148 -0.000714243 -4.19117e-06 -1.14084e-06 -3.0805e-05 3.17731e-05 -0.000144212 7.36983e-05 0.000106049 0.000351933 0.000175433 0.000720087 -4.29549e-05 3.82864e-05 -9.90152e-05 -0.000468894 2.88595e-06 0.00023367 -7.13685e-05 -0.000221769 0.00023667 -1.63822e-06 0.000654585 -0.000336435 -0.000100975 -0.000244933 -0.000639203
internal_weight=173670 8025 6707 5688 4041 165645 164294 86413 77881 14984 62897 54899 7798 5271 2527 84837 34639 50198 6153 33238 8091 25147 16897 8250 5254 2996 2540 13342 7595 2582
internal_count=173670 8025 6707 5688 4041 165645 164294 86413 77881 14984 62897 54899 7798 5271 2527 84837 34639 50198 6153 33238 8091 25147 16897 8250 5254 2996 2540 13342 7595 2582
is_linear=0
shrinkage=0.08


Tree=68
num_leaves=31
num_cat=0
split_feature=1 0 0 1 1 1 1 0 1 1 0 0 0 0 1 3 1 1 3 1 3 0 1 3 0 0 0 0 1 3
split_gain=0.0560951 0.155807 0.0846393 0.0941506 0.185477 0.0765459 0.194008 0.0861217 0.159279 0.075711 0.425246 0.432744 0.357734 0.298551 0.24541 0.280796 0.196613 0.304141 0.65911 0.338146 0.281619 0.200173 0.125608 0.226804 0.104723 0.0976202 0.0910362 0.0905842 0.089777 0.256215
threshold=1.9581649899482729 3.5231649875640874 3.6810050010681157 0.1311450004577637 0.11228000000119211 0.21329500526189807 0.24243500083684924 0.81233498454093944 0.47127500176429754 -0.11832500249147414 1.7094349861145022 3.0499399900436406 1.5866000056266787 3.2603299617767338 -0.33797998726367945 1.5000000000000002 -1.4687100052833555 -0.52672499418258656 1.5000000000000002 -0.85982501506805409 1.5000000000000002 2.3160949945449834 -1.0724650025367735 1.5000000000000002 2.2024350166320805 1.2124149799346926 0.81233498454093944 0.44621498882770544 0.074754998087883009 1.5000000000000002
decision_type=2 2 2 2 2 2 2 2 2 2 2 2 2 2 2 2 2 2 2 2 2 2 2 2 2 2 2 2 2 2
left_child=2 -2 3 4 9 -5 -7 8 -8 12 27 28 14 16 22 -16 -14 18 19 24 -19 -22 23 25 -18 -1 -25 -11 29 -12
right_child=1 -3 -4 5 -6 6 7 -9 -10 10 11 -13 13 -15 15 -17 17 20 -20 -21 21 -23 -24 26 -26 -27 -28 -29 -30 -31
leaf_value=-0.00047642236841140371 0.00042474221298695943 -0.00042526007484809637 0.00027078956311593101 -0.00035434626043108833 0.0010024276389454835 0.00072830041977186405 -0.00042096983170013556 -9.9636643319254238e-05 0.0004887001049570319 0.00042316507649422304 0.00036541314079541697 -0.00090331733032994205 0.00058104869408155267 0.00095646137101167508 0.00010178541054141106 -0.0010612690060459011 0.00067138971780718391 -0.00029836371380849121 -0.0016791101462038656 -0.00074069334728276608 9.5003042016526649e-05 0.0014332220136425414 0.00042795061418299675 0.00021750315633496274 -0.00019185512790418621 0.00031669744393843349 0.0011521474011233616 -0.00037551672445763819 0.0014076475852966839 0.0015495573684075295
leaf_weight=3871 5624 1829 6678 5909 1278 1969 1753 72476 4144 1061 4662 1115 1546 1289 4080 1970 2041 8895 2940 4592 1932 1136 15405 1511 1608 1336 1194 6337 1241 1561
leaf_count=3871 5624 1829 6678 5909 1278 1969 1753 72476 4144 1061 4662 1115 1546 1289 4080 1970 2041 8895 2940 4592 1932 1136 15405 1511 1608 1336 1194 6337 1241 1561
internal_value=1.4521e-06 0.000216148 -8.21459e-06 -1.99437e-05 4.71862e-05 -7.64497e-05 -5.60109e-05 -7.57155e-05 0.000218283 3.00697e-05 0.000183478 0.000566745 -1.42155e-05 -0.00023046 0.000177081 -0.000276928 -0.000292426 -0.000350774 -0.000650751 -0.000283881 -7.04053e-05 0.00059051 0.000294882 3.57922e-05 0.000290985 -0.000272926 0.00063006 -0.000260972 0.000786349 0.000662448
internal_weight=172983 7453 165530 158852 72601 86251 80342 78373 5897 71323 15977 8579 55346 25979 29367 6050 24690 23144 11181 8241 11963 3068 23317 7912 3649 5207 2705 7398 7464 6223
internal_count=172983 7453 165530 158852 72601 86251 80342 78373 5897 71323 15977 8579 55346 25979 29367 6050 24690 23144 11181 8241 11963 3068 23317 7912 3649 5207 2705 7398 7464 6223
is_linear=0
shrinkage=0.08


Tree=69
num_leaves=31
num_cat=0
split_feature=1 0 1 1 1 1 0 0 0 1 1 3 0 1 1 1 0 1 1 1 1 1 1 0 1 0 1 1 0 1
split_gain=0.0950651 0.104714 0.228099 0.222575 0.141629 0.118095 0.107367 0.0861544 0.142508 0.0900516 0.155023 0.0741198 0.470131 1.3579 1.17678 0.293486 0.263572 0.249191 0.270422 0.229266 0.287718 0.349994 0.227068 0.211981 0.195922 0.182016 0.373087 0.346745 0.270197 0.259681
threshold=-1.7719500064849851 3.0893599987030034 -0.61645501852035511 0.73100998997688305 2.4334700107574467 2.0613700151443486 2.9250850677490239 3.8358099460601811 3.1909749507904057 -0.068089999258518205 0.52738499641418468 1.5000000000000002 2.0252099037170415 -0.66405999660491932 1.260689973831177 -0.66405999660491932 1.480324983596802 -0.90105998516082753 1.3454400300979616 0.67176499962806713 0.11228000000119211 -0.26815499365329737 0.36897499859333044 1.5235149860382082 -1.0451250076293943 1.4368649721145632 0.73100998997688305 0.79280999302864086 0.12533500045537951 -0.32600499689579004
decision_type=2 2 2 2 2 2 2 2 2 2 2 2 2 2 2 2 2 2 2 2 2 2 2 2 2 2 2 2 2 2
left_child=-1 5 -3 7 -5 6 11 8 -4 -10 -11 16 15 -14 19 23 24 -18 -19 20 21 -15 -22 -13 -2 26 28 29 -17 -27
right_child=1 2 3 4 -6 -7 -8 -9 9 10 -12 12 13 14 -16 25 17 18 -20 -21 22 -23 -24 -25 -26 27 -28 -29 -30 -31
leaf_value=0.00046635718004772226 -0.00034508794349968837 0.0013000821935595047 0.00031688483059510953 0.00039782970278560233 -0.00048260710960509954 0.00042023755454386217 -0.00038277034034218623 0.00026131283339250175 1.7380434911204987e-05 -0.0010834607044923684 2.6052481037281132e-05 0.00050302051284665692 -0.0023304644946034415 0.001641789211034834 -0.0010496845644057283 0.00023407723720350344 0.00051814823534812842 -0.00019157897047668328 0.00037051512320038265 0.00036182910548652022 0.0024466046733367251 -4.6571294879875867e-05 0.0011163652026479765 -0.00068035820438911549 0.0002551737179778809 -0.00093111098310943107 8.7307679765350342e-05 -0.00082757587231083217 -0.0010073595335035931 0.00039885370079693834
leaf_weight=2728 3932 1055 1557 11398 1303 3576 5787 1862 1306 2694 1150 4214 1169 1338 2436 1282 4029 52054 6122 3214 1482 1904 1842 1258 30274 1131 3669 3309 8993 5552
leaf_count=2728 3932 1055 1557 11398 1303 3576 5787 1862 1306 2694 1150 4214 1169 1338 2436 1282 4029 52054 6122 3214 1482 1904 1842 1258 30274 1131 3669 3309 8993 5552
internal_value=-2.17493e-06 -9.65424e-06 0.000151892 9.4941e-05 0.000307505 -3.39296e-05 -4.5131e-05 -0.000220123 -0.000353779 -0.000556541 -0.00075153 -3.10946e-05 -0.000118716 0.000274324 0.000523587 -0.000297607 7.79687e-06 -9.02908e-05 -0.000132428 0.000915457 0.00118645 0.000650229 0.00170945 0.000230965 0.000186173 -0.000418444 -0.00060519 -0.000157836 -0.000852467 0.000173777
internal_weight=173620 170892 22325 21270 12701 148567 144991 8569 6707 5150 3844 139204 42793 13385 12216 29408 96411 62205 58176 9780 6566 3242 3324 5472 34206 23936 13944 9992 10275 6683
internal_count=173620 170892 22325 21270 12701 148567 144991 8569 6707 5150 3844 139204 42793 13385 12216 29408 96411 62205 58176 9780 6566 3242 3324 5472 34206 23936 13944 9992 10275 6683
is_linear=0
shrinkage=0.08


Tree=70
num_leaves=31
num_cat=0
split_feature=1 1 2 2 3 1 1 1 1 1 1 1 1 1 1 1 1 1 3 1 1 1 1 1 1 1 1 1 1 1
split_gain=0.071062 0.0633864 0.101133 0.0752514 0.0800395 0.450347 0.252992 0.185943 0.140855 0.129454 0.189767 0.0831783 0.0830461 0.0823372 0.239307 0.149462 0.203944 0.138741 0.0606249 0.0601779 0.212844 0.116667 0.0580018 0.0523051 0.0713495 0.0500162 0.108933 0.0478467 0.0470552 0.0914322
threshold=-2.0718749761581416 1.9158399701118471 1.0000000180025095e-35 1.5000000000000002 1.5000000000000002 0.69158500432968151 1.1847050189971926 1.4600299596786501 -0.51241999864578236 -1.1028450131416319 -0.71177497506141651 0.94935500621795665 1.1275949478149416 0.67176499962806713 0.52738499641418468 0.36044000089168554 0.19507999718189242 0.028575000353157524 1.0000000180025095e-35 0.48114499449729925 0.44207499921321874 0.41523499786853796 -1.0451250076293943 0.1311450004577637 -0.18072500079870221 0.56521499156951915 0.5845799744129182 0.30545499920845037 -0.31364999711513514 -0.10785499960184096
decision_type=2 2 2 2 2 2 2 2 2 2 2 2 2 2 2 2 2 2 2 2 2 2 2 2 2 2 2 2 2 2
left_child=-1 3 18 19 5 8 9 -8 22 -6 -11 13 -7 14 15 16 17 28 -3 20 21 -2 -5 24 -10 -21 -27 -25 -12 -30
right_child=1 2 -4 4 6 12 7 -9 23 10 11 -13 -14 -15 -16 -17 -18 -19 -20 25 -22 -23 -24 27 -26 26 -28 -29 29 -31
leaf_value=0.00058087618031146164 5.3400379728996996e-05 0.00028947281428457009 0.00050279543667882472 -0.00024820510593379384 0.00063393794840415501 0.00043801703655970656 -0.0016751168102444325 -0.00028603690476499332 -0.00059495762805971829 -0.00099419851787762594 0.00019929619274425403 0.00049249662858589247 0.0011953993702568865 -0.00061354298067271438 0.0010238028505576019 -0.00093575974923487877 0.00081212704627171188 -0.0009120541517531795 -0.00032916491967184005 -0.00029303291512048881 0.00084709520988082059 -0.0006373121054712601 0.00050500293477253374 -0.0010995550415357097 0.00010021738255117416 0.00075036289179272254 -4.3517123042695123e-05 -0.00045838783218777305 -0.00066580667091654044 0.00024798631801812399
leaf_weight=1356 73758 1790 4021 1029 1368 2054 1230 1237 1800 1633 2575 1440 1688 2051 1163 1463 1426 1526 2338 4902 2144 1599 1797 1088 1989 1133 46742 2362 1627 1231
leaf_count=1356 73758 1790 4021 1029 1368 2054 1230 1237 1800 1633 2575 1440 1688 2051 1163 1463 1426 1526 2338 4902 2144 1599 1797 1088 1989 1133 46742 2362 1627 1231
internal_value=4.0094e-06 -5.33064e-07 0.000217243 -1.13505e-05 -0.000117759 3.03461e-05 -0.000220158 -0.000978606 -0.00024824 -0.000113256 -0.000176607 -8.45418e-05 0.000779669 -0.000148157 -6.14698e-05 -0.000189635 -5.94526e-05 -0.000238052 -6.09087e-05 1.6238e-05 6.11065e-05 3.87442e-05 0.000230746 -0.000435229 -0.000230032 -4.96497e-05 -2.47293e-05 -0.000660588 -4.87408e-05 -0.000272217
internal_weight=173560 172204 8149 164055 33777 13807 19970 2467 10065 17503 16135 14502 3742 13062 11011 9848 8385 6959 4128 130278 77501 75357 2826 7239 3789 52777 47875 3450 5433 2858
internal_count=173560 172204 8149 164055 33777 13807 19970 2467 10065 17503 16135 14502 3742 13062 11011 9848 8385 6959 4128 130278 77501 75357 2826 7239 3789 52777 47875 3450 5433 2858
is_linear=0
shrinkage=0.08


Tree=71
num_leaves=31
num_cat=0
split_feature=1 1 2 1 2 1 3 2 1 2 1 3 1 3 3 1 1 3 1 1 1 2 1 1 2 3 1 1 1 2
split_gain=0.0438721 0.0634568 0.0656855 0.0332774 0.128004 0.113253 0.202725 0.112786 0.0576465 0.0557865 0.136818 0.0936082 0.0741069 0.160156 0.109462 0.0896228 0.0740016 0.136731 0.0679296 0.058943 0.062424 0.0577055 0.0778922 0.12338 0.052515 0.0586177 0.0446822 0.0445597 0.0613945 0.0421148
threshold=2.7389349937438969 2.1160200834274296 1.0000000180025095e-35 -0.57034999132156361 2.5000000000000004 -0.94585502147674549 1.5000000000000002 1.5000000000000002 -0.72840499877929676 1.0000000180025095e-35 1.2774500250816347 1.5000000000000002 1.2145199775695803 1.0000000180025095e-35 1.0000000180025095e-35 -0.42088499665260309 -0.018724999390542504 1.5000000000000002 0.11228000000119211 0.67176499962806713 1.0320950150489809 2.5000000000000004 0.084465000778436675 0.61321499943733226 1.0000000180025095e-35 1.0000000180025095e-35 -0.23541500419378278 -0.47219999134540552 -0.12855999916791913 1.5000000000000002
decision_type=2 2 2 2 2 2 2 2 2 2 2 2 2 2 2 2 2 2 2 2 2 2 2 2 2 2 2 2 2 2
left_child=1 3 -3 4 5 6 24 -7 -9 12 21 29 13 27 -14 -15 17 -17 -18 -20 -21 -11 26 -24 25 -1 -23 -5 -29 -12
right_child=-2 2 -4 9 -6 7 -8 8 -10 10 11 -13 14 15 -16 16 18 -19 19 20 -22 22 23 -25 -26 -27 -28 28 -30 -31
leaf_value=0.0001080517435305026 -0.00045563950907972865 -1.0893060468195699e-05 0.00062773720670001351 0.00043504176038207821 0.00077429718820471588 8.855797617290866e-05 -0.00058080434170084154 0.00032093681476932343 0.0010992410514868815 -9.1490860106143853e-05 0.00029984732368358948 -5.592586051684565e-05 0.00011233376665776625 -0.00037690314685855325 -0.00038702092360144925 0.00025916362019896773 -0.00027250788289339268 0.0011634299921485316 0.00036828599692700789 -8.4731403802191092e-05 0.0004274992357452654 -0.00037066398980700738 -0.0010368714124277083 -8.5500330015415011e-05 0.00026179231844542124 -0.00041325426562241452 0.00036047424200283537 -0.00034493676385540016 -2.7417537307199183e-05 0.00081868591466231083
leaf_weight=3530 1368 2056 2067 1088 1556 11257 4377 1291 1153 59156 4207 4944 5249 1532 6045 3698 1910 1506 9061 5248 2145 1001 1864 1640 4808 2267 1149 4813 20486 1314
leaf_count=3530 1368 2056 2067 1088 1556 11257 4377 1291 1153 59156 4207 4944 5249 1532 6045 3698 1910 1506 9061 5248 2145 1001 1864 1640 4808 2267 1149 4813 20486 1314
internal_value=-4.38135e-06 -8.00974e-07 0.000309274 -8.39739e-06 6.7613e-05 2.92767e-05 -0.000122741 0.000195508 0.000688116 -2.50463e-05 -7.14888e-05 0.000196915 3.06387e-05 7.13468e-05 -0.000154941 0.000216014 0.000254556 0.000520852 0.000179093 0.000231515 6.38868e-05 -0.000114828 -0.000359002 -0.000591595 6.63152e-05 -9.58124e-05 2.00699e-05 -6.62649e-05 -8.78239e-05 0.000423331
internal_weight=173786 172418 4123 168295 30239 28683 14982 13701 2444 138056 75275 10465 62781 51487 11294 25100 23568 5204 18364 16454 7393 64810 5654 3504 10605 5797 2150 26387 25299 5521
internal_count=173786 172418 4123 168295 30239 28683 14982 13701 2444 138056 75275 10465 62781 51487 11294 25100 23568 5204 18364 16454 7393 64810 5654 3504 10605 5797 2150 26387 25299 5521
is_linear=0
shrinkage=0.08


Tree=72
num_leaves=31
num_cat=0
split_feature=1 0 0 2 1 1 2 0 0 1 2 1 2 0 2 0 0 1 1 0 1 1 1 0 0 0 1 0 0 0
split_gain=0.0781246 0.19844 0.24825 0.636519 0.244425 0.288333 0.583277 0.277816 0.160424 0.161471 0.118543 0.0801901 0.402093 0.239563 0.175757 0.148605 0.189486 0.524035 0.204707 0.163531 0.13448 0.0969603 0.253274 0.136875 0.0964382 0.108285 0.0946357 0.0863801 0.0831663 0.320049
threshold=-0.26815499365329737 3.2603299617767338 1.7881450057029726 2.5000000000000004 -0.64735502004623402 -1.0188499689102171 1.5000000000000002 2.264339923858643 2.4253449440002446 -0.38529999554157252 1.0000000180025095e-35 1.1133450269699099 2.5000000000000004 1.7588150501251223 2.5000000000000004 2.9250850677490239 1.9360400438308718 0.90371501445770275 0.89258000254631054 1.9760749936103823 0.89258000254631054 0.39616499841213232 0.084465000778436675 2.2850199937820439 2.7744650840759282 4.4122900962829599 0.97232499718666088 1.6180050373077395 2.832994937896729 2.7744650840759282
decision_type=2 2 2 2 2 2 2 2 2 2 2 2 2 2 2 2 2 2 2 2 2 2 2 2 2 2 2 2 2 2
left_child=1 2 3 -1 5 -4 -7 10 -9 -10 -6 14 13 -13 15 16 18 19 -2 -18 -17 22 -16 -23 -15 -26 -19 -20 29 -21
right_child=11 -3 4 -5 7 6 -8 8 9 -11 -12 12 -14 24 21 20 17 26 27 28 -22 23 -24 -25 25 -27 -28 -29 -30 -31
leaf_value=8.2389004459826578e-05 -0.00020203852809937351 0.00091768119226489785 -1.2701641344350207e-05 0.0018711577996582275 0.00012182951262830463 -0.00046565027334698357 -0.0026415379032985 0.0014095187974017449 -0.00019111131043751824 0.001011594851149476 -0.00079325754627048773 0.00039967423838049637 0.0014657845674139703 -0.00028073853149393729 -0.00015332992982096039 -0.00044078236668891791 0.0011079336343025083 -0.0011884040974879683 0.00060985669603673962 0.00022733239941256223 0.00020942003104586936 -0.00085435228781308983 -0.0018025405440613203 0.00045960415452176221 0.00010834675547559787 -0.00070518190666878978 -0.00041775288483246833 -0.00013155095190489833 0.00072336600629550071 -0.0011119479695017094
leaf_weight=27916 38785 1655 3651 1334 1558 3373 1029 1028 1928 1135 2165 7081 1224 12822 1250 11062 1335 1578 3048 23233 2495 1000 1139 1030 11213 1155 2883 1501 1811 1201
leaf_count=27916 38785 1655 3651 1334 1558 3373 1029 1028 1928 1135 2165 7081 1224 12822 1250 11062 1335 1578 3048 23233 2495 1000 1139 1030 11213 1155 2883 1501 1811 1201
internal_value=-3.10593e-05 5.73162e-05 2.5756e-05 0.000163969 -0.000229033 -0.000538328 -0.00097428 8.97224e-05 0.000544777 0.000254554 -0.000410312 -6.36461e-05 4.25434e-05 -1.14384e-05 -0.000101748 -7.72784e-05 -3.34208e-05 0.000114091 -0.00014249 0.000244209 -0.000321121 -0.000594188 -0.000939622 -0.000187665 -0.000127004 3.23744e-05 -0.000690357 0.00036522 0.000200274 0.000161503
internal_weight=173618 46772 45117 29250 15867 8053 4402 7814 4091 3063 3723 126846 33495 32271 93351 88932 75375 32041 43334 27580 13557 4419 2389 2030 25190 12368 4461 4549 26245 24434
internal_count=173618 46772 45117 29250 15867 8053 4402 7814 4091 3063 3723 126846 33495 32271 93351 88932 75375 32041 43334 27580 13557 4419 2389 2030 25190 12368 4461 4549 26245 24434
is_linear=0
shrinkage=0.08


Tree=73
num_leaves=31
num_cat=0
split_feature=2 1 1 1 1 1 2 1 1 1 1 1 1 1 1 1 1 1 1 1 1 1 3 1 1 2 3 1 1 1
split_gain=0.0906576 0.383564 0.188898 0.155371 0.076579 0.244569 0.0404143 0.0821904 0.112402 0.111124 0.0971526 0.0722355 0.123497 0.101908 0.0957794 0.146312 0.0979941 0.0875075 0.0854888 0.0355883 0.0659754 0.0325414 0.0603306 0.264503 0.0703105 0.0621927 0.0457763 0.19106 0.137539 0.11034
threshold=2.5000000000000004 1.2145199775695803 0.084465000778436675 0.39616499841213232 -0.80007001757621754 -0.36128000915050501 1.5000000000000002 -1.200545012950897 -0.60052499175071705 -0.74558499455451954 -0.92320501804351796 -0.25736001133918757 -0.16035499423742292 0.084465000778436675 0.20420999825000766 0.29658000171184545 1.6479300260543825 1.3278149962425234 0.38706000149250036 -0.36128000915050501 -0.47219999134540552 0.76105999946594249 1.0000000180025095e-35 0.88093999028205883 0.80408501625061046 1.0000000180025095e-35 1.0000000180025095e-35 -0.16035499423742292 -0.20219499617815015 -0.11832500249147414
decision_type=2 2 2 2 2 2 2 2 2 2 2 2 2 2 2 2 2 2 2 2 2 2 2 2 2 2 2 2 2 2
left_child=6 2 4 -4 -2 -6 21 -8 9 10 -9 19 -13 -14 -15 -16 17 18 -17 20 -10 26 23 -23 -24 -25 28 -28 -1 -30
right_child=1 -3 3 -5 5 -7 7 8 11 -11 -12 12 13 14 15 16 -18 -19 -20 -21 -22 22 24 25 -26 -27 27 -29 29 -31
leaf_value=0.00015021356858059762 0.0010534192683834169 0.001737764622347108 -0.0011413079542822913 1.598821477480933e-05 -0.00069665043652040125 0.00088455378661070989 -0.00065076141152862891 0.00056902888859072581 -0.00072500572766458151 0.001063912092858207 -0.00048681850719350505 0.00079546205723458766 -0.00055836200082686122 0.00059487435178863903 -0.00099716924717386233 0.00066951083096127007 -0.00056623447556442062 0.00065842834398229921 -9.8406821469595871e-05 -0.00086025908827930156 0.00017314161595691601 -0.00070117514736289983 0.00046716110064738052 9.8718945898160958e-05 -0.00014432095712922034 0.00046117162239629078 -7.8377918152412117e-05 0.00022634118748406884 -0.00073520078544207735 -9.5813140636045235e-05
leaf_weight=17320 1019 1003 1112 2234 1063 1523 1578 1165 1073 1042 1070 1018 2753 1425 1060 1039 1805 1409 8670 1035 1022 2403 1263 10408 25530 4274 23609 29780 1877 21669
leaf_count=17320 1019 1003 1112 2234 1063 1523 1578 1165 1073 1042 1070 1018 2753 1425 1060 1039 1805 1409 8670 1035 1022 2403 1263 10408 25530 4274 23609 29780 1877 21669
internal_value=1.14752e-05 0.000275287 6.42574e-05 -0.000368624 0.000466039 0.000234585 -1.21931e-06 -9.04218e-05 -5.58632e-05 0.000381635 6.35449e-05 -0.000120128 -6.19733e-05 -0.000110036 -2.99323e-05 -9.3606e-05 -1.94918e-05 6.92715e-05 -1.62288e-05 -0.000476469 -0.000286864 1.63225e-05 -4.05875e-05 7.68856e-05 -0.000115496 0.000204231 4.28154e-05 9.15922e-05 -2.09085e-05 -0.000146783
internal_weight=173251 7954 6951 3346 3605 2586 165297 27164 25586 3277 2235 22309 19179 18161 15408 13983 12923 11118 9709 3130 2095 138133 43878 17085 26793 14682 94255 53389 40866 23546
internal_count=173251 7954 6951 3346 3605 2586 165297 27164 25586 3277 2235 22309 19179 18161 15408 13983 12923 11118 9709 3130 2095 138133 43878 17085 26793 14682 94255 53389 40866 23546
is_linear=0
shrinkage=0.08


Tree=74
num_leaves=31
num_cat=0
split_feature=0 1 1 0 0 3 1 0 0 1 0 1 1 0 0 0 1 1 1 0 0 1 0 0 0 1 1 1 0 0
split_gain=0.0846389 0.114934 0.133477 0.164514 0.188607 0.129115 0.331492 1.26068 0.293217 0.189694 0.29127 0.175124 0.145851 0.143795 0.130057 0.114393 0.141063 0.242206 0.149174 0.119159 0.171142 0.101805 0.808725 0.375525 0.322242 0.244456 0.226387 0.1532 0.268464 0.335067
threshold=3.0893599987030034 0.1311450004577637 0.21329500526189807 2.2127549648284917 1.5758699774742129 1.5000000000000002 0.67176499962806713 1.7782750129699709 0.77140498161315929 1.2774500250816347 1.3134100437164309 0.53630501031875621 2.0613700151443486 2.8481400012969975 2.9763550758361821 3.1291050910949711 0.53630501031875621 -0.61645501852035511 2.4334700107574467 3.2356851100921635 3.4893649816513066 -0.11832500249147414 1.7985249757766726 2.0148200988769536 1.5559799671173098 -0.087294999510049806 -1.0188499689102171 -0.66405999660491932 2.264339923858643 2.4139449596405034
decision_type=2 2 2 2 2 2 2 2 2 2 2 2 2 2 2 2 2 2 2 2 2 2 2 2 2 2 2 2 2 2
left_child=1 21 3 4 -3 9 7 -7 -8 10 11 -4 13 -10 -12 -2 17 -17 -18 -19 -21 24 25 -24 -1 -23 -26 -28 -29 -30
right_child=15 2 5 -5 -6 6 8 -9 12 -11 14 -13 -14 -15 -16 16 18 19 -20 20 -22 22 23 -25 26 -27 27 28 29 -31
leaf_value=0.00013486417981872019 0.00080590876098824414 -0.00071125954621953065 -0.00010403760971460187 -0.0012035254215403972 0.0004120601675776705 -0.00078332384929476976 0.0006150423895550758 0.001154695802549933 -0.00075221272816974958 0.00025173426326335148 -0.00019090516228895631 0.00064597945235704318 0.00018209315778568407 0.00019592820303893132 -0.00098211056918258411 0.00088716581050190819 0.00028317024538281581 0.00029508210729616176 -0.00062575434537936862 -0.0011787306768995143 -0.00022116720799917719 0.00080743994516716097 0.0018700375369904462 0.00049355602743072666 0.00024291016942789442 -0.00049748730274961164 -0.00074801179204837072 -0.00052371247876266121 0.0011971708524026144 -0.0001799133912733721
leaf_weight=28680 1367 2265 3587 1581 1656 4504 1433 4107 11796 11490 30620 4482 1428 1121 1390 1052 12631 1187 1272 1964 3049 1043 1614 5925 4662 7714 5235 8865 1517 4442
leaf_count=28680 1367 2265 3587 1581 1656 4504 1433 4107 11796 11490 30620 4482 1428 1121 1390 1052 12631 1187 1272 1964 3049 1043 1614 5925 4662 7714 5235 8865 1517 4442
internal_value=-4.80363e-05 -6.95934e-05 -0.000134119 -0.000514614 -0.000236835 -0.000106558 -0.000258224 0.000141011 -0.000476111 -3.48296e-05 -0.000116983 0.000312566 -0.000585112 -0.000669928 -0.000225262 9.66449e-05 5.08135e-05 -0.000235219 0.000200012 -0.000425662 -0.000596323 5.82284e-06 0.000180848 0.000788242 -4.75884e-05 -0.000342064 -0.00025926 -0.000375972 -0.000244588 0.000170655
internal_weight=173679 151157 81460 5502 3921 75958 24389 8611 15778 51569 40079 8069 14345 12917 32010 22522 21155 7252 13903 6200 5013 69697 16296 7539 53401 8757 24721 20059 14824 5959
internal_count=173679 151157 81460 5502 3921 75958 24389 8611 15778 51569 40079 8069 14345 12917 32010 22522 21155 7252 13903 6200 5013 69697 16296 7539 53401 8757 24721 20059 14824 5959
is_linear=0
shrinkage=0.08


Tree=75
num_leaves=31
num_cat=0
split_feature=0 2 0 2 0 2 0 2 0 2 0 3 3 0 0 0 0 0 3 0 0 0 3 0 0 0 0 0 3 0
split_gain=0.05499 0.364667 0.0939372 0.0812337 0.125755 0.0571767 0.0503155 0.066756 0.292603 0.279375 0.232695 0.146303 0.117937 0.0922279 0.0917992 0.225709 0.0786987 0.185691 0.0797593 0.0711354 0.195811 0.126313 0.0690321 0.219408 0.0895785 0.136111 0.0712093 0.112313 0.0549069 0.0491908
threshold=3.0695700645446782 2.5000000000000004 2.9250850677490239 1.5000000000000002 3.4565649032592778 1.0000000180025095e-35 2.89330005645752 1.0000000180025095e-35 1.0012049674987795 2.5000000000000004 1.0316050052642824 1.5000000000000002 1.5000000000000002 2.832994937896729 2.5516149997711186 2.5047099590301518 2.7744650840759282 2.589789986610413 1.5000000000000002 2.5516149997711186 2.5168900489807133 2.4253449440002446 1.5000000000000002 2.1724550724029545 2.3265800476074223 2.264339923858643 2.4030599594116215 2.4588849544525151 1.0000000180025095e-35 1.906114995479584
decision_type=2 2 2 2 2 2 2 2 2 2 2 2 2 2 2 2 2 2 2 2 2 2 2 2 2 2 2 2 2 2
left_child=2 3 6 -2 -5 -4 7 10 9 12 11 -1 -9 14 15 22 17 19 28 20 21 -10 24 29 25 -12 -26 -28 -19 -24
right_child=1 -3 5 4 -6 -7 -8 8 16 -11 13 -13 -14 -15 -16 -17 -18 18 -20 -21 -22 -23 23 -25 26 -27 27 -29 -30 -31
leaf_value=-7.4351217600008535e-05 0.00012809768776490663 0.0014705149164626085 -3.9335322134221819e-05 0.00021153819627026154 -0.00072796422720896887 -0.00055722033141129346 0.00049503954025841273 0.00039437163381182683 -0.00011899727595195821 0.0015290346035616849 0.00010850957299472891 -0.00068231000114729763 -5.6068250436080035e-05 0.00083095536254392866 -0.00014753540652260387 0.0012470092396415714 -0.00052060376291273767 0.0004944430259136676 0.00076492873650665081 -0.00076016810534439323 0.00092281069130944679 -0.00065523481202998826 0.00028575416828631825 0.0013368592708576472 -0.00061383261380570193 0.00085842144104370151 0.0005285737314090045 -0.00055925027347823188 -0.00017311287779666159 -0.00031649265366670012
leaf_weight=10722 18314 1238 2499 1726 1933 3005 1382 7734 49399 1048 29450 3317 7168 1242 6487 1222 2950 1392 1950 1161 1113 2981 3943 1250 1863 1635 1358 1099 1819 1113
leaf_count=10722 18314 1238 2499 1726 1933 3005 1382 7734 49399 1048 29450 3317 7168 1242 6487 1222 2950 1392 1950 1161 1113 2981 3943 1250 1863 1635 1358 1099 1819 1113
internal_value=2.00059e-05 0.00013461 2.3076e-06 5.93429e-05 -0.000284788 -0.000322083 1.46382e-05 1.00089e-05 -3.94749e-05 0.000266495 7.02107e-05 -0.000217994 0.000177706 0.000150075 0.000132964 0.000175346 -0.000117229 -9.73349e-05 0.000361361 -0.00014065 -0.000127204 -0.000149515 0.00014395 0.000387813 0.000100515 0.000147953 -0.000240829 4.19972e-05 0.000116279 0.000153179
internal_weight=173513 23211 150302 21973 3659 5504 144798 143416 78715 15950 64701 14039 14902 50662 49420 42933 62765 59815 5161 54654 53493 52380 41711 6306 35405 31085 4320 2457 3211 5056
internal_count=173513 23211 150302 21973 3659 5504 144798 143416 78715 15950 64701 14039 14902 50662 49420 42933 62765 59815 5161 54654 53493 52380 41711 6306 35405 31085 4320 2457 3211 5056
is_linear=0
shrinkage=0.08


Tree=76
num_leaves=31
num_cat=0
split_feature=0 2 1 1 0 1 1 0 2 1 1 1 1 2 1 0 1 2 0 1 1 2 1 2 1 0 2 1 1 0
split_gain=0.0318681 0.318398 0.182483 0.176311 0.0945138 0.1183 0.253368 0.0915063 0.119297 0.097955 0.184118 0.0902292 0.0650294 0.11911 0.0994268 0.370521 0.160862 0.160281 0.106403 0.632869 0.264961 0.446811 0.257222 0.286746 0.2219 0.166799 0.181219 0.463756 0.0982521 0.138285
threshold=3.0893599987030034 2.5000000000000004 -0.61645501852035511 0.14018500596284869 2.9941799640655522 0.29658000171184545 0.96055999398231517 3.3672550916671757 1.5000000000000002 0.49013000726699835 0.81485998630523693 -0.028874999843537804 2.2488250732421879 1.0000000180025095e-35 0.88093999028205883 1.877609968185425 1.3811399936676028 1.0000000180025095e-35 1.8865550160408022 -0.49901999533176417 -0.057725001126527779 2.5000000000000004 -1.0724650025367735 1.0000000180025095e-35 -0.63187497854232777 2.7885200977325444 1.0000000180025095e-35 0.41523499786853796 0.41523499786853796 1.199805021286011
decision_type=2 2 2 2 2 2 2 2 2 2 2 2 2 2 2 2 2 2 2 2 2 2 2 2 2 2 2 2 2 2
left_child=4 2 -2 11 12 -6 -7 9 -9 -5 -11 -4 14 -14 18 -16 17 -17 20 22 21 -1 -20 -24 -25 -21 -27 -28 -22 -30
right_child=1 -3 3 7 5 6 -8 8 -10 10 -12 -13 13 -15 15 16 -18 -19 19 25 28 -23 23 24 -26 26 27 -29 29 -31
leaf_value=3.1464778075553059e-05 0.0010227888445834691 0.0013377085135211323 -0.00029502838665159818 0.0010135186393120793 0.00022720368868677537 -0.0016911851821973124 5.0884929438995973e-06 3.6438969168884319e-05 -0.00067699759992009519 -0.00072804483140262682 0.00043257972504299992 -0.0011889513697256602 -0.00017820016825200499 0.0010119055518268904 0.00018777000737795366 -0.00024395451947664858 -9.7779518514965963e-05 -0.00085895873181846786 0.00016508607719460105 0.00032336113046345599 -0.00035053157309997872 0.0013358414422369295 -0.00015226922977065375 -0.0017061962571986757 -0.00034804173396578479 0.00036982018200652951 -0.0015287208494509719 0.00068488756090202829 0.00024860737367079686 -0.00027218236601646853
leaf_weight=36873 1072 1214 2257 1044 1130 1043 1226 9180 1793 1144 3717 1063 1068 1085 12632 5088 7908 5808 2591 31410 17220 1761 2612 2346 1146 2020 1520 1007 5459 8112
leaf_count=36873 1072 1214 2257 1044 1130 1043 1226 9180 1793 1144 3717 1063 1068 1085 12632 5088 7908 5808 2591 31410 17220 1761 2612 2346 1146 2020 1520 1007 5459 8112
internal_value=-1.12726e-05 7.75865e-05 5.66419e-06 -4.83193e-05 -2.44981e-05 -0.000441579 -0.000774644 5.65104e-05 -8.01373e-05 0.000310437 0.000159435 -0.000581245 -1.48977e-05 0.000421551 -2.13553e-05 -0.000147328 -0.000372437 -0.000571776 1.33587e-05 0.000109698 -4.8604e-05 9.09204e-05 -0.00050277 -0.000786258 -0.00126048 0.000257803 -0.00019506 -0.000646606 -0.000223668 -6.26922e-05
internal_weight=173549 22484 21270 20198 151065 3399 2269 16878 10973 5905 4861 3320 147666 2153 145513 31436 18804 10896 114077 44652 69425 38634 8695 6104 3492 35957 4547 2527 30791 13571
internal_count=173549 22484 21270 20198 151065 3399 2269 16878 10973 5905 4861 3320 147666 2153 145513 31436 18804 10896 114077 44652 69425 38634 8695 6104 3492 35957 4547 2527 30791 13571
is_linear=0
shrinkage=0.08


Tree=77
num_leaves=31
num_cat=0
split_feature=1 0 0 3 1 0 1 1 1 0 3 0 3 0 0 1 1 3 3 0 3 0 3 1 0 0 1 0 1 1
split_gain=0.0585925 0.104073 0.0735434 0.0872703 0.0963026 0.0458947 0.074277 0.0451808 0.0410959 0.0860354 0.283949 0.110714 0.101859 0.124233 0.0856704 0.0812575 0.060167 0.0580611 0.0527583 0.0452367 0.211557 0.237048 0.210432 0.718975 0.686541 0.205484 0.196532 0.17233 0.338617 0.166158
threshold=1.9158399701118471 3.4565649032592778 3.6810050010681157 1.5000000000000002 1.0854049921035769 -0.2634150087833404 -0.92320501804351796 0.41523499786853796 -0.7817150056362151 1.7881450057029726 1.5000000000000002 1.6585550308227541 1.5000000000000002 1.3134100437164309 1.199805021286011 -0.90105998516082753 -0.96863502264022816 1.0000000180025095e-35 1.0000000180025095e-35 2.1724550724029545 1.5000000000000002 1.2762950062751772 1.5000000000000002 1.1275949478149416 3.1909749507904057 3.0499399900436406 0.94935500621795665 1.9664199948310854 0.66246500611305248 0.093699999153614058
decision_type=2 2 2 2 2 2 2 2 2 2 2 2 2 2 2 2 2 2 2 2 2 2 2 2 2 2 2 2 2 2
left_child=2 -2 5 4 7 6 -1 -4 9 11 16 12 13 15 -14 -7 17 -11 -15 20 21 -10 -21 24 -24 -25 -23 -22 29 -29
right_child=1 -3 3 -5 -6 8 -8 -9 19 10 -12 -13 14 18 -16 -17 -18 -19 -20 22 27 26 23 25 -26 -27 -28 28 -30 -31
leaf_value=-0.00023242821615693555 0.00038250591827166655 -0.00026881684020042194 4.0497385970876532e-05 0.00075561512480510154 -0.00038023123846463776 -0.00033449444866275464 0.00062102068473371191 0.00064484061442428786 0.00023723873839092438 0.00068958965388174812 -0.0010113092619483054 0.0010027903574839059 0.00071201729975169743 0.00088642181637371849 -0.00011416684422931436 0.00043402475494062778 -0.0002269369314031099 -5.5601663822788525e-06 0.00010108715093762313 -7.451985512014388e-05 -0.00033958404036676069 -0.00019948407485217244 0.0008905466372329103 -0.0010621676823026136 -0.00096883183292378026 0.00027289885560429801 0.00028186853986047247 0.00021512558641991684 -0.00068134277594283953 0.0016585879891216572
leaf_weight=1038 6045 2121 1535 1667 1802 5176 1758 1635 19548 1712 1791 1018 2772 1103 1131 1061 1596 1396 1087 40426 23215 28996 8886 2601 1483 1030 6679 1037 1425 1005
leaf_count=1038 6045 2121 1535 1667 1802 5176 1758 1635 19548 1712 1791 1018 2772 1103 1131 1061 1596 1396 1087 40426 23215 28996 8886 2601 1483 1030 6679 1037 1425 1005
internal_value=4.13773e-06 0.000213334 -6.17753e-06 0.000254694 8.6746e-05 -1.70722e-05 0.000304182 0.000352201 -2.28236e-05 8.47433e-05 -0.000154062 0.000200943 0.000134741 -2.17442e-05 0.000472608 -0.000203759 0.000172327 0.000377354 0.000496623 -3.848e-05 -7.60453e-05 1.3326e-05 1.80514e-05 0.000285358 0.000624614 -0.000683451 -0.000109366 -0.000261015 0.000265086 0.000925547
internal_weight=173775 8166 165609 6639 4972 158970 2796 3170 156174 19843 6495 13348 12330 8427 3903 6237 4704 3108 2190 136331 81905 55223 54426 14000 10369 3631 35675 26682 3467 2042
internal_count=173775 8166 165609 6639 4972 158970 2796 3170 156174 19843 6495 13348 12330 8427 3903 6237 4704 3108 2190 136331 81905 55223 54426 14000 10369 3631 35675 26682 3467 2042
is_linear=0
shrinkage=0.08


Tree=78
num_leaves=31
num_cat=0
split_feature=1 2 1 3 2 2 1 1 1 1 1 2 1 1 1 3 1 1 1 1 2 2 1 1 1 3 3 1 3 3
split_gain=0.0535004 0.241802 0.11264 0.0908792 0.0831038 0.0487055 0.77152 0.150271 0.173432 0.045292 0.0441048 0.0482746 0.0412614 0.148297 0.0743811 0.110053 0.211006 0.102393 0.0900907 0.08417 0.120061 0.0567643 0.163524 0.0896995 0.11361 0.0908102 0.0628301 0.0513208 0.050673 0.047946
threshold=0.97232499718666088 2.5000000000000004 0.9266449809074403 1.0000000180025095e-35 1.0000000180025095e-35 2.5000000000000004 -0.81958499550819386 -0.37299500405788416 0.084465000778436675 0.40609499812126165 1.4199450016021731 1.0000000180025095e-35 0.21329500526189807 0.16768999397754672 0.34208999574184423 1.0000000180025095e-35 0.43303500115871435 0.48114499449729925 0.53630501031875621 0.45170499384403234 1.5000000000000002 1.0000000180025095e-35 0.5845799744129182 0.71132001280784618 0.75066500902175914 1.5000000000000002 1.5000000000000002 0.50894001126289379 1.0000000180025095e-35 1.5000000000000002
decision_type=2 2 2 2 2 2 2 2 2 2 2 2 2 2 2 2 2 2 2 2 2 2 2 2 2 2 2 2 2 2
left_child=2 3 5 4 -2 12 -7 -8 -9 -10 -5 -12 13 -1 29 16 -16 19 27 20 -17 26 -23 25 -25 -24 -20 -19 -15 -14
right_child=1 -3 -4 10 -6 6 7 8 9 -11 11 -13 14 28 15 17 -18 18 21 -21 -22 22 23 24 -26 -27 -28 -29 -30 -31
leaf_value=-1.5612889588519323e-05 7.2035598567327184e-05 0.0010720738906554706 -0.00053426908714208476 6.11976150379284e-05 0.00049321481514358909 0.001813154725821223 -0.0014448380179686146 0.00027304445385294 -0.0011590677858072727 -0.00050115995701518112 -0.00032722954940681953 -1.7515865934838419e-05 0.0001513913801103442 -0.00096556385123652811 -0.00083826836919725207 0.00046734614878210414 -2.7886498392164141e-05 -6.6345720693428725e-05 0.00010718205589945896 0.00099573806838406742 -0.00048422785610102411 0.00082239092095573582 -0.00093124740898901243 0.00081081298084285187 -0.00013922818663259621 -8.3886484424216496e-05 0.000666411796929685 -0.00080318177131694535 -0.00031567374555881324 0.00056723521357081536
leaf_weight=72844 9242 1515 2716 12481 4438 1000 1090 1583 1157 1590 5584 7611 6737 1262 2486 3679 11898 1201 4180 1206 1103 1242 1556 1003 4093 1687 1857 1219 1961 2409
leaf_count=72844 9242 1515 2716 12481 4438 1000 1090 1583 1157 1590 5584 7611 6737 1262 2486 3679 11898 1201 4180 1206 1103 1242 1556 1003 4093 1687 1857 1219 1961 2409
internal_value=2.68248e-07 8.03033e-05 -2.43712e-05 4.21253e-05 0.000208673 -1.37218e-05 -0.000228563 -0.000605264 -0.000393916 -0.000778262 -4.66099e-05 -0.000148584 -2.56466e-06 -3.91087e-05 5.58885e-05 7.06688e-06 -0.000167946 0.000111844 1.66895e-05 0.000398484 0.000247859 8.70665e-05 -3.39989e-05 -0.000161549 4.77599e-05 -0.000490453 0.000279203 -0.000437504 -0.000570145 0.000260922
internal_weight=173630 40871 132759 39356 13680 130043 6420 5420 4330 2747 25676 13195 123623 76067 47556 38410 14384 24026 18038 5988 4782 15618 9581 8339 5096 3243 6037 2420 3223 9146
internal_count=173630 40871 132759 39356 13680 130043 6420 5420 4330 2747 25676 13195 123623 76067 47556 38410 14384 24026 18038 5988 4782 15618 9581 8339 5096 3243 6037 2420 3223 9146
is_linear=0
shrinkage=0.08


Tree=79
num_leaves=31
num_cat=0
split_feature=0 0 0 0 0 1 1 1 2 1 1 1 1 2 1 0 1 2 1 1 1 1 2 1 0 2 1 0 0 2
split_gain=0.105029 0.324485 0.136143 0.232826 0.115682 0.229134 0.29904 0.187929 0.322537 0.222583 0.0923117 0.181953 0.0906354 0.0875119 0.0746346 0.264563 0.083082 0.0825256 0.0714698 0.0650828 0.120528 0.166882 0.150036 0.540073 0.116796 0.143719 0.0954124 0.150352 0.220901 0.13817
threshold=2.5771499872207646 2.5516149997711186 2.528845071792603 2.4253449440002446 2.264339923858643 0.77133500576019298 -0.63187497854232777 -0.20219499617815015 1.0000000180025095e-35 0.3334649950265885 0.065930001437664046 0.45170499384403234 -2.0718749761581416 1.0000000180025095e-35 0.94935500621795665 1.877609968185425 1.5250350236892702 1.5000000000000002 0.9153600037097932 -1.1028450131416319 -0.74558499455451954 -0.57034999132156361 2.5000000000000004 0.74057999253273021 3.339844942092896 1.5000000000000002 0.67176499962806713 2.8031849861145024 2.7465400695800786 1.0000000180025095e-35
decision_type=2 2 2 2 2 2 2 2 2 2 2 2 2 2 2 2 2 2 2 2 2 2 2 2 2 2 2 2 2 2
left_child=1 2 3 4 12 6 -6 -8 -9 -10 -5 -12 -1 -7 18 17 -17 -16 -14 -2 -21 -22 24 -24 26 -26 27 28 -23 -29
right_child=19 -3 -4 10 5 13 7 8 9 -11 11 -13 14 -15 15 16 -18 -19 -20 20 21 22 23 -25 25 -27 -28 29 -30 -31
leaf_value=0.00067375758771223194 0.00075489739308160896 -0.0012438372331820538 0.00078567659822549444 -0.00094895794548491383 -0.00068737908939780167 -0.00067563383156380374 0.0016456873416121388 0.0012919204630345213 -0.00077341491594418014 0.00076557712634582869 0.00062843352146660402 -0.00059223173629896345 -4.5497814368981912e-05 0.00012110956935403031 0.00025752475899513131 -0.00050652706333403485 9.5467368714868763e-05 0.00083762824343839844 -0.00068605130322218154 -0.00066146265091811653 0.0011384750446856 0.00037374668463537535 -0.00043331475677314222 0.0020874878248699556 -7.6475205103653254e-06 -0.00071401672295213949 2.5317388522054283e-05 0.00045911932024170026 0.0016336684473198151 -0.00023048555077019418
leaf_weight=1206 1011 1374 1369 1970 1067 1672 1234 1961 1348 1086 1046 3091 88551 1868 9877 4087 2289 1866 1129 1273 1022 3792 1159 1025 11295 2203 14362 3581 1164 3868
leaf_count=1206 1011 1374 1369 1970 1067 1672 1234 1961 1348 1086 1046 3091 88551 1868 9877 4087 2289 1866 1129 1273 1022 3792 1159 1025 11295 2203 14362 3581 1164 3868
internal_value=1.61175e-05 -2.10464e-05 -7.78757e-06 -1.64535e-05 8.22104e-06 0.00026536 0.00054057 0.000773332 0.000528398 -8.67488e-05 -0.000498231 -0.000283598 -1.59253e-05 -0.000255205 -2.36412e-05 0.000124451 -0.00029041 0.000349705 -5.35619e-05 0.000120158 0.000105816 0.000128285 0.000103963 0.000749754 6.89352e-05 -0.000122934 0.00016569 0.000328208 0.000669661 0.000101032
internal_weight=173846 128091 126717 125348 119241 10236 6696 5629 4395 2434 6107 4137 109005 3540 107799 18119 6376 11743 89680 45755 44744 43471 42449 2184 40265 13498 26767 12405 4956 7449
internal_count=173846 128091 126717 125348 119241 10236 6696 5629 4395 2434 6107 4137 109005 3540 107799 18119 6376 11743 89680 45755 44744 43471 42449 2184 40265 13498 26767 12405 4956 7449
is_linear=0
shrinkage=0.08


Tree=80
num_leaves=31
num_cat=0
split_feature=0 1 1 0 0 3 1 3 0 1 3 1 1 0 0 0 1 1 0 0 0 1 1 0 0 1 0 1 1 0
split_gain=0.0552707 0.0725264 0.0536645 0.0751549 0.0340394 0.105259 0.193884 0.057052 0.180681 0.16187 0.26864 0.2271 0.35152 0.269726 0.226176 0.174203 0.170235 0.246515 0.255367 0.263669 0.142006 0.679238 0.589459 0.691405 0.222478 0.207205 0.273966 0.219069 0.178053 0.141405
threshold=0.26830498874187475 -1.0724650025367735 -1.3164699673652647 1.301290035247803 3.8358099460601811 1.5000000000000002 1.0854049921035769 1.5000000000000002 1.749490022659302 1.260689973831177 1.0000000180025095e-35 0.55544498562812816 0.38706000149250036 1.9664199948310854 2.3372850418090825 3.0695700645446782 -0.42088499665260309 0.18585500121116641 2.1825249195098881 2.4253449440002446 1.7782750129699709 -0.80007001757621754 1.0993900299072268 3.0499399900436406 3.0499399900436406 1.0718550086021426 1.2377250194549563 -0.66405999660491932 -0.52672499418258656 1.4041999578475954
decision_type=2 2 2 2 2 2 2 2 2 2 2 2 2 2 2 2 2 2 2 2 2 2 2 2 2 2 2 2 2 2
left_child=1 -1 3 -2 7 6 -6 8 -4 10 15 12 16 -13 -14 -10 -12 18 -18 -20 25 -22 23 28 -24 27 -27 -9 -23 -29
right_child=2 -3 4 -5 5 -7 -8 20 9 -11 11 13 14 -15 -16 -17 17 -19 19 -21 21 22 24 -25 -26 26 -28 29 -30 -31
leaf_value=-0.00022516192528840455 -9.7179133082475134e-05 0.00032298827692783751 0.0001272272468444614 0.00047010078578593815 0.00048258446451227081 0.00071592480503940097 -0.00056358869373616559 0.00025227353167955386 -0.00039835304705211074 0.00017213024529481744 -0.00038260932207009559 -0.0013219384116106736 0.0019395674936625829 -9.3310084593138619e-05 0.00041016991412993391 0.00012119356809667418 0.0011473399157347602 -0.00036940407313354017 -0.00084759482622810342 0.00053408707423493996 -0.0018601841909721259 -0.00039106184508001156 -0.00073423382316434652 -0.00085681816170527002 0.00027753996130879601 0.0012039419379483091 -0.00029391868024714176 -0.00067801732723911465 0.00069164475045999357 -0.00015843533514982942
leaf_weight=2045 2739 6316 40442 3290 2262 1583 2273 2989 24448 12568 3878 1340 1124 7801 1377 4970 2520 2930 1246 3042 1174 1054 5524 2434 1859 1331 1893 9702 12509 5122
leaf_count=2045 2739 6316 40442 3290 2262 1583 2273 2989 24448 12568 3878 1340 1124 7801 1377 4970 2520 2930 1246 3042 1174 1054 5524 2434 1859 1331 1893 9702 12509 5122
internal_value=-1.17615e-05 0.000188917 -2.19043e-05 0.000212383 -3.07661e-05 0.000154279 -4.17709e-05 -3.81521e-05 -6.39456e-06 -8.67576e-05 -0.000146266 4.51082e-05 0.000225765 -0.000273418 0.00109751 -0.000310579 6.56414e-05 0.00024415 0.000508209 0.0001326 -0.000113163 1.75243e-05 0.000111811 0.000384704 -0.000479475 -0.0002657 0.00032446 -0.000372514 0.000607506 -0.000498491
internal_weight=173785 8361 165424 6029 159395 6118 4535 153277 107686 67244 54676 25258 16117 9141 2501 29418 13616 9738 6808 4288 45591 24554 23380 15997 7383 21037 3224 17813 13563 14824
internal_count=173785 8361 165424 6029 159395 6118 4535 153277 107686 67244 54676 25258 16117 9141 2501 29418 13616 9738 6808 4288 45591 24554 23380 15997 7383 21037 3224 17813 13563 14824
is_linear=0
shrinkage=0.08


Tree=81
num_leaves=31
num_cat=0
split_feature=1 2 0 2 0 0 1 0 0 0 0 0 1 0 0 2 0 0 1 0 1 1 0 1 1 0 1 0 1 0
split_gain=0.0624381 0.0934637 0.0832511 0.0827118 0.838696 0.15526 0.171864 0.244347 0.0888737 0.0782125 0.0480329 0.0425291 0.0348891 0.102022 0.0856271 0.108364 0.0307948 0.393149 0.13492 0.106612 0.103439 0.077985 0.108125 0.107837 0.169119 0.119367 0.129223 0.118463 0.09574 0.0725012
threshold=1.2774500250816347 1.0000000180025095e-35 4.1553001403808603 2.5000000000000004 1.0316050052642824 2.7333650588989262 -0.27962499856948847 2.1724550724029545 3.9024749994277959 1.8865550160408022 1.288784980773926 1.5758699774742129 1.5022949576377871 2.89330005645752 3.7283149957656865 1.5000000000000002 2.5771499872207646 2.5516149997711186 -0.57034999132156361 2.89330005645752 -0.34954500198364252 -0.17015499621629712 2.6526401042938237 0.45170499384403234 0.35153000056743627 2.7885200977325444 0.14018500596284869 3.1909749507904057 0.54546499252319347 2.5168900489807133
decision_type=2 2 2 2 2 2 2 2 2 2 2 2 2 2 2 2 2 2 2 2 2 2 2 2 2 2 2 2 2 2
left_child=2 9 3 8 -5 6 -6 -8 16 11 -3 -2 13 -12 15 -14 17 29 19 -18 -20 -22 28 24 25 -24 27 -27 -23 -1
right_child=1 10 -4 4 5 -7 7 -9 -10 -11 12 -13 14 -15 -16 -17 18 -19 20 -21 21 22 23 -25 -26 26 -28 -29 -30 -31
leaf_value=-2.0723513961303436e-05 8.2222538066735739e-05 0.00077775518667513475 0.00051805663230547233 0.0017411739512439403 0.00027306335480994633 -0.001399183322389973 -0.0013312001594282844 0.00014860571105677542 -0.00070270723801972232 -0.00015390493999508495 -0.00027095143354445301 0.00069188201224872851 0.00019321647836210228 0.00061895340991600543 -0.00030325977521720391 0.00085776330218357037 7.4513804117494877e-05 -0.0015985774330029468 -0.00062090168885840194 0.0010515015928438069 0.00057339434075022336 0.0010792985392325872 0.00058653024654887933 9.7866752503062684e-05 -0.0010538894111877916 -0.00019390831161375459 0.00017274120099863301 -0.0012678083961638988 3.4181314892828491e-05 0.00053229125137782768
leaf_weight=107265 2004 1069 1810 1093 1461 1422 1923 1136 1190 9609 2552 1154 4628 1218 1237 2377 1364 1010 1573 1502 1686 1076 1278 12051 1481 1533 2199 1151 1172 1539
leaf_count=107265 2004 1069 1810 1093 1461 1422 1923 1136 1190 9609 2552 1154 4628 1218 1237 2377 1364 1010 1573 1502 1686 1076 1278 12051 1481 1533 2199 1151 1172 1539
internal_value=-1.1244e-06 0.000113593 -2.11711e-05 -2.78513e-05 -0.000295476 -0.000670107 -0.000440738 -0.000781655 -1.43132e-05 -4.03906e-05 0.00026388 0.000305005 0.000218148 1.65563e-05 0.000310359 0.000418717 -8.37189e-06 -2.74853e-05 6.64134e-05 0.000586529 7.26059e-06 4.90814e-05 8.79187e-06 -5.12102e-05 -0.000286296 -0.00010178 -0.000281927 -0.000654437 0.000534424 -1.29013e-05
internal_weight=173763 25848 147915 146105 7035 5942 4520 3059 139070 12767 13081 3158 12012 3770 8242 7005 137880 109814 28066 2866 25200 23627 21941 19693 7642 6161 4883 2684 2248 108804
internal_count=173763 25848 147915 146105 7035 5942 4520 3059 139070 12767 13081 3158 12012 3770 8242 7005 137880 109814 28066 2866 25200 23627 21941 19693 7642 6161 4883 2684 2248 108804
is_linear=0
shrinkage=0.08


Tree=82
num_leaves=31
num_cat=0
split_feature=0 0 1 1 0 0 1 1 1 1 1 0 0 0 1 1 0 1 0 1 2 2 0 2 0 1 1 1 1 0
split_gain=0.0924599 0.174576 0.293172 0.283078 0.133348 0.105602 0.155991 0.109613 0.369876 0.201591 0.189652 0.160433 0.128336 0.0960847 0.12016 0.0924464 0.282356 0.11363 0.103012 0.102063 0.121856 0.0887706 0.0799514 0.0789264 0.0760061 0.238072 0.166171 0.0729728 0.117483 0.149549
threshold=2.4705250263214116 2.5516149997711186 0.61321499943733226 0.065930001437664046 2.5771499872207646 2.7333650588989262 0.78211501240730297 -0.17015499621629712 -0.34954500198364252 0.82565498352050792 -0.51241999864578236 3.2603299617767338 3.5972449779510502 2.8481400012969975 1.1847050189971926 -0.5417099893093108 1.7985249757766726 -1.0451250076293943 1.3134100437164309 -0.99390500783920277 1.0000000180025095e-35 1.0000000180025095e-35 2.6281249523162846 1.0000000180025095e-35 2.6526401042938237 -0.028874999843537804 -0.0097050000913441164 -0.028874999843537804 0.36044000089168554 3.2356851100921635
decision_type=2 2 2 2 2 2 2 2 2 2 2 2 2 2 2 2 2 2 2 2 2 2 2 2 2 2 2 2 2 2
left_child=15 2 3 -2 -3 6 24 8 10 12 11 -7 27 -11 -15 16 18 -18 19 -1 -21 -19 -8 -16 25 -6 -26 -9 29 -29
right_child=1 4 -4 -5 5 7 22 9 -10 13 -12 -13 -14 14 23 -17 17 21 -20 20 -22 -23 -24 -25 26 -27 -28 28 -30 -31
leaf_value=-7.6517030593020778e-05 0.0003910625786570612 -0.00072617937124098378 -0.00014378491210067674 0.0020586039556505366 2.9117923005224137e-06 -0.00016637878292489192 -0.00065677070145682198 -0.00097011559711098069 0.0014251048374157855 -0.00035668933878755935 -0.0009287041163261871 0.0010898159262162711 0.00020019333157196825 0.00053846030009164949 -0.00015605403706040659 -6.6364396869430403e-05 9.8485122559488765e-05 -0.00017584654401577572 0.00051204957434084614 -3.9157913737728057e-05 0.00063917666258534952 -0.0009171662147249304 0.00018355365075976897 0.00027167730520885543 0.0010896271012617884 0.0015935483971999684 -0.00024044850457454606 0.00030019852821924515 -0.00054973725733598229 -0.00080508680142383181
leaf_weight=7586 1488 1368 2105 1159 1032 1758 1081 1235 1489 2200 1133 1033 2990 4869 5430 94360 2257 1789 6372 2967 3953 2449 2198 5617 1019 1446 1466 3003 5770 1060
leaf_count=7586 1488 1368 2105 1159 1032 1758 1081 1235 1489 2200 1133 1033 2990 4869 5430 94360 2257 1789 6372 2967 3953 2449 2198 5617 1019 1446 1466 3003 5770 1060
internal_value=9.31519e-06 9.86673e-05 0.000560849 0.0011212 5.21328e-05 7.53655e-05 0.000334699 1.84994e-05 0.000351569 -3.75368e-05 -5.5794e-05 0.000298562 -0.000264859 0.000138865 0.000207364 -2.88154e-05 0.000100623 -0.000360038 0.000243932 0.000126156 0.000348336 -0.000604231 -9.34792e-05 6.14319e-05 0.000617592 0.000931104 0.000304963 -0.000390493 -0.000317693 1.18396e-05
internal_weight=173682 51949 4752 2647 47197 45829 8242 37587 5413 32174 3924 2791 14058 18116 15916 121733 27373 6495 20878 14506 6920 4238 3279 11047 4963 2478 2485 11068 9833 4063
internal_count=173682 51949 4752 2647 47197 45829 8242 37587 5413 32174 3924 2791 14058 18116 15916 121733 27373 6495 20878 14506 6920 4238 3279 11047 4963 2478 2485 11068 9833 4063
is_linear=0
shrinkage=0.08


Tree=83
num_leaves=31
num_cat=0
split_feature=1 1 1 2 1 2 3 1 1 1 1 2 1 1 1 1 1 1 1 1 1 1 3 1 1 3 1 1 2 3
split_gain=0.0332748 0.161233 0.14599 0.136415 0.347929 0.104003 0.125279 0.175672 0.151917 0.0606982 0.0809018 0.0582393 0.11081 0.112169 0.0797853 0.0740765 0.0701133 0.0636285 0.0617562 0.071615 0.0561535 0.068864 0.0484086 0.0396374 0.0702271 0.0354858 0.080486 0.0343889 0.0649526 0.119487
threshold=-0.11832500249147414 0.34208999574184423 0.40609499812126165 2.5000000000000004 1.1991499662399294 1.5000000000000002 1.5000000000000002 -0.0097050000913441164 0.23238000273704532 -0.0097050000913441164 0.20420999825000766 1.0000000180025095e-35 0.074754998087883009 0.11228000000119211 0.28750500082969671 0.028575000353157524 0.1764749959111214 -0.028874999843537804 0.057084999978542335 0.14879500120878222 -0.057725001126527779 -0.018724999390542504 1.0000000180025095e-35 0.24243500083684924 0.27834500372409826 1.0000000180025095e-35 0.36897499859333044 -0.31364999711513514 1.5000000000000002 1.5000000000000002
decision_type=2 2 2 2 2 2 2 2 2 2 2 2 2 2 2 2 2 2 2 2 2 2 2 2 2 2 2 2 2 2
left_child=27 5 25 -4 -5 6 11 -8 -9 -7 -11 12 15 -14 17 20 -15 -13 -19 -20 -2 -22 -21 -18 -25 -3 -27 -1 29 -29
right_child=1 2 3 4 -6 9 7 8 -10 10 -12 14 13 16 -16 -17 23 18 19 22 21 -23 -24 24 -26 26 -28 28 -30 -31
leaf_value=-1.971363795665958e-06 -0.00020345862619400879 -0.0007358793378383795 -1.5281204092581392e-05 -4.6600421219791747e-05 0.001753401306895595 -0.0005063171153604953 0.0014655341465709996 3.527567262839921e-05 0.001070403514828965 0.00029159697664338067 -0.00034228788628411276 -0.00036446804196221659 0.0012455440593895897 -6.3341119865643387e-05 -0.00065842494874936803 -0.00054421321577141515 0.00081478285433729796 0.00066487232367536011 -0.0003393639033801326 0.00073625964750518734 0.00091027508076536152 2.9348928699923476e-05 2.3365861483161216e-05 -0.00018264053880108011 0.00063715671201340423 0.00019817563780656487 -0.00064192679508579117 -0.00019857789093520912 -0.00049937657080074656 0.00049987080996255332
leaf_weight=43836 1570 1758 75596 2188 1002 1661 1187 2865 1328 3330 2102 1489 1043 1859 1012 1243 1778 1492 1674 1092 1014 1291 1380 1061 1809 1275 1707 7674 2707 1970
leaf_count=43836 1570 1758 75596 2188 1002 1661 1187 2865 1328 3330 2102 1489 1043 1859 1012 1243 1778 1492 1674 1092 1014 1291 1380 1061 1809 1275 1707 7674 2707 1970
internal_value=1.53954e-05 3.97297e-05 -1.9599e-05 6.34311e-06 0.000518792 0.000188633 0.000262235 0.000606348 0.00036312 -8.3105e-05 4.6305e-05 0.000173259 0.000280541 0.000475347 6.28035e-06 -6.83444e-06 0.000351893 0.000100665 0.000223507 6.46757e-05 0.000165543 0.00041688 0.000338285 0.000517969 0.000334089 -0.000450796 -0.000282728 -3.51927e-05 -0.000153101 -5.59043e-05
internal_weight=172993 116806 83526 78786 3190 33280 26187 5380 4193 7093 5432 20807 12668 7550 8139 5118 6507 7127 5638 4146 3875 2305 2472 4648 2870 4740 2982 56187 12351 9644
internal_count=172993 116806 83526 78786 3190 33280 26187 5380 4193 7093 5432 20807 12668 7550 8139 5118 6507 7127 5638 4146 3875 2305 2472 4648 2870 4740 2982 56187 12351 9644
is_linear=0
shrinkage=0.08


Tree=84
num_leaves=31
num_cat=0
split_feature=0 2 0 0 0 1 0 1 0 1 1 1 0 1 2 0 0 2 1 0 0 1 1 1 2 2 2 1 0 1
split_gain=0.0471443 0.0807075 0.0215579 0.284715 0.267728 0.203674 0.117586 0.0560992 0.0525582 0.208599 0.135705 0.0837265 0.0701675 0.0600986 0.132385 0.111204 0.114748 0.0760075 0.0758052 0.208267 0.151882 0.551305 0.460585 0.172866 0.263047 0.149518 0.134712 0.13203 0.112095 0.107461
threshold=-0.16187500208616254 1.0000000180025095e-35 2.5168900489807133 2.5516149997711186 2.589789986610413 0.52738499641418468 2.6155350208282475 0.52738499641418468 2.1825249195098881 -0.64735502004623402 1.0197100043296816 1.1991499662399294 2.3265800476074223 -0.69629499316215504 1.0000000180025095e-35 1.7985249757766726 1.0613449811935427 1.5000000000000002 -0.047654999420046799 1.3586100339889529 1.5978050231933596 0.18585500121116641 0.68147999048233043 0.57501000165939342 1.0000000180025095e-35 1.0000000180025095e-35 1.0000000180025095e-35 0.074754998087883009 1.7881450057029726 1.5250350236892702
decision_type=2 2 2 2 2 2 2 2 2 2 2 2 2 2 2 2 2 2 2 2 2 2 2 2 2 2 2 2 2 2
left_child=1 -1 8 5 7 -4 -6 -5 13 12 -11 -12 -10 14 -2 16 -16 -18 19 -15 22 26 -20 24 -23 -21 -22 -28 -26 -25
right_child=2 -3 3 4 6 -7 -8 -9 9 10 11 -13 -14 18 15 -17 17 -19 20 25 21 23 -24 29 28 -27 27 -29 -30 -31
leaf_value=-0.00012393957156323654 -0.00013662878404289535 0.00064133703415743097 0.0017451897347988241 -0.0013376964429426153 0.00074308451088415841 0.00015295289777042328 -5.3817489104910151e-06 -0.00049781719941557488 -0.00042814489261625401 5.720047718546695e-05 -0.00098326892258252538 -0.00023966327367540256 -0.0013338674725110204 6.906179786133815e-05 0.00012929412874012131 -0.00027736505221061686 0.00044205831164388285 0.0011361317776015416 -0.00038004182932559433 -7.3893444766743473e-05 0.0014782930458460237 -0.00023488639373632779 0.00025692964492257306 -0.00028651024384448949 0.00012762509334488247 -0.00063028811825616225 0.0011480426436753942 -3.3344333592128562e-05 0.0010229141392062635 0.00024732133594866732
leaf_weight=1722 7942 1808 1015 1024 1386 1042 43656 1012 1054 13811 1278 4009 1139 12174 4402 1789 2595 1653 17955 5366 1876 3285 12203 11813 1334 7291 1249 1175 2720 3033
leaf_count=1722 7942 1808 1015 1024 1386 1042 43656 1012 1054 13811 1278 4009 1139 12174 4402 1789 2595 1653 17955 5366 1876 3285 12203 11813 1334 7291 1249 1175 2720 3033
internal_value=-2.13548e-05 0.000268021 -2.73536e-05 1.73425e-05 -2.29114e-05 0.000938622 1.76495e-05 -0.000920232 -4.54817e-05 -0.000159597 -7.47425e-05 -0.000419411 -0.000898559 -2.11502e-05 0.000109516 0.000296783 0.000415528 0.000712139 -5.06292e-05 -0.000167178 4.62925e-07 0.000140251 -0.000122301 -2.04392e-05 0.000297176 -0.000394402 0.000969303 0.000575382 0.000728312 -0.00017745
internal_weight=173811 3530 170281 49135 47078 2057 45042 2036 121146 21291 19098 5287 2193 99855 18381 10439 8650 4248 81474 24831 56643 26485 30158 22185 7339 12657 4300 2424 4054 14846
internal_count=173811 3530 170281 49135 47078 2057 45042 2036 121146 21291 19098 5287 2193 99855 18381 10439 8650 4248 81474 24831 56643 26485 30158 22185 7339 12657 4300 2424 4054 14846
is_linear=0
shrinkage=0.08


Tree=85
num_leaves=31
num_cat=0
split_feature=1 0 2 0 1 1 0 0 0 0 2 2 0 0 1 1 1 0 1 0 0 1 2 1 2 1 0 1 0 0
split_gain=0.0540522 0.247351 0.391405 0.171016 0.345186 0.297804 0.28385 0.269684 0.180611 0.157314 0.247663 0.140145 0.144063 0.210756 0.157634 0.143597 0.119629 0.117973 0.110783 0.103881 0.102816 0.0933903 0.165907 0.28502 0.133939 0.091168 0.0899609 0.0878081 0.10858 0.0857319
threshold=-0.2245099991559982 1.4910349845886233 2.5000000000000004 1.4368649721145632 0.62329000234603893 0.49013000726699835 3.1909749507904057 1.7881450057029726 3.5972449779510502 3.2603299617767338 2.5000000000000004 1.5000000000000002 2.6155350208282475 2.528845071792603 -0.0097050000913441164 0.19507999718189242 0.065930001437664046 0.86601999402046215 0.53630501031875621 2.4253449440002446 2.4030599594116215 0.34208999574184423 1.0000000180025095e-35 0.12179499864578248 1.0000000180025095e-35 0.18585500121116641 2.0632350444793706 -0.018724999390542504 1.6180050373077395 0.3434749990701676
decision_type=2 2 2 2 2 2 2 2 2 2 2 2 2 2 2 2 2 2 2 2 2 2 2 2 2 2 2 2 2 2
left_child=1 2 17 4 29 6 7 27 25 10 -3 12 13 19 -14 -16 -13 -1 20 21 -7 22 26 -24 -23 -8 -9 28 -5 -2
right_child=3 9 -4 5 -6 18 8 11 -10 -11 -12 16 14 -15 15 -17 -18 -19 -20 -21 -22 24 23 -25 -26 -27 -28 -29 -30 -31
leaf_value=-0.00012132953315444587 7.2691164532391359e-05 -0.00022532483720871677 0.0016064392060140815 0.00096902767799664214 0.00023422078183055401 -0.0010141663203476277 -0.0013387819405689938 0.00079127361921171608 0.0002329147910511743 0.00048234910954042174 -0.0013279645086656223 -0.00037384437825431488 0.0010085379656150158 0.0018216956720382878 -0.00063616855888545115 0.0003649792151875675 0.00042378298945125009 0.00023667529419707286 7.8760263543263975e-06 -1.4312133838133747e-06 1.805925981879296e-05 -0.00023706375083572422 -0.00013263300150495521 0.0013003577579175204 0.00097933531946440286 -0.0003074293933108333 0.0014982239167466197 -0.0002288083955067122 -0.00017911772801439225 -0.00040837574025596812
leaf_weight=12044 2790 21704 1087 1028 10707 1338 1138 2130 1839 1813 1387 1923 1289 1058 1470 2437 3216 11531 57360 1409 1147 1348 2170 1504 1016 1059 2509 5371 1082 15783
leaf_count=12044 2790 21704 1087 1028 10707 1338 1138 2130 1839 1813 1387 1923 1289 1058 1470 2437 3216 11531 57360 1409 1147 1348 2170 1504 1016 1059 2509 5371 1082 15783
internal_value=1.3248e-05 -5.73746e-05 0.000122213 4.14502e-05 -0.000127554 9.36264e-05 0.000279006 0.000361268 -0.000352025 -0.000235217 -0.000291557 0.000494546 0.000598007 0.000738981 0.000241396 -1.17004e-05 0.000125313 5.37777e-05 -1.47794e-05 0.0006442 -0.000537723 0.000729402 0.000855573 0.000453981 0.00028572 -0.000841648 0.00117363 -5.70211e-05 0.000380263 -0.000336111
internal_weight=173687 49566 24662 124121 29280 94841 34996 30960 4036 24904 23091 23479 18340 13144 5196 3907 5139 23575 59845 12086 2485 10677 8313 3674 2364 2197 4639 7481 2110 18573
internal_count=173687 49566 24662 124121 29280 94841 34996 30960 4036 24904 23091 23479 18340 13144 5196 3907 5139 23575 59845 12086 2485 10677 8313 3674 2364 2197 4639 7481 2110 18573
is_linear=0
shrinkage=0.08


Tree=86
num_leaves=31
num_cat=0
split_feature=0 0 1 1 1 0 1 1 0 1 3 1 0 0 1 1 0 0 0 3 0 0 0 0 3 0 1 1 1 1
split_gain=0.0352892 0.110303 0.0653655 0.0900902 0.151662 0.124001 0.10112 0.0569642 0.0473611 0.0447217 0.150192 0.144219 0.0435141 0.0440712 0.0413523 0.0501935 0.152119 0.109554 0.0731541 0.0772408 0.123216 0.0708726 0.0514169 0.0690135 0.0926435 0.0499455 0.0511684 0.0477289 0.0418879 0.0402844
threshold=2.7333650588989262 2.832994937896729 -0.90105998516082753 -0.24651499837636945 -0.087294999510049806 3.2603299617767338 0.093699999153614058 2.4334700107574467 2.6787550449371342 0.5845799744129182 1.0000000180025095e-35 1.1275949478149416 2.6526401042938237 2.6281249523162846 2.4334700107574467 0.81485998630523693 2.9250850677490239 3.1482000350952153 2.9763550758361821 1.5000000000000002 3.5972449779510502 3.975544929504395 3.975544929504395 3.3970999717712407 1.0000000180025095e-35 3.1091099977493291 1.2296350002288821 0.50894001126289379 1.2450850009918215 0.49013000726699835
decision_type=2 2 2 2 2 2 2 2 2 2 2 2 2 2 2 2 2 2 2 2 2 2 2 2 2 2 2 2 2 2
left_child=7 9 -3 5 -5 -4 -6 8 12 10 -2 -11 13 -1 15 16 -8 27 28 21 -21 25 23 29 -25 -20 -27 -18 -17 -19
right_child=1 2 3 4 6 -7 14 -9 -10 11 -12 -13 -14 -15 -16 18 17 22 19 20 -22 -23 -24 24 -26 26 -28 -29 -30 -31
leaf_value=1.0674482200900179e-05 -0.00089769587970749858 0.00060943150854907353 -0.00091440908216177048 0.00086948002856906959 -0.00061382443169285519 0.00012357142079558086 0.00070822412074727744 0.00060416123680270622 0.00034711161435580493 -0.0013381557645128386 0.00039838337720368732 -0.00010420448467201909 -0.00044364362092922386 0.00046997013957962477 -0.00039208961225980317 8.9243077244174476e-05 -0.0003519179478927286 0.00054365228409060113 -0.00023163447109148712 0.00014849079955959151 0.0011524555768222386 -0.00035298447754429781 0.00044759390731220164 0.00011482401572014971 -0.00087729940690608186 0.0006064783201589442 0.00011582078797239969 -0.0010415504763846119 -0.00057752164189568776 -0.00016580500040622471
leaf_weight=129555 1024 1045 1654 1256 1773 1328 1269 1068 2735 1109 1297 1337 1335 1351 1533 1113 1424 1018 1372 2005 1283 1858 1131 1072 1375 2219 3515 1170 1316 1031
leaf_count=129555 1024 1045 1654 1256 1773 1328 1269 1068 2735 1109 1297 1337 1335 1351 1533 1113 1424 1018 1372 2005 1283 1858 1131 1072 1375 2219 3515 1170 1316 1031
internal_value=3.25467e-06 -6.54269e-05 -1.31075e-05 -3.362e-05 9.817e-06 -0.000452156 -2.9479e-05 2.22001e-05 1.75953e-05 -0.000424979 -0.000173433 -0.00066367 1.07803e-05 1.54146e-05 1.08277e-05 3.6382e-05 -0.000107006 -0.000232845 0.00012907 0.000208583 0.000540245 8.69297e-05 -3.45608e-05 -0.00015585 -0.000442663 0.000201954 0.0003057 -0.00066297 -0.000272001 0.000186673
internal_weight=173571 37527 32760 31715 28733 2982 27477 136044 134976 4767 2321 2446 132241 130906 25704 24171 9490 8221 14681 12252 3288 8964 5627 4496 2447 7106 5734 2594 2429 2049
internal_count=173571 37527 32760 31715 28733 2982 27477 136044 134976 4767 2321 2446 132241 130906 25704 24171 9490 8221 14681 12252 3288 8964 5627 4496 2447 7106 5734 2594 2429 2049
is_linear=0
shrinkage=0.08


Tree=87
num_leaves=31
num_cat=0
split_feature=3 0 0 2 0 2 0 0 0 0 0 0 2 2 3 0 0 0 0 0 2 0 0 0 2 2 0 0 0 0
split_gain=0.0542675 0.156051 0.121585 0.216063 0.140945 0.104723 0.242971 0.116264 0.160957 0.13388 0.116675 0.108028 0.102785 0.0924375 0.0872559 0.102426 0.0943875 0.0823388 0.0997793 0.170696 0.0997834 0.0793914 0.17165 0.0772763 0.0720931 0.0691866 0.0719181 0.135159 0.118618 0.124007
threshold=1.0000000180025095e-35 1.5341800451278689 1.5028749704360964 2.5000000000000004 1.0465900301933291 1.5000000000000002 3.5972449779510502 2.6526401042938237 2.0056951045989995 2.0829600095748906 1.9563249945640566 2.7606199979782109 1.0000000180025095e-35 1.5000000000000002 1.5000000000000002 1.3134100437164309 0.98396000266075145 2.589789986610413 2.3697550296783452 2.2951200008392338 1.0000000180025095e-35 2.5168900489807133 2.4253449440002446 1.3927350044250491 1.5000000000000002 2.5000000000000004 2.1020200252532963 1.9464750289916994 2.3265800476074223 2.5516149997711186
decision_type=2 2 2 2 2 2 2 2 2 2 2 2 2 2 2 2 2 2 2 2 2 2 2 2 2 2 2 2 2 2
left_child=1 13 3 12 -5 7 25 8 10 -10 -4 -9 -2 -1 -14 16 -16 18 19 -11 -21 22 -3 -17 -23 26 27 -7 -28 -30
right_child=2 21 5 4 -6 6 -8 11 9 17 -12 -13 14 -15 15 23 -18 -19 -20 20 -22 24 -24 -25 -26 -27 28 -29 29 -31
leaf_value=0.00019629281583636915 -0.00036968322302126502 -6.622527561809738e-05 4.842213545192909e-05 0.0012646636155446004 -4.7738552754148479e-05 -0.00013612830723514667 0.0007878464716964429 -0.0006081049921994342 0.00088212431563123445 0.0001491612188030209 -0.00068951473034897424 -1.4488074382751875e-05 8.9752615181408192e-05 0.0009367853282496539 -0.00016850086298207309 0.00076038867677853531 -0.0006718930708614478 0.00081531366554948219 -7.9194815429480748e-05 0.00041974292078290578 0.0015322231227516668 0.00012501255927231236 -0.00081523489178914152 -0.0001489911227164266 -0.000465688208229203 -0.00046627143874346689 -0.00080449146736024876 0.00074842463233545323 0.00045470340783815218 -0.00031324150434296579
leaf_weight=17006 14700 22051 14362 1082 1015 4173 1685 2265 2415 6250 1516 14668 9314 1152 7119 1038 3584 1449 5606 1010 1055 18520 2149 1411 1424 5113 2024 1504 1838 5025
leaf_count=17006 14700 22051 14362 1082 1015 4173 1685 2265 2415 6250 1516 14668 9314 1152 7119 1038 3584 1449 5606 1010 1055 18520 2149 1411 1424 5113 2024 1504 1838 5025
internal_value=-1.39158e-05 4.58597e-05 -4.74e-05 -0.000160636 0.000629428 1.43858e-05 -0.000134142 7.70953e-05 0.000163104 0.000328392 -2.20346e-05 -9.38917e-05 -0.000205213 0.000243272 -9.75968e-05 -0.000230274 -0.000337066 0.000241387 0.000181648 0.00035751 0.000988104 -3.5343e-05 -0.000132739 0.000236446 8.28366e-05 -0.000213095 -0.000124212 9.82151e-05 -0.000266297 -0.000107576
internal_weight=173523 62302 111221 39263 2097 71958 21362 50596 33663 17785 15878 16933 37166 18158 22466 13152 10703 15370 13921 8315 2065 44144 24200 2449 19944 19677 14564 5677 8887 6863
internal_count=173523 62302 111221 39263 2097 71958 21362 50596 33663 17785 15878 16933 37166 18158 22466 13152 10703 15370 13921 8315 2065 44144 24200 2449 19944 19677 14564 5677 8887 6863
is_linear=0
shrinkage=0.08


Tree=88
num_leaves=31
num_cat=0
split_feature=0 2 3 0 2 0 0 2 0 3 0 2 0 0 0 0 0 0 0 3 0 0 0 0 0 0 0 0 2 0
split_gain=0.0405398 0.060638 0.0445201 0.250502 0.130059 0.13122 0.0872114 0.144523 0.125354 0.0867289 0.0811095 0.265759 0.0976694 0.0959461 0.0934403 0.078836 0.0967153 0.108645 0.0846923 0.057007 0.0885214 0.132255 0.123375 0.0736493 0.087767 0.0686149 0.068031 0.0764145 0.122758 0.0659938
threshold=-0.075010001659393297 1.0000000180025095e-35 1.5000000000000002 1.7782750129699709 1.0000000180025095e-35 2.0439050197601323 1.5661150217056277 1.5000000000000002 1.105365037918091 1.0000000180025095e-35 3.5972449779510502 2.5000000000000004 3.1909749507904057 2.7333650588989262 2.4932849407196049 2.2127549648284917 2.0148200988769536 1.916565001010895 2.1318750381469731 1.0000000180025095e-35 2.5168900489807133 2.4253449440002446 2.3809649944305424 2.4139449596405034 1.9563249945640566 2.6401250362396245 2.0734949111938481 2.2024350166320805 1.0000000180025095e-35 2.0346250534057622
decision_type=2 2 2 2 2 2 2 2 2 2 2 2 2 2 2 2 2 2 2 2 2 2 2 2 2 2 2 2 2 2
left_child=1 -1 6 -4 5 -5 7 9 -9 -2 11 12 14 -13 15 16 17 -6 -18 20 21 22 26 24 -21 -22 29 28 -28 -8
right_child=2 -3 3 4 10 -7 19 8 -10 -11 -12 13 -14 -15 -16 -17 18 -19 -20 23 25 -23 -24 -25 -26 -27 27 -29 -30 -31
leaf_value=-8.664174023636343e-05 0.00018132074690489555 0.0005174960017579808 -0.00027138079446707849 0.0011769235601247889 0.00026106816267954414 0.00022642207188219404 -0.00013133778861518504 0.0001042795078779177 0.0009943021622583145 -7.8325318726830024e-05 0.00048084364235641221 -0.00041261861505142468 -0.00051594271826392775 -0.0013454519421555572 0.00040308234842910721 -0.00033904739782230112 0.00090569300545572631 -0.00067757561826061233 -3.5321311856768405e-05 -4.2191002300325244e-05 0.00040084498362582253 -0.0008128977381190697 0.0007011448810989526 -8.2806682718255606e-05 0.00029665513824136025 -3.6728033392512244e-05 -0.00029611678079331056 -0.0001569390723397831 -0.0012935871526058643 0.00053870920155816291
leaf_weight=2034 16606 2228 23928 1189 1890 4260 11571 1983 2070 16330 1997 2119 1597 1058 5492 3140 1524 1355 1023 9142 2645 2105 1041 18637 10524 17258 2150 4381 1248 1024
leaf_count=2034 16606 2228 23928 1189 1890 4260 11571 1983 2070 16330 1997 2119 1597 1058 5492 3140 1524 1355 1023 9142 2645 2105 1041 18637 10524 17258 2150 4381 1248 1024
internal_value=-1.45059e-05 0.000229177 -2.06409e-05 -8.34979e-05 8.52328e-05 0.000433826 6.13593e-06 0.000108058 0.000558843 5.25856e-05 -4.38674e-06 -5.4861e-05 7.76859e-05 -0.000723269 0.000143411 -1.6252e-05 0.000158744 -0.000130877 0.000527736 -3.99937e-05 -0.000102746 -0.00020782 -0.000148344 3.11469e-05 0.000139138 2.1423e-05 -0.000191748 -0.00037776 -0.000662463 -7.68616e-05
internal_weight=173549 4262 169287 50572 26644 5449 118715 36989 4053 32936 21195 19198 16021 3177 14424 8932 5792 3245 2547 81726 43423 23520 21415 38303 19666 19903 20374 7779 3398 12595
internal_count=173549 4262 169287 50572 26644 5449 118715 36989 4053 32936 21195 19198 16021 3177 14424 8932 5792 3245 2547 81726 43423 23520 21415 38303 19666 19903 20374 7779 3398 12595
is_linear=0
shrinkage=0.08


Tree=89
num_leaves=31
num_cat=0
split_feature=2 0 0 3 0 0 0 3 3 0 2 2 3 0 0 0 0 0 0 0 0 0 0 0 0 0 3 2 0 2
split_gain=0.0466506 0.316911 0.388555 0.286869 0.047869 0.0302723 0.0253946 0.233797 0.121853 0.122855 0.124083 0.101855 0.0917452 0.0755385 0.134791 0.123043 0.0768957 0.0738273 0.107446 0.122499 0.0724348 0.110027 0.0932662 0.0828431 0.0692361 0.189786 0.0657515 0.058705 0.0744396 0.0541958
threshold=2.5000000000000004 3.1909749507904057 1.381554961204529 1.5000000000000002 4.6078250408172616 2.1724550724029545 1.4150999784469607 1.5000000000000002 1.0000000180025095e-35 3.339844942092896 1.0000000180025095e-35 1.0000000180025095e-35 1.5000000000000002 2.2127549648284917 2.89330005645752 2.1119649410247807 3.0499399900436406 3.012414932250977 2.7333650588989262 2.6155350208282475 2.3160949945449834 2.5650351047515874 2.4588849544525151 2.7191300392150883 2.4362699985504155 2.3053900003433232 1.5000000000000002 1.5000000000000002 1.090584993362427 1.5000000000000002
decision_type=2 2 2 2 2 2 2 2 2 2 2 2 2 2 2 2 2 2 2 2 2 2 2 2 2 2 2 2 2 2
left_child=4 2 -2 -4 6 -5 7 11 -8 10 -10 -1 13 15 20 -12 -16 18 19 24 -15 22 -22 -23 25 -14 -11 -9 -29 -28
right_child=1 -3 3 5 -6 -7 8 27 9 26 12 -13 17 14 16 -17 -18 -19 -20 -21 21 23 -24 -25 -26 -27 29 28 -30 -31
leaf_value=-2.2702296434824445e-05 0.0010056449960651071 0.0015252367650444554 0.00059915289743809209 -0.00095809069807858819 -0.00046655232249546904 -0.00049659354060061769 -5.7692896960407284e-05 -0.00035942241786111878 0.0002960805682333781 -1.4795390556043435e-06 -1.5905789112015112e-05 0.0002636231200515639 0.00010490993624844643 -0.00097907521065919998 0.00078664365548269011 0.00083486888404313232 -8.6255222839758222e-05 0.00068215396736559975 -0.00040413984046954658 0.001037610673031779 -0.00030930741475705095 -0.0010454948822773375 0.00063615054421229669 -0.00019839599701011179 -0.00030691145567741978 0.0010817545613443012 -0.00022401098128058627 0.00019254727479185298 -0.0004683985151332121 -0.00093169956469711765
leaf_weight=18404 1886 1032 1487 1759 1289 1884 45790 12137 22651 4265 8347 14000 11787 1184 1063 1251 1646 1719 2103 1054 1667 1512 1114 1445 1893 1427 1820 3228 1647 1118
leaf_count=18404 1886 1032 1487 1759 1289 1884 45790 12137 22651 4265 8347 14000 11787 1184 1063 1251 1646 1719 2103 1054 1667 1512 1114 1445 1893 1427 1820 3228 1647 1118
internal_value=2.82073e-05 0.000216298 2.37633e-05 -0.000337217 1.90641e-05 -0.000719425 2.28746e-05 -2.50791e-05 4.35064e-05 0.0001106 0.000147008 0.000101003 6.0896e-05 -6.38493e-05 -0.000222138 9.49839e-05 0.000256267 0.000180934 0.00013376 0.000203756 -0.000409367 -0.000291811 6.94197e-05 -0.000631542 0.000145578 0.000210401 -0.000202089 -0.000265237 -3.07507e-05 -0.000493308
internal_weight=173609 8048 7016 5130 165561 3643 164272 49416 114856 69066 61863 32404 39212 19229 9631 9598 2709 19983 18264 16161 6922 5738 2781 2957 15107 13214 7203 17012 4875 2938
internal_count=173609 8048 7016 5130 165561 3643 164272 49416 114856 69066 61863 32404 39212 19229 9631 9598 2709 19983 18264 16161 6922 5738 2781 2957 15107 13214 7203 17012 4875 2938
is_linear=0
shrinkage=0.08


Tree=90
num_leaves=31
num_cat=0
split_feature=0 3 1 1 1 0 0 1 1 1 1 1 1 3 0 1 1 1 0 1 0 1 1 0 1 1 0 0 0 1
split_gain=0.0398907 0.096234 0.164665 0.123355 0.165344 0.0921891 0.0872745 0.205718 0.386807 0.109332 0.0741342 0.142461 0.064928 0.0638564 0.156804 0.185238 0.246984 0.151639 0.187244 0.184412 0.145458 0.130082 0.112476 0.0820991 0.570444 0.562376 0.164916 0.160569 0.0834305 0.0987258
threshold=2.5168900489807133 1.5000000000000002 -0.26815499365329737 0.10285500064492227 0.35153000056743627 3.5972449779510502 2.4139449596405034 -0.2245099991559982 0.26016500592231756 0.83616501092910778 0.83616501092910778 0.60400497913360607 1.3811399936676028 1.5000000000000002 2.3372850418090825 0.028575000353157524 -0.097484998404979692 -0.36128000915050501 1.458705008029938 -0.55545499920845021 1.250779986381531 0.12179499864578248 -0.24651499837636945 1.4041999578475954 0.57501000165939342 0.97232499718666088 1.6079150438308718 1.6585550308227541 2.1318750381469731 1.0854049921035769
decision_type=2 2 2 2 2 2 2 2 2 2 2 2 2 2 2 2 2 2 2 2 2 2 2 2 2 2 2 2 2 2
left_child=6 -2 -3 -4 -5 10 13 -8 -9 -10 11 -6 -12 -1 15 16 17 18 20 -20 -15 -17 -19 25 27 -23 -26 -25 29 -28
right_child=1 2 3 4 5 -7 7 8 9 -11 12 -13 -14 14 -16 21 -18 22 19 -21 -22 23 -24 24 26 -27 28 -29 -30 -31
leaf_value=4.9146801390654575e-05 1.2208654600468754e-05 0.0010065949229836298 -0.00058008135819008911 0.0012005424455448907 -0.00023750638810743924 0.00063112435579323173 -0.0011954893334620612 0.0012055048092037568 -0.00096634204487068629 -8.3778025604852639e-05 -0.00049313649465489108 0.0010867951846025904 9.698797755253489e-05 0.0002225482951185069 0.00078712450600644317 -0.00098956242552152712 0.00094334014806592506 -0.0009748861011535751 -0.00069081466405024588 0.00056592288541139682 0.0012379358904025994 -0.00086832576219774262 -8.6903035356304979e-05 -9.5627269035400943e-05 0.00029093762420668152 0.00059373962006736944 -0.00086330487990448875 0.0010849831524628695 -0.0011249996770029515 -9.8855069025551674e-05
leaf_weight=80325 36457 1675 1289 1051 1077 1908 1297 1170 1583 2077 2176 1005 2642 5872 1299 1481 1932 1565 2598 1049 1067 5369 2191 1028 1469 2453 2084 2607 1722 2247
leaf_count=80325 36457 1675 1289 1051 1077 1908 1297 1170 1583 2077 2176 1005 2642 5872 1299 1481 1932 1565 2598 1049 1067 5369 2191 1028 1469 2453 2084 2607 1722 2247
internal_value=1.7589e-05 7.85101e-05 0.000267012 0.000155888 0.000252112 0.000138942 -6.52789e-06 -0.000300936 -6.07217e-05 -0.000465499 2.84232e-06 0.000401746 -0.000169536 8.71264e-06 -7.66836e-05 -0.00010723 9.42012e-05 -2.01857e-05 0.000134763 -0.000329335 0.000378683 -0.000267449 -0.000456896 -0.0002111 -7.17819e-05 -0.000409818 -0.000469439 0.000751099 -0.000653974 -0.000466695
internal_weight=173765 49280 12823 11148 9859 8808 124485 6127 4830 3660 6900 2082 4818 118358 38033 36734 16274 14342 10586 3647 6939 20460 3756 18979 11157 7822 7522 3635 6053 4331
internal_count=173765 49280 12823 11148 9859 8808 124485 6127 4830 3660 6900 2082 4818 118358 38033 36734 16274 14342 10586 3647 6939 20460 3756 18979 11157 7822 7522 3635 6053 4331
is_linear=0
shrinkage=0.08


Tree=91
num_leaves=31
num_cat=0
split_feature=1 1 1 0 0 0 0 1 0 0 0 1 1 1 1 0 0 1 1 3 3 0 1 1 0 1 3 0 0 0
split_gain=0.0371243 0.133563 0.108656 0.160757 0.519188 0.0816661 0.161819 0.0789253 0.304684 0.07425 0.0930477 0.0592771 0.0609967 0.0785977 0.0699539 0.0681269 0.0958511 0.214772 0.183651 0.212627 0.183742 0.154868 0.105675 0.112497 0.101666 0.220216 0.244032 0.0980306 0.0708988 0.0592585
threshold=0.15852499753236773 0.21329500526189807 1.0000000180025095e-35 1.7395550012588503 2.0148200988769536 2.7885200977325444 2.3372850418090825 0.26016500592231756 2.1724550724029545 1.4694550037384035 1.1464500427246096 -0.018724999390542504 -0.047654999420046799 -0.087294999510049806 -0.10785499960184096 1.6282149553298952 2.1318750381469731 -0.85982501506805409 -0.72840499877929676 1.0000000180025095e-35 1.5000000000000002 3.1291050910949711 -0.26815499365329737 -0.5417099893093108 2.0439050197601323 -0.37299500405788416 1.0000000180025095e-35 1.8963550329208376 2.4139449596405034 1.7985249757766726
decision_type=2 2 2 2 2 2 2 2 2 2 2 2 2 2 2 2 2 2 2 2 2 2 2 2 2 2 2 2 2 2
left_child=2 -2 11 9 -5 6 -6 8 -3 10 -4 12 13 14 15 -1 17 -17 20 28 -18 22 23 -21 25 27 -27 -19 -20 -14
right_child=1 7 3 4 5 -7 -8 -9 -10 -11 -12 -13 29 -15 -16 16 18 24 19 21 -22 -23 -24 -25 -26 26 -28 -29 -30 -31
leaf_value=0.00010473885143372792 -0.00046142791058441607 -0.00021403123793285788 -0.00015889082636131788 0.001947781287300788 -0.00016214122237040438 -0.00024710911304611394 0.00097777229506882703 -7.729806746619756e-06 0.0013431946088180663 -0.00055957836310153238 0.00065580958840194602 -0.00050203331386191425 4.1068596099850579e-05 -0.00039998410447204314 0.00060384065435299401 0.00031951297601559992 -4.4397638392574266e-05 -0.0004587954597874392 0.00032476136929134307 0.00034607018174253337 -0.0011607067366834348 -0.00030209587538972279 0.00023911173923906771 0.0013570923837160896 -0.0011095605877365 -0.00074942460921372813 0.00073445662619664464 -0.0013206264470142738 -0.00038866673585250688 0.00090236399339395574
leaf_weight=30836 4073 2090 2495 1353 1547 1814 1644 89731 1307 1323 1401 1357 1046 2750 1364 3101 3464 2571 1267 1049 1297 1084 1667 2144 1306 1142 1872 1258 3008 1000
leaf_count=30836 4073 2090 2495 1353 1547 1814 1644 89731 1307 1323 1401 1357 1046 2750 1364 3101 3464 2571 1267 1049 1297 1084 1667 2144 1306 1142 1872 1258 3008 1000
internal_value=1.97577e-05 -1.30119e-05 6.15808e-05 0.000287272 0.000557364 0.000181492 0.000425141 6.59981e-06 0.000385113 -4.17639e-05 0.000134075 2.11238e-05 3.23522e-05 1.79826e-05 3.76542e-05 2.41211e-05 -7.06532e-05 -0.000247122 6.18754e-05 0.00025307 -0.000348505 0.000562544 0.000755398 0.00102494 -0.000462748 -0.000339303 0.000172216 -0.000741946 -0.000177225 0.000462034
internal_weight=173361 97201 76160 11577 6358 5005 3191 93128 3397 5219 3896 64583 63226 61180 58430 57066 26230 11250 14980 10219 4761 5944 4860 3193 8149 6843 3014 3829 4275 2046
internal_count=173361 97201 76160 11577 6358 5005 3191 93128 3397 5219 3896 64583 63226 61180 58430 57066 26230 11250 14980 10219 4761 5944 4860 3193 8149 6843 3014 3829 4275 2046
is_linear=0
shrinkage=0.08


Tree=92
num_leaves=31
num_cat=0
split_feature=0 0 0 1 1 1 0 1 0 1 0 1 1 1 0 1 3 1 3 0 1 1 3 1 1 0 0 0 1 1
split_gain=0.0666784 0.15062 0.0871298 0.0773235 0.0719668 0.192571 0.133402 0.0705504 0.0648778 0.0653797 0.064658 0.212238 0.244965 0.0886603 0.0933723 0.0801885 0.16979 0.203609 0.0592743 0.120837 0.0583447 0.05034 0.126104 0.0493628 0.202554 0.190309 0.242967 0.140028 0.121954 0.0390546
threshold=2.832994937896729 2.7885200977325444 2.8630249500274663 2.5682650804519658 0.63363000750541698 0.28750500082969671 2.9089949131011967 0.68147999048233043 3.2603299617767338 0.47127500176429754 2.4139449596405034 -0.19207500666379926 0.65289500355720531 -0.37299500405788416 2.5516149997711186 0.49924500286579138 1.0000000180025095e-35 0.27834500372409826 1.5000000000000002 3.3970999717712407 0.14018500596284869 1.3811399936676028 1.5000000000000002 -0.34954500198364252 -0.5417099893093108 3.212305068969727 3.012414932250977 3.2356851100921635 -0.057725001126527779 1.2296350002288821
decision_type=2 2 2 2 2 2 2 2 2 2 2 2 2 2 2 2 2 2 2 2 2 2 2 2 2 2 2 2 2 2
left_child=1 10 -2 4 5 23 -6 -3 -7 -10 -1 13 15 14 -12 16 20 -18 29 -20 -13 -14 -23 24 27 26 -25 -4 -27 -8
right_child=2 7 3 -5 6 8 18 -9 9 -11 11 12 21 -15 -16 -17 17 -19 19 -21 -22 22 -24 25 -26 28 -28 -29 -30 -31
leaf_value=2.2351152090315419e-05 0.0007315242179922911 -0.0011536670575576584 -0.00024841944431026007 -0.00055114862183466471 0.0011147692391779292 -0.00077448061696398795 0.00022730348306363623 -0.00021446777219280772 -0.00060112780044780582 0.00027262924666286779 -0.00092845525961858858 0.00014114497076145522 -0.00042616834372199926 -0.0012702916705913214 -3.2773336730973305e-05 0.00086107709227185338 0.001040883981690822 -0.00025146868076854719 -3.3916853240166012e-06 0.0008448856772854857 -0.00065083273162898597 0.0003214317580972234 -0.00071120483763281316 3.3134125102105858e-05 -0.00097604687545663541 0.00056662699752118119 0.0015459572419130564 0.0010703463334334107 -0.000504616291436329 -6.4518266468567868e-05
leaf_weight=118566 1410 1040 1062 1164 1007 2156 5544 1008 1077 1116 1324 1057 5683 1075 1703 1510 2155 1223 2154 2145 1363 2192 1156 1321 1044 1066 1399 1001 1879 6237
leaf_count=118566 1410 1040 1062 1164 1007 2156 5544 1008 1077 1116 1324 1057 5683 1075 1703 1510 2155 1223 2154 2145 1363 2192 1156 1321 1044 1066 1399 1001 1879 6237
internal_value=1.3548e-05 -1.03375e-05 0.000116323 8.86732e-05 0.000113327 -2.75835e-05 0.000221532 -0.000691405 -0.000462851 -0.00015648 -3.03318e-07 -0.000131708 -2.54597e-06 -0.000646185 -0.000424542 0.000341802 0.000206565 0.00057299 0.000165594 0.000419859 -0.000304915 -0.000281197 -3.51178e-05 0.000188214 -6.80392e-05 0.000328758 0.000811237 0.000391466 -0.000116859 7.28096e-05
internal_weight=173837 141055 32782 31372 30208 13121 17087 2048 4349 2193 139007 20441 16339 4102 3027 7308 5798 3378 16080 4299 2420 9031 3348 8772 3107 5665 2720 2063 2945 11781
internal_count=173837 141055 32782 31372 30208 13121 17087 2048 4349 2193 139007 20441 16339 4102 3027 7308 5798 3378 16080 4299 2420 9031 3348 8772 3107 5665 2720 2063 2945 11781
is_linear=0
shrinkage=0.08


Tree=93
num_leaves=31
num_cat=0
split_feature=0 1 1 0 1 1 0 3 1 0 0 1 0 1 1 1 1 1 1 0 1 0 0 1 1 0 0 0 1 0
split_gain=0.0335522 0.0456285 0.0278335 0.0378419 0.11868 0.14425 0.140718 0.256678 0.58473 0.238526 0.179829 0.106116 0.122346 0.0784186 0.264385 0.142912 0.107524 0.0812352 0.206914 0.107381 0.0694 0.0653715 0.0634405 0.169725 0.13557 0.14138 0.0907213 0.0608143 0.0592185 0.0538915
threshold=-0.2634150087833404 -0.85982501506805409 2.7389349937438969 2.2951200008392338 -0.72840499877929676 -1.1028450131416319 2.7333650588989262 1.5000000000000002 1.0197100043296816 2.589789986610413 2.3265800476074223 0.74057999253273021 2.832994937896729 0.11228000000119211 -0.047654999420046799 0.35153000056743627 -0.32600499689579004 1.260689973831177 0.76105999946594249 2.5047099590301518 -2.0718749761581416 2.4253449440002446 3.1909749507904057 0.52738499641418468 0.49924500286579138 3.0695700645446782 3.5590500831604008 2.5047099590301518 0.22324000298976901 2.528845071792603
decision_type=2 2 2 2 2 2 2 2 2 2 2 2 2 2 2 2 2 2 2 2 2 2 2 2 2 2 2 2 2 2
left_child=1 -1 3 20 5 -5 7 10 9 21 -6 12 -8 14 16 -15 -12 18 19 -17 -2 -9 24 26 25 -14 -24 -10 -28 -20
right_child=2 -3 -4 4 6 -7 11 8 27 -11 13 -13 22 15 -16 17 -18 -19 29 -21 -22 -23 23 -25 -26 -27 28 -29 -30 -31
leaf_value=-0.00012378494688995749 0.00062688819128518217 0.00053295577193825789 -0.00036676306994319662 0.00019100513305309806 0.00094880649389965301 -0.00079940016221786037 -0.00070546440416931254 0.0012554447374216046 -0.00086312967468261167 0.0022095933118413606 0.00037635876167771621 0.00010640999156882503 3.5435849334106309e-05 -0.00078135967874462672 0.0013260931780236943 -0.00019718786711155103 -0.00055450231187565812 0.00035729646323887505 -0.00028280524278509245 0.00071309413314074946 -3.6473241756476757e-05 0.00049386818376168876 -0.00076172147531469324 0.00045369390163393301 -0.00055387704177384549 0.0009824659482664136 0.00017533030855195017 2.4827671372457415e-06 -0.00059580807172584453 -0.00093910511841467984
leaf_weight=1120 1019 1712 1346 1629 1368 2229 2364 1347 1006 1149 1573 18574 3598 1761 1141 1553 1604 2886 1599 1780 106511 1553 2955 1712 1557 1402 1664 1074 1033 1604
leaf_count=1120 1019 1712 1346 1629 1368 2229 2364 1347 1006 1149 1573 18574 3598 1761 1141 1553 1604 2886 1599 1780 106511 1553 2955 1712 1557 1402 1664 1074 1033 1604
internal_value=1.23325e-07 0.000273228 -4.41051e-06 -1.52873e-06 4.84043e-05 -0.000381212 7.70518e-05 0.000230655 0.000674048 0.0012341 6.95571e-05 -2.42868e-05 -0.000173354 -8.03879e-06 0.000281534 -0.000119849 -9.36133e-05 3.78924e-06 -0.000152303 0.000288951 -3.01869e-05 0.000847607 -8.29936e-05 -0.000244145 9.79913e-05 0.000300983 -0.000455521 -0.000416174 -0.00012003 -0.000611467
internal_weight=173423 2832 170591 169245 61715 3858 57857 22998 6129 4049 16869 34859 16285 15501 4318 11183 3177 9422 6536 3333 107530 2900 13921 7364 6557 5000 5652 2080 2697 3203
internal_count=173423 2832 170591 169245 61715 3858 57857 22998 6129 4049 16869 34859 16285 15501 4318 11183 3177 9422 6536 3333 107530 2900 13921 7364 6557 5000 5652 2080 2697 3203
is_linear=0
shrinkage=0.08


Tree=94
num_leaves=31
num_cat=0
split_feature=2 1 1 0 1 0 1 1 1 1 1 0 0 1 0 2 2 2 0 1 0 0 2 0 0 2 1 1 2 0
split_gain=0.0496293 0.307271 0.21769 0.409761 0.151281 0.0756892 0.0560006 0.0810006 0.0958426 0.0398259 0.0599404 0.0519092 0.104793 0.0774102 0.0697438 0.0925613 0.0651844 0.0388036 0.130155 0.0380818 0.0395689 0.0377205 0.0306449 0.0304974 0.0300619 0.125696 0.0485697 0.0655782 0.0387717 0.0290246
threshold=2.5000000000000004 1.0077999830245974 0.084465000778436675 2.264339923858643 -0.58542999625205983 2.0734949111938481 -1.0451250076293943 -0.37299500405788416 -0.34954500198364252 -0.42088499665260309 -0.45930500328540796 1.5661150217056277 2.223005056381226 -0.60052499175071705 2.3922950029373173 1.0000000180025095e-35 1.5000000000000002 1.5000000000000002 1.1464500427246096 -0.94585502147674549 1.090584993362427 1.8963550329208376 1.0000000180025095e-35 0.83102500438690197 3.636759996414185 1.5000000000000002 1.4600299596786501 2.0066848993301396 1.0000000180025095e-35 2.7606199979782109
decision_type=2 2 2 2 2 2 2 2 2 2 2 2 2 2 2 2 2 2 2 2 2 2 2 2 2 2 2 2 2 2
left_child=6 2 3 4 -2 -4 17 9 -9 10 11 16 13 21 -14 -16 19 22 -19 -8 -21 -13 23 -1 29 26 28 -28 -26 -10
right_child=1 -3 5 -5 -6 -7 7 8 24 -11 -12 12 14 -15 15 -17 -18 18 -20 20 -22 -23 -24 -25 25 -27 27 -29 -30 -31
leaf_value=1.0803735114120859e-05 0.0015958178928224766 0.0012437265387122331 -0.001026727880771182 -0.00096653750093234796 0.00036684600481352641 -0.00020835882822579859 -0.00026478274462788791 -0.00071474506744451701 -3.8879422414708625e-05 0.00041448722757313607 -0.0003462699469822428 0.00018102895180417306 0.00082809629061654814 -0.00069649316380165449 0.00053860879240961361 -0.00026719353268611932 0.00067172924825188176 -0.0011607038889928035 6.1508404957401902e-05 7.7233224820524946e-05 0.00043968120504702844 -0.00032520970693858875 3.5232249522328951e-05 -0.00037951651077299469 -0.0004160924769255306 -0.0009086935755546105 0.00065373342671105525 -0.00017102841893173361 8.0424625335186479e-05 6.1410005385873466e-05
leaf_weight=1960 1132 1429 1273 1058 1478 1675 1201 1320 95061 2615 1893 2108 1095 1684 1679 1998 1883 1012 1242 4968 3150 1703 4509 3699 2403 1273 1231 1237 1732 22922
leaf_count=1960 1132 1429 1273 1058 1478 1675 1201 1320 95061 2615 1893 2108 1095 1684 1679 1998 1883 1012 1242 4968 3150 1703 4509 3699 2403 1273 1231 1237 1732 22922
internal_value=-1.41372e-05 0.000179904 -4.98727e-05 0.000361523 0.000899871 -0.000561745 -2.35651e-05 -1.03152e-05 -3.6609e-05 0.000118415 8.52745e-05 0.000123325 -6.61154e-06 -0.000244789 0.000267652 0.000100754 0.000242417 -0.000186929 -0.00048724 0.00015567 0.000217873 -4.51911e-05 -0.000120357 -0.000244329 -2.94968e-05 -0.000180822 -4.04954e-05 0.00024035 -0.00020812 -1.9395e-05
internal_weight=173623 8045 6616 3668 2610 2948 165578 153156 127179 25977 23362 21469 10267 5495 4772 3677 11202 12422 2254 9319 8118 3811 10168 5659 125859 7876 6603 2468 4135 117983
internal_count=173623 8045 6616 3668 2610 2948 165578 153156 127179 25977 23362 21469 10267 5495 4772 3677 11202 12422 2254 9319 8118 3811 10168 5659 125859 7876 6603 2468 4135 117983
is_linear=0
shrinkage=0.08


Tree=95
num_leaves=31
num_cat=0
split_feature=1 2 2 1 3 1 1 1 3 2 1 2 1 3 1 1 3 1 1 1 3 2 1 3 1 1 1 1 1 1
split_gain=0.023558 0.0434206 0.0186467 0.0769995 0.0837765 0.0662614 0.0629212 0.0788803 0.0900731 0.161569 0.0844223 0.0904723 0.067085 0.0639933 0.0819918 0.0606829 0.0481019 0.0542735 0.103983 0.081776 0.0408074 0.0375001 0.065072 0.0364037 0.0541126 0.291353 0.126014 0.0832056 0.303875 0.1466
threshold=-1.7719500064849851 1.0000000180025095e-35 1.0000000180025095e-35 1.4003850221633913 1.0000000180025095e-35 -0.36128000915050501 -0.7817150056362151 0.97232499718666088 1.0000000180025095e-35 2.5000000000000004 0.93780001997947704 2.5000000000000004 0.43303500115871435 1.5000000000000002 1.1275949478149416 1.0718550086021426 1.0000000180025095e-35 -0.018724999390542504 -0.097484998404979692 0.084465000778436675 1.0000000180025095e-35 1.5000000000000002 1.5479999780654909 1.0000000180025095e-35 0.42366500198841101 0.49924500286579138 0.38706000149250036 0.53630501031875621 0.57501000165939342 0.69158500432968151
decision_type=2 2 2 2 2 2 2 2 2 2 2 2 2 2 2 2 2 2 2 2 2 2 2 2 2 2 2 2 2 2
left_child=1 -1 3 5 -5 -2 20 10 -9 13 11 23 -13 14 -10 -15 -7 18 -18 -19 -4 -17 -23 -8 26 -26 -25 -27 -29 -30
right_child=2 -3 6 4 -6 16 7 8 9 -11 -12 12 -14 15 -16 21 17 19 -20 -21 -22 22 -24 24 25 27 -28 28 29 -31
leaf_value=-0.00014453810542009764 -0.00010008865267916663 0.00049516630614866752 0.00042123300712532363 5.4278428669770895e-05 -0.00040003882209111954 8.1111916200277937e-06 -0.0001795074739050678 0.00038343856968307241 -0.0004676140920770755 0.00078847057110073766 -0.00081160300644114616 -0.00023867030343594262 -0.00086653598619190113 0.00031472791812143706 0.00024181389595811779 -0.00017730963333294984 0.00018870720924016562 -0.00045367346257440373 0.0010670999754532288 0.00015500314320805329 5.0729677680761796e-05 -0.00018232836569275363 -0.00093091814798338215 -6.190277299224506e-05 0.00098936875171534385 -0.00075289114674743603 -0.00097081231348665183 0.0013237487876734352 -0.00059927724962911637 9.2730697710202549e-05
leaf_weight=1211 16432 1546 2500 4754 5727 25526 14656 4474 1315 1440 1092 3894 1512 1107 5034 4658 3330 1529 1164 18563 7961 1552 1426 26905 2005 1008 1013 1011 2959 5799
leaf_count=1211 16432 1546 2500 4754 5727 25526 14656 4474 1315 1440 1092 3894 1512 1107 5034 4658 3330 1529 1164 18563 7961 1552 1426 26905 2005 1008 1013 1011 2959 5799
internal_value=-1.78031e-05 0.000214179 -2.15577e-05 7.57628e-06 -0.000193968 3.93205e-05 -4.56042e-05 -6.89448e-05 6.49963e-05 -2.11826e-05 -0.000114432 -0.000101903 -0.000414278 -9.84355e-05 9.48777e-05 -0.000238816 8.50336e-05 0.000164897 0.000416221 0.000108683 0.000139274 -0.000319064 -0.000540787 -7.13965e-05 -3.24659e-05 0.000103862 -9.48824e-05 -6.08815e-05 1.05225e-05 -0.000141073
internal_weight=173103 2757 170346 77025 10481 66544 93321 82860 21006 16532 61854 60762 5406 15092 6349 8743 50112 24586 4494 20092 10461 7636 2978 55356 40700 12782 27918 10777 9769 8758
internal_count=173103 2757 170346 77025 10481 66544 93321 82860 21006 16532 61854 60762 5406 15092 6349 8743 50112 24586 4494 20092 10461 7636 2978 55356 40700 12782 27918 10777 9769 8758
is_linear=0
shrinkage=0.08


Tree=96
num_leaves=31
num_cat=0
split_feature=1 0 0 3 1 1 0 1 0 0 3 1 0 1 3 3 1 0 1 0 1 1 1 1 1 0 0 0 0 0
split_gain=0.0305113 0.167751 0.182976 0.174313 0.117389 0.105674 0.178781 0.0683924 0.0562084 0.0551949 0.4476 0.499901 0.350574 0.251788 0.228869 0.206536 0.198006 0.179835 0.159525 0.142807 0.13395 0.172042 0.214869 0.290068 0.158355 0.121344 0.138291 0.222057 0.126228 0.141387
threshold=0.82565498352050792 1.7094349861145022 2.7744650840759282 1.0000000180025095e-35 1.2145199775695803 0.76105999946594249 2.264339923858643 1.1847050189971926 2.9250850677490239 1.6585550308227541 1.0000000180025095e-35 -0.63187497854232777 3.1909749507904057 -0.087294999510049806 1.0000000180025095e-35 1.5000000000000002 -0.63187497854232777 3.5231649875640874 -0.85982501506805409 1.5866000056266787 -0.097484998404979692 -0.018724999390542504 0.074754998087883009 0.14018500596284869 -0.19207500666379926 2.832994937896729 2.6155350208282475 2.4253449440002446 2.3372850418090825 2.1318750381469731
decision_type=2 2 2 2 2 2 2 2 2 2 2 2 2 2 2 2 2 2 2 2 2 2 2 2 2 2 2 2 2 2
left_child=5 -2 3 4 -3 9 -7 8 -4 13 16 18 15 19 -15 25 -11 20 -12 -1 24 -22 -23 -24 -18 26 27 28 29 -13
right_child=1 2 7 -5 -6 6 -8 -9 -10 10 11 12 -14 14 -16 -17 17 -19 -20 -21 21 22 23 -25 -26 -27 -28 -29 -30 -31
leaf_value=0.00013225540930993866 0.00033357229953785174 -0.00019209768924520498 0.00093559448704643431 -0.00034071761846303207 0.00045880094274390278 5.4663530383032613e-05 -0.0010077560698865844 7.0880958747301356e-05 0.00028586713976865778 0.00030243778234763732 -0.00011619453986626911 2.5130527151600175e-05 -0.00034070516495019246 0.00012239119696266009 -0.00042396524552543792 0.00070352392020670311 -0.00046451917726591325 0.00049327474764342301 -0.000954620577341317 -0.00059134679236888066 0.00071910024957668806 -0.0011969694610158422 0.0010952715644984431 -0.00031836544784810927 -0.0014625256062526764 0.00082085983667140952 -0.00046801952258351489 0.0010562414715040052 -0.00068997672811647718 0.00071827264973587431
leaf_weight=30367 11485 3402 1064 13764 3704 2334 1792 11937 4280 4194 3878 6541 4068 7090 15937 12110 4657 1697 2322 1852 1124 1549 1019 10515 1302 2191 1829 1968 1079 2645
leaf_count=30367 11485 3402 1064 13764 3704 2334 1792 11937 4280 4194 3878 6541 4068 7090 15937 12110 4657 1697 2322 1852 1124 1549 1019 10515 1302 2191 1829 1968 1079 2645
internal_value=1.25171e-05 6.55253e-05 -1.51678e-05 -0.000174593 0.000147183 -8.69128e-06 -0.000406765 0.000177368 0.000415229 5.00336e-06 5.51575e-05 0.000227987 0.000353816 -5.37225e-05 -0.000255742 0.000453428 -0.000201072 -0.000297661 -0.000430199 9.06616e-05 -0.000364219 -0.000230687 -0.000312286 -0.000193474 -0.000682577 0.000267083 0.000180799 0.000277807 0.000128566 0.000224713
internal_weight=173696 49636 38151 20870 7106 124060 4126 17281 5344 119934 64688 38631 32431 55246 23027 28363 26057 21863 6200 32219 20166 14207 13083 11534 5959 16253 14062 12233 10265 9186
internal_count=173696 49636 38151 20870 7106 124060 4126 17281 5344 119934 64688 38631 32431 55246 23027 28363 26057 21863 6200 32219 20166 14207 13083 11534 5959 16253 14062 12233 10265 9186
is_linear=0
shrinkage=0.08


Tree=97
num_leaves=31
num_cat=0
split_feature=1 1 1 2 1 1 1 1 1 1 1 2 1 1 1 1 2 2 1 1 3 2 3 1 2 1 1 3 2 3
split_gain=0.0329389 0.122933 0.0779173 0.0789969 0.110478 0.0967819 0.0582154 0.05923 0.0505416 0.047369 0.182547 0.0324259 0.0323962 0.0426434 0.0334056 0.0310731 0.049363 0.0432563 0.0833504 0.0354409 0.0625404 0.0558296 0.0329256 0.0247624 0.0696138 0.175183 0.0659433 0.0862465 0.0555205 0.036234
threshold=0.10285500064492227 0.12179499864578248 -0.047654999420046799 1.5000000000000002 0.084465000778436675 -0.0097050000913441164 0.15852499753236773 0.21329500526189807 -0.028874999843537804 -0.087294999510049806 -0.10785499960184096 1.0000000180025095e-35 0.24243500083684924 0.26016500592231756 0.28750500082969671 1.9158399701118471 1.0000000180025095e-35 2.5000000000000004 0.61321499943733226 0.34208999574184423 1.5000000000000002 1.0000000180025095e-35 1.0000000180025095e-35 -0.30197499692440027 2.5000000000000004 -0.7817150056362151 -0.88114500045776356 1.5000000000000002 1.0000000180025095e-35 1.0000000180025095e-35
decision_type=2 2 2 2 2 2 2 2 2 2 2 2 2 2 2 2 2 2 2 2 2 2 2 2 2 2 2 2 2 2
left_child=2 -2 9 4 5 8 -3 -8 -4 10 23 -11 -9 -14 -15 17 22 19 -19 20 21 -16 -17 24 26 -26 27 28 29 -1
right_child=1 6 3 -5 -6 -7 7 12 -10 11 -12 -13 13 14 15 16 -18 18 -20 -21 -22 -23 -24 -25 25 -27 -28 -29 -30 -31
leaf_value=7.8587765414338236e-06 -0.00077096750757614269 0.00035928265244256449 0.00032782197357424119 -0.00015309071860798417 0.0011544174853307578 7.9631007726681989e-05 -0.00031343837759552308 0.00031267774368171785 0.0011094176819158278 8.6580016607502616e-06 0.00094350179645412945 -0.00054583309938616685 -0.00045179933900815636 0.00031636580226967288 0.00035224229167216207 0.00020338131817254347 0.0003390139620522252 -0.00086025775263569955 -2.5669975719466412e-05 -2.473412022878457e-05 0.00076089871125797947 -0.00034985191901270522 -0.00025377360581463543 -8.5948132267368266e-05 0.0012501876612345153 -0.0001629121193875683 0.0001006365770433822 -0.00038442267438514992 0.00020166707519126862 -0.00037692207283297096
leaf_weight=3965 1357 2740 1057 2378 1009 5303 4068 2053 1061 1198 1386 1546 1369 2062 1596 1781 4018 1143 2321 72407 1020 1328 2324 12352 1022 1246 25318 4945 5436 2589
leaf_count=3965 1357 2740 1057 2378 1009 5303 4068 2053 1061 1198 1386 1546 1369 2062 1596 1781 4018 1143 2321 72407 1020 1328 2324 12352 1022 1246 25318 4945 5436 2589
internal_value=1.46823e-05 -1.46333e-05 5.61535e-05 0.00025413 0.000369002 0.000262213 -4.39338e-06 -1.46147e-05 0.000719358 2.10776e-05 3.63769e-05 -0.000303748 -1.60257e-06 -8.66424e-06 -1.92366e-06 -9.38702e-06 0.000139679 -2.45579e-05 -0.000301055 -1.20134e-05 0.000221524 3.33705e-05 -5.54318e-05 1.42702e-05 4.2075e-05 0.000473855 1.88985e-05 -0.000103301 1.26415e-05 -0.00014414
internal_weight=173398 101587 71811 10808 8430 7421 100230 97490 2118 61003 58259 2744 93422 91369 90000 87938 8123 79815 3464 76351 3944 2924 4105 56873 44521 2268 42253 16935 11990 6554
internal_count=173398 101587 71811 10808 8430 7421 100230 97490 2118 61003 58259 2744 93422 91369 90000 87938 8123 79815 3464 76351 3944 2924 4105 56873 44521 2268 42253 16935 11990 6554
is_linear=0
shrinkage=0.08


Tree=98
num_leaves=31
num_cat=0
split_feature=0 2 0 2 0 0 3 0 3 0 3 3 0 0 0 0 0 0 0 0 0 3 0 0 0 0 0 0 0 2
split_gain=0.0252301 0.0953492 0.0874706 0.0335567 0.419666 0.148889 0.0553676 0.16309 0.03131 0.0243544 0.0720218 0.0609023 0.0130391 0.0934614 0.052526 0.031919 0.0799959 0.0393696 0.0425587 0.0887272 0.0340533 0.149322 0.136709 0.034396 0.0298777 0.046526 0.0346652 0.143818 0.0869128 0.0820141
threshold=3.3970999717712407 1.0000000180025095e-35 3.5231649875640874 2.5000000000000004 2.7465400695800786 1.0012049674987795 1.5000000000000002 1.7686450481414797 1.0000000180025095e-35 3.975544929504395 1.5000000000000002 1.5000000000000002 2.7465400695800786 2.7744650840759282 2.7191300392150883 2.6924350261688237 2.6526401042938237 2.6155350208282475 2.5516149997711186 2.5168900489807133 2.4253449440002446 1.0000000180025095e-35 2.4705250263214116 2.4030599594116215 2.3697550296783452 2.348274946212769 2.2850199937820439 2.264339923858643 2.2329449653625493 1.0000000180025095e-35
decision_type=2 2 2 2 2 2 2 2 2 2 2 2 2 2 2 2 2 2 2 2 2 2 2 2 2 2 2 2 2 2
left_child=3 8 -3 12 5 -5 -7 -8 -2 11 -11 -4 14 -14 15 16 17 18 19 20 23 -22 -23 24 25 26 27 28 -1 -28
right_child=1 2 9 4 -6 6 7 -9 -10 10 -12 -13 13 -15 -16 -17 -18 -19 -20 -21 21 22 -24 -25 -26 -27 29 -29 -30 -31
leaf_value=-9.749494591573515e-06 8.2923078876121115e-06 0.00083644160165823533 0.00027563726758491838 0.00095833991065610565 -0.0015265741766630433 0.00031656125279431037 -0.00094953178543173147 0.00015992530980031794 -0.0003566540912102668 -1.9098853323175903e-05 0.00085501661028838569 -0.00043000910658312456 0.00069766879869330423 6.2595270633419514e-07 -0.00053302537371630965 0.00037332610496716587 -0.00052631140952008972 0.00034259107841379721 -0.0003051777474118483 0.00052220346006626704 -0.00073773718833743606 -0.00040448066603171435 0.00066102046696888642 0.00039587488603694493 -0.00032802224737707322 0.00045456325972228557 0.0001246786086145956 0.00082755043357897701 -0.00055317601070114727 -0.00061202815179603476
leaf_weight=102024 3747 1480 2043 1034 1248 1481 1374 2215 2514 1485 1016 1269 1309 20687 1287 1311 1993 1935 3285 1948 2127 1526 1557 1302 1951 1350 1886 1298 1919 1985
leaf_count=102024 3747 1480 2043 1034 1248 1481 1374 2215 2514 1485 1016 1269 1309 20687 1287 1311 1993 1935 3285 1948 2127 1526 1557 1302 1951 1350 1886 1298 1919 1985
internal_value=-1.40404e-05 9.07597e-05 0.00028736 -2.29165e-05 -0.000189858 8.34418e-05 -9.49891e-05 -0.000264815 -0.000138246 0.000147562 0.000336 5.26733e-06 -1.48777e-05 4.21075e-05 -2.44692e-05 -1.9411e-05 -2.34308e-05 -1.54824e-05 -2.10629e-05 -1.33415e-05 -2.21137e-05 -0.00022211 0.000133627 -1.29506e-05 -1.76858e-05 -1.22045e-05 -1.79797e-05 -9.3316e-06 -1.97823e-05 -0.000253095
internal_weight=173586 13554 7293 160032 7352 6104 5070 3589 6261 5813 2501 3312 152680 21996 130684 129397 128086 126093 124158 120873 118925 5210 3083 113715 112413 110462 109112 105241 103943 3871
internal_count=173586 13554 7293 160032 7352 6104 5070 3589 6261 5813 2501 3312 152680 21996 130684 129397 128086 126093 124158 120873 118925 5210 3083 113715 112413 110462 109112 105241 103943 3871
is_linear=0
shrinkage=0.08


Tree=99
num_leaves=31
num_cat=0
split_feature=0 2 1 1 0 1 2 1 0 1 0 1 0 0 1 0 0 1 1 0 1 1 2 0 1 1 0 0 1 0
split_gain=0.0814292 0.121784 0.152812 0.107629 0.201826 0.2818 0.166997 0.202165 0.141782 0.110472 0.0871949 0.0649723 0.0965698 0.0594365 0.0471238 0.0470392 0.060489 0.182884 0.175511 0.0975906 0.149726 0.0808638 0.059122 0.0485203 0.0436425 0.0416891 0.25937 0.17905 0.183182 0.184059
threshold=2.6787550449371342 2.5000000000000004 0.60400497913360607 0.23238000273704532 3.1091099977493291 0.084465000778436675 1.0000000180025095e-35 -0.31364999711513514 2.89330005645752 -0.61645501852035511 2.6526401042938237 0.45170499384403234 3.0695700645446782 4.6078250408172616 2.334729909896851 3.1909749507904057 3.0695700645446782 1.1275949478149416 0.59399500489234935 2.8630249500274663 0.9266449809074403 0.99526500701904308 1.5000000000000002 2.9580500125885014 0.065930001437664046 0.75066500902175914 1.7296400070190432 1.9563249945640566 -0.64735502004623402 2.0439050197601323
decision_type=2 2 2 2 2 2 2 2 2 2 2 2 2 2 2 2 2 2 2 2 2 2 2 2 2 2 2 2 2 2
left_child=10 3 -3 4 5 6 7 -2 -8 -6 14 12 -5 15 25 16 18 -18 -13 21 -21 -20 -17 -22 -11 27 -27 -1 -29 -30
right_child=1 2 -4 11 9 -7 8 -9 -10 24 -12 13 -14 -15 -16 22 17 -19 19 20 23 -23 -24 -25 -26 26 -28 28 29 -31
leaf_value=-8.5693004740563784e-05 9.3088657973829217e-05 -4.9097091528496011e-06 0.0013490429671881635 -0.00081504249005687191 0.00063086335294319762 0.0018070895948124588 -0.00065451235306218766 0.0016446499065554123 0.00058581626211972758 -0.00048403666495647841 -0.00068311280925939359 0.00099572085557183871 4.7468010665264191e-05 -0.0005638347699868342 0.00044644024526216105 0.00023716276661640332 -0.0011377576408273559 0.00024915504136766812 -0.00084545551585770275 0.00093969272859631338 -0.00045019486710494254 -0.00011387352535418469 -0.00025516002704267099 0.00020333658104488604 0.00011622739651336607 0.00015358368821021445 -0.00030823047210488155 -0.00030366660045967771 0.00078282708009813325 0.00015044364468318742
leaf_weight=69701 1110 1064 1070 1576 1017 1013 1382 1042 1029 2660 1352 1054 1757 1081 1276 9687 1183 1253 1479 1180 1478 2793 1861 1431 1094 13091 19197 4740 3433 20748
leaf_count=69701 1110 1064 1070 1576 1017 1013 1382 1042 1029 2660 1352 1054 1757 1081 1276 9687 1183 1253 1479 1180 1478 2793 1861 1431 1094 13091 19197 4740 3433 20748
internal_value=-1.38347e-05 8.58428e-05 0.00067397 5.29533e-05 0.00027323 0.000600055 0.000332089 0.000844356 -0.000125148 -0.00010874 -4.39116e-05 -2.89939e-05 -0.000360368 1.61233e-05 -3.73738e-05 4.29165e-05 -6.90524e-05 -0.000424374 2.28822e-05 -9.97552e-05 0.00017961 -0.000367153 0.000157823 -0.000128709 -0.000309106 -4.20896e-05 -0.00012099 -1.62582e-05 0.000151083 0.000240224
internal_weight=173832 40294 2134 38160 10347 5576 4563 2152 2411 4771 133538 27813 3333 24480 132186 23399 11851 2436 9415 8361 4089 4272 11548 2909 3754 130910 32288 98622 28921 24181
internal_count=173832 40294 2134 38160 10347 5576 4563 2152 2411 4771 133538 27813 3333 24480 132186 23399 11851 2436 9415 8361 4089 4272 11548 2909 3754 130910 32288 98622 28921 24181
is_linear=0
shrinkage=0.08


Tree=100
num_leaves=31
num_cat=0
split_feature=1 1 2 1 1 1 3 3 3 1 1 1 2 1 1 2 1 3 2 1 1 1 2 2 1 3 1 2 3 1
split_gain=0.0483089 0.0878332 0.0737651 0.0566984 0.070345 0.0901093 0.154893 0.0732002 0.0530146 0.0539468 0.0838722 0.0480738 0.122384 0.124077 0.107296 0.121905 0.110439 0.0423966 0.0476739 0.0408592 0.0400478 0.0811292 0.0856852 0.0482267 0.0758874 0.0381616 0.0614334 0.0412902 0.0355939 0.0348121
threshold=-0.29094000160694117 0.26861500740051275 1.0000000180025095e-35 0.36897499859333044 0.41523499786853796 0.49013000726699835 1.0000000180025095e-35 1.0000000180025095e-35 1.5000000000000002 0.86974501609802257 0.9266449809074403 0.88093999028205883 1.5000000000000002 0.61321499943733226 0.94935500621795665 2.5000000000000004 1.0718550086021426 1.5000000000000002 1.0000000180025095e-35 0.64283499121665966 0.54546499252319347 0.59399500489234935 1.0000000180025095e-35 1.0000000180025095e-35 0.63363000750541698 1.0000000180025095e-35 1.0077999830245974 1.0000000180025095e-35 1.0000000180025095e-35 0.3334649950265885
decision_type=2 2 2 2 2 2 2 2 2 2 2 2 2 2 2 2 2 2 2 2 2 2 2 2 2 2 2 2 2 2
left_child=2 -2 -1 17 7 6 -6 -5 9 20 -11 12 13 -10 -13 16 -16 18 29 -14 -7 22 -22 24 -23 27 -27 -12 -26 -3
right_child=1 3 -4 4 5 8 -8 -9 11 10 25 14 19 -15 15 -17 -18 -19 -20 -21 21 23 -24 -25 28 26 -28 -29 -30 -31
leaf_value=-3.2486137298158716e-05 -0.00011178303049923696 0.00055422761278874316 0.00017340241860501533 0.00013872869890330455 -0.00022255540210340178 0.00021559437144352502 0.00066373562477104137 -0.0006292361367727789 -0.00026007549783344956 0.00057678802987579428 7.3716060228759721e-05 -0.00087743027345893899 2.78248570030918e-05 0.00061580162014432947 0.00038143075933302976 0.00067693107662789053 -0.00028039936765047655 0.00054764151960218406 -0.00013160577100241911 -0.00056957769078105707 -0.00096350069520967146 0.00073878352049072812 -3.5296591521281564e-06 -0.0002004389523829558 -0.00016229946649048442 -0.00048856994284234565 4.2875802379716033e-05 0.00035839336688124704 0.00023190620047735334 -1.9508529838596642e-05
leaf_weight=19634 39061 1848 25734 1265 1982 2877 3474 2135 1550 2328 9783 1284 1232 3116 1890 1147 11036 2098 2508 1808 1336 1047 1073 5842 3538 1561 12865 4891 2503 1068
leaf_count=19634 39061 1848 25734 1265 1982 2877 3474 2135 1550 2328 9783 1284 1232 3116 1890 1147 11036 2098 2508 1808 1336 1047 1073 5842 3538 1561 12865 4891 2503 1068
internal_value=1.33559e-05 -1.17606e-05 8.42996e-05 3.20961e-05 1.27144e-05 2.82096e-05 0.000341773 -0.000343508 4.67957e-06 5.12408e-05 0.000114731 -9.55452e-05 6.75064e-05 0.000324844 -0.000177363 -0.00011349 -0.000183629 0.000242258 0.000124135 -0.000327472 -5.82988e-05 -0.000109671 -0.000535917 -3.02562e-05 0.00011001 7.77665e-05 -1.46306e-05 0.000168602 1.03389e-06 0.000344094
internal_weight=173514 128146 45368 89085 81563 78163 5456 3400 72707 49644 31428 23063 7706 4666 15357 14073 12926 7522 5424 3040 18216 15339 2409 12930 7088 29100 14426 14674 6041 2916
internal_count=173514 128146 45368 89085 81563 78163 5456 3400 72707 49644 31428 23063 7706 4666 15357 14073 12926 7522 5424 3040 18216 15339 2409 12930 7088 29100 14426 14674 6041 2916
is_linear=0
shrinkage=0.08


Tree=101
num_leaves=31
num_cat=0
split_feature=1 1 3 1 1 1 1 1 1 1 2 2 1 1 1 2 2 1 2 1 1 1 2 1 1 2 2 3 1 1
split_gain=0.033468 0.0631873 0.0419057 0.078786 0.114431 0.123234 0.109234 0.0842344 0.203495 0.113513 0.0866648 0.0620766 0.0412917 0.08344 0.0397479 0.0886699 0.0853937 0.0474586 0.0374258 0.0324885 0.032007 0.0360063 0.0317364 0.028061 0.0590478 0.075958 0.0475429 0.0538158 0.162618 0.133531
threshold=0.028575000353157524 1.0000000180025095e-35 1.5000000000000002 0.12179499864578248 0.36044000089168554 0.30545499920845037 0.41523499786853796 0.67176499962806713 0.61321499943733226 0.49924500286579138 2.5000000000000004 1.5000000000000002 0.26861500740051275 0.18585500121116641 0.074754998087883009 1.0000000180025095e-35 1.0000000180025095e-35 0.11228000000119211 1.5000000000000002 0.1311450004577637 1.5716249942779543 1.0588799715042116 2.5000000000000004 0.48114499449729925 0.69158500432968151 1.5000000000000002 1.5000000000000002 1.0000000180025095e-35 0.37761999666690832 0.31523500382900244
decision_type=2 2 2 2 2 2 2 2 2 2 2 2 2 2 2 2 2 2 2 2 2 2 2 2 2 2 2 2 2 2
left_child=1 -1 12 -4 5 11 -6 8 9 -8 18 -5 13 14 16 17 -2 -16 -9 -17 21 -20 23 26 -25 -26 27 29 -29 -14
right_child=2 -3 3 4 6 -7 7 10 -10 -11 -12 -13 22 -15 15 19 -18 -19 20 -21 -22 -23 -24 24 25 -27 -28 28 -30 -31
leaf_value=3.7920798280751265e-05 -0.00068929594362067967 0.00048526491462236852 -0.00059941586506358528 0.00034296507593560544 -0.00089280283706207975 0.0010211995748279099 0.00040154937904812819 -0.00015205876157459717 0.0011161272265696122 -0.00044162358323359996 0.00037538152875581885 -0.00030528221152730124 0.00081863616021894193 -0.00040382429799988128 0.00088427135020516549 8.4869717736168882e-05 0.00025493374249454566 0.00021807981211367851 -0.00051356539098636363 -0.00046638194320360168 -0.0007402117945989158 -2.1040658875701935e-05 -0.00038600164746104644 -0.0001464635021839079 3.2324624896479462e-05 0.00042294609136278252 -0.00031953350184756892 -2.5933951439628021e-05 0.00093721362204730505 -0.00016051079754820141
leaf_weight=64668 1290 2086 1874 2253 1157 1127 1797 12426 1170 2369 1671 1629 1133 4323 1012 1373 1168 2114 2085 1364 1366 1745 1099 10481 35406 3501 1166 2401 2106 4180
leaf_count=64668 1290 2086 1874 2253 1157 1127 1797 12426 1170 2369 1671 1629 1133 4323 1012 1373 1168 2114 2085 1364 1366 1745 1099 10481 35406 3501 1166 2401 2106 4180
internal_value=7.46504e-06 5.18999e-05 -2.0312e-05 -9.5797e-05 -6.51498e-05 0.000284745 -0.000133118 -9.74299e-05 0.000183892 -7.79218e-05 -0.000175237 7.09417e-05 1.29599e-05 -0.000118703 2.94262e-05 0.000142638 -0.000240614 0.00043375 -0.000227449 -0.00018985 -0.000407742 -0.000289164 4.00408e-05 4.77961e-05 2.20729e-05 6.74742e-05 0.000163436 0.000220782 0.000424119 4.82928e-05
internal_weight=173540 66754 106786 32669 30795 5009 25786 24629 5336 4166 19293 3882 74117 12644 8321 5863 2458 3126 17622 2737 5196 3830 61473 60374 49388 38907 10986 9820 4507 5313
internal_count=173540 66754 106786 32669 30795 5009 25786 24629 5336 4166 19293 3882 74117 12644 8321 5863 2458 3126 17622 2737 5196 3830 61473 60374 49388 38907 10986 9820 4507 5313
is_linear=0
shrinkage=0.08


Tree=102
num_leaves=31
num_cat=0
split_feature=0 3 1 1 0 0 1 0 1 0 0 3 1 1 0 0 1 1 0 1 1 1 0 0 1 3 0 1 0 0
split_gain=0.0291503 0.112364 0.190521 0.123137 0.24613 0.144085 0.14091 0.181549 0.118125 0.101817 0.0959965 0.0941657 0.156398 0.0893818 0.0799193 0.0735882 0.0739024 0.0662894 0.0756497 0.0946663 0.0642461 0.200321 0.132468 0.102596 0.105039 0.324782 0.271134 0.137981 0.133188 0.0932109
threshold=1.7588150501251223 1.0000000180025095e-35 0.89258000254631054 -0.38529999554157252 1.4150999784469607 0.61244499683380138 0.70147499442100536 1.6585550308227541 -0.068089999258518205 1.5235149860382082 1.5661150217056277 1.5000000000000002 -0.20219499617815015 -1.1336849927902219 0.83102500438690197 1.3134100437164309 0.0096249999478459376 1.3454400300979616 1.5235149860382082 0.028575000353157524 0.057084999978542335 0.1311450004577637 2.1922450065612797 1.906114995479584 0.67176499962806713 1.5000000000000002 3.0499399900436406 0.70147499442100536 2.4818899631500249 2.4588849544525151
decision_type=2 2 2 2 2 2 2 2 2 2 2 2 2 2 2 2 2 2 2 2 2 2 2 2 2 2 2 2 2 2
left_child=1 13 3 9 5 -5 7 8 -6 14 -10 12 -7 -1 -3 16 -14 18 -15 -20 -2 22 -22 -23 25 29 28 -26 -27 -25
right_child=20 2 -4 4 6 11 -8 -9 10 -11 -12 -13 15 17 -16 -17 -18 -19 19 -21 21 23 -24 24 27 26 -28 -29 -30 -31
leaf_value=-0.0002652479597321995 -0.00013665841945648791 -4.4955409557033353e-05 0.00031793992151711608 -2.493731258604243e-05 -0.00063292883139140315 0.00060699792234571311 -0.00071579131743279654 0.00089864383501204656 0.00058950761486713005 -0.00041677978078872338 -0.00026140891557196929 -0.00074903148923358446 -0.00094158997827122363 0.00035244559867292423 0.00033523775158391186 -0.0010987178056137952 -0.00016516086729502098 -0.00037364745048528027 0.00037226979791966263 -0.00034504419845144345 0.0013872307826029531 -0.00034246677931321795 0.00026267064184783227 0.00019683502025431309 -0.00091401217837466884 0.00062662369907216635 -0.00042627538656207011 -4.2558595899915554e-05 0.0015547168615327577 -0.00019705267654223743
leaf_weight=2626 29174 7022 8100 5187 1321 1001 1040 2128 2147 2401 1403 6178 1015 14916 7133 1006 3456 1102 2184 2555 1017 5903 1967 6697 1198 2500 1086 39588 1638 9029
leaf_count=2626 29174 7022 8100 5187 1321 1001 1040 2128 2147 2401 1403 6178 1015 14916 7133 1006 3456 1102 2184 2555 1017 5903 1967 6697 1198 2500 1086 39588 1638 9029
internal_value=-8.58543e-06 2.94917e-05 -3.75989e-05 -0.000105459 -0.000214449 -0.000380042 0.000153092 0.000282202 1.28962e-05 6.49242e-05 0.000253216 -0.000525579 -0.000312475 0.000174495 0.000146632 -0.000480522 -0.000341425 0.000230128 0.00026398 -1.44652e-05 -3.67897e-05 4.46561e-06 0.000645941 -2.38341e-05 6.63259e-06 0.000152232 0.000698746 -6.81556e-05 0.000994003 -2.93135e-05
internal_weight=173718 73921 50538 42438 25882 17843 8039 6999 4871 16556 3550 12656 6478 23383 14155 5477 4471 20757 19655 4739 99797 70623 2984 67639 61736 20950 5224 40786 4138 15726
internal_count=173718 73921 50538 42438 25882 17843 8039 6999 4871 16556 3550 12656 6478 23383 14155 5477 4471 20757 19655 4739 99797 70623 2984 67639 61736 20950 5224 40786 4138 15726
is_linear=0
shrinkage=0.08


Tree=103
num_leaves=31
num_cat=0
split_feature=0 1 0 1 3 1 0 0 1 0 1 3 0 0 0 1 1 0 1 1 1 1 1 3 0 0 0 1 1 0
split_gain=0.0339101 0.103082 0.112198 0.0884871 0.0505289 0.0498699 0.0474396 0.140476 0.0478009 0.0463169 0.0555377 0.0442831 0.0416066 0.0596324 0.0506507 0.100527 0.259164 0.0663828 0.0463132 0.0642471 0.132799 0.0456249 0.0366884 0.0805857 0.0362798 0.0357494 0.0353307 0.155064 0.129353 0.148783
threshold=0.6846199929714204 -1.2719349861145017 1.288784980773926 -0.99390500783920277 1.5000000000000002 0.62329000234603893 2.7053349018096928 2.7333650588989262 1.9158399701118471 2.7744650840759282 0.59399500489234935 1.5000000000000002 2.8031849861145024 2.832994937896729 2.9250850677490239 0.93780001997947704 0.1764749959111214 2.9580500125885014 -0.64735502004623402 -0.34954500198364252 -0.097484998404979692 0.065930001437664046 -0.36128000915050501 1.0000000180025095e-35 2.0632350444793706 1.9857150316238406 2.5516149997711186 1.0000000180025095e-35 0.75066500902175914 2.6155350208282475
decision_type=2 2 2 2 2 2 2 2 2 2 2 2 2 2 2 2 2 2 2 2 2 2 2 2 2 2 2 2 2 2
left_child=3 2 -2 4 -1 22 8 -8 26 10 -9 -7 -11 -14 15 16 -15 -16 -19 -20 -21 -22 -5 -24 -10 -4 -3 -28 29 -29
right_child=1 6 25 5 -6 11 7 9 24 12 -12 -13 13 14 17 -17 -18 18 19 20 21 -23 23 -25 -26 -27 27 28 -30 -31
leaf_value=-0.00044190279792957131 -0.00016298753984278776 -4.2567950235411523e-05 0.00082274702049799325 0.00030605147348056828 0.00014254957876136547 0.00020000068836393184 0.00085517660280455922 7.9315747306166841e-05 0.00050497433375156495 0.00048221235314305135 -0.00075843588946912803 0.00085793656713329433 -0.00048998930756733036 -0.00023556300762424845 -0.00052976499963226006 -0.00020187581262169085 0.0013813529724145232 0.00056694824000218301 -0.00054791209273788053 0.00078319760918474455 -0.00046642060956944483 3.0131430956848763e-05 0.00047066018971209843 -0.00015626302238095618 -1.7107759813101737e-06 0.00031762922489771703 -0.00083176566545500158 0.001094932513149104 -0.00037835377589481823 -0.00011107092344603616
leaf_weight=2502 1914 100633 1983 4597 1523 1348 1363 1003 1731 1368 1023 1273 1344 1193 1358 1496 1355 1040 1205 1487 1252 21893 1795 4879 1894 1637 1972 1124 2888 1568
leaf_count=2502 1914 100633 1983 4597 1523 1348 1363 1003 1731 1368 1023 1273 1344 1193 1358 1496 1355 1040 1205 1487 1252 21893 1795 4879 1894 1637 1972 1124 2888 1568
internal_value=5.31104e-06 -6.68072e-06 0.000332401 0.000109536 -0.000220755 0.000205233 -1.91748e-05 5.75663e-05 -4.5517e-05 2.81976e-05 -0.000343695 0.000519555 4.97304e-05 3.21342e-05 5.38739e-05 0.00031867 0.000624296 1.59481e-05 4.35211e-05 2.24519e-05 5.03542e-05 3.27107e-06 0.00013214 1.23506e-05 0.00024024 0.000594328 -5.5092e-05 -0.000221979 -6.47684e-06 0.000392476
internal_weight=173641 155724 5534 17917 4025 13892 150190 38380 111810 37017 2026 2621 34991 33623 32279 4044 2548 28235 26877 25837 24632 23145 11271 6674 3625 3620 108185 7552 5580 2692
internal_count=173641 155724 5534 17917 4025 13892 150190 38380 111810 37017 2026 2621 34991 33623 32279 4044 2548 28235 26877 25837 24632 23145 11271 6674 3625 3620 108185 7552 5580 2692
is_linear=0
shrinkage=0.08


Tree=104
num_leaves=31
num_cat=0
split_feature=1 1 0 0 0 1 3 1 3 0 1 0 1 0 0 1 0 0 1 1 1 0 1 0 3 0 1 0 1 0
split_gain=0.0280374 0.0618411 0.0522276 0.150825 0.1209 0.1676 0.185508 0.156833 0.123914 0.116245 0.113887 0.112594 0.134608 0.142247 0.105425 0.0881137 0.0877933 0.0736457 0.0703248 0.0646023 0.148085 0.0558209 0.0591975 0.0846541 0.0691501 0.16288 0.0527805 0.0793433 0.063029 0.0432594
threshold=-0.087294999510049806 -0.11832500249147414 1.7094349861145022 1.6585550308227541 2.1220500469207768 -0.60052499175071705 1.0000000180025095e-35 -0.85982501506805409 1.0000000180025095e-35 2.5516149997711186 -0.96863502264022816 2.0439050197601323 -0.39679500460624689 1.8865550160408022 1.5866000056266787 -0.34954500198364252 1.1195099949836733 2.5516149997711186 -0.34954500198364252 -0.36128000915050501 -0.2245099991559982 1.0316050052642824 -0.85982501506805409 0.90121498703956615 1.5000000000000002 0.58753499388694774 -0.45930500328540796 1.3476699590682986 -0.84022000432014454 1.3134100437164309
decision_type=2 2 2 2 2 2 2 2 2 2 2 2 2 2 2 2 2 2 2 2 2 2 2 2 2 2 2 2 2 2
left_child=1 2 3 14 7 8 19 -4 10 15 -6 12 -9 -14 16 -8 21 -10 -11 -7 -21 22 -1 24 -24 -26 28 -28 29 -18
right_child=-2 -3 4 -5 5 6 9 11 17 18 -12 -13 13 -15 -16 -17 26 -19 -20 20 -22 -23 23 -25 25 -27 27 -29 -30 -31
leaf_value=-0.00013521007821495215 -2.4137269951493088e-05 0.00047206433128860675 0.00024552342292377487 0.00097753729756140271 0.00077774534048230841 -0.00051451306341009008 0.0015477278480902307 -0.00073168877930259097 -0.00089210442256574434 -0.00019792335690802196 -0.00028765631740078931 -0.0012302743273389714 -0.00048217566203675235 0.00072899925646191207 -0.00053440206991026346 0.0005686657135874696 -0.00013529253634365481 -0.00018074279619263798 0.0006264600089364048 0.00078307236282827947 -0.00054746239370959625 -0.00042802008287866832 0.00024027991439411808 0.00069848531625173215 0.00019383991523482937 -0.0010700497035044337 0.00041956961688909369 -0.00030286001338422039 0.0006635753930731024 0.00041951474336606159
leaf_weight=7230 115173 2082 2474 1192 1157 1575 1109 2787 1846 1196 1443 1127 1344 1153 1796 1253 1575 1880 1484 1143 1007 1833 4990 1604 1844 1010 1861 2039 3293 2097
leaf_count=7230 115173 2082 2474 1192 1157 1575 1109 2787 1846 1196 1443 1127 1344 1153 1796 1253 1575 1880 1484 1143 1007 1833 4990 1604 1844 1010 1861 2039 3293 2097
internal_value=-1.23872e-06 4.39019e-05 2.808e-05 9.43778e-05 -6.14046e-05 7.64235e-05 0.000302876 -0.000295534 -0.00023741 0.000619183 0.000186447 -0.000504328 -0.000349494 7.70893e-05 6.06063e-05 0.00102835 9.69841e-05 -0.000533178 0.000258564 -0.000125262 0.000159887 -8.97152e-06 3.70841e-05 0.000168931 6.06435e-05 -0.000253437 0.000277504 4.18686e-05 0.000409446 0.000181546
internal_weight=173597 58424 56342 32364 23978 15093 8767 8885 6326 5042 2600 6411 5284 2497 31172 2362 29376 3726 2680 3725 2150 18511 16678 9448 7844 2854 10865 3900 6965 3672
internal_count=173597 58424 56342 32364 23978 15093 8767 8885 6326 5042 2600 6411 5284 2497 31172 2362 29376 3726 2680 3725 2150 18511 16678 9448 7844 2854 10865 3900 6965 3672
is_linear=0
shrinkage=0.08


Tree=105
num_leaves=31
num_cat=0
split_feature=2 0 0 0 1 1 0 1 1 0 1 1 0 1 0 2 1 1 0 0 0 0 0 0 1 0 1 2 2 0
split_gain=0.0594124 0.331827 0.360558 0.144537 0.324658 0.256936 0.059469 0.0768215 0.0462791 0.199634 0.466163 0.118199 0.0908479 0.0894406 0.0658055 0.0625847 0.251391 0.0676318 0.0664399 0.230734 0.126855 0.143679 0.0806207 0.0599835 0.0587647 0.202595 0.0834816 0.0579993 0.0568548 0.0565984
threshold=2.5000000000000004 0.98396000266075145 3.0314950942993169 2.0439050197601323 0.065930001437664046 0.29658000171184545 3.9024749994277959 0.37761999666690832 0.1311450004577637 1.6482349634170534 0.084465000778436675 0.21329500526189807 1.7094349861145022 0.065930001437664046 1.749490022659302 1.5000000000000002 0.30545499920845037 1.6479300260543825 1.8281849622726443 2.1724550724029545 2.4139449596405034 2.7191300392150883 1.3246949911117556 1.5758699774742129 0.28750500082969671 2.0537650585174565 0.32445999979972845 1.0000000180025095e-35 1.0000000180025095e-35 1.7782750129699709
decision_type=2 2 2 2 2 2 2 2 2 2 2 2 2 2 2 2 2 2 2 2 2 2 2 2 2 2 2 2 2 2
left_child=6 -2 3 5 -5 -3 8 -8 9 13 12 14 -11 23 -10 24 -17 18 22 -20 -21 -22 -18 27 25 28 -26 -1 -13 -14
right_child=1 2 -4 4 -6 -7 7 -9 11 10 -12 15 29 -15 -16 16 17 -19 19 20 21 -23 -24 -25 26 -27 -28 -29 -30 -31
leaf_value=-0.00013117770445776397 0.0015681653710271349 0.00070551362233793038 0.0012107587696232941 -0.0018021129241226519 -1.5134438470396775e-05 -0.00086885512603343453 -0.0008564136308586844 -0.00010604931832330332 -8.0479209129962845e-05 0.00069361430982897688 0.0014263472203624745 -0.00057900193552689976 -0.00032699863420414162 -0.00061810340763110297 -0.00062752679304625995 -0.0010444167512062893 0.00020667255062048332 -0.00022372437250737048 -0.00065160455845991434 0.0011872814821798734 -0.00044651748845874986 0.00056537309866420808 0.0009481667862250412 -0.00046180743762325177 -0.00054208132702236375 0.00090003566960313584 -3.6584778764203143e-05 8.2188948910434935e-05 0.00019389756539583272 0.00012347815345833106
leaf_weight=15034 1024 1874 1336 1014 1816 1027 1109 4107 2555 1712 1875 1308 1910 1812 3133 1032 1772 1631 1624 1138 1340 2723 1995 2047 2160 1794 65364 17816 1140 27276
leaf_count=15034 1024 1874 1336 1014 1816 1027 1109 4107 2555 1712 1875 1308 1910 1812 3133 1032 1772 1631 1624 1138 1340 2723 1995 2047 2160 1794 65364 17816 1140 27276
internal_value=1.05987e-05 0.000222268 2.72485e-05 -0.000248649 -0.000655416 0.000148162 2.44726e-07 -0.000265588 8.90054e-06 5.80312e-05 0.000201547 -2.87329e-05 0.000127222 -7.00964e-05 -0.000381798 -5.11248e-06 0.000154597 0.000255831 0.000329675 0.00018082 0.000440743 0.000231646 0.000599367 -4.16416e-05 -3.46104e-05 0.000254213 -5.27549e-05 -1.54596e-05 -0.000219073 9.39979e-05
internal_weight=173498 8091 7067 5731 2830 2901 165407 5216 160191 69482 32773 90709 30898 36709 5688 85021 13255 12223 10592 6825 5201 4063 3767 34897 71766 4242 67524 32850 2448 29186
internal_count=173498 8091 7067 5731 2830 2901 165407 5216 160191 69482 32773 90709 30898 36709 5688 85021 13255 12223 10592 6825 5201 4063 3767 34897 71766 4242 67524 32850 2448 29186
is_linear=0
shrinkage=0.08


Tree=106
num_leaves=31
num_cat=0
split_feature=2 0 0 3 0 0 3 0 0 0 3 2 2 0 2 0 0 0 0 0 0 2 0 0 0 3 0 2 0 0
split_gain=0.0168281 0.226051 0.292249 0.128313 0.117009 0.0542149 0.121248 0.0368313 0.0301389 0.029263 0.186144 0.129891 0.053951 0.0483857 0.163972 0.0811215 0.0488728 0.102419 0.0946528 0.0568782 0.0447444 0.0377894 0.0644382 0.0441302 0.0357957 0.0697646 0.14724 0.105495 0.0905704 0.0515232
threshold=2.5000000000000004 1.0316050052642824 3.1091099977493291 1.5000000000000002 1.7686450481414797 3.5231649875640874 1.5000000000000002 3.975544929504395 2.1922450065612797 2.3809649944305424 1.5000000000000002 1.5000000000000002 1.0000000180025095e-35 2.1422550678253178 1.0000000180025095e-35 2.1220500469207768 2.348274946212769 2.2850199937820439 2.1922450065612797 2.3160949945449834 2.7333650588989262 1.5000000000000002 2.7191300392150883 2.6787550449371342 2.9763550758361821 1.0000000180025095e-35 2.832994937896729 1.0000000180025095e-35 2.6401250362396245 2.539950013160706
decision_type=2 2 2 2 2 2 2 2 2 2 2 2 2 2 2 2 2 2 2 2 2 2 2 2 2 2 2 2 2 2
left_child=5 -2 3 -3 -5 9 -7 -8 -6 13 11 24 -12 15 -15 -1 17 18 -16 -19 -13 23 -23 -14 25 -11 27 29 -29 -27
right_child=1 2 -4 4 8 6 7 -9 -10 10 12 20 21 14 16 -17 -18 19 -20 -21 -22 22 -24 -25 -26 26 -28 28 -30 -31
leaf_value=4.8231790950761456e-06 0.0011854351977538824 0.00030983457201066463 0.001106062364546831 -0.0011271917567266009 0.00012026413626666226 -2.493153819729946e-05 -0.00095831121891803517 -0.00032647896726310501 -0.00042728534910068202 -3.5807077271241676e-05 0.0006891576716027049 -0.00080425286998912684 0.00042812113107148825 0.0001383152799756819 -0.00073351540609701107 0.00064474487543338913 0.00011467004476275165 -0.0013707793384622341 -3.1273001924591663e-07 -0.0005211172271725338 -0.0002342952608009415 5.853150626415145e-05 0.00072408525070959118 -0.00010345134724301907 -9.0192671834058986e-05 0.00077500055031422212 0.00093254886681754749 0.00010410119437549224 -0.00077107570130037148 0.00015423430014946816
leaf_weight=94907 1102 1669 1168 1365 1034 7978 1316 1071 1703 11254 2478 1531 1610 7095 1782 1285 1059 1014 3065 1003 2078 1604 2219 2636 10134 1412 1705 1962 1232 2172
leaf_count=94907 1102 1669 1168 1365 1034 7978 1316 1071 1703 11254 2478 1531 1610 7095 1782 1285 1059 1014 3065 1003 2078 1604 2219 2636 10134 1412 1705 1962 1232 2172
internal_value=8.03583e-06 0.000121056 -4.79804e-05 -0.000281549 -0.000522167 2.54798e-06 -0.000174597 -0.000674821 -0.000220429 1.43758e-05 6.95789e-05 -2.27475e-05 0.000362657 -7.47865e-06 -0.000141028 1.33717e-05 -0.000391177 -0.000469221 -0.000269875 -0.000948265 -0.000476081 0.000262388 0.000444842 9.81105e-05 3.2024e-05 9.47764e-05 0.000268015 0.000100853 -0.000233475 0.0003988
internal_weight=173643 8041 6939 5771 4102 165602 10365 2387 2737 155237 44027 33480 10547 111210 15018 96192 7923 6864 4847 2017 3609 8069 3823 4246 29871 19737 8483 6778 3194 3584
internal_count=173643 8041 6939 5771 4102 165602 10365 2387 2737 155237 44027 33480 10547 111210 15018 96192 7923 6864 4847 2017 3609 8069 3823 4246 29871 19737 8483 6778 3194 3584
is_linear=0
shrinkage=0.08


Tree=107
num_leaves=31
num_cat=0
split_feature=1 2 1 3 1 1 2 1 1 1 1 3 1 1 1 1 1 1 1 1 3 1 1 1 1 2 1 1 1 1
split_gain=0.0233008 0.0496597 0.0467762 0.0440516 0.0890088 0.0741675 0.0333994 0.0953705 0.110808 0.0545474 0.0636752 0.0414842 0.168831 0.0985963 0.203643 0.0635289 0.2093 0.0760038 0.059061 0.0498738 0.0543391 0.0567728 0.0488652 0.048394 0.0443731 0.110667 0.0969107 0.0685758 0.0829357 0.101758
threshold=-0.69629499316215504 1.0000000180025095e-35 -0.7817150056362151 1.0000000180025095e-35 -1.5294100046157835 -1.2719349861145017 1.5000000000000002 -0.58542999625205983 -0.47219999134540552 1.5022949576377871 -0.31364999711513514 1.5000000000000002 0.79280999302864086 0.54546499252319347 0.38706000149250036 0.1764749959111214 0.1311450004577637 0.48114499449729925 0.57501000165939342 0.37761999666690832 1.0000000180025095e-35 0.43303500115871435 0.54546499252319347 0.51850497722625744 0.10285500064492227 1.0000000180025095e-35 0.24243500083684924 0.0096249999478459376 -0.12855999916791913 -0.40872499346733088
decision_type=2 2 2 2 2 2 2 2 2 2 2 2 2 2 2 2 2 2 2 2 2 2 2 2 2 2 2 2 2 2
left_child=1 2 -1 5 -5 -3 11 -8 -9 10 -10 15 13 14 24 16 -2 19 22 -17 21 -21 23 -19 27 -26 -27 28 29 -13
right_child=6 3 -4 4 -6 -7 7 8 9 -11 -12 12 -14 -15 -16 17 -18 18 -20 20 -22 -23 -24 -25 25 26 -28 -29 -30 -31
leaf_value=-0.00014204214469928561 -7.3988320540843499e-05 -0.00016507791090563943 0.00034423616039662121 0.00053634579831330026 -4.2539378673564592e-05 0.00065985534697340182 0.00063362320320127844 -0.00087808589520456544 0.00030111528207054256 0.0002208172270342682 -0.00017791935670203826 0.00051480339588460763 -0.00016503702699042922 0.00064982281692715059 -0.00060168902943749365 6.7737373224076297e-05 -0.00089084870851243911 -0.00042815247971630661 -9.5652644388188451e-06 -0.00020209988578987942 0.00068996377750230931 0.00055375415519563179 -0.00073051861648753484 0.0002169373286257785 -7.5389572806910295e-05 0.0014043759973438152 0.00033338613562270493 -0.00042484144818301465 0.00078941555880847195 -0.00021342693751210521
leaf_weight=9361 30688 1004 1464 2124 8514 2285 1073 1228 1926 2997 22786 2215 11121 3052 1983 9447 2148 1690 40707 1402 2094 1164 1301 1330 1269 1075 1088 1063 1502 2756
leaf_count=9361 30688 1004 1464 2124 8514 2285 1073 1228 1926 2997 22786 2215 11121 3052 1983 9447 2148 1690 40707 1402 2094 1164 1301 1330 1269 1075 1088 1063 1502 2756
internal_value=-1.96295e-05 5.22525e-05 -7.62767e-05 0.000152154 7.30418e-05 0.000408036 -3.15621e-05 -0.000106989 -0.000134451 -0.000101495 -0.000140584 -1.25558e-05 7.4387e-05 0.00024077 0.000144374 -3.81968e-05 -0.000127424 1.13485e-05 -3.94161e-05 0.000173384 0.000387556 0.000140774 -0.000320633 -0.000144057 0.000279261 0.000517704 0.000865663 0.000170672 0.000268467 0.000111061
internal_weight=173857 24752 10825 13927 10638 3289 149105 30010 28937 27709 24712 119095 27124 16003 12951 91971 32836 59135 45028 14107 4660 2566 4321 3020 10968 3432 2163 7536 6473 4971
internal_count=173857 24752 10825 13927 10638 3289 149105 30010 28937 27709 24712 119095 27124 16003 12951 91971 32836 59135 45028 14107 4660 2566 4321 3020 10968 3432 2163 7536 6473 4971
is_linear=0
shrinkage=0.08


Tree=108
num_leaves=31
num_cat=0
split_feature=1 1 2 2 1 2 1 2 1 1 1 3 1 1 2 1 1 3 2 1 3 1 2 1 1 1 1 1 3 1
split_gain=0.0364985 0.105031 0.0744316 0.0699535 0.0472588 0.0316597 0.0452841 0.039035 0.0386492 0.0312906 0.147193 0.0599374 0.177062 0.0678904 0.107545 0.056535 0.0481264 0.0658226 0.0840826 0.0593441 0.0392845 0.0500232 0.0741116 0.0590538 0.0408501 0.101471 0.0751454 0.074932 0.0832638 0.073202
threshold=-0.42088499665260309 -0.57034999132156361 2.5000000000000004 1.5000000000000002 -0.90105998516082753 1.5000000000000002 -0.69629499316215504 1.0000000180025095e-35 -0.72840499877929676 0.67176499962806713 0.71132001280784618 1.0000000180025095e-35 0.79280999302864086 1.9158399701118471 1.0000000180025095e-35 0.80408501625061046 0.61321499943733226 1.5000000000000002 1.0000000180025095e-35 0.5845799744129182 1.0000000180025095e-35 -0.25736001133918757 1.5000000000000002 -0.2245099991559982 0.49924500286579138 0.30545499920845037 0.52738499641418468 0.36044000089168554 1.5000000000000002 0.44207499921321874
decision_type=2 2 2 2 2 2 2 2 2 2 2 2 2 2 2 2 2 2 2 2 2 2 2 2 2 2 2 2 2 2
left_child=1 2 4 -3 -1 6 -6 -8 -7 16 -11 15 -13 -14 -15 -12 19 18 -18 20 -2 22 -22 -23 25 -25 -26 28 -27 -29
right_child=9 3 -4 -5 5 8 7 -9 -10 10 11 12 13 14 -16 -17 17 -19 -20 -21 21 23 -24 24 26 27 -28 29 -30 -31
leaf_value=-0.00012305336919759015 -2.9290065451595694e-05 -0.00020994661944708426 0.00054138453386641788 -0.00080144992923431176 0.00017016267362386889 6.2140233580108365e-06 5.0154487408751693e-05 -0.00043166284211276269 0.00067593761250651549 -0.00060291023251215234 -0.00026987737656396753 0.0004887348748428749 -0.00016238893205289164 -0.00026760847786305833 0.00044231604795938202 0.000163673645804614 0.00050541398932190339 0.00082102489998111823 -0.00035782016813226279 -0.0003901523397229382 0.00011939961714587768 -0.00046571754157444028 0.00072235340085397449 2.2579194829128862e-05 -0.00066608114151455995 0.00030054954045934009 8.1746222004444613e-05 -3.1112124975222733e-05 0.0012186449390117942 0.00052077286255375235
leaf_weight=16275 25758 5861 1518 1637 5835 1048 2342 1991 1164 2697 2165 3453 28532 2365 3232 17360 1593 1186 1321 2025 4159 1315 1901 23763 1284 1440 2604 3807 1127 2581
leaf_count=16275 25758 5861 1518 1637 5835 1048 2342 1991 1164 2697 2165 3453 28532 2365 3232 17360 1593 1186 1321 2025 4159 1315 1901 23763 1284 1440 2604 3807 1127 2581
internal_value=-1.45389e-06 -7.11189e-05 -4.52881e-06 -0.000339087 -3.34486e-05 8.43477e-05 2.46774e-05 -0.000171239 0.000358636 1.789e-05 -2.53824e-05 1.89262e-06 -5.71818e-05 -0.000112415 0.000142339 0.0001156 5.20019e-05 0.00031858 0.000114085 3.67718e-05 4.91683e-05 9.51184e-05 0.000308544 6.10117e-05 7.99334e-05 0.000109066 -0.000165221 0.000338568 0.000703625 0.000191871
internal_weight=173339 37671 30173 7498 28655 12380 10168 4333 2212 135668 59804 57107 37582 34129 5597 19525 75864 4100 2914 71764 69739 43981 6060 37921 36606 32718 3888 8955 2567 6388
internal_count=173339 37671 30173 7498 28655 12380 10168 4333 2212 135668 59804 57107 37582 34129 5597 19525 75864 4100 2914 71764 69739 43981 6060 37921 36606 32718 3888 8955 2567 6388
is_linear=0
shrinkage=0.08


Tree=109
num_leaves=31
num_cat=0
split_feature=1 0 1 2 0 0 2 1 1 1 1 0 0 0 0 0 0 0 0 0 0 0 1 1 0 1 0 1 0 1
split_gain=0.0370637 0.08222 0.281269 0.180872 0.14779 0.224703 0.113672 0.102396 0.132311 0.113925 0.0868009 0.179467 0.19296 0.140659 0.251819 0.263858 0.110816 0.0899296 0.134587 0.0808775 0.131767 0.0723294 0.0716703 0.0663788 0.153046 0.0658789 0.236356 0.117463 0.0877374 0.0657486
threshold=0.28750500082969671 1.6482349634170534 -0.34954500198364252 2.5000000000000004 2.0439050197601323 2.1220500469207768 1.5000000000000002 0.15852499753236773 0.047824999317526824 -0.19207500666379926 -0.17015499621629712 2.6924350261688237 2.3697550296783452 2.7885200977325444 2.3697550296783452 2.2540850639343266 2.9412550926208501 2.6155350208282475 2.4818899631500249 3.2603299617767338 3.5972449779510502 1.5559799671173098 -0.40872499346733088 -0.1495149955153465 1.4259049892425539 -0.12855999916791913 0.83102500438690197 -0.85982501506805409 1.3246949911117556 -0.077665001153945909
decision_type=2 2 2 2 2 2 2 2 2 2 2 2 2 2 2 2 2 2 2 2 2 2 2 2 2 2 2 2 2 2
left_child=1 6 3 22 7 -6 21 8 9 -4 11 12 -7 14 15 -12 -15 18 -16 -18 -21 23 -3 -1 -25 26 27 -8 -28 -11
right_child=-2 2 4 -5 5 10 25 -9 -10 29 13 -13 -14 16 17 -17 19 -19 -20 20 -22 -23 -24 24 -26 -27 28 -29 -30 -31
leaf_value=1.8581701436338497e-05 -2.0608375433265182e-05 5.7699834864861963e-06 0.0010824685960109306 -0.0011361219988333816 -0.00076630760633427579 0.00087925217176276402 -0.00082594545347317234 3.8967931597995071e-05 0.001429278064738666 -0.00016188092679218893 0.00052924752010997521 0.0012443304950482757 -0.00066711805231409931 -0.00085939104498176781 0.00049023612707129762 -0.00091367250941196511 0.00043918101634694335 0.00030664099339376179 0.0016322966753759883 -0.00092703007178578448 0.00033028921882318526 -0.00049049653172544112 -0.00055490906707408004 -0.00036446760224057587 0.00057643189639806198 -0.00011873129041062785 0.0010976182824747065 0.00027512549449153315 0.00032793635844315425 0.00060620968197051903
leaf_weight=22104 87976 14944 1602 1041 1480 1044 1164 1625 1419 1364 1743 1593 1022 1134 1282 1517 1768 1522 1362 1057 1077 2673 1617 8078 1282 2476 2165 1327 1686 1495
leaf_count=22104 87976 14944 1602 1041 1480 1044 1164 1625 1419 1364 1743 1593 1022 1134 1282 1517 1768 1522 1362 1057 1077 2673 1617 8078 1282 2476 2165 1327 1686 1495
internal_value=1.58632e-05 5.33196e-05 0.000131922 -0.000113269 0.000303827 0.000177082 -2.48305e-05 0.000601074 0.000756418 0.000542388 0.00026369 0.000606276 0.0001143 0.000163103 0.000384435 -0.000142197 -0.00016327 0.000796538 0.00107854 3.90371e-05 -0.000292479 -9.09732e-05 -4.89742e-05 -5.7032e-05 -0.000235597 0.000231227 0.000367855 -0.000239385 0.000760645 0.000239761
internal_weight=173639 85663 42708 17602 25106 17601 42955 7505 5880 4461 16121 3659 2066 12462 7426 3260 5036 4166 2644 3902 2134 34137 16561 31464 9360 8818 6342 2491 3851 2859
internal_count=173639 85663 42708 17602 25106 17601 42955 7505 5880 4461 16121 3659 2066 12462 7426 3260 5036 4166 2644 3902 2134 34137 16561 31464 9360 8818 6342 2491 3851 2859
is_linear=0
shrinkage=0.08


Tree=110
num_leaves=31
num_cat=0
split_feature=0 3 0 2 0 0 0 0 3 0 0 0 0 0 0 0 0 0 0 0 0 2 3 0 0 0 0 0 0 0
split_gain=0.04503 0.0993968 0.098197 0.0949771 0.152806 0.128432 0.137917 0.0782809 0.0681221 0.0997691 0.127727 0.33169 0.117103 0.0649244 0.0677199 0.0768694 0.0637764 0.0621058 0.111687 0.053864 0.0535049 0.045581 0.0416469 0.0410313 0.0405813 0.0392823 0.0911057 0.0556981 0.13576 0.0651795
threshold=2.0252099037170415 1.5000000000000002 1.9464750289916994 1.0000000180025095e-35 2.8630249500274663 2.0734949111938481 3.2860100269317631 2.8031849861145024 1.5000000000000002 2.3053900003433232 2.7333650588989262 2.6281249523162846 2.4139449596405034 1.8865550160408022 1.7985249757766726 1.7296400070190432 2.1422550678253178 2.539950013160706 2.589789986610413 2.7191300392150883 2.4932849407196049 1.0000000180025095e-35 1.0000000180025095e-35 0.12533500045537951 3.012414932250977 2.1318750381469731 2.2127549648284917 2.3590450286865239 2.4139449596405034 2.528845071792603
decision_type=2 2 2 2 2 2 2 2 2 2 2 2 2 2 2 2 2 2 2 2 2 2 2 2 2 2 2 2 2 2
left_child=1 21 13 4 7 -5 8 17 25 16 11 12 -11 14 15 23 -10 20 -19 -20 -2 -1 -23 -3 -12 -7 -27 -28 -29 -30
right_child=3 2 -4 5 -6 6 -8 -9 9 10 24 -13 -14 -15 -16 -17 -18 18 19 -21 -22 22 -24 -25 -26 26 27 28 29 -31
leaf_value=-4.9881958920653927e-05 0.00026875114955953301 0.0001406351773231395 -0.00078280785094164338 0.00059794719137793795 -7.218467457632328e-05 -0.00065643673069747306 0.00020878572550499943 0.00088170862098183511 0.00014221123171027187 0.00063561510176212376 -0.0003904606682868026 0.0015748251360196629 -0.00026697751920799984 0.00044791065733551381 -0.00062540393968574552 0.00043974821269828954 -0.00059617215601401785 -0.00067342735300001517 0.00038364741707343046 -0.00015630533989806214 0.00082824718051508503 0.00020836673572354123 8.3140504203236393e-06 -0.0001914226242098004 0.00010156318565946749 0.00032970980365884609 -0.00056915532088446126 0.00061823148623690557 -0.00065809106512763633 -0.00018905083139443646
leaf_weight=33835 13811 2669 1556 1911 14535 1340 8835 1228 1081 1421 2599 1183 2609 1191 1832 1470 2435 1221 3128 1901 1188 11112 16623 22117 1827 1822 3152 1196 2307 10647
leaf_count=33835 13811 2669 1556 1911 14535 1340 8835 1228 1081 1421 2599 1183 2609 1191 1832 1470 2435 1221 3128 1901 1188 11112 16623 22117 1827 1822 3152 1196 2307 10647
internal_value=-8.06338e-06 -4.62791e-05 -0.000163523 3.53312e-05 0.000129954 -4.36093e-05 -7.24879e-05 0.00026067 -0.000146406 -4.37228e-06 0.000128689 0.000397023 5.12816e-05 -0.000130612 -0.000155143 -0.00012233 -0.000369155 0.000224779 1.29053e-05 0.000179541 0.000313066 1.24382e-05 8.8465e-05 -0.000155666 -0.000187359 -0.00023771 -0.000208371 -0.000265034 -0.000197289 -0.000272583
internal_weight=173782 92405 30835 81377 37012 44365 42454 22477 33619 13155 9639 5213 4030 29279 28088 26256 3516 21249 6250 5029 14999 61570 27735 24786 4426 20464 19124 17302 14150 12954
internal_count=173782 92405 30835 81377 37012 44365 42454 22477 33619 13155 9639 5213 4030 29279 28088 26256 3516 21249 6250 5029 14999 61570 27735 24786 4426 20464 19124 17302 14150 12954
is_linear=0
shrinkage=0.08


Tree=111
num_leaves=31
num_cat=0
split_feature=0 3 0 0 0 0 0 3 0 0 0 0 2 0 3 0 0 2 2 0 0 2 0 0 2 0 0 0 0 0
split_gain=0.0328557 0.115697 0.184063 0.209474 0.213573 0.222036 0.357967 0.0909493 0.0885916 0.0613791 0.0569887 0.0505039 0.048922 0.0529844 0.0743252 0.197285 0.108397 0.124108 0.0698878 0.0922217 0.0609341 0.0532652 0.0449256 0.084194 0.0635703 0.10976 0.0618474 0.0331716 0.0291289 0.0471046
threshold=2.0346250534057622 1.5000000000000002 2.4362699985504155 2.3372850418090825 2.2540850639343266 2.1724550724029545 2.1119649410247807 1.5000000000000002 1.9760749936103823 3.975544929504395 -0.16187500208616254 2.0148200988769536 2.5000000000000004 2.4362699985504155 1.0000000180025095e-35 2.2024350166320805 2.1318750381469731 1.0000000180025095e-35 1.0000000180025095e-35 2.2951200008392338 2.1422550678253178 1.0000000180025095e-35 2.7333650588989262 2.589789986610413 2.5000000000000004 3.5231649875640874 3.0893599987030034 2.9250850677490239 2.2850199937820439 2.1525099277496342
decision_type=2 2 2 2 2 2 2 2 2 2 2 2 2 2 2 2 2 2 2 2 2 2 2 2 2 2 2 2 2 2
left_child=7 12 3 4 5 6 -3 11 10 22 -9 -1 13 14 18 16 17 -16 19 20 -2 -17 23 -4 25 26 27 -24 29 -20
right_child=1 2 9 -5 -6 -7 -8 8 -10 -11 -12 -13 -14 -15 15 21 -18 -19 28 -21 -22 -23 24 -25 -26 -27 -28 -29 -30 -31
leaf_value=1.5101462619223724e-05 9.1115889634516981e-06 0.00090835389476478503 -0.00015268284276693831 0.0012970781152203093 -0.00054521785994470157 0.0013247867621337434 -0.00096824080384710107 0.00034150080769025274 -0.00085701324624013028 0.00054263789718228571 -0.00016093880375659124 -0.00055721091622713511 -0.00052770098114082449 2.6398173700663249e-05 -0.00053646202151626634 -1.92677165033375e-05 0.00095108239833543746 0.00064329379204362987 -0.00076476494482852881 0.00029439877907318083 -0.00060874502584238395 -0.00054265787761532123 7.3647700893092284e-05 0.00055468839961944735 -0.0006870123489641052 -0.00071914921577420328 0.00038821650175329374 -0.00043739060941008225 -0.00085866446949263485 -4.4293315942705521e-05
leaf_weight=61181 1777 1554 2399 1649 1503 1556 1119 1522 1130 1255 28476 1003 1277 38883 1058 2304 1642 1239 1122 2194 2403 2706 1970 1954 1215 1324 2504 1384 1353 1204
leaf_count=61181 1777 1554 2399 1649 1503 1556 1119 1522 1130 1255 28476 1003 1277 38883 1058 2304 1642 1239 1122 2194 2403 2706 1970 1954 1215 1324 2504 1384 1353 1204
internal_value=-1.76985e-05 1.9733e-05 0.000179204 0.000502494 0.000273905 0.000565025 0.000122754 -5.00098e-05 -0.000161641 8.82138e-06 -0.000135447 5.87032e-06 -3.79128e-05 -2.71076e-05 -0.000136594 3.11003e-05 0.00045472 9.98973e-05 -0.000285873 -0.000125622 -0.000346082 -0.000301961 -4.37229e-05 0.000164846 -0.000151845 -6.13091e-05 8.73731e-05 -0.000137228 -0.000563514 -0.00039183
internal_weight=173860 80548 21386 7381 5732 4229 2673 93312 31128 14005 29998 62184 59162 57885 19002 8949 3939 2297 10053 6374 4180 5010 12750 4353 8397 7182 5858 3354 3679 2326
internal_count=173860 80548 21386 7381 5732 4229 2673 93312 31128 14005 29998 62184 59162 57885 19002 8949 3939 2297 10053 6374 4180 5010 12750 4353 8397 7182 5858 3354 3679 2326
is_linear=0
shrinkage=0.08


Tree=112
num_leaves=31
num_cat=0
split_feature=0 2 3 0 2 3 2 0 0 0 0 3 0 0 2 3 0 0 3 0 0 0 0 0 0 0 0 3 0 0
split_gain=0.0204104 0.126252 0.0568794 0.0570163 0.0409983 0.0328572 0.0244572 0.0474893 0.156256 0.114763 0.096283 0.177499 0.0856098 0.0610173 0.191557 0.0467214 0.0450641 0.0447068 0.0463016 0.151951 0.0779976 0.119069 0.097583 0.069473 0.0685376 0.0838867 0.0728483 0.0788987 0.0754222 0.159177
threshold=0.751530021429062 1.5000000000000002 1.5000000000000002 0.38140000402927404 1.0000000180025095e-35 1.0000000180025095e-35 1.0000000180025095e-35 2.5168900489807133 2.5650351047515874 2.602699995040894 2.7333650588989262 1.5000000000000002 2.4139449596405034 3.3970999717712407 2.5000000000000004 1.0000000180025095e-35 2.9250850677490239 3.9024749994277959 1.0000000180025095e-35 1.5758699774742129 1.9955049753189089 2.9250850677490239 2.817985057830811 1.480324983596802 3.3970999717712407 2.7606199979782109 2.602699995040894 1.5000000000000002 1.8963550329208376 2.1724550724029545
decision_type=2 2 2 2 2 2 2 2 2 2 2 2 2 2 2 2 2 2 2 2 2 2 2 2 2 2 2 2 2 2
left_child=1 4 -3 -4 5 -1 17 12 -9 -10 11 -11 -8 14 15 16 -12 18 20 23 -2 22 -22 -20 25 26 27 -21 -29 -30
right_child=6 2 3 -5 -6 -7 7 8 9 10 13 -13 -14 -15 -16 -17 -18 -19 19 24 21 -23 -24 -25 -26 -27 -28 28 29 -31
leaf_value=7.2556187287796289e-05 0.00012214610644065052 6.0299748958121724e-05 0.0011281505095561725 0.00034642732772756374 0.000137744215920177 -0.00023706324857090843 -4.447736144219814e-05 0.00085071498957626059 -0.00077948846184516959 -1.0261726487999525e-05 0.00062873979064779876 0.001112844421323034 -0.00045847690113880657 0.00016409248641772512 -0.0010546233891130532 -0.0001225683992389311 8.2824909444681518e-06 -0.00029108432321737208 -5.2952237366002204e-05 0.00012656460028096815 -0.00018444553050927823 0.00016821819330730737 -0.00091982782514200931 -0.00065385627813132924 -0.00028111882311636658 0.00058184901971132139 -0.00031778385074330374 0.0009899930840446909 -0.00045405290047585201 0.00080242671245502636
leaf_weight=3569 14982 1162 1211 1178 7103 5692 54219 1510 1118 2361 1184 1456 3397 7329 1278 8323 2040 2574 8751 10156 12164 6257 1276 1433 1524 4458 1628 1516 1100 1561
leaf_count=3569 14982 1162 1211 1178 7103 5692 54219 1510 1118 2361 1184 1456 3397 7329 1278 8323 2040 2574 8751 10156 12164 6257 1276 1433 1524 4458 1628 1516 1100 1561
internal_value=1.0787e-05 8.69865e-05 0.000519389 0.000742688 -6.84514e-06 -0.000117742 9.07029e-07 -2.80682e-05 6.0348e-05 1.27792e-05 4.97303e-05 0.000418149 -6.88865e-05 -2.0045e-05 -0.000125273 -2.24138e-05 0.000236143 3.60779e-05 4.86832e-05 0.000117879 -1.54203e-05 -0.000120057 -0.000254263 -0.000137506 0.000236406 0.000275032 0.000189336 0.000246937 0.000539612 0.000283025
internal_weight=173510 19915 3551 2389 16364 9261 153595 84215 26599 25089 23971 3817 57616 20154 12825 11547 3224 69380 66806 32127 34679 19697 13440 10184 21943 20419 15961 14333 4177 2661
internal_count=173510 19915 3551 2389 16364 9261 153595 84215 26599 25089 23971 3817 57616 20154 12825 11547 3224 69380 66806 32127 34679 19697 13440 10184 21943 20419 15961 14333 4177 2661
is_linear=0
shrinkage=0.08


Tree=113
num_leaves=31
num_cat=0
split_feature=2 0 0 0 1 1 0 0 0 0 1 1 1 1 2 1 1 1 0 1 1 0 1 1 0 1 1 0 1 2
split_gain=0.0623505 0.317245 0.428601 0.102105 0.227431 0.175314 0.0455631 0.261535 0.0720739 0.0780009 0.0837986 0.182598 0.123992 0.0737948 0.0643765 0.0614203 0.115763 0.091445 0.0599374 0.126034 0.105867 0.0886194 0.0855801 0.0625293 0.0582735 0.219212 0.241106 0.105918 0.0911825 0.052902
threshold=2.5000000000000004 3.212305068969727 1.381554961204529 2.3265800476074223 0.37761999666690832 0.20420999825000766 2.1422550678253178 2.1220500469207768 1.8865550160408022 1.916565001010895 -0.12855999916791913 0.074754998087883009 -0.72840499877929676 0.89258000254631054 1.0000000180025095e-35 0.57501000165939342 1.4600299596786501 0.35153000056743627 2.264339923858643 -0.23541500419378278 0.88093999028205883 2.2850199937820439 0.5845799744129182 0.084465000778436675 2.3809649944305424 -0.21344000101089475 0.19507999718189242 2.4139449596405034 0.62329000234603893 1.0000000180025095e-35
decision_type=2 2 2 2 2 2 2 2 2 2 2 2 2 2 2 2 2 2 2 2 2 2 2 2 2 2 2 2 2 2
left_child=6 2 -2 5 -5 -4 7 8 13 -10 12 -12 -11 -1 -14 17 -17 -13 19 -8 22 -20 23 -21 25 -23 -27 -26 -28 -22
right_child=1 -3 3 4 -6 -7 18 -9 9 10 11 15 14 -15 -16 16 -18 -19 21 20 29 24 -24 -25 27 26 28 -29 -30 -31
leaf_value=-5.1975684412808026e-05 0.001063298902983035 0.0015444734151656425 0.00052093831082392072 -0.0016163066955848506 9.0383990087278498e-06 -0.00071545733592088504 -0.00086376422861003319 0.0011582261491866045 0.00064642224012671475 0.00037665561371938314 0.0011469272481051482 -7.3673127165451402e-07 -8.3154119199705645e-05 0.00015858490965871126 -0.0009130503079978759 -0.00028164455638884754 0.0005710241040979753 0.00086783998792652381 0.00062083164660779191 0.00043551189834917231 -0.00013855090182881793 0.00061691321761895743 0.00078983471117880823 -0.00035043808490548565 0.00055700358004797616 -0.0016203914612337861 0.00034344945153787275 -4.0807418776672245e-05 -0.00052201589457686454 -0.00091963375973760518
leaf_weight=66954 1883 1012 1620 1043 1168 1342 1752 1292 1925 1442 1211 1780 1044 12668 1401 4038 1363 1375 1307 1015 1100 1334 1019 1791 1968 1038 1172 52433 2324 1120
leaf_count=66954 1883 1012 1620 1043 1168 1342 1752 1292 1925 1442 1211 1780 1044 12668 1401 4038 1363 1375 1307 1015 1100 1334 1019 1791 1968 1038 1172 52433 2324 1120
internal_value=2.66999e-06 0.000219847 2.98635e-05 -0.000346313 -0.000757689 -3.92382e-05 -7.89386e-06 2.76583e-05 1.2315e-05 0.000169679 0.000102465 0.000227493 -0.000211695 -1.84751e-05 -0.00055869 9.73578e-05 -6.64645e-05 0.000377803 -5.73444e-05 -0.000266315 -9.31587e-05 -3.08837e-05 0.000161896 -6.61404e-05 -4.50168e-05 -0.000284534 -0.000549759 -1.91811e-05 -0.000231877 -0.000532611
internal_weight=173934 8068 7056 5173 2211 2962 165866 96493 95201 15579 13654 9767 3887 79622 2445 8556 5401 3155 69373 7797 6045 61576 3825 2806 60269 5868 4534 54401 3496 2220
internal_count=173934 8068 7056 5173 2211 2962 165866 96493 95201 15579 13654 9767 3887 79622 2445 8556 5401 3155 69373 7797 6045 61576 3825 2806 60269 5868 4534 54401 3496 2220
is_linear=0
shrinkage=0.08


Tree=114
num_leaves=31
num_cat=0
split_feature=1 1 0 0 1 2 0 2 2 1 2 0 0 0 0 0 0 0 0 1 0 2 1 1 1 1 1 1 1 1
split_gain=0.0332244 0.0762842 0.0827828 0.128373 0.149174 0.405795 0.0836517 0.0817004 0.0661115 0.0549083 0.140338 0.20684 0.251251 0.161383 0.145356 0.255914 0.0843446 0.227494 0.0972214 0.0624966 0.119138 0.0893977 0.0601824 0.0582533 0.110756 0.0554497 0.0473347 0.0423367 0.0354493 0.0352848
threshold=-0.58542999625205983 -0.63187497854232777 1.7985249757766726 3.0893599987030034 -1.0188499689102171 1.5000000000000002 1.250779986381531 1.5000000000000002 1.0000000180025095e-35 -0.047654999420046799 1.0000000180025095e-35 1.250779986381531 2.4030599594116215 2.7606199979782109 1.8575599789619448 1.9955049753189089 1.7296400070190432 2.0439050197601323 1.480324983596802 0.019539999775588516 1.6692450046539309 1.0000000180025095e-35 -0.16035499423742292 -0.40872499346733088 -0.2245099991559982 -0.26815499365329737 -0.85982501506805409 -0.34954500198364252 -0.90105998516082753 -1.4687100052833555
decision_type=2 2 2 2 2 2 2 2 2 2 2 2 2 2 2 2 2 2 2 2 2 2 2 2 2 2 2 2 2 2
left_child=1 2 6 4 29 8 26 28 -6 10 16 -12 14 -14 22 -16 18 -18 -2 20 -11 -22 -13 -19 -25 -15 -1 -17 -8 -4
right_child=9 -3 3 -5 5 -7 7 -9 -10 19 11 12 13 25 15 27 17 23 -20 -21 21 -23 -24 24 -26 -27 -28 -29 -30 -31
leaf_value=-0.00010085504914078437 2.0402238991789936e-05 0.00052063943483628594 0.00046239110071248353 0.00062600440954181939 0.00013856769242550631 -0.0019746999048051383 2.2763391612298395e-05 0.00090140832844360253 -0.0005792997304849589 -0.00017078973441197494 0.00013135020795232343 -0.00024342111759175942 0.00064685397725746014 1.2812504636396159e-05 -0.0021128145886729261 -0.00025575666512074092 0.0010500779156415944 0.00045049984919205601 -0.00071087778482575956 -2.4024735949330912e-05 0.0011596645169097172 0.00021998590102916471 -0.00092315212668657735 -0.00065739197477616518 0.00023153580706109037 -0.00077940386130798556 0.00025227530551329163 -0.00090241053282159422 0.00046400908707826949 -8.0493048773051763e-05
leaf_weight=8903 5684 2096 1148 1109 1898 1050 2876 1370 1447 2145 5490 3555 1731 1142 1079 1036 1748 1280 1463 107478 1155 1476 1089 1662 1949 1120 3341 1730 1959 2304
leaf_count=8903 5684 2096 1148 1109 1898 1050 2876 1370 1447 2145 5490 3555 1731 1142 1079 1036 1748 1280 1463 107478 1155 1476 1089 1662 1949 1120 3341 1730 1959 2304
internal_value=-2.18719e-05 5.54733e-05 1.98963e-05 -0.000179664 -0.000293528 -0.000602658 0.000116772 0.000356066 -0.000171972 -3.77161e-05 -0.000130588 -0.000277878 -0.00045787 6.54655e-05 -0.000704033 -0.00106784 6.14251e-05 0.000266735 -0.000129292 -1.14416e-05 0.000271727 0.000632502 -0.000402815 -1.32248e-05 -0.000177602 -0.000379443 -4.49695e-06 -0.000660208 0.000201543 0.000100049
internal_weight=173513 29501 27405 8956 7847 4395 18449 6205 3345 144012 31758 17972 12482 3993 8489 3845 13786 6639 7147 112254 4776 2631 4644 4891 3611 2262 12244 2766 4835 3452
internal_count=173513 29501 27405 8956 7847 4395 18449 6205 3345 144012 31758 17972 12482 3993 8489 3845 13786 6639 7147 112254 4776 2631 4644 4891 3611 2262 12244 2766 4835 3452
is_linear=0
shrinkage=0.08


Tree=115
num_leaves=31
num_cat=0
split_feature=2 1 1 1 1 1 1 1 3 2 1 1 1 2 1 1 1 1 1 1 1 1 1 3 1 1 3 1 1 1
split_gain=0.0470437 0.273728 0.149827 0.0673107 0.124598 0.0385422 0.113046 0.103009 0.0802553 0.0730984 0.0605079 0.0377861 0.0543723 0.0948675 0.070142 0.0848134 0.0542751 0.0449058 0.0324878 0.0320314 0.0296402 0.0393931 0.0271509 0.039555 0.0283606 0.0190137 0.108911 0.0379397 0.0234913 0.106372
threshold=2.5000000000000004 -0.7817150056362151 1.045385003089905 0.57501000165939342 0.25150999426841741 0.69158500432968151 0.72117501497268688 0.67176499962806713 1.5000000000000002 1.5000000000000002 1.7691050171852114 1.2296350002288821 1.0993900299072268 1.0000000180025095e-35 0.97232499718666088 0.86974501609802257 1.3632000088691714 1.4600299596786501 1.1275949478149416 2.2488250732421879 -0.36128000915050501 -0.038125000894069665 0.83616501092910778 1.0000000180025095e-35 0.9153600037097932 -1.200545012950897 1.5000000000000002 -1.4687100052833555 0.028575000353157524 0.1764749959111214
decision_type=2 2 2 2 2 2 2 2 2 2 2 2 2 2 2 2 2 2 2 2 2 2 2 2 2 2 2 2 2 2
left_child=5 -2 3 4 20 7 -7 25 9 22 11 12 13 -10 15 -15 -13 -18 -11 -12 -3 -22 -8 24 -24 26 -1 -28 -27 -30
right_child=1 2 -4 -5 -6 6 8 -9 10 18 19 16 -14 14 -16 -17 17 -19 -20 -21 21 -23 23 -25 -26 28 27 -29 29 -31
leaf_value=3.1151007518948924e-05 0.0013965023751193685 -0.00063135247265366107 0.00075536586098947658 -0.00068419025361954214 0.00069773506007618751 0.00062761360536431527 -0.00014127520887549769 -0.00076188941618658668 0.00047302696025301678 0.00016426535374357686 -0.00060364466938346995 0.00050388389256865885 -0.00055913633807468295 -0.00011124755127159597 0.00023634334480660907 -0.00096145833599745783 -0.00051085720584603345 0.00011960148565381516 0.00066491824443122008 -0.00012538281063743589 0.00022119882220194648 -0.00045915455021798091 0.00047770371744009979 -3.0827420875602552e-05 0.00011851662084126256 2.9397415770041648e-06 -0.00032419567352543366 -0.00092394620834596335 -0.00030180483002442026 -8.1676464403703121e-06
leaf_weight=6288 1024 1055 1345 1320 1114 1957 4630 1290 1616 1555 2316 1581 1744 1883 1368 1249 1010 2545 1778 1462 1103 1076 1563 13964 14084 54024 1653 1141 10243 34453
leaf_count=6288 1024 1055 1345 1320 1114 1957 4630 1290 1616 1555 2316 1581 1744 1883 1368 1249 1010 2545 1778 1462 1103 1076 1563 13964 14084 54024 1653 1141 10243 34453
internal_value=-1.43221e-05 0.00017469 -3.71197e-06 -0.000183839 -3.19384e-05 -2.35066e-05 3.02482e-05 -5.12508e-05 8.73781e-06 7.36924e-05 -0.000136761 -5.48388e-05 -0.000165108 -5.27487e-05 -0.000241561 -0.0004503 0.000113914 -5.95162e-05 0.00043134 -0.000418568 -0.000283285 -0.000114763 3.88791e-05 6.70482e-05 0.000154396 -4.2747e-05 -0.000153517 -0.000569119 -3.25564e-05 -7.54606e-05
internal_weight=173434 8037 7013 5668 4348 165397 56305 109092 54348 37574 16774 12996 7860 6116 4500 3132 5136 3555 3333 3778 3234 2179 34241 29611 15647 107802 9082 2794 98720 44696
internal_count=173434 8037 7013 5668 4348 165397 56305 109092 54348 37574 16774 12996 7860 6116 4500 3132 5136 3555 3333 3778 3234 2179 34241 29611 15647 107802 9082 2794 98720 44696
is_linear=0
shrinkage=0.08


Tree=116
num_leaves=31
num_cat=0
split_feature=0 0 2 0 0 0 0 2 0 0 0 0 2 0 0 0 0 0 0 0 3 0 0 0 3 0 2 0 0 3
split_gain=0.0606807 0.08645 0.0442218 0.159302 0.0433375 0.0294072 0.0478887 0.0534869 0.0843424 0.245574 0.0306117 0.0598256 0.0329159 0.0779083 0.0556693 0.0300083 0.105005 0.0287064 0.0323615 0.0286736 0.0271364 0.0230716 0.0554366 0.016326 0.0925916 0.130099 0.110759 0.114412 0.0714729 0.065755
threshold=2.7053349018096928 2.6787550449371342 2.5000000000000004 2.3265800476074223 2.7465400695800786 2.8031849861145024 3.2603299617767338 1.0000000180025095e-35 2.9250850677490239 2.8630249500274663 3.339844942092896 3.3970999717712407 1.0000000180025095e-35 3.5231649875640874 3.7283149957656865 2.8630249500274663 2.9250850677490239 3.012414932250977 3.0893599987030034 1.2377250194549563 1.0000000180025095e-35 3.012414932250977 3.1091099977493291 1.3586100339889529 1.0000000180025095e-35 1.699555039405823 1.0000000180025095e-35 2.528845071792603 2.4030599594116215 1.0000000180025095e-35
decision_type=2 2 2 2 2 2 2 2 2 2 2 2 2 2 2 2 2 2 2 2 2 2 2 2 2 2 2 2 2 2
left_child=1 2 23 19 -2 -6 7 15 9 -9 -8 -12 20 -14 -15 -7 -17 -18 -19 -4 -13 -10 -23 29 25 -25 -27 28 -28 -1
right_child=4 -3 3 -5 5 6 10 8 21 -11 11 12 13 14 -16 16 17 18 -20 -21 -22 22 -24 24 -26 26 27 -29 -30 -31
leaf_value=0.00013099173651635396 -0.00044664561097166851 0.00065425359718285453 0.00028658078226416066 -0.001095765181670895 0.00018384521755081517 0.00033587353594802016 0.00029799345293772051 -0.00068030663255311079 -0.00072014269385752938 0.00077972463490923161 -0.00053904950573387762 2.0991064606076517e-05 0.00065595997710021282 -0.00036268622762814217 0.0001696032026338196 -0.00075514623787941121 0.00034789328796582425 -0.00038558876345789919 0.00010747449345962448 -0.00013458787397052435 -0.00031561068140139876 -4.4008071920680961e-05 -0.00061972850357753335 0.00023371726012706991 0.00011614487449284178 -1.9982695364291402e-05 -0.00039590066402897973 0.00036685339925987315 -0.0011186568515785757 -7.5076344116382983e-05
leaf_weight=14427 2059 1379 1500 1039 2716 1209 2015 1500 1834 1450 1365 3745 1456 1837 3986 1258 1546 1295 2490 3334 2595 1820 2599 7367 50216 14981 6459 1139 1013 31655
leaf_count=14427 2059 1379 1500 1039 2716 1209 2015 1500 1834 1450 1365 3745 1456 1837 3986 1258 1546 1295 2490 3334 2595 1820 2599 7367 50216 14981 6459 1139 1013 31655
internal_value=-1.32685e-06 2.40909e-05 1.75634e-05 -0.000197062 -8.94999e-05 -6.94715e-05 -8.9707e-05 -0.000184645 -0.000315264 3.73359e-05 5.24252e-06 -3.41257e-05 1.64816e-05 0.000132554 1.68019e-06 -3.04932e-05 -9.77169e-05 5.74221e-05 -6.12222e-05 -3.89839e-06 -0.000116782 -0.000481611 -0.000382614 2.74686e-05 4.90581e-05 -5.97578e-05 -0.0001514 -0.000380034 -0.000493887 -1.05621e-05
internal_weight=173284 134509 133130 5873 38775 36716 34000 17001 9203 2950 16999 14984 13619 7279 5823 7798 6589 5331 3785 4834 6340 6253 4419 127257 81175 30959 23592 8611 7472 46082
internal_count=173284 134509 133130 5873 38775 36716 34000 17001 9203 2950 16999 14984 13619 7279 5823 7798 6589 5331 3785 4834 6340 6253 4419 127257 81175 30959 23592 8611 7472 46082
is_linear=0
shrinkage=0.08


Tree=117
num_leaves=31
num_cat=0
split_feature=0 0 0 2 3 0 0 0 0 2 0 2 0 2 2 3 0 0 0 0 0 0 3 0 3 2 3 0 0 0
split_gain=0.0275621 0.204771 0.124265 0.0904629 0.108892 0.0745197 0.0739819 0.0702987 0.0669062 0.0646045 0.0577416 0.0867512 0.0814283 0.278107 0.161917 0.13049 0.0824905 0.11267 0.0840982 0.063521 0.074572 0.0504968 0.0963527 0.0477031 0.0673489 0.084609 0.0673435 0.0689307 0.0623877 0.0550631
threshold=2.4253449440002446 2.4818899631500249 2.1724550724029545 1.5000000000000002 1.5000000000000002 2.1422550678253178 2.2951200008392338 2.3160949945449834 2.3922950029373173 1.0000000180025095e-35 2.6281249523162846 1.5000000000000002 3.1482000350952153 2.5000000000000004 2.5000000000000004 1.5000000000000002 2.8630249500274663 2.9941799640655522 2.7333650588989262 3.0695700645446782 2.6787550449371342 2.3372850418090825 1.5000000000000002 1.9664199948310854 1.0000000180025095e-35 1.0000000180025095e-35 1.0000000180025095e-35 1.7094349861145022 2.0926799774169926 1.916565001010895
decision_type=2 2 2 2 2 2 2 2 2 2 2 2 2 2 2 2 2 2 2 2 2 2 2 2 2 2 2 2 2 2
left_child=2 9 5 4 6 23 -4 -6 -8 -2 11 -3 13 15 -14 19 18 -18 -17 20 -12 22 -5 26 25 -25 27 -1 -26 -28
right_child=1 10 3 21 7 -7 8 -9 -10 -11 12 -13 14 -15 -16 16 17 -19 -20 -21 -22 -23 -24 24 28 -27 29 -29 -30 -31
leaf_value=0.00013253672523797565 -0.00028091164121254623 0.00031228887624802155 -0.00021235400670943606 0.00095442063396678433 0.00092839736150323508 -0.00050514405731786022 0.00037567368674631832 6.9101263048643985e-05 -0.00028774328215386838 -0.00098028497687526828 -0.0006040042812865817 -0.00032050496116438408 3.7829716344662457e-06 -0.0013665443248602363 0.00098189390910673256 0.00042945400822272254 0.0011254649218802436 4.3479745661415373e-05 -0.00047225389850824242 -0.00062937276291311723 -7.4645503531284608e-05 0.0010168998376396418 -8.5172743208893344e-05 0.00015363053068345641 0.00042184507951106463 -0.00055868265539536755 -6.7953162332012258e-05 -0.0001654966265513477 -8.5822351650850656e-05 -0.00047417017505318164
leaf_weight=22285 1558 6400 5185 1005 1529 2018 3977 1013 1288 1848 1977 1770 19464 1163 1147 1237 1243 1221 1424 2000 12296 1126 1320 2899 5505 1689 57500 6391 2156 2218
leaf_count=22285 1558 6400 5185 1005 1529 2018 3977 1013 1288 1848 1977 1770 19464 1163 1147 1237 1243 1221 1424 2000 12296 1126 1320 2899 5505 1689 57500 6391 2156 2218
internal_value=-1.26949e-05 -5.96773e-05 8.90128e-06 0.000213081 0.000116372 -2.38018e-05 2.14214e-06 0.000585963 0.000213379 -0.000660372 -1.98276e-05 0.000175196 -5.67345e-05 -0.000161748 5.82147e-05 -9.62668e-05 0.000255763 0.000589303 -5.30834e-05 -0.000207135 -0.000147969 0.000577164 0.0003642 -1.41504e-05 0.000133806 -0.000108596 -3.46531e-05 6.61142e-05 0.000278975 -8.30406e-05
internal_weight=173852 54748 119104 16443 12992 102661 10450 2542 5265 3406 51342 8170 43172 22561 20611 21398 5125 2464 2661 16273 14273 3451 2325 100643 12249 4588 88394 28676 7661 59718
internal_count=173852 54748 119104 16443 12992 102661 10450 2542 5265 3406 51342 8170 43172 22561 20611 21398 5125 2464 2661 16273 14273 3451 2325 100643 12249 4588 88394 28676 7661 59718
is_linear=0
shrinkage=0.08


Tree=118
num_leaves=31
num_cat=0
split_feature=1 0 2 2 0 1 0 0 0 1 1 1 0 0 1 0 2 1 0 1 0 1 0 0 0 1 0 1 0 0
split_gain=0.0378156 0.120291 0.0728044 0.0449114 0.189034 0.0514743 0.048684 0.0450149 0.124136 0.0783619 0.10362 0.0648506 0.137947 0.195033 0.172987 0.0894189 0.087602 0.0718828 0.236196 0.069965 0.119422 0.0628388 0.0626579 0.0591687 0.108559 0.0674452 0.0579563 0.0412703 0.102299 0.126863
threshold=0.46157500147819525 1.1596649885177615 1.5000000000000002 2.5000000000000004 2.2850199937820439 0.48114499449729925 1.250779986381531 1.749490022659302 1.83748996257782 0.90371501445770275 1.260689973831177 0.76105999946594249 2.9763550758361821 3.2603299617767338 0.71132001280784618 2.7053349018096928 1.5000000000000002 0.98370999097824108 2.4932849407196049 0.90371501445770275 2.1724550724029545 0.93780001997947704 1.5866000056266787 2.4253449440002446 2.2127549648284917 0.60400497913360607 4.4122900962829599 0.028575000353157524 1.6180050373077395 2.5516149997711186
decision_type=2 2 2 2 2 2 2 2 2 2 2 2 2 2 2 2 2 2 2 2 2 2 2 2 2 2 2 2 2 2
left_child=27 2 -2 5 -5 -3 -7 9 -9 -8 -11 12 14 -14 16 17 23 18 19 20 -13 -17 -12 24 -10 -25 -23 -1 -29 -30
right_child=1 3 -4 4 -6 6 7 8 11 10 22 15 13 -15 -16 21 -18 -19 -20 -21 -22 26 -24 25 -26 -27 -28 28 29 -31
leaf_value=-3.3212284590934253e-06 0.00021865467429826529 0.00053859664094801452 0.00086586227812069023 -0.00051736491220953358 0.00082963189019560565 -0.00048961614652152409 -0.00010049397424204399 -0.00061562189908420488 0.000402314613878 0.00069309997528911246 -0.00028674377410467809 -0.00044069063834378824 -0.0011094978955421735 0.00020401477018278593 0.0011367290762648466 0.0004077318550379417 -0.00050535794731099593 -0.00010097315182552665 -0.0015223040530874035 -0.00062691228802778693 0.00071223871917991649 3.8852527507525135e-05 0.00046518457117581779 0.00019448074785835269 -0.00055421015676653657 0.0010662026599887228 -0.00052294321245884858 -0.00029951856511213729 0.00015505634597779872 -0.00025728168987482978
leaf_weight=66661 7342 1059 1311 1083 1735 1404 4807 2324 2174 2736 1794 1212 1184 1860 1391 2752 1075 13443 1049 1304 1094 14615 1173 1232 1167 1054 1278 11922 12388 7771
leaf_count=66661 7342 1059 1311 1083 1735 1404 4807 2324 2174 2736 1794 1212 1184 1860 1391 2752 1075 13443 1049 1304 1094 14615 1173 1232 1167 1054 1278 11922 12388 7771
internal_value=-6.71603e-06 3.62513e-05 0.000316712 -5.19289e-07 0.000311961 -1.44565e-05 -2.38845e-05 -1.31152e-05 -4.46307e-05 0.00013744 0.000337991 -1.69183e-05 0.000152195 -0.000306892 0.00032487 -6.81719e-05 0.000156369 -0.000194824 -0.000465619 -0.000158566 0.000106276 5.47914e-05 1.05302e-05 0.000282788 6.82037e-05 0.000596403 -6.32302e-06 -3.92007e-05 -0.000113755 -3.89394e-06
internal_weight=173394 74652 8653 65999 2818 63181 62122 60718 50208 10510 5703 47884 11137 3044 8093 36747 6702 18102 4659 3610 2306 18645 2967 5627 3341 2286 15893 98742 32081 20159
internal_count=173394 74652 8653 65999 2818 63181 62122 60718 50208 10510 5703 47884 11137 3044 8093 36747 6702 18102 4659 3610 2306 18645 2967 5627 3341 2286 15893 98742 32081 20159
is_linear=0
shrinkage=0.08


Tree=119
num_leaves=31
num_cat=0
split_feature=1 1 1 1 1 2 3 1 2 1 3 1 1 1 1 1 1 1 1 3 1 1 3 1 1 2 3 1 1 1
split_gain=0.0297718 0.12858 0.109462 0.0825531 0.140276 0.0958973 0.0679002 0.063352 0.0586762 0.126219 0.047851 0.198025 0.0975275 0.0851831 0.0591906 0.0426942 0.0458034 0.0351155 0.0839191 0.16903 0.115623 0.031664 0.0369404 0.0954371 0.0928517 0.0454614 0.100523 0.0919864 0.0311663 0.0427598
threshold=-0.11832500249147414 -0.40872499346733088 -0.087294999510049806 -0.047654999420046799 -0.028874999843537804 1.0000000180025095e-35 1.0000000180025095e-35 -0.44616499543189997 1.0000000180025095e-35 -0.31364999711513514 1.5000000000000002 -0.31364999711513514 -0.27962499856948847 -0.2245099991559982 -0.19207500666379926 -0.16035499423742292 -0.34954500198364252 0.15852499753236773 0.21329500526189807 1.5000000000000002 0.18585500121116641 -0.0097050000913441164 1.5000000000000002 0.1311450004577637 0.10285500064492227 1.0000000180025095e-35 1.0000000180025095e-35 0.074754998087883009 0.23238000273704532 0.26861500740051275
decision_type=2 2 2 2 2 2 2 2 2 2 2 2 2 2 2 2 2 2 2 2 2 2 2 2 2 2 2 2 2 2
left_child=1 7 -2 5 -5 -4 15 -1 9 -8 11 -10 -12 -13 -14 16 -3 21 19 20 -19 -6 23 25 -24 27 -27 -23 -20 -30
right_child=2 6 3 4 17 -7 8 -9 10 -11 12 13 14 -15 -16 -17 -18 18 28 -21 -22 22 24 -25 -26 26 -28 -29 29 -31
leaf_value=1.892227041758181e-05 0.00061056701393005775 -0.00075880685697198383 0.00012250402454840823 0.00083700109072087166 -0.00022277747799811715 -0.00082905999647696197 -0.00054362590099505986 0.00047943227626964807 0.00088586516771125016 0.00047711961847153188 -0.00086828480598664384 -0.0009459121299883103 0.00030256213173323395 1.5234047458570524e-05 -0.00049949192826640311 -0.00088589946908183349 -0.0002097123950910192 0.00047992803809975107 0.00039938298816061648 -0.0011710266478865848 -0.00053227853782548626 -0.00029337847911460005 0.00010868235304697749 -0.00049423979492458096 0.00098310385368816891 -8.4874538863931423e-05 0.00078797685648983177 0.00049409583343506972 -0.00029915096640727293 2.4048535609954261e-05
leaf_weight=36359 2051 1247 1207 1367 1375 1546 1114 2018 1094 2550 1716 1066 1248 1322 1115 1051 4413 1447 1367 1153 1442 2341 2311 1467 1171 1451 2020 1597 2699 89324
leaf_count=36359 2051 1247 1207 1367 1375 1546 1114 2018 1094 2550 1716 1066 1248 1322 1115 1051 4413 1447 1367 1153 1442 2341 2311 1467 1171 1451 2020 1597 2699 89324
internal_value=8.31102e-06 -3.95043e-05 3.1259e-05 2.09527e-05 3.15412e-05 -0.000411865 -0.00021633 4.31375e-05 -9.59754e-05 0.000166773 -0.000223301 -5.47571e-06 -0.000409246 -0.00041382 -7.58933e-05 -0.000417639 -0.000330688 2.16365e-05 4.75589e-06 -0.000352124 -2.52993e-05 0.0001414 0.00018192 9.52887e-05 0.000402751 0.000212017 0.000423094 2.59706e-05 2.02019e-05 1.45692e-05
internal_weight=173649 56313 117336 115285 112532 2753 17936 38377 11225 3664 7561 3482 4079 2388 2363 6711 5660 111165 97432 4042 2889 13733 12358 8876 3482 7409 3471 3938 93390 92023
internal_count=173649 56313 117336 115285 112532 2753 17936 38377 11225 3664 7561 3482 4079 2388 2363 6711 5660 111165 97432 4042 2889 13733 12358 8876 3482 7409 3471 3938 93390 92023
is_linear=0
shrinkage=0.08


Tree=120
num_leaves=31
num_cat=0
split_feature=2 1 1 3 1 1 1 1 2 1 1 1 1 1 1 1 1 1 1 1 1 1 1 1 1 1 1 1 1 3
split_gain=0.0220325 0.076248 0.0589155 0.0596917 0.188944 0.098384 0.166599 0.10772 0.0965029 0.05627 0.049262 0.0487247 0.0678872 0.0616007 0.0464328 0.0491939 0.12792 0.0329077 0.030332 0.0495559 0.0859808 0.0552988 0.0433524 0.0274228 0.0262828 0.0217013 0.0201857 0.0166166 0.0733069 0.0561298
threshold=1.5000000000000002 -1.3639299869537351 2.0066848993301396 1.5000000000000002 0.79280999302864086 0.56521499156951915 0.32445999979972845 0.44207499921321874 2.5000000000000004 -0.30197499692440027 0.56521499156951915 0.84743499755859386 0.70147499442100536 0.99526500701904308 -0.74558499455451954 -0.057725001126527779 0.12179499864578248 -0.39679500460624689 -0.7817150056362151 0.0096249999478459376 0.20420999825000766 0.40609499812126165 -0.16035499423742292 1.4600299596786501 1.0588799715042116 -0.36128000915050501 2.7389349937438969 -0.88114500045776356 -0.72840499877929676 1.5000000000000002
decision_type=2 2 2 2 2 2 2 2 2 2 2 2 2 2 2 2 2 2 2 2 2 2 2 2 2 2 2 2 2 2
left_child=26 -2 3 4 10 6 8 -8 14 -10 18 12 -7 -13 -5 17 -17 -16 -3 22 -21 -22 25 -15 -6 -20 27 29 -29 -1
right_child=1 2 -4 5 24 11 7 -9 9 -11 -12 13 -14 23 15 16 -18 -19 19 20 21 -23 -24 -25 -26 -27 -28 28 -30 -31
leaf_value=3.9166781960285691e-05 0.00051990738441255854 0.00029873045702684441 0.00052594273383377798 -0.00040536212261140848 0.00087282470907786589 -0.00027281128459302165 0.0012126040491261575 5.0899269884422002e-05 -0.00018052415626921826 -0.00087481032208603206 -0.00058371223973187661 0.00027368068003050147 -0.0011565598365571514 -0.00059258534612231404 1.3966226116332545e-05 -0.00078574512420182528 0.00036184988326611788 0.00051896790728034054 -0.0003263439537618162 0.0006296521179892247 -0.00053426518360816548 0.00025437454061417233 -0.00074855163515949593 -0.00014296317476889968 0.00040187948351324133 0.00011548558110192284 -0.00030019056208523782 0.00036707228684253564 3.0996080913675756e-05 -0.00034061882851496236
leaf_weight=10669 1490 1316 1047 1528 1214 1092 1004 1040 1400 1602 1296 1043 1134 2296 1505 1175 1320 1830 1813 1266 1305 1009 1060 1396 2021 1171 1171 4304 119056 3249
leaf_count=10669 1490 1316 1047 1528 1214 1092 1004 1040 1400 1602 1296 1043 1134 2296 1505 1175 1320 1830 1813 1266 1305 1009 1060 1396 2021 1171 1171 4304 119056 3249
internal_value=1.61549e-05 -4.01931e-05 -6.48234e-05 -8.36604e-05 4.56641e-05 -0.000173623 -3.85409e-05 0.000621521 -0.000168769 -0.000551026 -0.000122769 -0.00041433 -0.000723023 -0.000269209 -1.28121e-05 9.00723e-05 -0.000178601 0.000291074 -5.59481e-05 -0.00011717 9.96054e-05 -0.000190386 -0.000309073 -0.000422577 0.000578611 -0.000152958 3.05515e-05 3.33728e-05 4.27217e-05 -4.94899e-05
internal_weight=173822 35373 33883 32836 13471 19365 12404 2044 10360 3002 10236 6961 2226 4735 7358 5830 2495 3335 8940 7624 3580 2314 4044 3692 3235 2984 138449 137278 123360 13918
internal_count=173822 35373 33883 32836 13471 19365 12404 2044 10360 3002 10236 6961 2226 4735 7358 5830 2495 3335 8940 7624 3580 2314 4044 3692 3235 2984 138449 137278 123360 13918
is_linear=0
shrinkage=0.08


Tree=121
num_leaves=31
num_cat=0
split_feature=3 1 1 2 1 1 2 1 1 1 2 1 1 1 1 1 1 1 2 1 1 1 2 1 2 1 1 1 1 1
split_gain=0.0524406 0.163302 0.0988911 0.143218 0.171057 0.0666981 0.112475 0.0881588 0.0533591 0.0918387 0.0739554 0.0532426 0.069253 0.102145 0.0985486 0.19155 0.0813678 0.0825923 0.101702 0.102453 0.06197 0.0530211 0.098639 0.0524286 0.0691025 0.104253 0.0824042 0.0463585 0.0678578 0.045006
threshold=1.5000000000000002 0.64283499121665966 0.71132001280784618 2.5000000000000004 0.79280999302864086 0.80408501625061046 1.5000000000000002 1.5022949576377871 0.28750500082969671 0.36044000089168554 1.0000000180025095e-35 0.54546499252319347 0.36044000089168554 0.41523499786853796 -0.10785499960184096 -0.17015499621629712 0.028575000353157524 0.093699999153614058 1.0000000180025095e-35 0.15852499753236773 -0.018724999390542504 0.40609499812126165 1.0000000180025095e-35 -0.52672499418258656 2.5000000000000004 -0.88114500045776356 -0.66405999660491932 -0.097484998404979692 -0.13862500339746472 -0.32600499689579004
decision_type=2 2 2 2 2 2 2 2 2 2 2 2 2 2 2 2 2 2 2 2 2 2 2 2 2 2 2 2 2 2
left_child=5 11 -3 4 -4 8 -7 -8 27 10 -10 12 14 -14 15 23 20 -18 -19 -20 -16 22 -11 24 25 -2 -27 28 -1 -25
right_child=1 2 3 -5 -6 6 7 -9 9 21 -12 -13 13 -15 16 -17 17 18 19 -21 -22 -23 -24 29 -26 26 -28 -29 -30 -31
leaf_value=-2.9446953289216167e-05 -0.0002532116122162009 -0.00074303970774860248 0.00071863875769181149 0.00069061097034538144 -0.00018863196182613605 3.7965492998430789e-05 0.00076977302709721679 -0.000106381265422678 -0.00017589239005098568 -0.00018603548181176968 -0.00086659054569798526 0.00060105616964486238 -0.0007777496245799689 0.00012177572909459413 0.00050377834458086186 -0.00087518794385613966 -0.00028365761319220625 -0.00024565244131981919 0.0012730725765563566 0.00037088721664485551 0.0012905273002916037 -0.00011988606878362272 0.00083759573178420117 0.00057059981347963573 0.0006415926384072063 0.00063946757603048135 -0.00012590883167088547 9.6166214821022164e-05 -0.00051587750582631094 0.00012852869389620459
leaf_weight=38625 4978 1389 1455 1559 15479 30843 2512 1039 2160 1335 1835 1980 1143 2756 1771 1192 1358 1184 1064 3317 1004 19736 1098 3163 1165 2084 1585 20042 1927 2760
leaf_count=38625 4978 1389 1455 1559 15479 30843 2512 1039 2160 1335 1835 1980 1143 2756 1771 1192 1358 1184 1064 3317 1004 19736 1098 3163 1165 2084 1585 20042 1927 2760
internal_value=2.16967e-05 8.85748e-05 -9.20247e-05 -4.31273e-05 -0.000110678 -7.22136e-06 8.70532e-05 0.000513416 -4.45952e-05 -0.000140073 -0.000493147 0.000199044 0.000172966 -0.000141922 0.000219079 0.00010258 0.000422417 0.000275707 0.000412207 0.000589998 0.000788426 -7.64468e-05 0.000275924 0.000176651 6.31933e-05 -1.47337e-05 0.000308827 -3.36867e-06 -5.25618e-05 0.000364603
internal_weight=173538 52386 19882 18493 16934 121152 34394 3551 86758 26164 3995 32504 30524 3899 26625 16927 9698 6923 5565 4381 2775 22169 2433 15735 9812 8647 3669 60594 40552 5923
internal_count=173538 52386 19882 18493 16934 121152 34394 3551 86758 26164 3995 32504 30524 3899 26625 16927 9698 6923 5565 4381 2775 22169 2433 15735 9812 8647 3669 60594 40552 5923
is_linear=0
shrinkage=0.08


Tree=122
num_leaves=31
num_cat=0
split_feature=0 0 3 1 0 0 1 1 1 0 0 0 0 0 1 1 3 1 1 1 1 1 1 3 1 0 0 1 1 1
split_gain=0.0211495 0.157063 0.12169 0.114903 0.365843 0.269655 0.168836 0.155413 0.101599 0.0759072 0.096172 0.0700858 0.106742 0.0768989 0.0918869 0.0747305 0.0769954 0.294249 0.0522117 0.051509 0.120761 0.102861 0.0520027 0.0517145 0.0465443 0.0414991 0.0389746 0.0531442 0.0845175 0.0468714
threshold=2.589789986610413 2.5650351047515874 1.5000000000000002 0.93780001997947704 3.339844942092896 3.4893649816513066 0.11228000000119211 0.59399500489234935 1.5022949576377871 2.6401250362396245 2.6787550449371342 2.4253449440002446 2.5168900489807133 2.2951200008392338 0.77133500576019298 0.36044000089168554 1.0000000180025095e-35 -0.25736001133918757 0.76105999946594249 -0.16035499423742292 0.019539999775588516 0.1311450004577637 -0.33797998726367945 1.0000000180025095e-35 0.36044000089168554 2.4588849544525151 2.2127549648284917 0.48114499449729925 0.074754998087883009 0.97232499718666088
decision_type=2 2 2 2 2 2 2 2 2 2 2 2 2 2 2 2 2 2 2 2 2 2 2 2 2 2 2 2 2 2
left_child=1 11 9 4 6 8 -4 -8 -5 -2 -11 13 24 26 15 16 -15 -18 -14 22 -21 -22 23 -12 -13 -26 -1 28 -28 -29
right_child=2 -3 3 5 -6 -7 7 -9 -10 10 19 12 18 14 -16 -17 17 -19 -20 20 21 -23 -24 -25 25 -27 27 29 -30 -31
leaf_value=1.9617502949612092e-05 0.00046575754150684795 -0.00084773418299054421 0.00032960203419434757 -0.00081278772254767678 -0.00047681999364498933 0.00084772619562362107 0.0018609274375632073 0.00062470954178877052 3.6868955892243689e-05 -0.00065370895644282796 0.00034240464068241791 -0.00067850075913861608 0.00047821445991517693 0.00070331587503245918 -0.00010354891157070315 0.00092746535734149931 0.0009948987476172625 -0.00084297905905940938 -0.0002377615149095646 -0.00073832632490161243 0.00072477228931189133 -4.837695270791092e-05 0.00068173119145477704 -0.00030097674871659908 0.00017538390917970636 -0.00043675922523118575 -0.00027687794424830604 -0.00083536509311775322 0.00062570987500960352 -0.00014733133407329765
leaf_weight=105049 1996 1379 1965 1758 1720 1688 1459 1175 1847 1568 1901 2446 1642 1543 2859 1545 1000 1260 1081 1555 1158 22491 1230 1380 1127 1910 1938 1182 1010 1366
leaf_count=105049 1996 1379 1965 1758 1720 1688 1459 1175 1847 1568 1901 2446 1642 1543 2859 1545 1000 1260 1081 1555 1158 22491 1230 1380 1127 1910 1938 1182 1010 1366
internal_value=1.79769e-05 1.44453e-06 6.52406e-05 0.000288223 0.000518542 1.32586e-05 0.000890801 0.00130946 -0.000377471 -1.25643e-05 -4.30835e-05 1.06682e-05 -0.000215447 2.62932e-05 0.000262562 0.000458283 0.000267673 -2.97588e-05 0.00019398 -1.0862e-05 -5.5422e-05 -1.05188e-05 0.000238105 7.17962e-05 -0.000418779 -0.000209599 8.75228e-06 -0.000198923 3.23533e-05 -0.000466506
internal_weight=173228 128337 44891 11612 6319 5293 4599 2634 3605 33279 31283 126958 8206 118752 8207 5348 3803 2260 2723 29715 25204 23649 4511 3281 5483 3037 110545 5496 2948 2548
internal_count=173228 128337 44891 11612 6319 5293 4599 2634 3605 33279 31283 126958 8206 118752 8207 5348 3803 2260 2723 29715 25204 23649 4511 3281 5483 3037 110545 5496 2948 2548
is_linear=0
shrinkage=0.08


Tree=123
num_leaves=31
num_cat=0
split_feature=2 1 1 1 1 1 1 1 1 1 1 1 1 2 1 1 3 3 1 1 1 1 3 3 1 1 1 1 3 1
split_gain=0.0343402 0.100038 0.270843 0.181095 0.219907 0.0375425 0.0883659 0.0263989 0.253607 0.0480445 0.0471258 0.0285711 0.0196197 0.0166956 0.0879809 0.121914 0.0751532 0.0682753 0.110105 0.143999 0.0915511 0.0420712 0.0463227 0.0390571 0.0474825 0.11433 0.0393865 0.0355328 0.061481 0.0575895
threshold=2.5000000000000004 0.057084999978542335 0.35153000056743627 0.67176499962806713 1.045385003089905 -0.80007001757621754 -0.36128000915050501 -0.37299500405788416 -0.42088499665260309 -0.45930500328540796 -0.34954500198364252 -0.49901999533176417 2.7389349937438969 1.0000000180025095e-35 -0.19207500666379926 -0.23541500419378278 1.0000000180025095e-35 1.5000000000000002 0.065930001437664046 0.31523500382900244 1.7691050171852114 -0.018724999390542504 1.0000000180025095e-35 1.5000000000000002 -0.19207500666379926 -0.097484998404979692 -0.17015499621629712 0.074754998087883009 1.0000000180025095e-35 0.3334649950265885
decision_type=2 2 2 2 2 2 2 2 2 2 2 2 2 2 2 2 2 2 2 2 2 2 2 2 2 2 2 2 2 2
left_child=7 5 -3 -4 -5 -2 -7 8 9 11 -9 -1 13 14 15 16 -12 27 -19 -20 -21 22 -15 24 -24 -26 -25 28 -16 -29
right_child=1 2 3 4 -6 6 -8 10 -10 -11 12 -13 -14 21 17 -17 -18 18 19 20 -22 -23 23 26 25 -27 -28 29 -30 -31
leaf_value=1.1602765464969146e-05 0.00090000676326785578 -0.0012002234102703509 0.0011150127930573467 -0.0010233664906252036 0.00053952571432379706 -0.00022414866111994698 0.00072677625661855198 -0.00049673286701583277 0.00082580689165960704 -0.00038747971273980146 -0.00026162726177652727 0.00033053677035798908 -0.00031311313515226114 9.493606601944806e-05 -1.7231298026717232e-05 0.001057756698030475 0.00053722264128092253 0.00099175062994046829 -0.00076317273706382784 0.00036565857467169059 -0.00045924086685099466 -3.5584539221280873e-06 -0.00076898821614545187 0.00014183386612676328 0.00035812774222491301 -0.00080281332053852681 -0.00035827479141137616 0.0001930876697713687 -0.00050574001753126308 -5.5821868405996967e-05
leaf_weight=32183 1019 1053 1096 1008 1345 1081 1484 1274 2601 1866 1634 1904 1332 2946 4265 1206 1399 1006 1062 5647 1016 53835 1734 2068 1114 1059 1966 7291 2688 32319
leaf_count=32183 1019 1053 1096 1008 1345 1081 1484 1274 2601 1866 1634 1904 1332 2946 4265 1206 1399 1006 1062 5647 1016 53835 1734 2068 1114 1059 1966 7291 2688 32319
internal_value=1.28634e-05 0.000173839 -7.72262e-05 0.000265631 -0.000130001 0.000489213 0.000326016 4.99437e-06 6.29673e-05 7.78006e-06 -1.2624e-05 2.94175e-05 -7.71305e-06 -4.4392e-06 2.61368e-05 0.000377384 0.00010685 -7.90836e-07 0.000204501 0.00010198 0.000239875 -3.25638e-05 -0.000175992 -0.000276503 -0.000456783 -0.000207651 -0.000101898 -3.9285e-05 -0.000206087 -1.00052e-05
internal_weight=173501 8086 4502 3449 2353 3584 2565 165415 38554 35953 126861 34087 125587 124255 59533 4239 3033 55294 8731 7725 6663 64722 10887 7941 3907 2173 4034 46563 6953 39610
internal_count=173501 8086 4502 3449 2353 3584 2565 165415 38554 35953 126861 34087 125587 124255 59533 4239 3033 55294 8731 7725 6663 64722 10887 7941 3907 2173 4034 46563 6953 39610
is_linear=0
shrinkage=0.08


Tree=124
num_leaves=31
num_cat=0
split_feature=1 2 2 1 1 1 1 1 1 2 1 1 3 1 1 1 1 1 1 1 1 1 1 1 1 1 1 1 1 1
split_gain=0.0270582 0.0407783 0.0345382 0.242289 0.0728638 0.151087 0.0490178 0.0441226 0.0355215 0.0247441 0.142011 0.0736435 0.0705906 0.0966154 0.077338 0.0515027 0.0399376 0.0973041 0.0349961 0.113455 0.0445272 0.0642076 0.0325445 0.0329061 0.03018 0.0474473 0.0285622 0.0326198 0.0626953 0.0330627
threshold=1.5716249942779543 1.0000000180025095e-35 2.5000000000000004 0.57501000165939342 -0.7817150056362151 -0.0097050000913441164 0.97232499718666088 0.27834500372409826 -0.36128000915050501 1.5000000000000002 0.82565498352050792 0.70147499442100536 1.5000000000000002 0.51850497722625744 0.32445999979972845 1.4600299596786501 0.065930001437664046 -0.30197499692440027 -0.33797998726367945 -0.72840499877929676 0.18585500121116641 0.35153000056743627 1.2774500250816347 1.2450850009918215 0.019539999775588516 -0.1495149955153465 1.1991499662399294 1.1413550376892092 1.1133450269699099 1.1700899600982668
decision_type=2 2 2 2 2 2 2 2 2 2 2 2 2 2 2 2 2 2 2 2 2 2 2 2 2 2 2 2 2 2
left_child=2 -2 9 4 -4 8 -5 -7 -6 15 11 12 14 18 16 22 17 -11 19 -14 24 -22 23 26 25 -20 27 28 -1 -29
right_child=1 -3 3 6 5 7 -8 -9 -10 10 -12 -13 13 -15 -16 -17 -18 -19 20 -21 21 -23 -24 -25 -26 -27 -28 29 -30 -31
leaf_value=-3.1175274777516718e-05 -4.2235326039348329e-05 0.00021510195419815849 0.00070708861004175185 -0.00054143503684442318 -0.00084500126764400078 0.00081644954339647844 -0.0013010525399216183 7.864436222987896e-05 -0.00020423450477533793 0.00012212860995041851 0.000435725822699255 -0.00062112570114729836 -0.0001360416847051311 0.00086528627531922168 -0.00061144472077476176 -0.0003663822929616042 0.0003446303732107678 -0.0005923035437565557 -0.00048210907737048316 0.00072201339399761218 0.00065001182591853043 -0.00023877052130009599 0.0001675951663999982 -0.00046292116418526768 -0.00062307759113827221 0.0002820050484844685 0.00030222584696731425 -0.0006512613251327175 0.00057908998629072278 -3.051024836442244e-05
leaf_weight=110604 7864 7900 1023 1149 1034 1036 1032 1039 1192 3353 5074 1296 2263 1065 1939 2837 1387 1918 1022 1748 1050 1031 5555 1116 1028 1059 1668 1083 1088 1114
leaf_count=110604 7864 7900 1023 1149 1034 1036 1032 1039 1192 3353 5074 1296 2263 1065 1939 2837 1387 1918 1022 1748 1050 1031 5555 1116 1028 1059 1668 1083 1088 1114
internal_value=-1.32108e-05 8.67272e-05 -2.31942e-05 -0.000190682 0.000100249 -4.40887e-05 -0.000900869 0.000447014 -0.000501877 -1.48309e-05 5.74349e-05 -3.77805e-05 2.29874e-06 0.000143921 -0.000166817 -2.94112e-05 -3.73293e-05 -0.000137837 6.0424e-05 0.0002379 -7.67352e-05 0.000209678 -2.15898e-05 -3.05972e-05 -0.000268445 -9.32591e-05 -2.6422e-05 -3.12354e-05 -2.52306e-05 -0.000336506
internal_weight=173567 15764 157803 7505 5324 4301 2181 2075 2226 150298 25233 20159 18863 10266 8597 125065 6658 5271 9201 4011 5190 2081 122228 116673 3109 2081 115557 113889 111692 2197
internal_count=173567 15764 157803 7505 5324 4301 2181 2075 2226 150298 25233 20159 18863 10266 8597 125065 6658 5271 9201 4011 5190 2081 122228 116673 3109 2081 115557 113889 111692 2197
is_linear=0
shrinkage=0.08


Tree=125
num_leaves=31
num_cat=0
split_feature=2 1 1 2 1 1 1 1 1 1 3 1 1 1 1 3 3 2 1 1 3 1 1 1 1 1 1 1 1 1
split_gain=0.0251966 0.0521631 0.0588836 0.115928 0.131051 0.217151 0.0556631 0.184028 0.0396496 0.0452116 0.0503911 0.0802899 0.103779 0.0526555 0.0502195 0.034999 0.0327905 0.0813465 0.0690721 0.0301663 0.0281011 0.0273939 0.0482302 0.0363733 0.0536962 0.0356091 0.0331936 0.132804 0.136532 0.0735579
threshold=1.0000000180025095e-35 -1.0724650025367735 1.5022949576377871 2.5000000000000004 -0.45930500328540796 0.67176499962806713 0.057084999978542335 0.35153000056743627 -1.0724650025367735 1.4003850221633913 1.5000000000000002 0.22324000298976901 1.0993900299072268 0.5845799744129182 -0.57034999132156361 1.0000000180025095e-35 1.5000000000000002 1.5000000000000002 -1.5294100046157835 -0.23541500419378278 1.0000000180025095e-35 -0.47219999134540552 -0.64735502004623402 -0.2245099991559982 -0.1495149955153465 -0.077665001153945909 0.15852499753236773 0.074754998087883009 0.028575000353157524 0.11228000000119211
decision_type=2 2 2 2 2 2 2 2 2 2 2 2 2 2 2 2 2 2 2 2 2 2 2 2 2 2 2 2 2 2
left_child=8 16 3 -3 -5 6 -6 -8 15 10 21 14 13 -13 -12 -1 17 -2 -18 -16 -11 22 -10 -23 -25 -26 27 28 -27 -29
right_child=1 2 -4 4 5 -7 7 -9 9 20 11 12 -14 -15 19 -17 18 -19 -20 -21 -22 23 -24 24 25 26 -28 29 -30 -31
leaf_value=9.2611653433660772e-06 0.00024834005674965754 -4.9165929911019838e-05 0.00013895204810866071 -0.0011459975149814149 0.0004303695243774411 -0.00097500726645436645 -0.00092024005922260426 0.00057473241909405308 1.8988517692583231e-05 2.6223913816868522e-05 0.00044919673299720971 0.0002954915910547139 -0.00024782185258220434 0.00088131866676311376 -0.00053787731943494125 -0.00039643249029228404 0.00082356760045420381 -0.00055973751972848219 5.3002943664629597e-05 -6.4173837780497793e-06 -0.00023714369471847856 -0.00018614577022939453 0.00041621208698946306 0.0004580382710426218 -0.00033066917231282461 0.00022962924738264003 -4.6231071607859267e-06 0.0011859300613363869 -0.00076741233436762536 0.00028327612886507942
leaf_weight=2809 2767 72461 8825 1218 1782 1735 1060 1048 5320 4751 1023 1702 1086 2321 1080 2640 1250 1120 1841 1862 5708 5441 3094 1827 1826 2845 29382 1021 1272 1331
leaf_count=2809 2767 72461 8825 1218 1782 1735 1060 1048 5320 4751 1023 1702 1086 2321 1080 2640 1250 1120 1841 1862 5708 5441 3094 1827 1826 2845 29382 1021 1272 1331
internal_value=-1.2731e-05 -4.04045e-05 -5.70759e-05 -7.889e-05 -0.00039364 -0.00023073 0.00010123 -0.000177009 2.08651e-05 3.64259e-05 6.22136e-05 0.0002365 0.000446141 0.000633474 -3.36263e-05 -0.000187294 0.000170147 1.55006e-05 0.000364619 -0.000201515 -0.000117509 3.25752e-05 0.000165056 7.77396e-06 3.44831e-05 1.39444e-05 3.14966e-05 0.000195551 -7.84195e-05 0.000675117
internal_weight=173448 95107 88129 79304 6843 5625 3890 2108 78341 72892 62433 9074 5109 4023 3965 5449 6978 3887 3091 2942 10459 53359 8414 44945 39504 37677 35851 6469 4117 2352
internal_count=173448 95107 88129 79304 6843 5625 3890 2108 78341 72892 62433 9074 5109 4023 3965 5449 6978 3887 3091 2942 10459 53359 8414 44945 39504 37677 35851 6469 4117 2352
is_linear=0
shrinkage=0.08


Tree=126
num_leaves=31
num_cat=0
split_feature=1 0 3 3 0 1 3 0 1 0 0 0 1 0 1 0 0 0 1 1 1 1 0 1 1 1 1 0 1 0
split_gain=0.0665167 0.0633775 0.101209 0.0860737 0.0760108 0.0886463 0.0818305 0.198362 0.126656 0.0876301 0.0755714 0.0656054 0.0582227 0.0859471 0.0581103 0.0642122 0.11146 0.0945837 0.118698 0.0855124 0.151903 0.149705 0.118237 0.0725521 0.137461 0.08671 0.103256 0.0444337 0.0435803 0.0996599
threshold=0.83616501092910778 1.1596649885177615 1.0000000180025095e-35 1.0000000180025095e-35 2.6281249523162846 1.7048449516296389 1.5000000000000002 1.699555039405823 1.260689973831177 2.0829600095748906 3.5231649875640874 1.6791549921035769 1.2145199775695803 2.9580500125885014 0.80408501625061046 2.7744650840759282 2.832994937896729 2.6787550449371342 0.30545499920845037 -0.097484998404979692 -0.34954500198364252 0.093699999153614058 3.2603299617767338 0.22324000298976901 0.42366500198841101 0.68147999048233043 0.60400497913360607 2.1318750381469731 0.9153600037097932 1.8963550329208376
decision_type=2 2 2 2 2 2 2 2 2 2 2 2 2 2 2 2 2 2 2 2 2 2 2 2 2 2 2 2 2 2
left_child=14 2 -2 10 5 6 7 -5 9 11 12 -8 13 28 15 17 -17 -1 -19 20 22 -21 -18 -23 -25 26 -26 -9 -3 -30
right_child=1 3 -4 4 -6 -7 8 27 -10 -11 -12 -13 -14 -15 -16 16 19 18 -20 21 -22 23 -24 24 25 -27 -28 -29 29 -31
leaf_value=-4.6780598507243883e-05 -0.00036528432873744992 0.00034912250502243191 0.00052983145050005396 0.00063377473555913534 8.5038191775639946e-05 0.00017608101837090364 -8.0678373491963867e-05 -7.5163765243122557e-05 -0.00091438196124614727 0.00029791346249755844 -0.0002327631621631945 -0.00091117153825188014 0.00039559581072991755 0.0006976442733193952 -0.00048894016420598734 -0.00083664674872833001 -0.00061133431158332061 0.00082600744935670237 -0.00021669854686504303 -0.00091354211326556169 0.00071029810612443036 0.00038713097488363401 0.0003549060715186179 -0.00071672472733784551 -5.3769310910815078e-05 -0.00045229354753176259 0.00088672134426555458 -0.00056476282413083921 0.00039944628497243868 -0.0005014930588679113
leaf_weight=101801 1045 1114 3571 1825 12276 3569 1253 2144 2554 1470 2539 1184 7257 1091 2034 1593 1871 1771 1154 1869 1866 1469 1430 2484 2434 1766 1078 2656 1139 2534
leaf_count=101801 1045 1114 3571 1825 12276 3569 1253 2144 2554 1470 2539 1184 7257 1091 2034 1593 1871 1771 1154 1869 1866 1469 1430 2484 2434 1766 1078 2656 1139 2534
internal_value=-3.37409e-05 4.49995e-05 0.000327189 1.57968e-05 -6.6001e-05 -0.000177328 -0.000273715 -7.61543e-05 -0.000476291 -0.000189912 0.000166779 -0.000484168 0.00024401 5.68626e-05 -6.48409e-05 -5.78041e-05 -0.00019801 -3.38934e-05 0.000414629 -0.000135469 0.000133371 -0.000260612 -0.000192757 -0.000128414 -0.000225983 4.9755e-06 0.000234912 -0.000346075 -8.91773e-05 -0.000222111
internal_weight=173841 49221 4616 44605 28931 16655 13086 6625 6461 3907 15674 2437 13135 5878 124620 122586 17860 104726 2925 16267 5167 11100 3301 9231 7762 5278 3512 4800 4787 3673
internal_count=173841 49221 4616 44605 28931 16655 13086 6625 6461 3907 15674 2437 13135 5878 124620 122586 17860 104726 2925 16267 5167 11100 3301 9231 7762 5278 3512 4800 4787 3673
is_linear=0
shrinkage=0.08


Tree=127
num_leaves=31
num_cat=0
split_feature=3 1 1 1 2 2 1 1 1 1 1 1 1 1 1 1 1 1 1 1 1 1 1 2 1 1 1 2 1 1
split_gain=0.0341991 0.04296 0.0391867 0.0395302 0.11714 0.0677089 0.0390054 0.0461737 0.0312157 0.0296937 0.0295855 0.0285575 0.0518233 0.0459028 0.111661 0.0446579 0.0251048 0.0240879 0.0349476 0.0240498 0.0233408 0.0227184 0.0438686 0.0497935 0.0330147 0.11468 0.0774787 0.084486 0.052477 0.0464768
threshold=1.0000000180025095e-35 0.86974501609802257 -0.63187497854232777 -1.0724650025367735 1.0000000180025095e-35 1.5000000000000002 0.76105999946594249 0.68147999048233043 -0.57034999132156361 -0.80007001757621754 0.81485998630523693 0.60400497913360607 0.50894001126289379 0.3334649950265885 0.26861500740051275 0.44207499921321874 1.0854049921035769 -1.5294100046157835 -1.200545012950897 -0.96863502264022816 0.55544498562812816 -0.63187497854232777 -1.5294100046157835 1.0000000180025095e-35 -0.11832500249147414 -0.21344000101089475 1.0000000180025095e-35 1.0000000180025095e-35 0.047824999317526824 -0.25736001133918757
decision_type=2 2 2 2 2 2 2 2 2 2 2 2 2 2 2 2 2 2 2 2 2 2 2 2 2 2 2 2 2 2
left_child=1 6 3 4 -2 19 7 11 -4 -7 -8 12 13 14 21 -15 -3 -6 -19 -5 -14 22 -1 -24 25 29 27 -26 -28 -23
right_child=2 16 8 5 17 9 10 -9 -10 -11 -12 -13 20 15 -16 -17 -18 18 -20 -21 -22 24 23 -25 26 -27 28 -29 -30 -31
leaf_value=-0.00027441251673422136 -0.00042371765660115224 0.00034070753172391077 0.00034505772857042704 -0.00041070955727535741 0.00043004262930426565 -0.00031777046857179843 -0.00057099914553561317 0.00042195720225187149 1.5725047417971363e-06 -0.00082759136422364812 -9.6996374323712246e-06 -0.00027434971731195583 0.00063667134836235058 -0.00040509590406835627 0.00066867540035048972 0.00010397135209915553 0.00011386873892167247 -0.00011294078327450073 0.00043015966082029426 -1.6852093988829188e-05 0.00014390820965216663 -6.543447735766186e-05 3.3069220044767107e-05 0.00043714187131763382 7.9010443140529511e-05 -0.00063105625268907231 -0.00053434670026629015 0.00094998007126956849 2.6025977347307952e-05 0.00051021706351243401
leaf_weight=1578 2692 4276 1725 1218 2148 1595 1206 1933 92183 1350 1198 1982 1241 3015 1751 1739 11575 2078 1194 5353 1220 7482 5166 3137 1891 2319 1300 1144 6033 1020
leaf_count=1578 2692 4276 1725 1218 2148 1595 1206 1933 92183 1350 1198 1982 1241 3015 1751 1739 11575 2078 1194 5353 1220 7482 5166 3137 1891 2319 1300 1144 6033 1020
internal_value=1.38438e-05 6.13703e-05 -1.26628e-05 -0.000122109 7.64341e-06 -0.000232718 2.24939e-05 3.96567e-05 7.882e-06 -0.000551474 -0.000291283 2.20693e-05 3.67436e-05 1.34502e-05 4.71024e-05 -0.000218881 0.000175061 0.000221891 8.52444e-05 -8.98575e-05 0.000392392 1.20727e-05 0.000112248 0.000185734 -3.4642e-05 -0.000132389 6.73756e-05 0.00040731 -7.33173e-05 3.62746e-06
internal_weight=173742 62206 111536 17628 8112 9516 46355 43951 93908 2945 2404 42018 40036 37575 32821 4754 15851 5420 3272 6571 2461 31070 9881 8303 21189 10821 10368 3035 7333 8502
internal_count=173742 62206 111536 17628 8112 9516 46355 43951 93908 2945 2404 42018 40036 37575 32821 4754 15851 5420 3272 6571 2461 31070 9881 8303 21189 10821 10368 3035 7333 8502
is_linear=0
shrinkage=0.08


Tree=128
num_leaves=31
num_cat=0
split_feature=1 1 1 1 0 1 0 0 0 0 1 1 0 0 1 1 0 3 3 0 0 0 1 1 1 1 0 1 0 1
split_gain=0.0335515 0.081788 0.0681401 0.140311 0.171997 0.0667269 0.0695424 0.0631197 0.0973534 0.0566322 0.15093 0.155611 0.14324 0.0874529 0.05948 0.0507245 0.0456332 0.283578 0.165847 0.207768 0.265194 0.153267 0.137653 0.135442 0.324858 0.128125 0.137823 0.109682 0.090982 0.105563
threshold=-0.40872499346733088 -0.43293499946594233 0.46157500147819525 0.39616499841213232 2.602699995040894 0.48114499449729925 0.90121498703956615 3.2603299617767338 2.9250850677490239 2.4818899631500249 0.67176499962806713 0.72117501497268688 2.9941799640655522 2.4030599594116215 0.53630501031875621 1.0854049921035769 1.5341800451278689 1.0000000180025095e-35 1.0000000180025095e-35 2.2540850639343266 2.4473249912261967 2.0056951045989995 0.1764749959111214 0.14018500596284869 0.26016500592231756 0.047824999317526824 2.6652600765228276 -0.17015499621629712 1.749490022659302 0.14018500596284869
decision_type=2 2 2 2 2 2 2 2 2 2 2 2 2 2 2 2 2 2 2 2 2 2 2 2 2 2 2 2 2 2
left_child=1 7 3 16 -5 -4 -7 8 -1 13 12 -12 -11 14 -8 -15 17 -2 -18 21 -21 28 -23 25 -25 26 -22 -28 -20 -30
right_child=2 -3 5 4 -6 6 9 -9 -10 10 11 -13 -14 15 -16 -17 18 -19 19 20 23 22 -24 24 -26 -27 27 -29 29 -31
leaf_value=3.414116815714266e-05 0.00028100320439658721 0.0006610652903430137 0.00057273500394324785 -0.00023601291720716427 -0.0013497982002771065 0.00029249953251380784 -0.00044507957490057579 0.0005966621848069952 -0.00074164344754372045 0.00095086421253643013 -0.00093030608976163518 3.6435824832283651e-05 3.1145808477495387e-05 -0.00091336135029661399 -1.9904189228197213e-05 -0.00017141885301365329 -0.00021608766752478198 -0.00035421873947773106 0.00047934247571492086 -0.00085085958219036713 -0.00071195763485764241 0.00048344074656738335 0.0015740903172411311 0.0014372951523577077 -0.00021924476319660151 -0.0009535090763864891 0.00093308157179829631 -9.9279742291899262e-05 0.00022431177467709291 -0.00065889699215742063
leaf_weight=34801 6578 1364 1367 3578 1180 5138 2250 1218 1067 2235 1112 25546 2104 1205 32855 1155 14028 14223 3375 2410 1061 2338 1084 1374 1689 1019 1200 1460 2413 1351
leaf_count=34801 6578 1364 1367 3578 1180 5138 2250 1218 1067 2235 1112 25546 2104 1205 32855 1155 14028 14223 3375 2410 1061 2338 1084 1374 1689 1019 1200 1460 2413 1351
internal_value=-1.32748e-05 5.26721e-05 -3.20119e-05 -9.52756e-05 -0.000512235 1.8926e-05 8.63986e-06 3.02957e-05 1.10632e-05 -1.26635e-05 6.73291e-05 -3.89042e-06 0.000504889 -7.88461e-05 -4.71551e-05 -0.00055025 -5.9596e-05 -0.000153339 -3.56588e-06 0.000139943 -0.00011733 0.000388739 0.00082893 0.000109224 0.000523846 -0.000158705 5.89525e-05 0.000366447 0.000177739 -9.26954e-05
internal_weight=173778 38450 135328 60361 4758 74967 73600 37086 35868 68462 30997 26658 4339 37465 35105 2360 55603 20801 34802 20774 10213 10561 3422 7803 3063 4740 3721 2660 7139 3764
internal_count=173778 38450 135328 60361 4758 74967 73600 37086 35868 68462 30997 26658 4339 37465 35105 2360 55603 20801 34802 20774 10213 10561 3422 7803 3063 4740 3721 2660 7139 3764
is_linear=0
shrinkage=0.08


Tree=129
num_leaves=31
num_cat=0
split_feature=1 1 0 0 0 1 0 1 1 0 3 1 0 1 3 1 1 1 0 0 1 0 1 1 1 0 1 3 1 1
split_gain=0.0365553 0.125721 0.0742858 0.0729407 0.0710191 0.228255 0.0845312 0.0844942 0.067296 0.0668089 0.121994 0.385456 0.265489 0.12502 0.108126 0.171246 0.0821598 0.0810929 0.0815131 0.146975 0.195117 0.115874 0.0666444 0.122217 0.18011 0.12001 0.300233 0.111258 0.0823051 0.0781882
threshold=0.71132001280784618 0.67176499962806713 1.8478100299835207 1.4259049892425539 2.0252099037170415 0.93780001997947704 1.6692450046539309 2.7389349937438969 0.75066500902175914 1.7296400070190432 1.5000000000000002 -0.44616499543189997 3.2356851100921635 -0.26815499365329737 1.0000000180025095e-35 -0.45930500328540796 -1.1336849927902219 -0.12855999916791913 2.2127549648284917 2.4362699985504155 0.40609499812126165 2.0148200988769536 -0.85982501506805409 -0.17015499621629712 -0.21344000101089475 1.9955049753189089 0.42366500198841101 1.0000000180025095e-35 0.59399500489234935 0.54546499252319347
decision_type=2 2 2 2 2 2 2 2 2 2 2 2 2 2 2 2 2 2 2 2 2 2 2 2 2 2 2 2 2 2
left_child=1 9 -3 -2 5 6 -5 8 -6 14 22 -12 13 -13 16 -16 -1 -15 21 -20 -21 -19 -11 24 -24 26 27 -25 29 -27
right_child=3 2 -4 4 7 -7 -8 -9 -10 10 11 12 -14 17 15 -17 -18 18 19 20 -22 -23 23 25 -26 28 -28 -29 -30 -31
leaf_value=-0.00031372011886243153 0.00028327640157017886 -3.1496504982435884e-05 -0.00089515743376674132 -0.00016996270015705008 0.00065550970862904615 8.8874612231702906e-05 -0.0010073496143768262 -0.00057662053563776973 9.0502365877440238e-05 0.00029763083305221836 -0.00044142394023056033 0.0014641746902796689 -0.0005907392727490851 -0.00011253204534786586 8.5048438132591178e-05 -0.00026403288801578171 0.00017360777321972598 0.00055932333389237005 -0.0002893505451305258 0.00020815598134126946 0.0015440254182893139 0.0015336678177222812 -0.00014649989776107359 0.00038120004138897097 -0.0012300113884602156 -2.767813464765294e-05 -0.00055142053090202715 0.0012668820004398515 0.00044138713003386183 -0.00065396208133282601
leaf_weight=2569 9087 1067 1583 1224 1405 8224 2087 1175 33942 4401 3647 1073 1246 1044 14654 23285 16027 2002 1328 1812 1140 1281 10609 1911 1082 18019 1474 1729 2228 1373
leaf_count=2569 9087 1067 1583 1224 1405 8224 2087 1175 33942 4401 3647 1073 1246 1044 14654 23285 16027 2002 1328 1812 1140 1281 10609 1911 1082 18019 1474 1729 2228 1373
internal_value=2.30067e-05 -2.68516e-06 -0.000547412 7.54228e-05 3.61201e-05 -0.000136928 -0.000697787 9.07752e-05 0.000112961 9.98468e-06 7.07823e-05 0.000270716 0.000508422 0.000649905 -5.17421e-05 -0.0001292 0.000106284 0.000548393 0.000639628 0.000409605 0.000724041 0.000939505 2.7481e-06 -3.10262e-05 -0.000246779 6.33241e-05 0.000411834 0.000801899 -1.91125e-05 -7.20205e-05
internal_weight=173728 116584 2650 57144 48057 11535 3311 36522 35347 113934 57399 14573 10926 9680 56535 37939 18596 8607 7563 4280 2952 3283 42826 38425 11691 26734 5114 3640 21620 19392
internal_count=173728 116584 2650 57144 48057 11535 3311 36522 35347 113934 57399 14573 10926 9680 56535 37939 18596 8607 7563 4280 2952 3283 42826 38425 11691 26734 5114 3640 21620 19392
is_linear=0
shrinkage=0.08


Tree=130
num_leaves=31
num_cat=0
split_feature=2 0 1 1 2 0 1 1 1 2 1 0 1 0 0 0 1 0 1 2 0 2 0 0 1 0 0 1 1 1
split_gain=0.0536578 0.0509475 0.173084 0.160216 0.118856 0.0671761 0.0788549 0.0705838 0.0550048 0.343509 0.110375 0.0488557 0.104786 0.10362 0.120391 0.125267 0.292486 0.144605 0.0954281 0.157706 0.139665 0.174991 0.100007 0.0993674 0.0979441 0.0904667 0.11207 0.185879 0.108887 0.125674
threshold=1.0000000180025095e-35 0.88413497805595409 -1.0188499689102171 -0.99390500783920277 1.5000000000000002 -0.16187500208616254 0.40609499812126165 0.084465000778436675 -0.76297497749328602 1.5000000000000002 -0.88114500045776356 1.8677499890327456 1.0320950150489809 1.916565001010895 1.9664199948310854 2.1422550678253178 -0.097484998404979692 2.0632350444793706 -0.12855999916791913 2.5000000000000004 1.7094349861145022 1.5000000000000002 1.301290035247803 1.3586100339889529 0.74057999253273021 2.264339923858643 2.2127549648284917 0.52738499641418468 -0.087294999510049806 -0.38529999554157252
decision_type=2 2 2 2 2 2 2 2 2 2 2 2 2 2 2 2 2 2 2 2 2 2 2 2 2 2 2 2 2 2
left_child=-1 3 -3 4 -2 -5 7 -7 9 10 -4 12 18 -13 -15 16 -16 -18 20 23 21 -10 -23 -20 -25 26 27 -17 29 -27
right_child=1 2 8 5 -6 6 -8 -9 11 -11 -12 13 -14 14 15 25 17 -19 19 -21 -22 22 -24 24 -26 28 -28 -29 -30 -31
leaf_value=-3.8415438609320214e-05 4.8377939638606982e-05 0.00047942218567134941 -0.00025942599815909241 0.00090112070448129398 -0.0010392850255258647 0.00025904072564010881 0.00063631397432265771 -0.0003623056682847762 -8.1712086449941152e-05 -0.0012944182036554212 0.00089822438453869731 0.00066983890043765192 0.00029612213720900995 -0.00062722463385275328 -0.00060143607866737579 0.00065035269916354323 0.00030083616795180298 0.001196932756246304 -0.00045761722220409194 -0.0011844971974487568 -0.00066643719738587021 0.0013821164656854792 0.00032465407510518884 0.00011862326398922931 -0.00057174973753443476 -4.4311015799116758e-05 -0.00083745593510887604 -0.00074708173035844736 -9.9376882610840725e-06 0.00074401178957847491
leaf_weight=78612 1782 5080 1037 1200 1006 5258 2640 1505 3863 1380 1072 1724 4111 1677 1427 1319 2537 2112 5323 1096 1293 1036 1279 6758 1633 2360 1720 1132 27855 2866
leaf_count=78612 1782 5080 1037 1200 1006 5258 2640 1505 3863 1380 1072 1724 4111 1677 1427 1319 2537 2112 5323 1096 1293 1036 1279 6758 1633 2360 1720 1132 27855 2866
internal_value=1.04856e-05 5.09164e-05 2.72067e-05 0.000195554 -0.000344086 0.00033745 0.000265515 0.00012077 -2.77968e-06 -0.000313106 0.000329005 1.20277e-05 -7.49852e-05 6.11715e-05 3.78554e-05 6.35972e-05 0.00040041 0.000707925 -0.000143457 -0.000261048 8.96464e-05 0.000247888 0.000797886 -0.000187247 -1.57325e-05 8.66112e-06 -0.000342437 4.94439e-06 5.29292e-05 0.000388015
internal_weight=173693 95081 81690 13391 2788 10603 9403 6763 76610 3489 2109 73121 26392 46729 45005 43328 6076 4649 22281 14810 7471 6178 2315 13714 8391 37252 4171 2451 33081 5226
internal_count=173693 95081 81690 13391 2788 10603 9403 6763 76610 3489 2109 73121 26392 46729 45005 43328 6076 4649 22281 14810 7471 6178 2315 13714 8391 37252 4171 2451 33081 5226
is_linear=0
shrinkage=0.08


Tree=131
num_leaves=31
num_cat=0
split_feature=1 1 1 1 1 1 1 1 1 3 1 3 2 1 2 1 3 2 1 3 2 3 1 1 2 3 1 1 1 1
split_gain=0.0423511 0.0402322 0.02594 0.0507406 0.0343644 0.0248756 0.0798865 0.0928529 0.0896275 0.0367723 0.0242184 0.0215041 0.049042 0.0946063 0.018151 0.0263174 0.027771 0.0304371 0.0230247 0.0191089 0.0170461 0.0389096 0.0743599 0.0302743 0.0275942 0.0604529 0.0985148 0.121509 0.0412521 0.077937
threshold=0.26861500740051275 -1.8944150209426878 1.1413550376892092 1.1133450269699099 1.1700899600982668 0.028575000353157524 -0.077665001153945909 -0.028874999843537804 -0.047654999420046799 1.5000000000000002 1.0000000180025095e-35 1.0000000180025095e-35 2.5000000000000004 1.2145199775695803 1.0000000180025095e-35 1.3632000088691714 1.5000000000000002 1.5000000000000002 1.7048449516296389 1.5000000000000002 1.0000000180025095e-35 1.5000000000000002 0.68147999048233043 0.30545499920845037 1.5000000000000002 1.0000000180025095e-35 0.41523499786853796 0.56521499156951915 0.79280999302864086 0.90371501445770275
decision_type=2 2 2 2 2 2 2 2 2 2 2 2 2 2 2 2 2 2 2 2 2 2 2 2 2 2 2 2 2 2
left_child=1 -1 3 20 -4 6 -3 8 -8 10 -9 -6 13 -13 -15 19 -17 18 -18 -16 21 23 -23 -2 -22 -26 -27 -28 -29 -30
right_child=2 5 4 -5 11 -7 7 9 -10 -11 -12 12 -14 14 15 16 17 -19 -20 -21 24 22 -24 -25 25 26 27 28 29 -31
leaf_value=0.00031182420759210338 0.0004907078837551286 -5.8775691155330341e-05 -0.0004094879723635169 0.00055269275324617499 9.3546335397809002e-05 -0.00013340176430995835 0.00019535522199269493 3.8772502133034494e-05 0.0010246613276655018 0.00033818675234090429 -0.00042234482826922443 0.00058945945213128323 0.00048983771964772435 -0.00021761387841061198 -7.3303554511220157e-05 5.617140483699274e-05 -0.00033428573114478098 -0.00049045086271014521 0.00010787906275803033 0.00039421798808075294 -4.0295266762257127e-05 0.00068305119493478961 -1.8400808053542203e-05 4.4246586355806678e-05 0.00060787358070820221 -0.00046203082699322324 0.00072140444050359761 -0.00023964483402620634 0.00069322143965061533 -0.00012090983890876069
leaf_weight=2022 1020 57114 1382 1364 10157 17705 2132 1447 1370 1165 1469 1274 1028 7640 1009 3364 1335 1926 1731 1256 19075 1981 1890 20675 1409 1946 1949 2672 1208 1996
leaf_count=2022 1020 57114 1382 1364 10157 17705 2132 1447 1370 1165 1469 1274 1028 7640 1009 3364 1335 1926 1731 1256 19075 1981 1890 20675 1409 1946 1949 2672 1208 1996
internal_value=-1.04177e-07 -4.0727e-05 3.83061e-05 7.06138e-05 -1.92453e-05 -4.9378e-05 -2.6384e-05 0.000217585 0.000519784 -4.17381e-05 -0.000193526 -1.6895e-06 -4.87308e-05 -7.70722e-05 -0.000123574 -5.59275e-05 -0.000121491 -0.000241214 -8.46487e-05 0.000185949 5.88341e-05 0.000106926 0.00034057 6.52372e-05 1.81957e-05 0.000117991 4.73493e-05 0.000174027 -7.53158e-06 0.000186041
internal_weight=173711 84424 89287 57185 32102 82402 64697 7583 3502 4081 2916 30720 20563 19535 18261 10621 8356 4992 3066 2265 55821 25566 3871 21695 30255 11180 9771 7825 5876 3204
internal_count=173711 84424 89287 57185 32102 82402 64697 7583 3502 4081 2916 30720 20563 19535 18261 10621 8356 4992 3066 2265 55821 25566 3871 21695 30255 11180 9771 7825 5876 3204
is_linear=0
shrinkage=0.08


Tree=132
num_leaves=31
num_cat=0
split_feature=0 2 2 3 0 0 0 0 0 0 2 2 0 3 0 3 0 0 0 0 0 0 0 0 0 0 0 0 0 0
split_gain=0.02593 0.0760551 0.0193434 0.0813782 0.118756 0.145116 0.0643451 0.105026 0.0318732 0.188196 0.0801285 0.0513208 0.167229 0.103086 0.0570974 0.052549 0.0792132 0.119392 0.106786 0.0578725 0.05631 0.0507753 0.112845 0.0768285 0.124782 0.102872 0.089148 0.158281 0.0740913 0.0729968
threshold=0.26830498874187475 1.5000000000000002 1.0000000180025095e-35 1.5000000000000002 2.1724550724029545 3.1091099977493291 1.877609968185425 0.93556499481201183 1.8478100299835207 1.8865550160408022 1.5000000000000002 1.5000000000000002 1.7296400070190432 1.0000000180025095e-35 1.6384350061416628 1.5000000000000002 1.2377250194549563 0.98396000266075145 1.5661150217056277 1.4041999578475954 1.1730650067329409 1.9760749936103823 2.0537650585174565 2.1422550678253178 2.264339923858643 2.3697550296783452 2.8783650398254399 2.9580500125885014 2.8031849861145024 2.2127549648284917
decision_type=2 2 2 2 2 2 2 2 2 2 2 2 2 2 2 2 2 2 2 2 2 2 2 2 2 2 2 2 2 2
left_child=1 -1 3 -2 6 -6 7 -5 11 -10 21 15 13 -13 -15 20 17 -17 19 -18 -4 -11 -23 -24 29 -26 28 -28 -27 -25
right_child=2 -3 8 4 5 -7 -8 -9 9 10 -12 12 -14 14 -16 16 18 -19 -20 -21 -22 22 23 24 25 26 27 -29 -30 -31
leaf_value=1.3020825571220328e-05 -2.759892471850287e-05 0.00065953095104952111 0.00020715247556873695 -0.00036591816866542832 0.00088206499066106696 -0.00023566041800829514 -0.00051563698693149907 0.00035379252483480346 -0.00098056477827198154 0.00039511055558703553 -0.00019135787301223593 0.00068644078216647489 0.00086563468388975667 6.4432073091121401e-06 -0.00059410610001950717 -0.00015888533855565429 -1.0851853852453706e-05 -0.0010250827418138635 -0.00038462990567515585 0.0007790673698487001 -9.6699433322644304e-05 -0.00061171800050833635 0.0004918977686964698 -0.00017790741432004582 0.00056610871568177215 -9.8456569443082634e-05 0.0010626661332695418 4.9516344272019074e-05 -0.00079204502391330581 -0.0010094540043850534
leaf_weight=6949 63613 1399 6463 1899 2706 1025 1201 4098 1474 2120 19170 1348 1726 10035 1127 3003 1168 1541 2182 1207 9856 1868 2134 1696 2271 8062 1110 8897 1123 1123
leaf_count=6949 63613 1399 6463 1899 2706 1025 1201 4098 1474 2120 19170 1348 1726 10035 1127 3003 1168 1541 2182 1207 9856 1868 2134 1696 2271 8062 1110 8897 1123 1123
internal_value=-1.61957e-05 0.000121366 -2.31451e-05 7.04769e-06 0.000208711 0.000574998 1.88501e-05 0.00012589 -4.7958e-05 -8.97559e-05 -6.32692e-05 5.84719e-06 0.000127459 2.56133e-05 -5.41928e-05 -6.22593e-05 -0.000216283 -0.000452638 1.9398e-05 0.000390593 2.36385e-05 1.74919e-05 -1.08122e-05 3.16807e-05 -8.76501e-06 5.69592e-05 -3.28872e-06 0.000161897 -0.000183258 -0.000509169
internal_weight=173594 8348 165246 74542 10929 3731 7198 5997 90704 51048 49574 39656 14236 12510 11162 25420 9101 4544 4557 2375 16319 30404 28284 26416 24282 21463 19192 10007 9185 2819
internal_count=173594 8348 165246 74542 10929 3731 7198 5997 90704 51048 49574 39656 14236 12510 11162 25420 9101 4544 4557 2375 16319 30404 28284 26416 24282 21463 19192 10007 9185 2819
is_linear=0
shrinkage=0.08


Tree=133
num_leaves=31
num_cat=0
split_feature=2 1 2 1 1 1 1 1 1 1 3 1 1 1 1 3 1 1 3 3 1 1 1 1 1 1 2 1 1 3
split_gain=0.0307725 0.0488857 0.0975263 0.087103 0.0635689 0.137818 0.0760656 0.0652794 0.0608238 0.0695839 0.0584233 0.0626897 0.0715786 0.0510191 0.130486 0.0423989 0.0390668 0.0697147 0.0526131 0.0455658 0.0388026 0.0926731 0.08398 0.0336609 0.0525245 0.0387603 0.0335486 0.0314338 0.0294563 0.188973
threshold=1.0000000180025095e-35 1.1991499662399294 2.5000000000000004 1.260689973831177 0.28750500082969671 0.44207499921321874 0.25150999426841741 0.48114499449729925 0.39616499841213232 0.32445999979972845 1.0000000180025095e-35 0.93780001997947704 1.045385003089905 0.77133500576019298 0.81485998630523693 1.5000000000000002 1.1413550376892092 1.0320950150489809 1.0000000180025095e-35 1.5000000000000002 0.57501000165939342 0.52738499641418468 0.61321499943733226 0.65289500355720531 0.69158500432968151 0.73100998997688305 1.5000000000000002 -1.6754750013351438 0.12179499864578248 1.5000000000000002
decision_type=2 2 2 2 2 2 2 2 2 2 2 2 2 2 2 2 2 2 2 2 2 2 2 2 2 2 2 2 2 2
left_child=16 4 3 -3 6 8 27 -7 9 -6 -9 13 -13 20 -15 -5 17 -1 -19 -18 21 -12 -22 -24 -25 -26 -16 -2 -29 -30
right_child=1 2 -4 15 5 7 -8 10 -10 -11 11 12 -14 14 26 -17 19 18 -20 -21 22 -23 23 24 25 -27 -28 28 29 -31
leaf_value=1.9868202482109144e-05 0.00027228389769494226 0.00064187925040553207 0.0008352281327987049 9.1546701428469582e-05 -0.00077979641370414616 0.00042243290400874203 0.0005307068040353378 0.00010431658474698309 -0.00088314130857821901 -0.00011573241396334118 -0.00041919076958628197 -0.00073315939856914356 -0.0001553323342738146 0.00086436219223547214 -0.00036436961949765936 -0.00020366278420040661 -3.6038161823410408e-05 7.5266614770918438e-05 0.00080065362766151003 -0.00037793442703600607 -0.0009633661856979555 0.00049497268578790605 0.00020510837697630677 -0.00074637238364074333 0.00025940481858639829 -0.00040679852995950693 0.00016641339720967096 -8.1169803166290279e-05 -0.00026949904281478143 0.00070498306177477449
leaf_weight=60316 1932 1303 1006 6712 1535 1510 1524 5668 1898 2952 1429 2484 3065 1145 1762 5808 12562 1252 1309 3113 1076 1410 1113 1132 1105 1131 1343 39362 3190 2120
leaf_count=60316 1932 1303 1006 6712 1535 1510 1524 5668 1898 2952 1429 2484 3065 1145 1762 5808 12562 1252 1309 3113 1076 1410 1113 1132 1105 1131 1343 39362 3190 2120
internal_value=-2.79637e-05 -5.86669e-05 7.47317e-05 1.93848e-05 -8.34292e-05 -0.000171281 -2.54591e-05 -8.76799e-05 -0.000503498 -0.000342908 -0.000119959 -0.000189824 -0.000413996 -9.14582e-05 0.000134393 -4.54003e-05 9.05691e-06 3.7226e-05 0.000446033 -0.000103938 -0.000205782 3.48319e-05 -0.000328709 -0.000176312 -0.000302358 -7.75701e-05 -0.000134791 -4.36463e-05 -5.73098e-05 0.00011956
internal_weight=173267 94715 14829 13823 79886 31758 48128 25373 6385 4487 23863 18195 5549 12646 4250 12520 78552 62877 2561 15675 8396 2839 5557 4481 3368 2236 3105 46604 44672 5310
internal_count=173267 94715 14829 13823 79886 31758 48128 25373 6385 4487 23863 18195 5549 12646 4250 12520 78552 62877 2561 15675 8396 2839 5557 4481 3368 2236 3105 46604 44672 5310
is_linear=0
shrinkage=0.08


Tree=134
num_leaves=31
num_cat=0
split_feature=0 1 1 0 0 0 1 3 3 1 3 1 0 0 0 0 1 1 3 1 1 0 3 1 1 0 0 1 1 0
split_gain=0.0242702 0.030029 0.0207149 0.0206792 0.0185076 0.0992222 0.0833327 0.130766 0.0879644 0.0720569 0.136638 0.356995 0.339806 0.284963 0.213548 0.181495 0.185471 0.352443 0.126337 0.116085 0.0873714 0.131822 0.106502 0.198139 0.168732 0.141148 0.157745 0.136765 0.165079 0.238842
threshold=4.6078250408172616 2.1779900789260869 2.7389349937438969 2.8031849861145024 1.9760749936103823 1.8865550160408022 0.59399500489234935 1.5000000000000002 1.0000000180025095e-35 -0.64735502004623402 1.5000000000000002 1.0718550086021426 3.5231649875640874 3.3970999717712407 2.1724550724029545 2.2540850639343266 0.14018500596284869 -0.087294999510049806 1.5000000000000002 0.41523499786853796 1.0993900299072268 3.5231649875640874 1.0000000180025095e-35 0.85833999514579784 0.71132001280784618 2.2024350166320805 2.7191300392150883 0.61321499943733226 0.38706000149250036 2.3809649944305424
decision_type=2 2 2 2 2 2 2 2 2 2 2 2 2 2 2 2 2 2 2 2 2 2 2 2 2 2 2 2 2 2
left_child=1 4 3 -3 5 -1 7 8 -7 18 20 12 14 -13 19 -16 17 -17 -6 -12 21 22 25 24 27 -11 -27 28 -24 -30
right_child=-2 2 -4 -5 9 6 -8 -9 -10 10 11 13 -14 -15 15 16 -18 -19 -20 -21 -22 -23 23 -25 -26 26 -28 -29 29 -31
leaf_value=1.7445404042149381e-05 -0.00031874446416858528 0.00013231052713562181 -5.836037617079064e-05 0.00053559693116814091 -5.4085078162759259e-05 0.00069690602924797856 -4.9801259014802295e-05 0.0013085023186749617 -0.00020020738720746573 -0.00069819456443172907 0.00035826467209506977 -0.00058316338252433863 -0.00091695667985975955 0.00080133145848997262 0.0017394762308156025 0.00077721115742332599 0.00088480836873076234 -0.0010190422014751698 -0.00082750815669843918 -0.00076772917357396258 0.00011837344363941656 0.00033693682921430787 -8.0915421812285235e-05 -0.00068472997671375677 0.00086739021269258468 6.4617293186119122e-05 -0.00045074975407421769 -0.00083174956166775149 0.0015969737559497329 3.2996542390510164e-05
leaf_weight=82240 1359 1657 1201 1599 5101 1513 2129 1107 1301 4215 1392 4861 1093 1183 1015 1852 5439 1123 1839 1012 13890 3748 8795 2401 1628 8166 7111 1145 1023 1606
leaf_count=82240 1359 1657 1201 1599 5101 1513 2129 1107 1301 4215 1392 4861 1093 1183 1015 1852 5439 1123 1839 1012 13890 3748 8795 2401 1628 8166 7111 1145 1023 1606
internal_value=1.80091e-05 2.06639e-05 0.000225615 0.000330362 1.52242e-05 4.04479e-05 0.00035313 0.000571911 0.000282143 -1.27398e-05 1.0772e-05 0.00019535 0.000432661 -0.000312174 0.000557324 0.000728927 0.000607022 9.91633e-05 -0.000259031 -0.000115739 -5.4398e-05 -0.000114637 -0.000161533 -1.26059e-05 0.000101064 -0.000288349 -0.000175271 1.80541e-06 8.53506e-05 0.000641573
internal_weight=173744 172385 4457 3256 167928 88290 6050 3921 2814 79638 72698 18970 12926 6044 11833 9429 8414 2975 6940 2404 53728 39838 36090 16598 14197 19492 15277 12569 11424 2629
internal_count=173744 172385 4457 3256 167928 88290 6050 3921 2814 79638 72698 18970 12926 6044 11833 9429 8414 2975 6940 2404 53728 39838 36090 16598 14197 19492 15277 12569 11424 2629
is_linear=0
shrinkage=0.08


Tree=135
num_leaves=31
num_cat=0
split_feature=0 0 1 1 1 0 0 3 1 1 0 3 1 1 3 1 1 1 0 0 0 0 0 3 1 0 0 1 1 1
split_gain=0.0367577 0.082753 0.0462935 0.184501 0.0564187 0.147974 0.0611525 0.0688321 0.0416044 0.0884556 0.216566 0.488384 0.205753 0.201928 0.136837 0.268621 0.245165 0.159369 0.257335 0.109586 0.109065 0.0903479 0.0870152 0.144098 0.10468 0.0855705 0.127784 0.0783212 0.0679081 0.066969
threshold=2.9250850677490239 2.89330005645752 -0.69629499316215504 -0.34954500198364252 0.028575000353157524 3.1909749507904057 3.0499399900436406 1.0000000180025095e-35 0.9266449809074403 0.12179499864578248 2.0346250534057622 1.0000000180025095e-35 0.14879500120878222 0.24243500083684924 1.5000000000000002 0.38706000149250036 0.50894001126289379 0.41523499786853796 2.4705250263214116 2.7191300392150883 2.8031849861145024 1.9760749936103823 1.7588150501251223 1.0000000180025095e-35 1.2145199775695803 2.2024350166320805 2.3160949945449834 0.66246500611305248 0.43303500115871435 0.66246500611305248
decision_type=2 2 2 2 2 2 2 2 2 2 2 2 2 2 2 2 2 2 2 2 2 2 2 2 2 2 2 2 2 2
left_child=1 8 -2 -4 5 -5 7 -6 9 20 12 19 -11 -13 15 -15 -17 -16 -19 25 -1 -14 -10 24 -24 -12 -27 -18 -28 -30
right_child=2 -3 3 4 6 -7 -8 -9 22 10 11 13 21 14 17 16 27 18 -20 -21 -22 -23 23 -25 -26 26 28 -29 29 -31
leaf_value=4.181195299090064e-06 0.00039408299051731598 0.00065257481165705456 -0.00099044668921739526 0.0010493779517181049 3.9676353224454241e-05 -0.00018286747638747696 -2.39982626407515e-05 -0.00066946330801223239 0.00013016675971452791 0.0010561226963504782 -0.00053332492797131129 0.0015216878290572418 -1.3817847416734193e-05 -0.00078223185202665939 0.0017706960295257508 0.0016686702226534371 -0.00025444380638724027 -3.5335087854625104e-05 0.0014623641819187625 -0.00088648085480786071 -0.00078743420819404018 -0.00068620044298359228 -0.0002556414682206964 -0.00031302039810220567 0.00040161387657586061 0.00093329931502561785 -0.00053280482934513337 0.00054862409419263031 0.00066794598661444366 -0.00025560224575361435
leaf_weight=65975 1337 1369 1377 1045 1476 1547 19762 2155 10386 1127 1588 1573 26058 1186 1005 1009 1253 1713 1285 1141 1133 1345 2523 12802 4025 1026 1323 2047 1003 1007
leaf_count=65975 1337 1369 1377 1045 1476 1547 19762 2155 10386 1127 1588 1573 26058 1186 1005 1009 1253 1713 1285 1141 1133 1345 2523 12802 4025 1026 1323 2047 1003 1007
internal_value=1.71519e-05 3.35346e-05 -6.55645e-05 -8.80245e-05 -4.02032e-05 0.000313929 -7.94419e-05 -0.000381198 2.76302e-05 4.96473e-05 0.000134208 0.000350172 -3.25113e-06 0.000682138 0.000543097 0.000283927 0.000577374 0.000898865 0.000606607 -0.000168337 -9.18383e-06 -4.68199e-05 -5.66271e-05 -0.000156888 0.000148368 -3.05528e-05 0.000152609 0.000243702 -8.77115e-05 0.000205253
internal_weight=173601 144902 28699 27362 25985 2592 23393 3631 143533 113797 46689 18159 28530 11071 9498 5495 4309 4003 2998 7088 67108 27403 29736 19350 6548 5947 4359 3300 3333 2010
internal_count=173601 144902 28699 27362 25985 2592 23393 3631 143533 113797 46689 18159 28530 11071 9498 5495 4309 4003 2998 7088 67108 27403 29736 19350 6548 5947 4359 3300 3333 2010
is_linear=0
shrinkage=0.08


Tree=136
num_leaves=31
num_cat=0
split_feature=3 0 2 0 2 0 2 2 0 0 0 0 0 0 0 0 0 0 0 0 2 0 0 2 0 0 0 0 0 2
split_gain=0.0439519 0.103809 0.11532 0.151869 0.0621207 0.057059 0.227621 0.0782723 0.0447527 0.0630338 0.0322478 0.0801309 0.0717221 0.0679487 0.138581 0.129204 0.127049 0.0532399 0.0692572 0.0510026 0.0309277 0.0426507 0.0364484 0.0294042 0.0284146 0.0875432 0.0548769 0.0788169 0.0463752 0.0615699
threshold=1.5000000000000002 1.5028749704360964 1.0000000180025095e-35 2.0439050197601323 2.5000000000000004 3.425090074539185 2.5000000000000004 1.5000000000000002 3.0314950942993169 2.3372850418090825 2.1318750381469731 2.0537650585174565 2.3265800476074223 1.9760749936103823 1.8865550160408022 1.7985249757766726 1.6482349634170534 2.4473249912261967 2.6281249523162846 2.223005056381226 1.0000000180025095e-35 0.93556499481201183 1.2762950062751772 1.5000000000000002 2.0829600095748906 2.1318750381469731 2.1624999046325688 2.1922450065612797 2.2850199937820439 1.0000000180025095e-35
decision_type=2 2 2 2 2 2 2 2 2 2 2 2 2 2 2 2 2 2 2 2 2 2 2 2 2 2 2 2 2 2
left_child=24 4 3 -3 20 6 10 -7 9 -5 11 13 19 14 15 16 -4 -14 -19 -12 21 -2 -23 -22 -1 -26 -27 -28 29 -29
right_child=1 2 5 8 -6 7 -8 -9 -10 -11 12 -13 17 -15 -16 -17 -18 18 -20 -21 23 22 -24 -25 25 26 27 28 -30 -31
leaf_value=1.8732185457616149e-05 -0.00047889130453891867 0.00095828763106295292 -0.00015064067173266375 -0.00015306764631114125 0.00040339174362771492 -6.1958652839323432e-05 -0.00054106790382707666 0.0008031796036646145 -0.00025525333077605004 0.00060189771851849069 5.6501140454609003e-05 0.00092411023787151005 0.00062646222308483039 -0.00043598931513510515 0.0010412743434577657 -0.00064525796717231857 0.00074328050116284009 -0.00035001517334481898 0.00022826922472948225 -0.00068400938840681286 5.1869405620896396e-05 0.00025289410849150678 -0.00037879588847191867 -0.0001905202374715979 -0.00052873895077219638 0.00043832774973006923 -0.00063453689819611351 -5.7549836778054109e-05 -5.8379663787594468e-05 0.00054217947202897499
leaf_weight=64574 2959 2439 1993 1114 1617 1182 3622 1543 1170 1941 1144 1041 1361 1008 1212 1179 2079 1786 5140 1241 7773 1335 1040 5448 2429 1506 1443 2433 46965 1993
leaf_count=64574 2959 2439 1993 1114 1617 1182 3622 1543 1170 1941 1144 1041 1361 1008 1212 1179 2079 1786 5140 1241 7773 1335 1040 5448 2429 1506 1443 2433 46965 1993
internal_value=8.86991e-06 7.01254e-05 0.000159283 0.00045564 -7.21724e-05 8.19293e-05 4.05887e-05 0.000427916 0.000165472 0.000326601 0.000150407 0.000266546 5.77749e-05 0.000174922 0.000270202 9.22289e-05 0.00030576 0.000169035 7.91477e-05 -0.000328813 -0.000113616 -0.000276223 -2.37196e-05 -4.80125e-05 -1.75656e-05 -5.88539e-05 -3.785e-05 -5.14232e-05 -3.505e-05 0.000212505
internal_weight=173710 52367 32195 6664 20172 25531 22806 2725 4225 3055 19184 8512 10672 7471 6463 5251 4072 8287 6926 2385 18555 5334 2375 13221 121343 56769 54340 52834 51391 4426
internal_count=173710 52367 32195 6664 20172 25531 22806 2725 4225 3055 19184 8512 10672 7471 6463 5251 4072 8287 6926 2385 18555 5334 2375 13221 121343 56769 54340 52834 51391 4426
is_linear=0
shrinkage=0.08


Tree=137
num_leaves=31
num_cat=0
split_feature=3 0 2 0 0 0 0 0 0 0 0 0 0 0 0 0 0 0 0 0 0 0 0 0 2 0 0 0 0 0
split_gain=0.0287225 0.053021 0.0394017 0.180197 0.149441 0.124919 0.0844612 0.104845 0.101737 0.0840842 0.0996511 0.0662055 0.175458 0.0715168 0.0462482 0.0366936 0.11957 0.0543901 0.132111 0.105789 0.0867875 0.035842 0.0376657 0.0302658 0.0283389 0.0276417 0.0260452 0.0816976 0.0712491 0.0297918
threshold=1.5000000000000002 -0.16187500208616254 1.5000000000000002 3.5972449779510502 1.250779986381531 1.1464500427246096 2.6787550449371342 2.4705250263214116 2.223005056381226 2.8783650398254399 3.1909749507904057 2.7606199979782109 2.589789986610413 3.0314950942993169 0.751530021429062 2.348274946212769 2.1922450065612797 1.7686450481414797 1.5866000056266787 1.8963550329208376 1.3476699590682986 0.95188000798225414 0.70826497673988353 0.38140000402927404 1.0000000180025095e-35 2.0252099037170415 1.906114995479584 2.0252099037170415 1.8184150457382204 1.7094349861145022
decision_type=2 2 2 2 2 2 2 2 2 2 2 2 2 2 2 2 2 2 2 2 2 2 2 2 2 2 2 2 2 2
left_child=-1 -2 4 5 14 21 7 8 26 -8 -11 12 15 -13 23 16 17 18 20 -19 -7 22 -4 -3 -16 -21 28 -28 29 -6
right_child=1 2 3 -5 6 11 9 -9 -10 10 -12 13 -14 -15 24 -17 -18 19 -20 25 -22 -23 -24 -25 -26 -27 27 -29 -30 -31
leaf_value=2.2427375388791068e-06 0.00039162375752275791 -0.00034969591307748414 0.00025726002929917061 0.00082308756031551167 0.0002809682476572603 -0.00065408766190967337 -0.00072152625582476936 0.00078324066808412723 -0.00036336730966913817 0.0004791659616790453 -0.00030990796781927324 -0.0010817721510244255 0.00074528070896716565 -0.00031584877955661845 -0.00022409596871559686 1.437148430802074e-06 -0.0011333969075000999 0.00063042215590298448 -0.0010751779947706201 -0.00063630086947060805 0.00018884814490631566 0.00056065645856187248 -0.00033332801696489225 7.5034996836917468e-05 -0.00062388729261494069 -9.7912010301144846e-05 -0.00044769044071727815 0.00034374144093551488 0.00089643024321543741 -0.00014311963702503787
leaf_weight=121183 1554 1881 1760 1110 5505 1368 1356 1693 2349 1691 2598 1399 1049 1764 1865 1736 1233 1032 1537 1085 1824 1106 1138 2502 2898 1395 1374 2127 1088 1313
leaf_count=121183 1554 1881 1760 1110 5505 1368 1356 1693 2349 1691 2598 1399 1049 1764 1865 1736 1233 1032 1537 1085 1824 1106 1138 2502 2898 1395 1374 2127 1088 1313
internal_value=-1.91462e-05 -6.86776e-05 -8.27652e-05 -0.000168282 -2.46907e-05 -0.000224929 9.24129e-05 0.000189178 0.000116065 -0.000172411 1.19579e-06 -0.000328297 -0.000244102 -0.000654618 -0.000294774 -0.000336685 -0.000398642 -0.00028871 -0.000465824 -5.02215e-05 -0.00017241 0.000173211 2.53452e-05 -0.000107242 -0.000467345 -0.000333457 0.000214793 3.31366e-05 0.000295235 0.000199298
internal_weight=173513 52330 50776 20536 30240 19426 21094 15449 13756 5645 4289 15422 12259 3163 9146 11210 9474 8241 4729 3512 3192 4004 2898 4383 4763 2480 11407 3501 7906 6818
internal_count=173513 52330 50776 20536 30240 19426 21094 15449 13756 5645 4289 15422 12259 3163 9146 11210 9474 8241 4729 3512 3192 4004 2898 4383 4763 2480 11407 3501 7906 6818
is_linear=0
shrinkage=0.08


Tree=138
num_leaves=31
num_cat=0
split_feature=1 3 0 0 1 0 0 1 0 0 0 1 0 1 1 1 0 0 0 0 1 1 0 0 1 1 0 0 1 3
split_gain=0.0388825 0.0593902 0.183972 0.209477 0.116673 0.10776 0.111819 0.0560426 0.0560911 0.0652718 0.079036 0.0702344 0.08851 0.0439762 0.142502 0.126284 0.112258 0.0570101 0.0409185 0.0933514 0.06152 0.0363477 0.0723035 0.131388 0.039884 0.0618673 0.0467548 0.0299471 0.0712522 0.0685214
threshold=1.1275949478149416 1.5000000000000002 1.1195099949836733 3.3672550916671757 2.1779900789260869 3.4565649032592778 1.105365037918091 1.0320950150489809 4.271209955215455 2.6401250362396245 2.589789986610413 -1.0188499689102171 2.6924350261688237 0.67176499962806713 0.56521499156951915 0.74057999253273021 3.4565649032592778 2.9089949131011967 2.7744650840759282 2.4139449596405034 1.4811099767684939 0.39616499841213232 2.7744650840759282 2.9763550758361821 -0.47219999134540552 -0.20219499617815015 3.2603299617767338 2.6526401042938237 1.5250350236892702 1.0000000180025095e-35
decision_type=2 2 2 2 2 2 2 2 2 2 2 2 2 2 2 2 2 2 2 2 2 2 2 2 2 2 2 2 2 2
left_child=7 5 -3 4 18 6 -2 8 9 10 -1 -11 -13 14 21 -15 17 -17 19 20 -4 22 -14 -24 -25 -26 -27 28 29 -8
right_child=1 2 3 -5 -6 -7 27 -9 -10 11 -12 12 13 15 -16 16 -18 -19 -20 -21 -22 -23 23 24 25 26 -28 -29 -30 -31
leaf_value=-7.0075780279389789e-07 -0.00072256808741552581 0.00070452779047760106 -0.0002797596586786183 0.00043010246122638382 0.00019745913793641691 -0.0004024028180819976 0.00012260851184841832 0.00026541246831620664 0.00055251608315829489 0.00050319180935997493 0.0005158027910627124 -0.00069619723908200405 0.00043206370519241027 -0.0010439303951762335 0.00063572129821761467 7.1948535216819753e-05 0.00054615638686051303 -0.00059509821060408383 -0.00029534039543278 -0.0013587538217479961 -0.00089616395184480041 -0.0003988313179386119 -0.0005723642004938855 0.00045470392845163593 -0.00054283827203010539 0.00037437339730167946 -0.0001360343130104904 0.00025194403030391859 0.00025946608697031536 -0.00043432391432329863
leaf_weight=107910 1094 1154 2147 1756 1195 3932 2768 4769 1111 1059 1930 1837 1578 1185 1730 1301 1205 2218 1549 1280 2003 2672 3233 1240 1255 2062 2593 6179 4705 2890
leaf_count=107910 1094 1154 2147 1756 1195 3932 2768 4769 1111 1059 1930 1837 1578 1185 1730 1301 1205 2218 1549 1280 2003 2672 3233 1240 1255 2062 2593 6179 4705 2890
internal_value=-2.23791e-05 -0.000101038 -0.000251543 -0.000362651 -0.000532956 -2.36926e-05 6.07419e-05 -4.14913e-06 -1.35934e-05 -1.8252e-05 8.37473e-06 -0.000134458 -0.000162467 -0.000118445 -5.08919e-05 -0.000305511 -0.00012028 -0.000348486 -0.000658024 -0.000761485 -0.000577268 -0.000132067 -7.24743e-05 -0.000149154 4.22086e-05 -4.43386e-05 9.00582e-05 0.000112546 2.94289e-05 -0.000161862
internal_weight=173540 32652 11084 9930 8174 21568 17636 140888 136119 135008 109840 25168 24109 22272 16363 5909 4724 3519 6979 5430 4150 14633 11961 10383 7150 5910 4655 16542 10363 5658
internal_count=173540 32652 11084 9930 8174 21568 17636 140888 136119 135008 109840 25168 24109 22272 16363 5909 4724 3519 6979 5430 4150 14633 11961 10383 7150 5910 4655 16542 10363 5658
is_linear=0
shrinkage=0.08


Tree=139
num_leaves=31
num_cat=0
split_feature=0 0 0 2 1 1 2 0 1 1 1 0 1 0 0 0 0 2 2 0 1 1 0 0 1 0 1 1 0 0
split_gain=0.0448499 0.185374 0.098615 0.173763 0.07537 0.112985 0.0491437 0.0826957 0.117438 0.03311 0.0820065 0.246585 0.0554267 0.0850067 0.143865 0.12399 0.173666 0.0968396 0.0883271 0.0874426 0.0624409 0.213647 0.0591152 0.130623 0.0560968 0.0426402 0.0362516 0.113292 0.287027 0.0546687
threshold=2.9250850677490239 2.89330005645752 3.0314950942993169 2.5000000000000004 1.2145199775695803 0.10285500064492227 1.5000000000000002 3.7283149957656865 0.9266449809074403 -0.097484998404979692 -0.038125000894069665 2.0252099037170415 -0.20219499617815015 2.7191300392150883 2.3809649944305424 2.2329449653625493 2.0734949111938481 2.5000000000000004 1.0000000180025095e-35 2.0056951045989995 -0.39679500460624689 -0.66405999660491932 2.2951200008392338 1.906114995479584 -0.63187497854232777 1.4368649721145632 0.093699999153614058 0.1311450004577637 1.6894049644470217 1.877609968185425
decision_type=2 2 2 2 2 2 2 2 2 2 2 2 2 2 2 2 2 2 2 2 2 2 2 2 2 2 2 2 2 2
left_child=1 9 4 6 5 -2 -4 8 -8 12 11 25 13 14 15 16 17 19 -18 -1 21 -16 23 -14 -17 -11 29 28 -28 -12
right_child=2 -3 3 -5 -6 -7 7 -9 -10 10 26 -13 22 -15 20 24 18 -19 -20 -21 -22 -23 -24 -25 -26 -27 27 -29 -30 -31
leaf_value=-1.4215007320745674e-05 8.7656422785018931e-06 0.00095860551295667493 -1.8066240485568423e-05 0.00086523172572700025 0.00014972637557723439 -0.0010083114237788889 -0.00053967526645099016 -0.00090776672991770978 0.00052460790280569377 -0.00030246886537709287 -0.00029204567843125253 0.0013912877657241975 -0.00015518561503915807 0.00060566427301981672 -0.000845094326506832 0.00018663698792945418 -8.7168193352115571e-05 0.00062364193460629316 -0.0010215465712875519 0.00069394021401338382 -0.00099225057716036428 0.00058357148830274499 0.00026464004489927046 -0.0011406594582459263 0.00099507509836358724 0.00036945360056896961 -0.00030908729083466027 3.5411354391589856e-05 0.0014628166028592092 0.00012405171828999071
leaf_weight=33848 1089 1364 19310 1345 1023 1952 1580 1126 1144 1461 4969 1151 3883 1442 1699 1050 1112 1722 1550 1154 1103 1106 1141 1106 1152 1031 1140 76106 1202 3406
leaf_count=33848 1089 1364 19310 1345 1023 1952 1580 1126 1144 1461 4969 1151 3883 1442 1699 1050 1112 1722 1550 1154 1103 1106 1141 1106 1152 1031 1140 76106 1202 3406
internal_value=1.2318e-05 3.03806e-05 -7.92926e-05 -1.87637e-05 -0.000444269 -0.00064409 -7.0101e-05 -0.000331086 -9.27076e-05 2.15597e-05 5.0988e-05 0.000422831 -2.86073e-05 9.38819e-07 -1.8228e-05 2.53808e-05 -7.28074e-06 3.79471e-05 -0.000631228 9.13255e-06 -0.000482302 -0.000281777 -0.000254845 -0.000373653 0.00060958 -2.44785e-05 3.53859e-05 5.22762e-05 0.000600319 -0.000122824
internal_weight=173467 144898 28569 24505 4064 3041 23160 3850 2724 143534 90466 3643 53068 46938 45496 41588 39386 36724 2662 35002 3908 2805 6130 4989 2202 2492 86823 78448 2342 8375
internal_count=173467 144898 28569 24505 4064 3041 23160 3850 2724 143534 90466 3643 53068 46938 45496 41588 39386 36724 2662 35002 3908 2805 6130 4989 2202 2492 86823 78448 2342 8375
is_linear=0
shrinkage=0.08


Tree=140
num_leaves=31
num_cat=0
split_feature=0 0 0 0 2 3 0 0 2 2 0 0 2 0 0 3 0 0 0 0 0 0 0 0 2 0 0 0 2 0
split_gain=0.0452405 0.080046 0.0679125 0.216139 0.0535655 0.0628814 0.0526548 0.0640553 0.0610596 0.0568316 0.0471918 0.0459436 0.045909 0.0622491 0.0735216 0.0798718 0.0891476 0.0629968 0.208954 0.0975379 0.0650394 0.111562 0.0480729 0.0407627 0.044727 0.0591538 0.0407117 0.0661706 0.0352619 0.034305
threshold=1.749490022659302 1.7296400070190432 1.9664199948310854 1.9857150316238406 2.5000000000000004 1.0000000180025095e-35 1.8963550329208376 1.8281849622726443 1.5000000000000002 1.5000000000000002 1.8575599789619448 1.5133000016212466 1.5000000000000002 3.5972449779510502 2.4139449596405034 1.5000000000000002 2.223005056381226 2.7053349018096928 2.832994937896729 2.5650351047515874 3.0314950942993169 3.2356851100921635 2.1119649410247807 1.5661150217056277 1.0000000180025095e-35 1.6384350061416628 2.0056951045989995 2.0734949111938481 1.0000000180025095e-35 1.2124149799346926
decision_type=2 2 2 2 2 2 2 2 2 2 2 2 2 2 2 2 2 2 2 2 2 2 2 2 2 2 2 2 2 2
left_child=1 4 6 -4 5 28 7 8 -2 -8 -9 -7 26 14 15 16 -14 19 -19 -16 -20 -22 -17 -13 25 -25 -5 -28 -1 -6
right_child=2 -3 3 12 29 11 9 10 -10 -11 -12 23 13 -15 17 22 -18 18 20 -21 21 -23 -24 24 -26 -27 27 -29 -30 -31
leaf_value=1.6245443025205044e-05 -0.00045426825636544566 0.00061702544458902781 0.00095158611081673635 -0.00051527403506175192 0.00061135480714379911 -0.0001093664680374499 -0.00030445447500825198 0.00036870877396292341 0.00020538838933603068 -0.00097073260317558779 -0.0001357585946809397 0.00039556695933223813 -8.5646952554097855e-05 0.00024467777605554811 -0.00024950540726352332 0.00018681835234552144 0.00086884724018424788 0.00067398740604698621 -0.00084765055939576108 -0.0011019966165140454 0.00028281609124773026 -0.00066897372625016158 -0.00046080683721451827 0.00071067590486787 -0.00016411183961058008 -8.4482761102521592e-05 0.00030266705000412281 -4.4375561652442505e-05 0.00022418089831519554 5.3999353279373057e-05
leaf_weight=14293 4316 1356 1365 1100 1440 37489 3755 2096 1134 1048 2736 2163 1442 1983 1871 1059 1107 1331 1748 1588 1434 1750 2387 1076 4155 1350 3730 61358 8222 1388
leaf_count=14293 4316 1356 1365 1100 1440 37489 3755 2096 1134 1048 2736 2163 1442 1983 1871 1059 1107 1331 1748 1588 1434 1750 2387 1076 4155 1350 3730 61358 8222 1388
internal_value=-3.98341e-05 8.11335e-06 -7.46853e-05 -4.7e-05 -3.42243e-06 -1.74589e-05 -0.000231149 -0.000128996 -0.000317011 -0.000449834 8.30667e-05 -7.08515e-05 -6.32487e-05 -0.000177692 -0.000230982 -1.06413e-05 0.000328878 -0.000366854 -0.000215514 -0.000640877 -0.000455563 -0.00024031 -0.000261783 9.42775e-05 -4.74839e-06 0.000268193 -3.26441e-05 -2.44876e-05 9.21791e-05 0.000337801
internal_weight=173270 72932 100338 85253 71576 68748 15085 10282 5450 4803 4832 46233 83888 17700 15717 5995 2549 9722 6263 3459 4932 3184 3446 8744 6581 2426 66188 65088 22515 2828
internal_count=173270 72932 100338 85253 71576 68748 15085 10282 5450 4803 4832 46233 83888 17700 15717 5995 2549 9722 6263 3459 4932 3184 3446 8744 6581 2426 66188 65088 22515 2828
is_linear=0
shrinkage=0.08


Tree=141
num_leaves=31
num_cat=0
split_feature=0 1 1 3 0 1 0 1 1 1 0 0 1 1 0 0 1 0 0 0 0 1 3 0 0 1 1 1 0 0
split_gain=0.0336596 0.119094 0.100398 0.205887 0.237392 0.368439 0.362566 0.195946 0.163165 0.325915 0.124819 0.12055 0.160453 0.118837 0.167209 0.162045 0.15127 0.365995 0.109756 0.096224 0.259025 0.125002 0.124708 0.0953086 0.0896911 0.0887691 0.15467 0.142876 0.102488 0.126414
threshold=1.8865550160408022 0.89258000254631054 0.9153600037097932 1.0000000180025095e-35 2.9089949131011967 -0.63187497854232777 2.832994937896729 -0.45930500328540796 -0.068089999258518205 -0.17015499621629712 2.1525099277496342 3.5231649875640874 -1.0188499689102171 0.25150999426841741 3.2860100269317631 3.636759996414185 -0.34954500198364252 3.2603299617767338 1.9955049753189089 2.6155350208282475 2.4818899631500249 0.065930001437664046 1.5000000000000002 2.7465400695800786 2.0537650585174565 0.70147499442100536 0.61321499943733226 0.81485998630523693 2.539950013160706 2.6787550449371342
decision_type=2 2 2 2 2 2 2 2 2 2 2 2 2 2 2 2 2 2 2 2 2 2 2 2 2 2 2 2 2 2
left_child=1 -1 3 11 5 -5 7 -7 9 10 -9 12 -2 16 -15 -16 -6 -18 -14 20 21 -10 -23 -21 -20 26 28 -27 -26 -30
right_child=2 -3 -4 4 13 6 -8 8 19 -11 -12 -13 18 14 15 -17 17 -19 24 23 -22 22 -24 -25 25 27 -28 -29 29 -31
leaf_value=-3.9736135919804519e-05 0.00076035871979650814 0.00022369009342097605 -4.226870815833969e-05 -0.00033522685998322845 -0.00041129151168581258 0.0013378047219027435 0.0019208499593675011 0.0010811562279436141 0.001146000452184716 -0.0011251129727806327 1.1565052873393398e-05 0.00052209707280064281 0.00040866173765880469 -0.00087773786487231121 0.00074816229132743247 -0.00056823868902012469 0.0015120870470589384 -0.00034451156031378325 -0.00092144455128717953 -0.00031460072253396262 0.0014306843024738199 6.5312023756548921e-05 0.00065953722881331928 0.00067240643610649343 4.6754011190890215e-05 -0.0011760711206623645 0.00079322692247587527 4.9390790853223776e-05 -0.0010277005148736479 -0.00020903348519411065
leaf_weight=69743 1298 13037 31822 3912 1607 1427 1103 1074 1351 1301 1996 2175 1986 2230 1188 1206 1336 1383 1089 1672 1951 5233 3979 1001 6846 1340 1145 1116 1543 5546
leaf_count=69743 1298 13037 31822 3912 1607 1427 1103 1074 1351 1301 1996 2175 1986 2230 1188 1206 1336 1383 1089 1672 1951 5233 3979 1001 6846 1340 1145 1116 1543 5546
internal_value=3.86518e-05 1.75079e-06 7.22728e-05 0.000134016 0.000258036 0.000380364 0.000507102 0.000432794 0.000366762 -6.39502e-05 0.000385748 -4.59591e-05 -0.000102352 -9.73286e-05 -0.000379289 8.50129e-05 0.000204055 0.000567741 -0.000156683 0.000490726 0.000583793 0.000427371 0.00032198 5.50192e-05 -0.000216966 -0.000173217 -0.000100578 -0.000619224 -0.00017402 -0.000387226
internal_weight=173636 82780 90856 59034 34950 26000 22088 20985 19558 4371 3070 24084 21909 8950 4624 2394 4326 2719 20611 15187 12514 10563 9212 2673 18625 17536 15080 2456 13935 7089
internal_count=173636 82780 90856 59034 34950 26000 22088 20985 19558 4371 3070 24084 21909 8950 4624 2394 4326 2719 20611 15187 12514 10563 9212 2673 18625 17536 15080 2456 13935 7089
is_linear=0
shrinkage=0.08


Tree=142
num_leaves=31
num_cat=0
split_feature=0 0 1 1 1 1 1 1 1 1 1 1 0 1 3 1 1 0 3 0 0 1 1 1 0 0 0 1 3 3
split_gain=0.0811342 0.12294 0.0371519 0.0520273 0.147135 0.104842 0.104271 0.0652872 0.107113 0.0371116 0.0364336 0.088667 0.074107 0.0511861 0.12561 0.121549 0.124734 0.0944794 0.0909184 0.0491204 0.0985702 0.17896 0.145247 0.123592 0.0486955 0.0433308 0.0279233 0.0776708 0.134139 0.064478
threshold=2.589789986610413 2.5650351047515874 -0.94585502147674549 -0.13862500339746472 -0.047654999420046799 -0.26815499365329737 -0.37299500405788416 -0.51241999864578236 -0.68039500713348378 -2.0718749761581416 1.0718550086021426 1.0077999830245974 4.1553001403808603 0.14879500120878222 1.0000000180025095e-35 0.39616499841213232 0.46157500147819525 3.2356851100921635 1.0000000180025095e-35 3.2860100269317631 3.0314950942993169 0.73100998997688305 0.67176499962806713 0.82565498352050792 4.4122900962829599 3.4893649816513066 1.199805021286011 -1.0724650025367735 1.5000000000000002 1.5000000000000002
decision_type=2 2 2 2 2 2 2 2 2 2 2 2 2 2 2 2 2 2 2 2 2 2 2 2 2 2 2 2 2 2
left_child=1 9 -2 5 -5 6 7 8 -4 -1 11 12 13 14 -6 17 -17 18 -15 20 22 -22 -18 -24 -12 -21 27 28 -11 -29
right_child=2 -3 3 4 10 -7 -8 -9 -10 26 24 -13 -14 15 -16 16 19 -19 -20 25 21 -23 23 -25 -26 -27 -28 29 -30 -31
leaf_value=0.00039114003434745299 0.00047632556321133162 -0.0008028999987827318 -0.00047253000650517409 0.00098143439791418706 0.00035157287024376895 -0.0007455501616611326 0.00073238708250722949 -0.00066363229179779658 0.00066053203736067046 -0.00056752008125547009 2.3163940676336143e-05 0.00082618265856422969 0.00073899143155912214 0.00021559880220190333 -0.00073072037344040666 -0.00080413998910074092 0.00068214884548776751 -8.35564631494156e-05 0.0011346924094616827 0.00073070462113711374 -0.0012561160840143251 0.0002428485297732693 -0.00075340248241654684 0.00027244564776635196 -0.00049326283108192936 0.0001068100989131616 -6.627675827281986e-05 0.00014721875202323824 0.00028597405564170043 -8.4170895580823615e-05
leaf_weight=1282 1462 1356 1093 1176 1231 1451 1054 1164 1044 3399 14901 1149 1104 1183 1551 1150 1986 1253 1649 1154 1023 1016 1389 1638 1268 1862 87921 20684 1804 12285
leaf_count=1282 1462 1356 1093 1176 1231 1451 1054 1164 1044 3399 14901 1149 1104 1183 1551 1150 1986 1253 1649 1154 1023 1016 1389 1638 1268 1862 87921 20684 1804 12285
internal_value=-1.28728e-05 -4.51832e-05 7.96581e-05 6.6323e-05 0.000100669 -0.000156598 3.96299e-05 -0.000181566 8.10108e-05 -3.71168e-05 7.22974e-05 0.000143556 0.000102682 6.38386e-05 -0.000251819 0.000121223 -1.48317e-05 0.000494851 0.000750763 7.53256e-05 -4.02347e-05 -0.000509207 0.000150516 -0.000198285 -1.73351e-05 0.000345528 -4.14709e-05 1.56641e-05 -0.000271594 6.09977e-05
internal_weight=173682 128731 44951 43489 37683 5806 4355 3301 2137 127375 36507 20338 19189 18085 2782 15303 11218 4085 2832 10068 7052 2039 5013 3027 16169 3016 126093 38172 5203 32969
internal_count=173682 128731 44951 43489 37683 5806 4355 3301 2137 127375 36507 20338 19189 18085 2782 15303 11218 4085 2832 10068 7052 2039 5013 3027 16169 3016 126093 38172 5203 32969
is_linear=0
shrinkage=0.08


Tree=143
num_leaves=31
num_cat=0
split_feature=2 1 1 1 1 1 1 1 1 1 1 3 1 2 1 1 2 1 1 1 2 3 1 1 2 1 1 1 1 3
split_gain=0.0317615 0.123628 0.130683 0.0946076 0.14106 0.0987117 0.0353205 0.0393678 0.0877288 0.0780073 0.0711315 0.0367142 0.0291164 0.0782914 0.0597046 0.0269021 0.105981 0.0263964 0.0673461 0.0361702 0.0645498 0.0910286 0.0720359 0.0443809 0.0425119 0.0304234 0.0360015 0.0282353 0.0238179 0.0267323
threshold=2.5000000000000004 1.0077999830245974 -0.80007001757621754 -0.36128000915050501 0.084465000778436675 0.37761999666690832 -1.5939149856567381 0.019539999775588516 0.51850497722625744 1.0000000180025095e-35 0.55544498562812816 1.5000000000000002 0.074754998087883009 1.0000000180025095e-35 0.10285500064492227 0.59399500489234935 1.0000000180025095e-35 0.47127500176429754 0.45170499384403234 0.3334649950265885 1.5000000000000002 1.0000000180025095e-35 0.37761999666690832 0.30545499920845037 1.0000000180025095e-35 0.28750500082969671 0.12179499864578248 0.26861500740051275 1.4600299596786501 1.0000000180025095e-35
decision_type=2 2 2 2 2 2 2 2 2 2 2 2 2 2 2 2 2 2 2 2 2 2 2 2 2 2 2 2 2 2
left_child=6 2 -2 -4 -5 -6 11 9 12 -8 -10 -1 13 -9 -14 16 -12 18 19 23 21 -21 -23 25 -24 26 -16 -28 -17 -30
right_child=1 -3 3 4 5 -7 7 8 10 -11 15 -13 14 -15 17 28 -18 -19 -20 20 -22 22 24 -25 -26 -27 27 -29 29 -31
leaf_value=-7.0484738205003173e-05 0.00084523468150348661 0.00082605058414588807 -0.0008202155305660129 0.00062787671980033466 -0.00092181595006049879 4.0365174939984052e-05 4.0795510453445997e-05 -0.00072983392226943751 0.0004359241481473186 0.00066033219802805589 -0.00075768724258162465 -0.00059249354714414047 0.00032365710469466497 -5.0120004980140425e-06 -0.00048093293970040765 5.1603263388496892e-05 0.00026328590517223126 -0.00034965202454759729 0.00045013161902192442 -0.00050224888679577305 -0.00076459686061787187 -0.00034879509256912136 0.00069863643213889887 0.00028532212298771481 3.042841572870078e-05 -0.00048088972327451593 -7.8406948827928913e-05 0.00031851909226565862 8.037136204105315e-05 -0.00012410998832500266
leaf_weight=2651 1020 1458 1059 1587 1068 1890 57158 1765 2601 1331 1290 1278 1952 2075 1282 44299 1313 3213 1320 3026 1411 1539 1168 2010 1274 1328 10281 1291 6113 12375
leaf_count=2651 1020 1458 1059 1587 1068 1890 57158 1765 2601 1331 1290 1278 1952 2075 1282 44299 1313 3213 1320 3026 1411 1539 1168 2010 1274 1328 10281 1291 6113 12375
internal_value=4.28441e-06 0.000159137 1.23433e-05 -0.000139254 1.94128e-05 -0.000307035 -3.28476e-06 2.48395e-06 -2.72987e-05 5.48939e-05 2.56437e-05 -0.00024028 -0.000130336 -0.000338166 -0.00010467 9.32405e-06 -0.00024269 -0.00013336 -0.000106559 -0.000136418 -0.000270928 -0.000171518 7.98738e-05 -6.6488e-05 0.00035003 -0.00011635 -7.86875e-05 -3.41249e-05 1.9772e-05 -5.64989e-05
internal_weight=173426 8082 6624 5604 4545 2958 165344 161415 102926 58489 67991 3929 34935 3840 31095 65390 2603 29143 25930 24610 8418 7007 3981 16192 2442 14182 12854 11572 62787 18488
internal_count=173426 8082 6624 5604 4545 2958 165344 161415 102926 58489 67991 3929 34935 3840 31095 65390 2603 29143 25930 24610 8418 7007 3981 16192 2442 14182 12854 11572 62787 18488
is_linear=0
shrinkage=0.08


Tree=144
num_leaves=31
num_cat=0
split_feature=2 0 1 0 1 0 1 0 1 1 2 1 0 0 0 0 1 0 1 1 1 1 0 0 1 1 0 1 0 0
split_gain=0.0339198 0.155705 0.23045 0.247475 0.151974 0.0873593 0.132156 0.0869648 0.0928417 0.0800627 0.135896 0.166065 0.119434 0.137425 0.0432846 0.0717709 0.209727 0.0924808 0.123517 0.095075 0.0852764 0.0722425 0.0830515 0.0713955 0.0587795 0.0567495 0.0426262 0.0910579 0.13153 0.176396
threshold=1.5000000000000002 2.0056951045989995 0.82565498352050792 3.4893649816513066 0.56521499156951915 3.636759996414185 1.7369199991226199 2.3590450286865239 1.1413550376892092 0.0096249999478459376 2.5000000000000004 -0.23541500419378278 2.7885200977325444 2.4362699985504155 1.8865550160408022 1.301290035247803 -1.0724650025367735 0.26830498874187475 -0.63187497854232777 0.65289500355720531 -0.80007001757621754 0.084465000778436675 1.5866000056266787 1.5559799671173098 0.68147999048233043 0.0096249999478459376 1.9261450171470644 0.84743499755859386 2.7053349018096928 2.5771499872207646
decision_type=2 2 2 2 2 2 2 2 2 2 2 2 2 2 2 2 2 2 2 2 2 2 2 2 2 2 2 2 2 2
left_child=26 14 3 4 9 6 7 -4 -9 10 11 -3 13 -11 15 16 -2 -18 -19 25 -17 22 -22 -23 -25 -20 -1 28 29 -28
right_child=1 2 5 -5 -6 -7 -8 8 -10 12 -12 -13 -14 -15 -16 20 17 18 19 -21 21 23 -24 24 -26 -27 27 -29 -30 -31
leaf_value=-5.0795699069577119e-05 -0.00071161184727002618 -6.3295065229966092e-05 -0.00054985692459304627 0.00064239678387373333 -0.0012951006929599559 -0.00055232940399243939 0.0010145106291164811 0.0007541534837904603 -0.00013861527497178891 -0.00036397937306475894 -0.0014350012575838869 -0.0012963130429328885 -0.00087560246577694833 0.00082754200627870576 0.00045104210049915752 0.00051542257968798357 0.0010684835116959797 0.0010341280613788656 0.00017148597548284473 0.00072831891837303413 -0.00010369664907568332 -0.00045619319695883469 -0.00098061909333887489 0.00060671044567101018 -0.0001769135240149547 -0.00044539291366878578 0.00014246563895858235 -7.6314679200703046e-05 -7.017856710727453e-05 0.00076537241653534479
leaf_weight=68759 1375 2323 1148 1121 1721 1033 1141 1371 1634 1573 1176 1000 1145 1022 1732 1084 1031 1057 2114 1127 1320 1554 1451 1297 1161 1740 22995 27109 15891 3331
leaf_count=68759 1375 2323 1148 1121 1721 1033 1141 1371 1634 1573 1176 1000 1145 1022 1732 1084 1031 1057 2114 1127 1320 1554 1451 1297 1161 1740 22995 27109 15891 3331
internal_value=-2.40856e-05 -9.38896e-05 -0.000264579 -0.000484524 -0.000611359 0.000120628 0.00025194 4.24299e-05 0.000268701 -0.000468536 -0.000695912 -0.000434351 -0.000195015 0.000105283 7.07928e-05 3.04156e-05 0.000192393 0.000368232 0.000248663 8.19822e-05 -0.000143442 -0.000248736 -0.000562886 -3.17591e-05 0.000236577 -0.000107022 -6.16454e-06 3.81016e-05 0.000111572 0.000221281
internal_weight=173536 35451 17408 11081 9960 6327 5294 4153 3005 8239 4499 3323 3740 2595 18043 16311 8444 7069 6038 4981 7867 6783 2771 4012 2458 3854 138085 69326 42217 26326
internal_count=173536 35451 17408 11081 9960 6327 5294 4153 3005 8239 4499 3323 3740 2595 18043 16311 8444 7069 6038 4981 7867 6783 2771 4012 2458 3854 138085 69326 42217 26326
is_linear=0
shrinkage=0.08


Tree=145
num_leaves=31
num_cat=0
split_feature=0 0 1 1 0 0 0 1 1 1 1 1 1 1 1 1 3 0 1 0 1 1 0 1 1 0 0 0 1 1
split_gain=0.0301936 0.120212 0.329596 0.146842 0.101632 0.122671 0.160534 0.134877 0.22096 0.105711 0.160568 0.155049 0.173264 0.159477 0.108656 0.0750589 0.0480207 0.0807672 0.120287 0.0668288 0.150249 0.104795 0.0858125 0.11408 0.0630483 0.131672 0.106149 0.120093 0.196392 0.130628
threshold=2.264339923858643 2.3372850418090825 0.69158500432968151 0.24243500083684924 2.0829600095748906 2.0252099037170415 1.9955049753189089 0.69158500432968151 0.15852499753236773 1.3454400300979616 0.32445999979972845 0.11228000000119211 -0.40872499346733088 -0.16035499423742292 0.70147499442100536 1.045385003089905 1.0000000180025095e-35 2.5771499872207646 0.69158500432968151 2.7885200977325444 -0.12855999916791913 0.76105999946594249 2.9412550926208501 0.85833999514579784 -0.72840499877929676 2.7191300392150883 2.7333650588989262 2.4705250263214116 0.36044000089168554 0.59399500489234935
decision_type=2 2 2 2 2 2 2 2 2 2 2 2 2 2 2 2 2 2 2 2 2 2 2 2 2 2 2 2 2 2
left_child=4 2 3 -2 5 6 -1 8 -7 10 11 12 -6 -14 -12 -16 17 18 -3 20 -19 -22 23 -21 25 -18 27 29 -29 -26
right_child=1 16 -4 -5 9 7 -8 -9 -10 -11 14 -13 13 -15 15 -17 24 19 -20 22 21 -23 -24 -25 26 -27 -28 28 -30 -31
leaf_value=8.5475964480645286e-06 0.00055183081909140723 -0.00061631997199124286 -0.00043286608372762879 0.0017349005267755396 0.00027620832194264502 0.0001992545300264529 -0.00070857087448348731 -0.00019636235150727503 0.0016859242318647597 0.00037664454734903023 -0.0011016722948099657 0.00076767579887325097 -0.0014674407562961808 -0.00016313274030959823 -6.3852512632791046e-06 -0.00086345851466957681 -0.0010024888807229787 -0.00056729752083510858 0.00015945178084963169 -0.00088073114007533918 0.00098022225891584991 9.1596047827947706e-05 2.5393805594822386e-05 0.0001945822471741475 -0.00045047160354835526 0.00027880754741859413 -2.9411866875160662e-06 0.0010095592576952635 0.00018499526511728097 0.00039491510831822957
leaf_weight=90422 2019 3509 1755 1006 2133 1668 2043 1406 1038 1584 2075 1205 1031 1435 1702 1062 1007 1015 2013 1679 1722 1676 11526 1012 2372 1047 21144 2854 5248 2308
leaf_count=90422 2019 3509 1755 1006 2133 1668 2043 1406 1038 1584 2075 1205 1031 1435 1702 1062 1007 1015 2013 1679 1722 1676 11526 1012 2372 1047 21144 2854 5248 2308
internal_value=9.96676e-06 5.31473e-05 0.000439284 0.000945275 -1.57945e-05 1.17165e-05 -7.29703e-06 0.000439266 0.000769529 -0.000233095 -0.000323843 -4.01146e-05 -0.000251767 -0.000708446 -0.000664152 -0.000335695 2.24526e-05 -6.48054e-05 -0.000333519 1.48422e-05 0.000286801 0.000541924 -6.95745e-05 -0.00047634 8.10256e-05 -0.000349365 0.000107083 0.000289085 0.000475455 -3.35587e-05
internal_weight=173716 64912 4780 3025 108804 96577 92465 4112 2706 12227 10643 5804 4599 2466 4839 2764 60132 24152 5522 18630 4413 3398 14217 2691 35980 2054 33926 12782 8102 4680
internal_count=173716 64912 4780 3025 108804 96577 92465 4112 2706 12227 10643 5804 4599 2466 4839 2764 60132 24152 5522 18630 4413 3398 14217 2691 35980 2054 33926 12782 8102 4680
is_linear=0
shrinkage=0.08


Tree=146
num_leaves=31
num_cat=0
split_feature=0 1 0 3 1 1 0 1 1 0 1 0 1 1 1 1 1 1 0 0 1 0 1 0 1 1 1 3 0 0
split_gain=0.0953018 0.0929761 0.150708 0.231474 0.259249 0.268268 0.100184 0.0897267 0.123602 0.07074 0.0600086 0.0559976 0.0675561 0.130369 0.0521787 0.0456702 0.148424 0.129252 0.0762453 0.0441557 0.0565086 0.0436352 0.0532909 0.0397568 0.0384598 0.0362006 0.0533272 0.0663353 0.288804 0.0966664
threshold=2.4705250263214116 0.93780001997947704 3.2356851100921635 1.5000000000000002 0.14018500596284869 -0.26815499365329737 2.832994937896729 0.54546499252319347 -0.27962499856948847 2.9763550758361821 -0.85982501506805409 3.6810050010681157 -0.097484998404979692 0.26016500592231756 -0.49901999533176417 0.1311450004577637 0.25150999426841741 0.028575000353157524 2.8031849861145024 2.4139449596405034 0.39616499841213232 4.4122900962829599 0.98370999097824108 2.832994937896729 -2.0718749761581416 2.2488250732421879 1.260689973831177 1.5000000000000002 1.288784980773926 1.4694550037384035
decision_type=2 2 2 2 2 2 2 2 2 2 2 2 2 2 2 2 2 2 2 2 2 2 2 2 2 2 2 2 2 2
left_child=19 2 3 7 5 -5 -6 8 10 -9 -2 12 -4 -14 -12 17 -17 23 -18 24 -21 22 -3 -10 -1 26 -26 29 -29 -28
right_child=1 21 11 4 6 -7 -8 9 15 -11 14 -13 13 -15 -16 16 18 -19 -20 20 -22 -23 -24 -25 25 -27 27 28 -30 -31
leaf_value=0.00045080827340177639 0.00040103144474172748 -0.00052553741184465871 0.00023556739161363548 0.00094955000590498458 0.00087232759762725888 -0.00071498118880108095 0.0018005194401651747 7.0582589095192464e-05 0.00012343242189162895 -0.00064583976731397391 -0.00063190922117740598 0.00018025527485477963 -0.0011527689541772817 -0.00010758032524679726 6.8616877142817548e-05 -0.00042430450421022356 0.00093215251268301182 0.0014533446885630667 0.00017300087468169161 6.9715380255881693e-05 -0.00057939729500637539 -0.00043413258002173501 6.4691321212876238e-05 0.000765863746798669 1.9979494427248522e-05 0.0004377929685170213 -0.00054969951240397251 0.00071219457070493294 -0.00082337909788599874 0.0001713896082114534
leaf_weight=1266 1187 1034 1460 1337 1693 1155 1328 3299 1514 1204 1357 3726 1069 2675 1365 1285 1849 1012 1562 1602 1849 1368 18413 1040 105208 1238 1585 1061 3001 4772
leaf_count=1266 1187 1034 1460 1337 1693 1155 1328 3299 1514 1204 1357 3726 1069 2675 1365 1285 1849 1012 1562 1602 1849 1368 18413 1040 105208 1238 1585 1061 3001 4772
internal_value=4.27489e-05 0.000133466 0.000221015 0.00033271 0.000782094 0.000178068 0.00128035 0.000184128 0.000297009 -0.000120972 -7.36287e-05 -5.64981e-05 -0.000226011 -0.000406006 -0.000280617 0.000472368 0.000308464 0.000688211 0.000584514 4.00032e-06 -0.000278071 2.58766e-06 3.33088e-05 0.000385033 1.22406e-05 7.48954e-06 2.88235e-06 -0.00016976 -0.000422285 -8.40058e-06
internal_weight=173514 51932 31117 22187 5513 2492 3021 16674 12171 4503 3909 8930 5204 3744 2722 8262 4696 3566 3411 121582 3451 20815 19447 2554 118131 116865 115627 10419 4062 6357
internal_count=173514 51932 31117 22187 5513 2492 3021 16674 12171 4503 3909 8930 5204 3744 2722 8262 4696 3566 3411 121582 3451 20815 19447 2554 118131 116865 115627 10419 4062 6357
is_linear=0
shrinkage=0.08


Tree=147
num_leaves=31
num_cat=0
split_feature=1 1 0 0 0 0 3 0 0 0 1 0 1 1 0 0 1 0 3 1 0 0 0 0 1 0 0 1 1 0
split_gain=0.0279733 0.0658058 0.122277 0.161723 0.133553 0.0750891 0.0467608 0.0397125 0.0352404 0.185443 0.11841 0.105789 0.114994 0.104847 0.0996665 0.0563651 0.0494622 0.117131 0.0397846 0.126169 0.143068 0.120306 0.0910976 0.076074 0.0824302 0.035772 0.0774841 0.0690283 0.0635963 0.0763733
threshold=-0.2245099991559982 -0.087294999510049806 2.0056951045989995 2.4932849407196049 1.7195149660110476 1.447690010070801 1.0000000180025095e-35 0.93556499481201183 2.3809649944305424 2.2127549648284917 -0.52672499418258656 2.7191300392150883 -0.34954500198364252 -0.96863502264022816 2.1119649410247807 3.0499399900436406 -0.85982501506805409 2.5650351047515874 1.5000000000000002 -0.85982501506805409 1.5235149860382082 0.83102500438690197 2.0252099037170415 0.65963500738143932 -0.42088499665260309 1.7985249757766726 1.6791549921035769 -0.84022000432014454 -0.99390500783920277 1.5866000056266787
decision_type=2 2 2 2 2 2 2 2 2 2 2 2 2 2 2 2 2 2 2 2 2 2 2 2 2 2 2 2 2 2
left_child=8 2 4 -4 5 6 -2 -8 9 14 -11 16 13 -13 18 -15 -10 -18 22 20 21 -20 25 -21 -25 26 28 -27 -1 -30
right_child=1 -3 3 -5 -6 -7 7 -9 11 10 -12 12 -14 15 -16 -17 17 -19 19 23 -22 -23 -24 24 -26 27 -28 -29 29 -31
leaf_value=-0.00020561523581690539 0.0004689236819047423 2.4258511596433522e-05 0.0012075878953724281 0.00012247582214361882 -0.00076053825480533357 0.00080558846999610452 0.00013834686773066588 -0.0005424188769008252 -4.5310203921520666e-05 0.00020715484717553803 0.001337336052587546 0.00054820149355109204 0.0008284600250145237 -8.7398232685195078e-07 -0.00066385469212099817 -0.00070772994093940076 -0.00023831682303488964 -0.0013227982784230587 1.5519144216009474e-05 9.2548559680067166e-05 -0.00063278081544180013 0.00093817887088446861 0.00076063884269469073 -0.00077516648598107861 -9.4413905517032117e-05 0.00029035477745774374 0.00056567733237883116 -0.00051117052583032213 0.0001608673336974359 -0.00055814533990876684
leaf_weight=6405 1032 115478 1608 1939 1137 1042 1159 1041 1082 1430 1014 1068 1005 1350 1585 1552 1537 1089 2110 1717 1088 1583 1076 3112 1795 1029 1687 2073 11777 1028
leaf_count=6405 1032 115478 1608 1939 1137 1042 1159 1041 1082 1430 1014 1068 1005 1350 1585 1552 1537 1089 2110 1717 1088 1583 1076 3112 1795 1029 1687 2073 11777 1028
internal_value=2.02723e-05 4.04619e-05 0.00024934 0.000614401 1.00363e-05 0.00021503 2.46334e-05 -0.000183779 -3.07991e-05 5.49793e-07 0.00067606 -0.000177052 6.40211e-05 -0.000129496 -4.2822e-05 -0.000378903 -0.000500498 -0.00068805 -1.58391e-05 -0.000139717 0.000173482 0.000411016 4.05049e-05 -0.000365774 -0.000526145 8.2175e-06 4.58484e-05 -0.000245287 1.97584e-07 0.000103144
internal_weight=173628 124436 8958 3547 5411 4274 3232 2200 49192 40509 2444 8683 4975 3970 38065 2902 3708 2626 36480 11405 4781 3693 25075 6624 4907 23999 20897 3102 19210 12805
internal_count=173628 124436 8958 3547 5411 4274 3232 2200 49192 40509 2444 8683 4975 3970 38065 2902 3708 2626 36480 11405 4781 3693 25075 6624 4907 23999 20897 3102 19210 12805
is_linear=0
shrinkage=0.08


Tree=148
num_leaves=31
num_cat=0
split_feature=0 1 0 1 1 0 0 0 3 3 1 0 0 1 0 3 0 0 3 3 0 1 0 0 1 1 1 1 0 0
split_gain=0.0382845 0.0766999 0.155519 0.0667315 0.0612121 0.0584733 0.0946701 0.133002 0.100292 0.117194 0.063627 0.0584423 0.0695568 0.0926068 0.0555611 0.0648668 0.0521196 0.0943081 0.0903312 0.0832908 0.111375 0.075186 0.0582889 0.0885591 0.100297 0.051113 0.0496762 0.0751915 0.163407 0.140295
threshold=1.7094349861145022 0.68147999048233043 1.6482349634170534 -0.057725001126527779 0.057084999978542335 3.0893599987030034 2.9089949131011967 2.9412550926208501 1.0000000180025095e-35 1.5000000000000002 -1.4687100052833555 0.77140498161315929 0.93556499481201183 -0.5417099893093108 0.77140498161315929 1.5000000000000002 1.4150999784469607 1.4694550037384035 1.0000000180025095e-35 1.0000000180025095e-35 1.5448549985885622 0.32445999979972845 1.2762950062751772 1.0465900301933291 0.27834500372409826 0.34208999574184423 -0.23541500419378278 0.55544498562812816 2.2747850418090825 2.1922450065612797
decision_type=2 2 2 2 2 2 2 2 2 2 2 2 2 2 2 2 2 2 2 2 2 2 2 2 2 2 2 2 2 2
left_child=1 2 3 11 -4 6 10 -8 -9 -10 -2 -1 13 -13 15 -5 18 -18 21 -19 -21 -16 23 24 -20 -25 -12 28 29 -28
right_child=5 -3 4 14 -6 -7 7 8 9 -11 26 12 -14 -15 16 -17 17 19 22 20 -22 -23 -24 25 -26 -27 27 -29 -30 -31
leaf_value=-9.9484391432452869e-05 0.00053649474802897707 0.00020339013851066977 0.00086364075881647292 0.00029703675224329812 0.00011471154740070588 7.7750573928599625e-05 -0.0010573760254192167 0.00023586577780309448 -0.00090017593513667547 7.6548276855781735e-05 -0.00017995288670305445 9.1957814139219976e-05 5.7615465968065473e-05 0.00097440070938318972 -0.00031999654217425999 -0.0002694508407088971 0.00063613909797488957 -0.00073076079098637167 -0.0012440087566464265 -0.00057758415020271498 0.00049428512418207176 0.00046995700658520776 -0.00089755051654023419 0.00028173160542082818 -0.00019732487901910186 -0.00044656340847830877 0.0001676255825135738 -9.8240897755875128e-05 -0.00013847437531712731 0.00089802661648273618
leaf_weight=12467 1199 14674 1760 3248 1158 22609 1372 2230 1760 1421 15138 1783 17218 1328 1809 2150 1100 1281 1158 1045 1527 1344 1763 1436 1186 1081 11838 32033 11334 1962
leaf_count=12467 1199 14674 1760 3248 1158 22609 1372 2230 1760 1421 15138 1783 17218 1328 1809 2150 1100 1281 1158 1045 1527 1344 1763 1436 1186 1081 11838 32033 11334 1962
internal_value=-4.77707e-06 4.06293e-05 -2.14048e-06 -3.3489e-05 0.00056643 -3.58947e-05 -6.78975e-05 -0.000353866 -0.000175486 -0.000463859 -4.15081e-05 3.68861e-05 0.000120517 0.000468648 -0.000148156 7.14072e-05 -0.000228618 -1.71923e-05 -0.000335726 -0.000203713 5.87861e-05 1.67296e-05 -0.000503493 -0.000360576 -0.000714415 -3.10562e-05 -5.10928e-05 -1.69703e-05 8.66082e-05 0.00027147
internal_weight=173412 70516 55842 52924 2918 102896 80287 6783 5411 3181 73504 32796 20329 3111 20128 5398 14730 4953 9777 3853 2572 3153 6624 4861 2344 2517 72305 57167 25134 13800
internal_count=173412 70516 55842 52924 2918 102896 80287 6783 5411 3181 73504 32796 20329 3111 20128 5398 14730 4953 9777 3853 2572 3153 6624 4861 2344 2517 72305 57167 25134 13800
is_linear=0
shrinkage=0.08


Tree=149
num_leaves=31
num_cat=0
split_feature=0 1 1 2 0 0 1 2 1 0 0 2 1 1 0 0 0 2 1 1 0 1 1 0 2 2 1 2 1 0
split_gain=0.0310098 0.0410761 0.0695826 0.0821807 0.0602481 0.0401848 0.0361975 0.085656 0.0672294 0.0397241 0.0874204 0.190058 0.0665854 0.186755 0.068851 0.0396213 0.0988993 0.119588 0.0586923 0.0460874 0.0353662 0.0347201 0.0993688 0.106676 0.0522974 0.0485806 0.0549185 0.0751724 0.0484916 0.0420419
threshold=1.5661150217056277 0.68147999048233043 1.2145199775695803 1.5000000000000002 1.1195099949836733 0.98396000266075145 -0.12855999916791913 2.5000000000000004 -0.19207500666379926 1.3476699590682986 1.1730650067329409 1.0000000180025095e-35 0.19507999718189242 0.36897499859333044 1.458705008029938 1.0465900301933291 0.84925499558448803 1.5000000000000002 0.30545499920845037 0.37761999666690832 1.5978050231933596 -0.85982501506805409 -0.49901999533176417 2.8783650398254399 1.5000000000000002 1.5000000000000002 -0.69629499316215504 1.0000000180025095e-35 -1.5294100046157835 2.2540850639343266
decision_type=2 2 2 2 2 2 2 2 2 2 2 2 2 2 2 2 2 2 2 2 2 2 2 2 2 2 2 2 2 2
left_child=1 6 3 5 -4 -3 7 8 -1 10 15 -12 14 -14 -11 16 17 19 -18 -8 -2 24 23 25 28 26 -23 -28 -22 -30
right_child=20 2 4 -5 -6 -7 9 -9 -10 12 11 -13 13 -15 -16 -17 18 -19 -20 -21 21 22 -24 -25 -26 -27 27 -29 29 -31
leaf_value=1.6343096542118988e-05 -0.0003477794078238701 -4.0472940169082501e-05 0.00026604533974596678 0.00090327264437416817 -0.00033750703550619636 0.00037289614021285169 -0.00023346377328913815 0.00071418209813535927 0.00054886487528474348 0.0002497398856474934 0.00018130422481580787 -0.0010218548886140907 0.001201184568208991 -0.000126782569316967 -0.00067080347008306913 0.00028898920996733309 -0.0008067874721277618 0.00080419893888479684 -5.869163727223769e-05 0.00025703219689546139 -0.00044374567175534346 1.7716143505740563e-05 -2.461614706099479e-06 0.00039925982636679293 0.00055503573209383407 -0.00085065490130225587 -0.00015753859270926953 -0.00099223327263754527 0.00039027946847656125 -0.00012115586702670639
leaf_weight=25821 2049 2482 1890 1325 2406 3824 3949 1292 1612 1042 1520 1879 1103 1758 1038 2130 1618 1177 1147 1778 1065 1867 96437 1142 1646 1433 1494 1284 2297 1863
leaf_count=25821 2049 2482 1890 1325 2406 3824 3949 1292 1612 1042 1520 1879 1103 1758 1038 2130 1618 1177 1147 1778 1065 1867 96437 1142 1646 1433 1494 1284 2297 1863
internal_value=6.40803e-06 5.24506e-05 0.000185556 0.000330538 -7.19777e-05 0.000210197 1.99616e-05 7.76149e-05 4.76348e-05 -6.22713e-05 -0.000126335 -0.000483814 0.000134782 0.000385188 -0.000209647 -2.33543e-05 -9.2161e-05 6.97562e-05 -0.000496456 -8.11848e-05 -1.84548e-05 -1.23496e-05 -2.38936e-05 -0.000310159 0.000161804 -0.000443452 -0.000317829 -0.000543337 3.79272e-05 0.00016124
internal_weight=173368 60791 11927 7631 4296 6306 48864 28725 27433 20139 15198 3399 4941 2861 2080 11799 9669 6904 2765 5727 112577 110528 103657 7220 6871 6078 4645 2778 5225 4160
internal_count=173368 60791 11927 7631 4296 6306 48864 28725 27433 20139 15198 3399 4941 2861 2080 11799 9669 6904 2765 5727 112577 110528 103657 7220 6871 6078 4645 2778 5225 4160
is_linear=0
shrinkage=0.08


Tree=150
num_leaves=31
num_cat=0
split_feature=1 1 3 1 2 1 1 1 1 3 1 1 2 2 1 1 2 1 1 1 1 1 3 1 1 1 2 3 1 1
split_gain=0.016548 0.0868108 0.069871 0.0644681 0.0550303 0.0489587 0.0674968 0.0588472 0.054782 0.0523469 0.0462424 0.0423935 0.0403314 0.039996 0.0428669 0.0391775 0.0509651 0.0976384 0.0715039 0.0647295 0.0359761 0.0405674 0.0660167 0.0408333 0.0224977 0.0177688 0.0167926 0.0321695 0.036097 0.018364
threshold=0.73100998997688305 0.67176499962806713 1.5000000000000002 0.64283499121665966 2.5000000000000004 0.16768999397754672 -0.11832500249147414 -0.028874999843537804 0.26861500740051275 1.5000000000000002 0.75066500902175914 -0.13862500339746472 1.5000000000000002 1.5000000000000002 -0.0097050000913441164 0.028575000353157524 1.0000000180025095e-35 0.074754998087883009 0.084465000778436675 0.12179499864578248 0.77133500576019298 1.7691050171852114 1.5000000000000002 1.9581649899482729 2.4334700107574467 0.12179499864578248 1.5000000000000002 1.5000000000000002 1.1133450269699099 0.79280999302864086
decision_type=2 2 2 2 2 2 2 2 2 2 2 2 2 2 2 2 2 2 2 2 2 2 2 2 2 2 2 2 2 2
left_child=1 3 -3 5 10 6 11 9 12 -8 -2 -1 -7 14 -9 -16 18 -18 -17 -19 -12 26 24 -24 -23 -20 29 28 -28 -22
right_child=4 2 -4 -5 -6 8 7 13 -10 -11 20 -13 -14 -15 15 16 17 19 25 -21 21 22 23 -25 -26 -27 27 -29 -30 -31
leaf_value=-9.486052341178809e-06 0.00049441252496624827 -0.00016243388877098863 -0.00088833911440204093 0.00044230093356471242 0.00043381574819779576 -0.00037648124312937152 0.00020884004289881423 0.00061646339137270761 -3.7015728049279186e-05 0.00072421313689117345 -0.00040732054043442911 -0.00046098040675442625 8.2600960940625671e-05 -0.00019743602746620799 -0.00022293639203047438 -0.00041441870069974535 0.00097100891521938811 -0.00031771649214429993 0.00047551626707259895 0.00051004293961192412 0.00035697229009559679 0.00010992998541490184 -0.00079302539322924858 -0.00021593807644675744 -0.00022825056605556867 5.9609954170264486e-05 8.8049860487713415e-05 2.3734520885699543e-05 0.00068160214782632237 2.3981025678375787e-05
leaf_weight=54998 1291 2836 1211 2047 2154 5923 4471 1048 27295 1757 1291 1364 1544 3048 2165 1777 1206 1228 1162 1191 1095 5192 1126 2589 1662 1514 1286 3663 1338 33107
leaf_count=54998 1291 2836 1211 2047 2154 5923 4471 1048 27295 1757 1291 1364 1544 3048 2165 1777 1206 1228 1162 1191 1095 5192 1126 2589 1662 1514 1286 3663 1338 33107
internal_value=1.44889e-06 -1.55517e-05 -0.000379649 -2.59641e-06 3.73382e-05 -1.07502e-05 2.48542e-05 0.000148903 -8.95434e-05 0.000354234 2.1417e-05 -2.04125e-05 -0.000281554 5.97204e-05 0.00012914 7.92797e-05 0.000160277 0.000382991 -2.10246e-05 8.98327e-05 9.75229e-06 2.0298e-05 -0.000119274 -0.000390851 2.79259e-05 0.000240209 5.6731e-05 0.000176898 0.000390707 3.4642e-05
internal_weight=173579 117785 4047 113738 55794 111691 76929 20567 34762 6228 53640 56362 7467 14339 11291 10243 8078 3625 4453 2419 52349 51058 10569 3715 6854 2676 40489 6287 2624 34202
internal_count=173579 117785 4047 113738 55794 111691 76929 20567 34762 6228 53640 56362 7467 14339 11291 10243 8078 3625 4453 2419 52349 51058 10569 3715 6854 2676 40489 6287 2624 34202
is_linear=0
shrinkage=0.08


Tree=151
num_leaves=31
num_cat=0
split_feature=0 0 2 3 2 0 0 0 3 2 0 0 2 0 0 2 0 0 0 0 2 0 0 0 0 0 0 0 0 0
split_gain=0.0612883 0.0703553 0.121698 0.0511138 0.0567695 0.219592 0.0423612 0.0340803 0.0397672 0.0633245 0.0414789 0.0379419 0.0878794 0.0643786 0.0320483 0.0520541 0.0893719 0.0453626 0.125251 0.0898271 0.11297 0.0337191 0.0308923 0.0336884 0.0404208 0.0272846 0.0477921 0.157151 0.0707016 0.0476734
threshold=2.832994937896729 1.381554961204529 2.5000000000000004 1.5000000000000002 2.5000000000000004 3.1909749507904057 3.7283149957656865 1.335795044898987 1.5000000000000002 1.0000000180025095e-35 0.86601999402046215 1.0012049674987795 1.0000000180025095e-35 1.2377250194549563 2.7333650588989262 1.5000000000000002 2.7606199979782109 1.9664199948310854 1.9857150316238406 1.916565001010895 1.0000000180025095e-35 2.8031849861145024 0.751530021429062 0.63654500246047985 0.50719499588012706 2.0148200988769536 2.1422550678253178 2.1220500469207768 2.0829600095748906 2.2951200008392338
decision_type=2 2 2 2 2 2 2 2 2 2 2 2 2 2 2 2 2 2 2 2 2 2 2 2 2 2 2 2 2 2
left_child=1 2 7 -2 5 -5 -7 8 9 -1 22 -12 -13 -14 17 16 -16 19 -19 -3 -21 -18 23 24 -10 -20 27 28 -27 -28
right_child=3 14 -4 4 -6 6 -8 -9 10 -11 11 12 13 -15 15 -17 21 18 25 20 -22 -23 -24 -25 -26 26 29 -29 -30 -31
leaf_value=-4.3789245154345775e-05 3.1108005748636668e-05 -8.860948291965948e-05 0.00067007820489843107 0.00069161817277087429 0.00077285451445063076 5.9999572489878006e-06 -0.0005173785564120862 0.00030043430165162824 -0.00012615555556678865 0.00019370843850565042 0.00036495054748966825 0.00049325049344398682 -0.0004859714103481311 0.00022859444019404499 -0.0010375459307858451 0.00022568732904754119 5.9234851786270616e-05 0.00074413112883135973 -0.00032005289338455696 -5.2847293733613071e-06 -0.00092858476952379992 -0.00052312873126537896 -0.00057061572720314255 0.00023361639471704734 -0.00063953237185735616 0.00018885931225566719 -0.00020616148732241512 0.00094161158332545139 -0.00032132011361954541 -1.6141290013750861e-06
leaf_weight=16691 24248 35624 1916 3036 1188 2449 1661 2617 5022 12616 1786 1337 2576 1175 1057 1038 1627 1369 2017 1530 1903 1045 1325 1217 1220 4805 10257 1350 2724 25230
leaf_count=16691 24248 35624 1916 3036 1188 2449 1661 2617 5022 12616 1786 1337 2576 1175 1057 1038 1627 1369 2017 1530 1903 1045 1325 1217 1220 4805 10257 1350 2724 25230
internal_value=-9.04229e-06 -3.18825e-05 4.49619e-05 8.98514e-05 0.000260767 0.000175634 -0.000205516 1.97901e-05 3.45637e-06 5.84481e-05 -9.94714e-05 4.7718e-05 -6.36376e-05 -0.000262134 -7.34178e-05 -0.000275376 -0.000414851 -6.23275e-05 -1.00265e-05 -0.000126272 -0.000517094 -0.000168523 -0.000214656 -0.000151424 -0.000226495 -3.22856e-05 -1.92029e-05 0.000146792 4.27587e-06 -6.07356e-05
internal_weight=173656 141074 49498 32582 8334 7146 4110 47582 44965 29307 15658 6874 5088 3751 91576 4767 3729 86809 47752 39057 3433 2672 8784 7459 6242 46383 44366 8879 7529 35487
internal_count=173656 141074 49498 32582 8334 7146 4110 47582 44965 29307 15658 6874 5088 3751 91576 4767 3729 86809 47752 39057 3433 2672 8784 7459 6242 46383 44366 8879 7529 35487
is_linear=0
shrinkage=0.08


Tree=152
num_leaves=31
num_cat=0
split_feature=1 1 2 3 3 1 1 1 1 1 1 1 3 1 1 3 2 1 1 3 1 1 1 1 2 2 2 1 1 1
split_gain=0.012609 0.0252551 0.0215669 0.0367761 0.0282641 0.0170557 0.0892577 0.0822497 0.0569475 0.0853621 0.0646274 0.0598194 0.0594632 0.0580959 0.0447192 0.115155 0.0343761 0.0317278 0.0440023 0.0174994 0.0586299 0.0752041 0.0688291 0.045224 0.128162 0.119068 0.045371 0.127468 0.0876029 0.0821564
threshold=1.9158399701118471 2.7389349937438969 1.0000000180025095e-35 1.5000000000000002 1.0000000180025095e-35 0.10285500064492227 0.12179499864578248 0.14018500596284869 0.26861500740051275 0.23238000273704532 0.21329500526189807 0.19507999718189242 1.0000000180025095e-35 0.28750500082969671 0.065930001437664046 1.0000000180025095e-35 1.0000000180025095e-35 0.30545499920845037 0.34208999574184423 1.5000000000000002 0.67176499962806713 0.73100998997688305 0.61321499943733226 0.80408501625061046 1.5000000000000002 1.5000000000000002 1.0000000180025095e-35 0.41523499786853796 0.37761999666690832 0.53630501031875621
decision_type=2 2 2 2 2 2 2 2 2 2 2 2 2 2 2 2 2 2 2 2 2 2 2 2 2 2 2 2 2 2
left_child=5 2 4 -4 -2 14 -7 -8 9 10 11 12 -9 -10 -1 -16 -11 -15 -19 23 22 -22 -21 24 26 -25 28 -28 -20 -29
right_child=1 -3 3 -5 -6 6 7 8 13 16 -12 -13 -14 17 15 -17 -18 18 19 20 21 -23 -24 25 -26 -27 27 29 -30 -31
leaf_value=-1.0350126124564915e-06 0.00026624365414224443 -0.00023039424625436353 2.1897569606469285e-05 0.00054826933450089019 -0.00020119460606011035 -0.00068496813811189951 0.00058070930766215899 -0.00045054072289241127 0.00050626990491096024 -0.00028786186992101536 0.00042192970687238916 -0.00066187177496233385 0.0001837594027098699 -0.00040242467461720419 0.00099941524387270786 -7.6032450797043744e-05 -0.00085898025623691414 0.00029375273199971268 -0.00080459087664290507 -7.9143565787209121e-06 -0.00078104513736232005 -0.00012397865192441385 0.00066888238976600071 4.1736485070923453e-06 -0.00060253616356584184 0.00052797941840824428 0.00086130080232069562 -0.00041712008265850568 -4.9752898775597946e-05 0.00018921046420325373
leaf_weight=69192 1475 1359 1670 1729 1887 1355 1386 1480 1328 1221 1350 1334 2621 1417 1024 1687 1507 2752 1074 5697 1204 15050 1157 25898 2747 3111 1281 2143 11741 4300
leaf_count=69192 1475 1359 1670 1729 1887 1355 1386 1480 1328 1221 1350 1334 2621 1417 1024 1687 1507 2752 1074 5697 1204 15050 1157 25898 2747 3111 1281 2143 11741 4300
internal_value=-1.30298e-05 8.42951e-05 0.000147549 0.000289652 3.88316e-06 -1.78177e-05 -4.0411e-05 -3.08971e-05 -4.02728e-05 -0.000225424 -7.34707e-05 -0.000196523 -4.51516e-05 -1.85009e-05 1.14532e-05 0.000330186 -0.000603359 -2.72589e-05 -2.04569e-05 -3.19247e-05 -8.99017e-05 -0.00017265 0.000106333 -6.30596e-06 -8.93414e-05 6.03479e-05 -2.07039e-05 0.00013245 -0.000113014 -1.24606e-05
internal_weight=173177 8120 6761 3399 3362 165057 93154 91799 90413 9513 6785 5435 4101 80900 71903 2711 2728 79572 78155 75403 23108 16254 6854 52295 23286 29009 20539 7724 12815 6443
internal_count=173177 8120 6761 3399 3362 165057 93154 91799 90413 9513 6785 5435 4101 80900 71903 2711 2728 79572 78155 75403 23108 16254 6854 52295 23286 29009 20539 7724 12815 6443
is_linear=0
shrinkage=0.08


Tree=153
num_leaves=31
num_cat=0
split_feature=0 2 1 0 1 2 1 0 0 1 2 1 1 1 1 1 1 0 1 1 0 0 0 1 0 0 1 2 1 1
split_gain=0.0491767 0.0845856 0.133595 0.208895 0.140293 0.08113 0.406042 0.0542808 0.0640961 0.16162 0.301935 0.129671 0.205289 0.0674192 0.0925648 0.121587 0.128165 0.0576172 0.055176 0.0975297 0.136716 0.126873 0.120909 0.0954626 0.064116 0.0524359 0.0919324 0.0598087 0.0765899 0.0500662
threshold=2.3590450286865239 2.5000000000000004 -0.58542999625205983 1.9664199948310854 0.32445999979972845 2.5000000000000004 0.74057999253273021 2.6924350261688237 2.539950013160706 -0.32600499689579004 1.5000000000000002 0.59399500489234935 0.18585500121116641 -0.58542999625205983 -0.21344000101089475 0.065930001437664046 0.38706000149250036 2.7333650588989262 -0.64735502004623402 0.084465000778436675 3.0499399900436406 2.89330005645752 3.2356851100921635 0.22324000298976901 2.832994937896729 2.9089949131011967 0.97232499718666088 1.5000000000000002 0.9266449809074403 1.1700899600982668
decision_type=2 2 2 2 2 2 2 2 2 2 2 2 2 2 2 2 2 2 2 2 2 2 2 2 2 2 2 2 2 2
left_child=1 29 -3 4 -4 7 -7 8 13 -10 11 12 -11 -2 -15 -16 -17 -9 -19 20 21 -20 -22 -21 -25 26 -26 -27 -29 -1
right_child=5 2 3 -5 -6 6 -8 17 9 10 -12 -13 -14 14 15 16 -18 18 19 23 22 -23 -24 24 25 27 -28 28 -30 -31
leaf_value=-2.8412089230357768e-05 -0.00063219979851679236 0.0010706266337855768 -0.00077425974848059317 0.0010048131202656371 0.00041967379444541957 -0.0012232325650172872 0.00065199798984996737 0.00040801446459183869 0.00050963381611624783 3.8593565329502125e-05 -0.0017182025169397298 6.4645286345581349e-05 -0.0014763308320191247 0.00073526585458107 -0.00085004343697247381 0.00071641495217874608 -0.00011878744937756878 0.00038068781109990051 -0.00042142016717448968 0.00058477515225556628 -0.0014305383631888382 0.00072122159256588186 -0.00037132652131464911 -0.00037353063324561909 0.00090654258973913522 3.4989067459416918e-05 -0.00012004720909908149 -0.00077740311756130907 -6.5906183441909844e-06 0.00013934941565111879
leaf_weight=97182 1117 1184 1572 1131 1051 1872 1221 2024 1189 1139 1093 3220 1151 1044 1093 1488 5606 1970 1400 1717 1001 1119 2218 3085 1095 17438 1139 1430 1950 12896
leaf_count=97182 1117 1184 1572 1131 1051 1872 1221 2024 1189 1139 1093 3220 1151 1044 1093 1488 5606 1970 1400 1717 1001 1119 2218 3085 1095 17438 1139 1430 1950 12896
internal_value=-2.46562e-05 5.77235e-06 0.000329689 9.60001e-05 -0.000295867 -8.41567e-05 -0.000482962 -6.20216e-05 -0.000175674 -0.000348971 -0.00050358 -0.000262639 -0.000722838 -4.51821e-05 2.58502e-05 -6.4614e-05 5.64002e-05 -7.16989e-06 -3.08e-05 -5.49316e-05 -0.000355265 8.61686e-05 -0.000700706 6.93791e-06 -3.10216e-05 1.48157e-05 0.000383138 -2.47093e-05 -0.000332704 -8.75828e-06
internal_weight=173835 115016 4938 3754 2623 58819 3093 55726 18140 7792 6603 5510 2290 10348 9231 8187 7094 37586 35562 33592 5738 2519 3219 27854 26137 23052 2234 20818 3380 110078
internal_count=173835 115016 4938 3754 2623 58819 3093 55726 18140 7792 6603 5510 2290 10348 9231 8187 7094 37586 35562 33592 5738 2519 3219 27854 26137 23052 2234 20818 3380 110078
is_linear=0
shrinkage=0.08


Tree=154
num_leaves=31
num_cat=0
split_feature=1 2 0 1 2 0 0 0 0 1 1 2 1 0 1 0 0 0 1 0 0 2 0 0 1 0 0 0 0 1
split_gain=0.0205815 0.0952662 0.17209 0.0787895 0.070234 0.115098 0.230141 0.0799062 0.140474 0.117059 0.0435767 0.134284 0.0726107 0.0655031 0.0435359 0.0480089 0.189444 0.0847557 0.0463656 0.0549629 0.0498974 0.0651691 0.0476069 0.0430411 0.0975545 0.119402 0.101557 0.099256 0.0935394 0.0856998
threshold=0.73100998997688305 2.5000000000000004 2.4932849407196049 0.57501000165939342 1.0000000180025095e-35 2.7333650588989262 2.0632350444793706 2.0537650585174565 2.7885200977325444 0.66246500611305248 0.53630501031875621 1.0000000180025095e-35 0.50894001126289379 2.0439050197601323 1.3632000088691714 2.6155350208282475 2.528845071792603 2.7606199979782109 0.78211501240730297 1.6692450046539309 2.2329449653625493 1.0000000180025095e-35 2.1525099277496342 1.6585550308227541 -0.49901999533176417 3.2356851100921635 3.7283149957656865 3.2603299617767338 3.0695700645446782 -0.057725001126527779
decision_type=2 2 2 2 2 2 2 2 2 2 2 2 2 2 2 2 2 2 2 2 2 2 2 2 2 2 2 2 2 2
left_child=3 14 -3 10 5 6 -5 9 -9 -6 12 -12 23 -14 15 16 18 -17 19 -2 22 -22 -20 29 27 28 -27 -25 -26 -1
right_child=1 2 -4 4 7 -7 -8 8 -10 -11 11 -13 13 -15 -16 17 -18 -19 20 -21 21 -23 -24 24 25 26 -28 -29 -30 -31
leaf_value=1.7978426202504207e-05 0.00013235455542160855 -0.00018439332746906367 0.001235877412588564 -0.00024766172124057273 -0.00055412282787649153 -0.00070442204146521094 0.0010498711359168201 -0.0011796635712752169 -7.6312730517421481e-05 0.00047502151574622373 -0.00028884458794595886 0.00082455495946553786 -3.3937514497299071e-05 -0.00093816307944339782 -7.3948346314729868e-05 0.00071355179922920689 -0.0010088200632869433 0.00010982820405079202 0.0001268669232501803 -0.00066916895333043373 -0.00052552135897713018 0.0001645044705423895 0.0006836390893177112 -0.00020344396971202301 0.00013107038828982114 -0.00055950493056473058 0.00022802146294371672 0.00060811579657833953 0.00072455635204343185 -0.000206238851133538
leaf_weight=33017 1046 1053 1134 2531 1661 1171 1337 1715 1297 1232 1292 1496 1032 1019 21732 1794 1120 8732 13507 1149 1694 1814 1060 12238 32972 2897 1642 1047 1792 16294
leaf_count=33017 1046 1053 1134 2531 1661 1171 1337 1715 1297 1232 1292 1496 1032 1019 21732 1794 1120 8732 13507 1149 1694 1814 1060 12238 32972 2897 1642 1047 1792 16294
internal_value=-5.51402e-06 3.44859e-05 0.000552043 -2.44923e-05 -0.00022892 -9.53211e-06 0.000200839 -0.000416134 -0.000704549 -0.000115856 -3.53195e-06 0.000308589 -1.19032e-05 -0.000483185 1.33873e-05 7.28552e-05 4.026e-06 0.000212724 5.99899e-05 -0.000287213 0.000102154 -0.000168706 0.000167382 -2.41738e-06 4.79298e-05 0.000111279 -0.000274614 -0.000139484 0.000161663 -5.61104e-05
internal_weight=173517 55835 2187 117682 10944 5039 3868 5905 3012 2893 106738 2788 103950 2051 53648 31916 21390 10526 20270 2195 18075 3508 14567 101899 52588 39303 4539 13285 34764 49311
internal_count=173517 55835 2187 117682 10944 5039 3868 5905 3012 2893 106738 2788 103950 2051 53648 31916 21390 10526 20270 2195 18075 3508 14567 101899 52588 39303 4539 13285 34764 49311
is_linear=0
shrinkage=0.08


Tree=155
num_leaves=31
num_cat=0
split_feature=0 0 0 0 3 1 1 1 1 1 0 1 1 1 3 0 1 0 1 0 1 0 1 1 0 3 1 1 1 0
split_gain=0.020934 0.0915687 0.080791 0.0486874 0.0497735 0.252779 0.299661 0.142761 0.135256 0.139696 0.11018 0.0941131 0.0454695 0.0433034 0.178941 0.233272 0.289062 0.110531 0.151279 0.194862 0.200513 0.154384 0.126917 0.118544 0.100107 0.0974118 0.0870011 0.118403 0.130402 0.122607
threshold=1.4368649721145632 1.4694550037384035 1.3927350044250491 1.3586100339889529 1.5000000000000002 -0.80007001757621754 1.0718550086021426 0.074754998087883009 1.3811399936676028 -0.90105998516082753 0.81233498454093944 -0.10785499960184096 0.38706000149250036 0.78211501240730297 1.5000000000000002 3.5231649875640874 -0.71177497506141651 1.7782750129699709 -0.17015499621629712 1.906114995479584 0.11228000000119211 2.4362699985504155 0.36897499859333044 0.53630501031875621 2.2747850418090825 1.0000000180025095e-35 -0.81958499550819386 0.21329500526189807 0.18585500121116641 3.1482000350952153
decision_type=2 2 2 2 2 2 2 2 2 2 2 2 2 2 2 2 2 2 2 2 2 2 2 2 2 2 2 2 2 2
left_child=2 -2 3 4 8 -6 7 11 9 -1 12 -7 -9 14 26 16 -16 -18 24 -20 21 -21 -22 -24 -19 -15 -3 28 -28 -29
right_child=1 13 -4 -5 5 6 -8 10 -10 -11 -12 -13 -14 25 15 -17 17 18 19 20 22 -23 23 -25 -26 -27 27 29 -30 -31
leaf_value=-0.00029623730719178501 0.00054113648865285202 0.0002463775778588667 -0.00047232484132254824 0.00035967241791547784 0.00044305660215741984 -0.00035452620726184069 0.00062159484291445248 -0.00076525736775413789 -0.00088812498011075873 0.000137164645676196 -0.0010437925354728351 0.00040327650327767425 -7.9676476347609795e-05 9.6757553073516519e-05 -0.00043691481763793679 -0.00092296825103660126 6.1071217616348442e-05 0.00057682376207809796 0.0014124305047317149 0.00026779896542882057 0.00098943855361307252 -0.0011180369806502504 -0.00032944205432050647 0.0005930950408991174 0.0014916133511312171 -0.00015197885202594073 -0.0001479113372756908 -1.4512493343418849e-05 -0.0010659374225639401 0.00050591947722215976
leaf_weight=5969 2040 6207 2757 1996 3622 4596 1911 1016 1019 23494 3299 1359 1585 15724 2804 1035 3675 1488 1064 1037 2137 1021 1512 2172 1577 28056 26309 18444 1029 3437
leaf_count=5969 2040 6207 2757 1996 3622 4596 1911 1016 1019 23494 3299 1359 1585 15724 2804 1035 3675 1488 1064 1037 2137 1021 1512 2172 1577 28056 26309 18444 1029 3437
internal_value=-8.64631e-06 9.70279e-06 -5.07569e-05 -2.74491e-05 -4.35907e-05 -0.000151598 -0.000308059 -0.000457917 1.80207e-05 4.93604e-05 -0.000736824 -0.000181587 -0.000347477 5.71626e-07 3.74976e-05 0.000245783 0.000311216 0.000444976 0.000562469 0.000396235 0.000259006 -0.000419732 0.000498972 0.000214464 0.0010475 -6.26428e-05 -3.58642e-05 -7.14576e-05 -0.000182466 6.72354e-05
internal_weight=173391 120768 52623 49866 47870 17388 13766 11855 30482 29463 5900 5955 2601 118728 74948 19522 18487 15683 12008 8943 7879 2058 5821 3684 3065 43780 55426 49219 27338 21881
internal_count=173391 120768 52623 49866 47870 17388 13766 11855 30482 29463 5900 5955 2601 118728 74948 19522 18487 15683 12008 8943 7879 2058 5821 3684 3065 43780 55426 49219 27338 21881
is_linear=0
shrinkage=0.08


end of trees

feature_importances:
PlateLocSide=1899
PlateLocHeight=1616
Balls=624
Strikes=541

parameters:
[boosting: gbdt]
[objective: regression]
[metric: l2]
[tree_learner: serial]
[device_type: cpu]
[data_sample_strategy: bagging]
[data: ]
[valid: ]
[num_iterations: 600]
[learning_rate: 0.08]
[num_leaves: 31]
[num_threads: 0]
[seed: 17]
[deterministic: 0]
[force_col_wise: 0]
[force_row_wise: 0]
[histogram_pool_size: -1]
[max_depth: -1]
[min_data_in_leaf: 1000]
[min_sum_hessian_in_leaf: 0.001]
[bagging_fraction: 0.8]
[pos_bagging_fraction: 1]
[neg_bagging_fraction: 1]
[bagging_freq: 1]
[bagging_seed: 26602]
[bagging_by_query: 0]
[feature_fraction: 0.8]
[feature_fraction_bynode: 1]
[feature_fraction_seed: 18297]
[extra_trees: 0]
[extra_seed: 13015]
[early_stopping_round: 0]
[early_stopping_min_delta: 0]
[first_metric_only: 0]
[max_delta_step: 0]
[lambda_l1: 0]
[lambda_l2: 0]
[linear_lambda: 0]
[min_gain_to_split: 0]
[drop_rate: 0.1]
[max_drop: 50]
[skip_drop: 0.5]
[xgboost_dart_mode: 0]
[uniform_drop: 0]
[drop_seed: 30017]
[top_rate: 0.2]
[other_rate: 0.1]
[min_data_per_group: 100]
[max_cat_threshold: 32]
[cat_l2: 10]
[cat_smooth: 10]
[max_cat_to_onehot: 4]
[top_k: 20]
[monotone_constraints: ]
[monotone_constraints_method: basic]
[monotone_penalty: 0]
[feature_contri: ]
[forcedsplits_filename: ]
[refit_decay_rate: 0.9]
[cegb_tradeoff: 1]
[cegb_penalty_split: 0]
[cegb_penalty_feature_lazy: ]
[cegb_penalty_feature_coupled: ]
[path_smooth: 0]
[interaction_constraints: ]
[verbosity: -1]
[saved_feature_importance_type: 0]
[use_quantized_grad: 0]
[num_grad_quant_bins: 4]
[quant_train_renew_leaf: 0]
[stochastic_rounding: 1]
[linear_tree: 0]
[max_bin: 255]
[max_bin_by_feature: ]
[min_data_in_bin: 3]
[bin_construct_sample_cnt: 200000]
[data_random_seed: 94]
[is_enable_sparse: 1]
[enable_bundle: 1]
[use_missing: 1]
[zero_as_missing: 0]
[feature_pre_filter: 1]
[pre_partition: 0]
[two_round: 0]
[header: 0]
[label_column: ]
[weight_column: ]
[group_column: ]
[ignore_column: ]
[categorical_feature: ]
[forcedbins_filename: ]
[precise_float_parser: 0]
[parser_config_file: ]
[objective_seed: 20363]
[num_class: 1]
[is_unbalance: 0]
[scale_pos_weight: 1]
[sigmoid: 1]
[boost_from_average: 1]
[reg_sqrt: 0]
[alpha: 0.9]
[fair_c: 1]
[poisson_max_delta_step: 0.7]
[tweedie_variance_power: 1.5]
[lambdarank_truncation_level: 30]
[lambdarank_norm: 1]
[label_gain: ]
[lambdarank_position_bias_regularization: 0]
[eval_at: ]
[multi_error_top_k: 1]
[auc_mu_weights: ]
[num_machines: 1]
[local_listen_port: 12400]
[time_out: 120]
[machine_list_filename: ]
[machines: ]
[gpu_platform_id: -1]
[gpu_device_id: -1]
[gpu_use_dp: 0]
[num_gpu: 1]

end of parameters

pandas_categorical:[]
