tree
version=v4
num_class=1
num_tree_per_iteration=1
label_index=0
max_feature_idx=3
objective=regression
feature_names=PlateLocHeight PlateLocSide Balls Strikes
feature_infos=[-3.1239199638366699:7.382199764251709] [-4.9393401145935059:4.5907602310180664] [0:3] [0:2]
tree_sizes=3065 3062 3084 3086 3099 3064 3067 3108 3102 3102 3067 3071 3076 3089 3103 3096 3087 3106 3087 3086 3082 3101 3103 3106 3131 3113 3126 3121 3108 3110 3127 3108 3125 3114 3142 3118 3117 3110 3113 3122 3118 3118 3148 3109 3108 3118 3109 3128 3157 3105 3138 3123 3124 3136 3131 3162 3164 3171 3108 3131 3136 3132 3172 3144 3152 3182 3149 3171 3116 3126 3158 3170 3128 3187 3127 3125 3137 3165 3172 3122 3129 3124 3158 3158 3132 3125 3128 3123 3144 3146 3141 3135

Tree=0
num_leaves=31
num_cat=0
split_feature=0 0 2 2 2 3 0 3 0 3 0 0 0 0 3 0 0 3 0 0 2 0 0 0 2 0 2 2 2 3
split_gain=23.9214 22.2838 3.99939 3.34525 3.12367 2.69695 2.00044 2.78803 1.6375 2.35891 1.30751 1.09195 1.07572 1.06093 0.646115 0.872867 0.518967 0.419217 0.642925 0.502169 0.44937 0.384718 0.380457 0.338636 0.324139 0.306712 0.260092 0.232206 0.225595 0.212443
threshold=3.569620013237 0.99671500921249401 2.5000000000000004 1.5000000000000002 1.5000000000000002 1.5000000000000002 1.3457700014114382 1.5000000000000002 2.0093950033187871 1.5000000000000002 2.8602550029754643 3.4494600296020512 2.8712649345397954 1.6408250331878664 1.5000000000000002 1.5576950311660769 3.8328099250793461 1.0000000180025095e-35 2.2829749584198002 2.6407749652862553 1.0000000180025095e-35 3.3461849689483647 2.2465050220489506 0.61570999026298534 1.0000000180025095e-35 1.8652900457382204 1.5000000000000002 1.0000000180025095e-35 1.0000000180025095e-35 1.0000000180025095e-35
decision_type=2 2 2 2 2 2 2 2 2 2 2 2 2 2 2 2 2 2 2 2 2 2 2 2 2 2 2 2 2 2
left_child=1 4 6 16 5 23 7 29 14 11 22 12 17 -4 15 -8 -2 26 24 20 -20 -14 -11 -1 -19 -16 -10 -17 -18 -3
right_child=3 2 13 -5 -6 -7 8 -9 9 10 -12 -13 21 -15 25 27 28 18 19 -21 -22 -23 -24 -25 -26 -27 -28 -29 -30 -31
leaf_value=0.0030024594990886149 0.0014224176980929763 0.00095337452479197626 -0.0016316298269803346 0.0063666613562225385 0.0050513106930830266 -0.0012132965613737632 -0.00123035689504656 -0.0034289905985367404 -0.0018183708119395227 -0.00067608021592156342 -0.001838322557553629 0.00038151775712396839 -0.0028187988925431669 -0.0044781002166049463 -0.0036746407454760067 -0.0022414777536285397 0.0024883531925389097 -0.0011923944942336755 0.00079940433828741011 -0.0017314270379365404 -0.00092046906740942118 -0.0013664257680160263 0.0007575985552106593 0.0017589337685721502 -0.002780233933415201 -0.0020938753721675019 -0.0030224915689848722 -0.0029594272394103914 0.0038412621805332383 -9.9691903003512844e-05
leaf_weight=2685 2220 2954 1030 1766 2005 1789 4283 1483 13709 1691 2605 1346 8920 4496 3352 6376 2090 1395 1619 2215 2434 1343 3956 2932 2006 1026 1253 5263 1267 2096
leaf_count=2685 2220 2954 1030 1766 2005 1789 4283 1483 13709 1691 2605 1346 8920 4496 3352 6376 2090 1395 1619 2215 2434 1343 3956 2932 2006 1026 1253 5263 1267 2096
internal_value=-0.00105109 -0.00142422 -0.00187417 0.00333227 0.00225014 0.00149179 -0.00171353 -0.000379287 -0.00184806 -0.0015764 -0.000355674 -0.00185437 -0.00194062 -0.00394754 -0.00244347 -0.0022068 0.0023714 -0.00165389 -0.00124334 -0.000762811 -0.000233453 -0.00262874 0.000328282 0.00235336 -0.00212894 -0.00330418 -0.00191921 -0.00256612 0.00299897 0.0005163
internal_weight=93605 86262 76851 7343 9411 7406 71325 6533 64792 44492 8252 36240 34894 5526 20300 15922 5577 24631 9669 6268 4053 10263 5647 5617 3401 4378 14962 11639 3357 5050
internal_count=93605 86262 76851 7343 9411 7406 71325 6533 64792 44492 8252 36240 34894 5526 20300 15922 5577 24631 9669 6268 4053 10263 5647 5617 3401 4378 14962 11639 3357 5050
is_linear=0
shrinkage=1


Tree=1
num_leaves=31
num_cat=0
split_feature=0 0 2 2 3 0 2 0 0 0 0 3 0 3 0 2 0 3 2 0 3 3 0 0 0 0 2 3 2 0
split_gain=20.4969 18.3307 5.14202 2.9061 3.2623 2.71497 2.691 1.09045 0.932594 0.904178 1.49636 2.67508 1.47512 1.34951 0.832887 0.720433 0.493171 0.472083 0.462653 0.417684 0.374724 0.284953 0.393407 0.316455 0.277038 0.567429 0.258646 0.24676 0.221314 0.254067
threshold=3.569620013237 1.1777099967002871 2.5000000000000004 1.5000000000000002 1.5000000000000002 0.65445998311042797 1.5000000000000002 3.4275699853897099 0.65445998311042797 2.8712649345397954 1.9998250007629397 1.5000000000000002 1.5576950311660769 1.5000000000000002 0.75656500458717357 1.5000000000000002 1.4170950055122378 1.0000000180025095e-35 1.0000000180025095e-35 3.969215035438538 1.0000000180025095e-35 1.5000000000000002 2.0282399654388432 2.6307749748229985 2.2921950817108159 2.5704250335693364 1.0000000180025095e-35 1.0000000180025095e-35 1.5000000000000002 2.2465050220489506
decision_type=2 2 2 2 2 2 2 2 2 2 2 2 2 2 2 2 2 2 2 2 2 2 2 2 2 2 2 2 2 2
left_child=1 3 7 4 14 -5 19 9 -6 10 12 15 13 16 26 17 -3 -12 -14 20 -2 -4 -23 -24 -19 -26 -1 -16 29 -13
right_child=6 2 21 5 8 -7 -8 -9 -10 -11 11 28 18 -15 27 -17 -18 24 -20 -21 -22 22 23 -25 25 -27 -28 -29 -30 -31
leaf_value=0.003051802544178416 0.0033266955994410729 0.00089829662272833302 -0.0024148927114354198 0.0080884428428122275 0.001018107540731701 0.0028285273960311757 0.0067716772557093134 0.0012235338398671929 -0.0022137982982866726 -0.0012959538955387051 -0.00064343718512455659 0.00078765334365802221 -0.001054588162132906 -0.0020329052018942203 0.0023712188974638134 -0.0016247404720606379 -0.00046326084061832246 -0.00048759906376970872 -0.0019634523260042762 0.0039718867693221268 0.0015214087631302104 -0.0048412016421169237 -0.0020853657702885223 -0.0039678776638675242 0.0013367269561874984 -0.00038943621913423366 0.0044866569167638102 0.0011084131065999534 0.00076330131955761851 0.0022364569871215659
leaf_weight=2336 1769 3970 1911 1014 1029 1650 1796 1990 1285 12306 13795 1148 6962 2024 2543 3345 2981 2864 7389 2506 1260 1149 1143 1143 2525 2356 1226 1622 2350 2382
leaf_count=2336 1769 3970 1911 1014 1029 1650 1796 1990 1285 12306 13795 1148 6962 2024 2543 3345 2981 2864 7389 2506 1260 1149 1143 1143 2525 2356 1226 1622 2350 2382
internal_value=1.95509e-05 -0.000324905 -0.000808502 0.00248163 0.00185842 0.00483061 0.00408094 -0.000621712 -0.00077662 -0.000677016 -0.000536205 -0.00016982 -0.00101943 -0.000214969 0.00264754 -0.000532439 0.00031438 -0.000362812 -0.00152254 0.00320785 0.00257573 -0.00319795 -0.00363359 -0.00302662 0.000137023 0.000503529 0.00354566 0.00187944 0.00136483 0.00176529
internal_weight=93769 86438 73733 12705 10041 2664 7331 68387 2314 66397 54091 30765 23326 8975 7727 24885 6951 21540 14351 5535 3029 5346 3435 2286 7745 4881 3562 4165 5880 3530
internal_count=93769 86438 73733 12705 10041 2664 7331 68387 2314 66397 54091 30765 23326 8975 7727 24885 6951 21540 14351 5535 3029 5346 3435 2286 7745 4881 3562 4165 5880 3530
is_linear=0
shrinkage=0.08


Tree=2
num_leaves=31
num_cat=0
split_feature=1 1 2 1 2 1 2 3 3 2 1 3 1 1 1 2 2 1 1 1 3 1 2 2 2 1 3 1 3 1
split_gain=29.9969 31.5872 5.07056 4.45102 4.42345 4.17455 3.53901 2.22729 2.06925 1.46138 1.05929 0.8912 1.90327 0.876878 0.868647 0.649239 0.576391 0.58534 0.534876 0.44397 0.428461 0.320961 0.361537 0.304076 0.295075 0.294195 0.674099 0.32881 0.29268 0.286375
threshold=-1.4655149579048155 1.0745299458503725 1.5000000000000002 -1.1869350075721739 1.5000000000000002 -0.46450500190258021 2.5000000000000004 1.5000000000000002 1.5000000000000002 1.5000000000000002 1.6118749976158144 1.5000000000000002 0.39812499284744268 0.95635500550270092 -0.054160000756382935 1.0000000180025095e-35 1.5000000000000002 0.184519998729229 -0.95285001397132862 -0.5858049988746642 1.0000000180025095e-35 -0.0737750008702278 1.0000000180025095e-35 1.0000000180025095e-35 1.5000000000000002 -1.0438700318336485 1.0000000180025095e-35 -0.62227499485015858 1.5000000000000002 -1.9378399848937986
decision_type=2 2 2 2 2 2 2 2 2 2 2 2 2 2 2 2 2 2 2 2 2 2 2 2 2 2 2 2 2 2
left_child=2 3 8 7 10 9 11 23 15 25 -3 13 14 16 -13 29 17 20 -11 28 21 22 -7 -2 -16 26 -5 -27 -20 -1
right_child=1 4 -4 5 -6 6 -8 -9 -10 18 -12 12 -14 -15 24 -17 -18 -19 19 -21 -22 -23 -24 -25 -26 27 -28 -29 -30 -31
leaf_value=0.0045689716654492944 0.0015228658455108844 0.0033688946298424793 0.0082097826569271382 0.00033596254756515796 0.0095542174607511875 -0.00042959418393680361 -0.0029648858636584126 -0.0013176375467825643 0.001212234357587207 -0.0016428608776995451 0.0063135112208878479 0.00025567855243244556 -0.0016415269073559234 0.0016744539101162684 0.0029815668187629764 0.0054688124330476073 -0.0014314493142024314 -0.00091263545240991841 -0.0030858594054799073 -0.0020699736269200412 0.00035066176421255115 7.4433174541586503e-05 -0.0016727754479385552 0.0028331231316149892 0.0012340879795502463 -0.0018744939899053245 -0.0019791276210075759 -0.0011086259299204369 -0.0045965761140233157 0.0031069417437080476
leaf_weight=1322 2627 2728 1746 1623 1340 4894 3666 1674 1990 1540 1096 2959 2098 1104 1515 1798 4776 12040 1613 1225 6138 4186 2157 1994 1045 12010 1597 5116 1671 2440
leaf_count=1322 2627 2728 1746 1623 1340 4894 3666 1674 1990 1540 1096 2959 2098 1104 1515 1798 4776 12040 1613 1225 6138 4186 2157 1994 1045 12010 1597 5116 1671 2440
internal_value=1.1317e-05 -0.000463568 0.00432451 -0.000858512 0.00559888 -0.00103458 -0.000579088 0.00118254 0.00342601 -0.00183837 0.00421285 -0.000375268 0.000409521 -0.000544633 0.00118921 0.00421835 -0.000616285 -0.00048393 -0.00293009 -0.00336972 -0.000186859 -0.000480469 -0.000809901 0.00208825 0.00226824 -0.0015138 -0.000812236 -0.00164571 -0.00385456 0.00362071
internal_weight=93728 84432 9296 79268 5164 72973 46578 6295 7550 26395 3824 42912 7617 35295 5519 5560 34191 29415 6049 4509 17375 11237 7051 4621 2560 20346 3220 17126 3284 3762
internal_count=93728 84432 9296 79268 5164 72973 46578 6295 7550 26395 3824 42912 7617 35295 5519 5560 34191 29415 6049 4509 17375 11237 7051 4621 2560 20346 3220 17126 3284 3762
is_linear=0
shrinkage=0.08


Tree=3
num_leaves=31
num_cat=0
split_feature=1 1 2 1 1 2 2 3 3 3 1 3 1 1 1 1 2 2 2 2 1 1 2 1 1 3 1 2 1 1
split_gain=25.3626 27.0658 4.59163 4.39009 3.74113 3.52181 2.17962 2.13694 1.70118 1.13626 1.33757 1.07216 1.15983 1.45573 0.938977 0.781546 0.685147 0.633297 0.563502 0.44315 0.434839 0.350531 0.325953 0.287769 0.275054 0.21427 0.192396 0.172522 0.159941 0.150907
threshold=-1.5061450004577634 1.0745299458503725 1.5000000000000002 -1.1869350075721739 -0.53332501649856556 1.5000000000000002 2.5000000000000004 1.5000000000000002 1.5000000000000002 1.5000000000000002 -1.0318499803543089 1.5000000000000002 0.39812499284744268 -0.054160000756382935 1.4518749713897707 0.95635500550270092 2.5000000000000004 1.0000000180025095e-35 1.0000000180025095e-35 1.5000000000000002 0.19483000040054324 -0.87771999835968006 1.0000000180025095e-35 0.184519998729229 -0.38856500387191767 1.0000000180025095e-35 -1.9378399848937986 1.5000000000000002 1.2281349897384646 0.073970001190900816
decision_type=2 2 2 2 2 2 2 2 2 2 2 2 2 2 2 2 2 2 2 2 2 2 2 2 2 2 2 2 2 2
left_child=2 3 8 7 9 14 11 22 17 10 -5 15 13 -13 28 18 21 26 23 -12 -15 -11 -2 25 -20 -6 -1 -23 -3 -8
right_child=1 5 -4 4 6 -7 29 -9 -10 16 19 12 -14 20 -16 -17 -18 -19 24 -21 -22 27 -24 -25 -26 -27 -28 -29 -30 -31
leaf_value=0.0041744840092221161 0.0014136754473388561 0.0021752054410812964 0.0080324300017099535 -5.1471309629815564e-05 -0.00035092323189075714 0.0087520138533666372 -0.0029268715296443151 -0.0011417635462402055 0.0012133191251355693 -0.0031755865528585816 -0.0016370777091765094 -8.4654110331066867e-05 -0.0012121600570155848 0.0032779562632470772 0.005411686866588967 0.0014695124993343287 -0.004647780829973666 0.0053083110312067572 -0.0018568847166890712 -0.0028828413439537549 0.0011565201151179821 -0.0012592550113088696 0.0026974342738633316 -0.00076224842668967609 -0.00088541872296189371 0.00039049841425164365 0.0029414267429409891 -0.0025923458952410335 0.0035485407031111854 -0.0019172368536097221
leaf_weight=1296 2938 1062 1582 3365 8630 1328 1883 1950 1895 1983 12216 3562 2113 1521 1643 1129 1037 1652 2139 2149 1042 1630 2224 7683 14576 3509 2159 1004 1110 1907
leaf_count=1296 2938 1062 1582 3365 8630 1328 1883 1950 1895 1983 12216 3562 2113 1521 1643 1129 1037 1652 2139 2149 1042 1630 2224 7683 14576 3509 2159 1004 1110 1907
internal_value=-5.17758e-06 -0.000422144 0.00413986 -0.000782963 -0.000967622 0.00520378 -0.000574972 0.00111446 0.00326039 -0.00180205 -0.00148714 -0.000422734 0.000403986 0.000961523 0.00396864 -0.000603548 -0.00278957 0.00401997 -0.000667606 -0.00182344 0.00241548 -0.00237221 0.00196677 -0.000379102 -0.00100974 -0.000136602 0.00340396 -0.00176739 0.00287705 -0.00241886
internal_weight=93917 85333 8584 80190 73078 5143 49694 7112 7002 23384 17730 45904 8238 6125 3815 37666 5654 5107 36537 14365 2563 4617 5162 19822 16715 12139 3455 2634 2172 3790
internal_count=93917 85333 8584 80190 73078 5143 49694 7112 7002 23384 17730 45904 8238 6125 3815 37666 5654 5107 36537 14365 2563 4617 5162 19822 16715 12139 3455 2634 2172 3790
is_linear=0
shrinkage=0.08


Tree=4
num_leaves=31
num_cat=0
split_feature=1 1 2 2 2 3 1 1 1 1 1 3 1 1 3 2 1 1 2 3 1 1 2 1 1 1 3 1 1 1
split_gain=21.5874 23.0642 3.36121 3.15558 2.94666 2.1702 2.00091 1.82649 1.86515 1.41147 0.769851 0.727982 0.951122 0.689523 0.661044 0.635207 0.560548 0.55394 0.49945 0.482117 0.444587 0.377678 0.312113 0.356445 0.307678 0.294443 0.458815 0.769538 0.27313 0.259574
threshold=-1.3556099534034727 1.0745299458503725 1.5000000000000002 1.5000000000000002 2.5000000000000004 1.5000000000000002 -1.6553900241851804 -0.48191000521183008 -1.1869350075721739 -1.7420299649238584 1.5223500132560732 1.0000000180025095e-35 0.40980999171733862 -1.6014499664306638 1.0000000180025095e-35 1.5000000000000002 -0.77857500314712513 0.83859500288963329 1.0000000180025095e-35 1.5000000000000002 -0.03556500002741813 -0.28346998989582056 1.0000000180025095e-35 0.16313999891281131 0.88394001126289379 -0.62227499485015858 1.5000000000000002 -1.0438700318336485 -0.38856500387191767 -0.84718501567840565
decision_type=2 2 2 2 2 2 2 2 2 2 2 2 2 2 2 2 2 2 2 2 2 2 2 2 2 2 2 2 2 2
left_child=2 4 5 10 7 13 -4 8 14 -7 -3 17 19 18 -2 25 -6 22 -1 28 -21 -18 23 -9 -14 26 27 -10 -13 -28
right_child=1 3 6 -5 16 9 -8 11 15 -11 -12 12 24 -15 -16 -17 21 -19 -20 20 -22 -23 -24 -25 -26 -27 29 -29 -30 -31
leaf_value=0.0033584162403633034 0.0016446568679802562 0.0027138671331817322 0.0084564994462666705 0.0080986726762792768 -0.00089236075360150566 0.0024473007306004542 0.0035859858370024429 -0.00018384930519252778 7.4018791616978587e-07 -0.0014608434422190575 0.0050794878743378518 -0.0011331121304205486 -0.0011832991501241799 0.0023300527312259431 -0.00045916717615589761 -0.0023219954601419075 -0.0039871156166507429 0.00079456373612035291 0.0052267654069206295 0.00027960164597020829 0.00169551162858572 -0.0024350174925661305 -0.0011769784918419018 -0.0010337366809875016 0.00028833379527626882 -0.00067185585497942413 -0.0031304922532300284 -0.0015347849819739279 0.00013785234160612739 -0.0014598043259059397
leaf_weight=2803 1701 2429 1119 1329 1050 1195 1043 7764 2641 1171 1381 1232 4555 2715 2182 4195 1491 1568 1360 3241 2525 3068 7495 5324 1136 4531 1388 9990 8896 1042
leaf_count=2803 1701 2429 1119 1329 1050 1195 1043 7764 2641 1171 1381 1232 4555 2715 2182 4195 1491 1568 1360 3241 2525 3068 7495 5324 1136 4531 1388 9990 8896 1042
internal_value=5.82672e-06 -0.000446964 0.00326714 0.00474215 -0.000793219 0.00260299 0.00610685 -0.00065453 -0.00116321 0.00051305 0.00357133 -0.000332707 -2.07016e-06 0.00332192 0.000462441 -0.00142858 -0.00255882 -0.000654896 0.00396878 0.000315698 0.000899645 -0.00294262 -0.000765315 -0.000529571 -0.000889541 -0.00123729 -0.0014074 -0.00121372 -1.67516e-05 -0.00241409
internal_weight=93560 82154 11406 5139 77015 9244 2162 71406 27670 2366 3810 43736 21585 6878 3883 23787 5609 22151 4163 15894 5766 4559 20583 13088 5691 19592 15061 12631 10128 2430
internal_count=93560 82154 11406 5139 77015 9244 2162 71406 27670 2366 3810 43736 21585 6878 3883 23787 5609 22151 4163 15894 5766 4559 20583 13088 5691 19592 15061 12631 10128 2430
is_linear=0
shrinkage=0.08


Tree=5
num_leaves=31
num_cat=0
split_feature=1 0 1 0 2 2 1 1 2 0 1 0 0 1 0 1 2 2 2 0 1 0 0 1 0 0 0 0 1 1
split_gain=18.4119 19.3831 12.4195 10.4729 4.11065 2.73345 2.37002 2.50659 2.26783 2.24848 2.1231 3.70965 1.78806 1.55692 1.37039 1.12913 1.0831 0.966646 0.819637 0.730395 0.676292 0.466939 0.503005 0.407783 0.397542 0.431463 0.378366 0.614259 0.408366 0.358623
threshold=-1.4269599914550779 3.6280899047851567 1.1460549831390383 1.1777099967002871 2.5000000000000004 1.5000000000000002 -0.49031500518321985 -1.1869350075721739 1.5000000000000002 2.8712649345397954 0.4229200035333634 1.9138749837875368 0.65445998311042797 0.79611498117446911 3.2698099613189702 -1.7748300433158872 1.0000000180025095e-35 1.5000000000000002 1.0000000180025095e-35 1.6524000167846682 0.77685999870300304 3.4494600296020512 3.0655400753021245 0.17292000353336337 2.7589149475097661 2.0461800098419194 2.1820600032806401 2.68309497833252 -0.24894500523805616 0.055105000734329231
decision_type=2 2 2 2 2 2 2 2 2 2 2 2 2 2 2 2 2 2 2 2 2 2 2 2 2 2 2 2 2 2
left_child=5 2 3 12 6 15 7 -5 20 10 11 23 18 21 17 -1 -4 19 -2 -9 -3 22 -11 -8 25 -6 28 -28 -13 -30
right_child=1 8 16 4 24 -7 9 14 -10 13 -12 26 -14 -15 -16 -17 -18 -19 -20 -21 -22 -23 -24 -25 -26 -27 27 -29 29 -31
leaf_value=0.0035684742487012118 0.0016991943650162332 0.0023165719126537984 0.002420713651308316 4.7559486994454491e-05 -0.0040740795357487956 0.0059973153148516487 -0.0018089579159646459 -0.00099471958982779991 0.0063934999729223273 -0.0016143560393064901 -0.0016407778409711872 -0.0011183686447755914 0.00072327262515991695 0.0008569933352739925 0.00068410179458261867 0.0016857221441078376 0.005348704007088069 -0.003600250360142465 0.0042321479150317972 -0.0023597965934544439 0.0043598143875377996 -0.00082161689213001846 -0.0029815350235987675 -0.00024244877937267104 -0.0047501702483852418 -0.0022914569933822479 0.001375972990543805 -7.6959243113719416e-05 0.0015221551058899494 -0.00032246711223043122
leaf_weight=3950 1540 3440 1443 3934 1634 1857 5561 3211 1607 2865 6529 1224 6023 1238 1017 4213 1839 3177 1743 11467 1484 1364 4318 1315 1333 1856 7597 2467 1415 1289
leaf_count=3950 1540 3440 1443 3934 1634 1857 5561 3211 1607 2865 6529 1224 6023 1238 1017 4213 1839 3177 1743 11467 1484 1364 4318 1315 1333 1856 7597 2467 1415 1289
internal_value=-1.42806e-05 -0.00040124 -0.000754395 -0.000967643 -0.00132799 0.00322699 -0.00114734 -0.0017894 0.003784 -0.000753523 -0.000381734 1.21851e-05 0.00154198 -0.00179449 -0.00217232 0.00259677 0.00406135 -0.00233502 0.00304398 -0.00206117 0.00293237 -0.00217855 -0.00243622 -0.00150937 -0.00357495 -0.00312607 0.000759914 0.00101981 9.40189e-05 0.000642822
internal_weight=93950 83930 77399 74117 64811 10020 59988 22806 6531 37182 27397 20868 9306 9785 18872 8163 3282 17855 3283 14678 4924 8547 7183 6876 4823 3490 13992 10064 3928 2704
internal_count=93950 83930 77399 74117 64811 10020 59988 22806 6531 37182 27397 20868 9306 9785 18872 8163 3282 17855 3283 14678 4924 8547 7183 6876 4823 3490 13992 10064 3928 2704
is_linear=0
shrinkage=0.08


Tree=6
num_leaves=31
num_cat=0
split_feature=1 0 1 0 1 3 0 1 1 0 0 3 1 1 0 1 3 1 1 3 1 0 0 3 0 1 0 1 3 0
split_gain=15.7815 16.0446 9.47441 9.3104 3.05333 2.35727 2.00726 1.90089 3.18236 3.08264 3.24226 3.71789 4.54798 1.85834 1.68011 1.33369 1.22389 1.20999 1.19 1.09134 0.81659 0.680852 0.554956 0.923824 0.531739 0.465712 0.449876 0.431859 0.401618 0.391708
threshold=-1.4269599914550779 3.4494600296020512 1.1460549831390383 1.2655949592590334 0.77685999870300304 1.5000000000000002 3.969215035438538 -0.54267999529838551 -1.1869350075721739 2.9079399108886723 1.989735007286072 1.5000000000000002 0.39812499284744268 -1.7420299649238584 0.65445998311042797 0.30321998894214636 1.5000000000000002 -0.52421498298645008 0.77685999870300304 1.5000000000000002 -0.092335000634193407 0.94961500167846691 1.6524000167846682 1.0000000180025095e-35 2.920819997787476 1.2743349671363833 3.6580350399017338 -0.12790000438690183 1.0000000180025095e-35 2.2554650306701665
decision_type=2 2 2 2 2 2 2 2 2 2 2 2 2 2 2 2 2 2 2 2 2 2 2 2 2 2 2 2 2 2
left_child=13 2 3 5 6 21 17 8 19 10 27 15 20 -1 -7 28 -15 -3 -11 -5 -13 -2 23 -10 -24 -6 -19 -9 -12 -30
right_child=1 4 -4 7 25 14 -8 9 22 18 11 12 -14 16 -16 -17 -18 26 -20 -21 -22 -23 24 -25 -26 -27 -28 -29 29 -31
leaf_value=0.0040469653320287218 0.0026515855176062774 0.0033709444831800097 0.0036737410247819598 0.00094332450248212649 0.0042298031328414859 0.0019053004179362613 0.0039917882179822959 -0.0023491986441945816 6.7116727222784933e-05 -0.0027223601831762342 -0.00048234490298409402 0.0024417421894809923 -0.0022058812776863017 0.0027046654608255359 -0.0020960206464191965 -0.0016298803941657144 -7.515865656549811e-05 -0.00068881985625880899 0.00010853831073455003 -0.0020756900943176872 0.0050645115890598624 0.0011451725252548421 -0.0028146936988288126 -0.0026440131953680531 -0.0014552715172729839 0.0064174106353504772 0.0011500525869631549 -0.0013192104962118035 -0.00062687699168296942 0.00098739396168410608
leaf_weight=5186 4263 1016 2973 2866 1434 1037 2020 4547 1439 7281 6673 1577 1147 3347 1906 5280 1454 1713 1093 1046 1466 3494 11979 1824 2176 1101 1693 6101 1386 3145
leaf_count=5186 4263 1016 2973 2866 1434 1037 2020 4547 1439 7281 6673 1577 1147 3347 1906 5280 1454 1713 1093 1046 1466 3494 11979 1824 2176 1101 1693 6101 1386 3145
internal_value=-8.84691e-06 -0.000367602 -0.000751629 -0.000935058 0.00282795 0.00124166 0.00190242 -0.00131671 -0.00192581 -0.000989422 -0.000624903 -4.07709e-05 0.00208713 0.00299698 -0.000686109 -0.000581652 0.00186279 0.000947981 -0.00235286 0.000136093 0.00370529 0.00197305 -0.00238891 -0.00144839 -0.00260571 0.00517992 0.000225217 -0.00175904 -8.76638e-05 0.0004936
internal_weight=93663 83676 74699 71726 8977 10700 6442 61026 21330 39696 31322 20674 4190 9987 2943 16484 4801 4422 8374 3912 3043 7757 17418 3263 14155 2535 3406 10648 11204 4531
internal_count=93663 83676 74699 71726 8977 10700 6442 61026 21330 39696 31322 20674 4190 9987 2943 16484 4801 4422 8374 3912 3043 7757 17418 3263 14155 2535 3406 10648 11204 4531
is_linear=0
shrinkage=0.08


Tree=7
num_leaves=31
num_cat=0
split_feature=1 1 2 1 2 2 1 3 3 1 1 1 3 1 1 2 2 3 1 2 1 3 3 1 1 1 3 1 1 2
split_gain=13.7812 13.5358 3.18233 2.97742 2.21489 1.83346 1.348 1.26859 0.938951 0.883527 0.560872 0.620014 0.524251 0.685588 0.522609 0.515212 0.374518 0.369975 0.329434 0.309261 0.230488 0.217905 0.197358 0.189198 0.354188 0.17305 0.168777 0.569955 0.456247 0.156947
threshold=-1.5508649945259092 1.0745299458503725 1.5000000000000002 -1.1869350075721739 1.5000000000000002 1.5000000000000002 -0.49031500518321985 1.5000000000000002 1.5000000000000002 -0.309249997138977 0.79611498117446911 0.47790499031543737 1.0000000180025095e-35 0.40980999171733862 1.6118749976158144 1.0000000180025095e-35 2.5000000000000004 1.0000000180025095e-35 -1.0206350088119505 1.0000000180025095e-35 0.86052000522613536 1.0000000180025095e-35 1.5000000000000002 -0.42223499715328211 -0.55133000016212452 -0.092335000634193407 1.5000000000000002 -1.0438700318336485 -0.88791501522064198 1.0000000180025095e-35
decision_type=2 2 2 2 2 2 2 2 2 2 2 2 2 2 2 2 2 2 2 2 2 2 2 2 2 2 2 2 2 2
left_child=2 3 8 7 14 6 26 19 15 18 11 16 20 22 -3 -1 17 -11 -7 21 29 -2 -14 24 -20 -24 27 -5 -28 -8
right_child=1 4 -4 5 -6 9 12 -9 -10 10 -12 -13 13 -15 -16 -17 -18 -19 23 -21 -22 -23 25 -25 -26 -27 28 -29 -30 -31
leaf_value=0.0025042771653508572 0.0015537586016403405 0.0021463903210009751 0.0066998208731391742 0.00019251125988673065 0.0065369952803992779 -0.0007003467521091417 -0.00034213266160609379 -0.00069219250430939665 0.00090260054909657131 -0.0015972955093604077 0.00086001030354719023 -0.0024517332295051777 0.00029027087151840472 -0.00070637915198781126 0.0042253594021999779 0.0043122898818657154 -0.0016154451603847687 2.7591983204639165e-07 -0.0023907847419339236 0.0022770757762403137 0.00063497895634097193 0.00015155020927157359 0.00045454522972843527 -0.0031373576322216356 -0.00088923690047324703 0.0015868334328578895 -0.0027193890226220613 -0.0010911916857574094 -0.00073885664377130946 -0.00084157109107860033
leaf_weight=3101 2104 2711 1409 2644 1327 1044 13405 2124 1723 1223 1053 1733 8041 4018 1083 1495 2305 3843 4178 2453 1236 1070 1751 1202 1324 1705 1235 13597 1874 5756
leaf_count=3101 2104 2711 1409 2644 1327 1044 13405 2124 1723 1223 1053 1733 8041 4018 1083 1495 2305 3843 4178 2453 1236 1070 1751 1202 1324 1705 1235 13597 1874 5756
internal_value=2.57794e-05 -0.000264887 0.00326189 -0.000517315 0.00372379 -0.000675261 -0.00044731 0.000973644 0.0024953 -0.00137881 -0.000887988 -0.00109017 -0.00015728 0.000193187 0.00273983 0.00309239 -0.000770049 -0.000385399 -0.00202224 0.00160244 -0.000423863 0.00108105 0.00050757 -0.0022281 -0.00202945 0.00101315 -0.000985581 -0.000882208 -0.00152559 -0.000492165
internal_weight=93767 86039 7728 80918 5121 73167 55262 7751 6319 17905 10157 9104 35912 15515 3794 4596 7371 5066 7748 5627 20397 3174 11497 6704 5502 3456 19350 16241 3109 19161
internal_count=93767 86039 7728 80918 5121 73167 55262 7751 6319 17905 10157 9104 35912 15515 3794 4596 7371 5066 7748 5627 20397 3174 11497 6704 5502 3456 19350 16241 3109 19161
is_linear=0
shrinkage=0.08


Tree=8
num_leaves=31
num_cat=0
split_feature=0 0 2 2 3 2 0 3 0 3 0 0 2 0 3 0 2 3 3 0 0 0 2 3 2 3 0 2 0 3
split_gain=11.4109 10.2804 2.54025 1.63928 1.63204 1.44092 0.801009 1.63113 1.15055 2.03695 1.0586 0.664523 0.754554 0.703274 0.467418 0.446453 0.387128 0.611483 0.350848 0.329457 0.318606 0.281666 0.252632 0.236836 0.191151 0.184174 0.18333 0.171366 0.170824 0.326981
threshold=3.569620013237 0.99671500921249401 1.5000000000000002 1.5000000000000002 1.5000000000000002 2.5000000000000004 1.3609249591827395 1.5000000000000002 2.0093950033187871 1.5000000000000002 3.0366849899291997 3.3461849689483647 1.5000000000000002 2.7363700866699223 1.5000000000000002 1.8652900457382204 1.0000000180025095e-35 1.0000000180025095e-35 1.0000000180025095e-35 1.5576950311660769 2.3845949172973637 1.6408250331878664 1.0000000180025095e-35 1.0000000180025095e-35 1.0000000180025095e-35 1.0000000180025095e-35 2.1820600032806401 1.0000000180025095e-35 2.3942549228668217 1.0000000180025095e-35
decision_type=2 2 2 2 2 2 2 2 2 2 2 2 2 2 2 2 2 2 2 2 2 2 2 2 2 2 2 2 2 2
left_child=1 2 4 18 22 6 7 23 14 11 -11 12 13 16 19 -16 17 26 -2 -8 -19 -7 25 -3 -21 -1 -10 -20 -14 -30
right_child=3 5 -4 -5 -6 21 8 -9 9 10 -12 -13 28 -15 15 -17 -18 20 27 24 -22 -23 -24 -25 -26 -27 -28 -29 29 -31
leaf_value=0.0022321720168790257 0.0028589067855823596 0.0014496601777203688 0.0047257687619617194 0.0051116667936210837 -0.00057799410045926642 -0.00063204438537432578 -0.00025168145207709035 -0.0019369993274308665 -0.0010308594046770511 0.0012365330181701218 -0.00096505298703783915 0.00057892420165119507 -0.0023875670192500284 -0.0010799936758286179 -0.0023027457722854354 -0.00037545740186681819 -0.00074141772994721234 0.00021978977907141582 0.00083531463989946185 -0.00080522140824311331 0.0017816987812458497 -0.0021072106149242348 0.0029233508847854007 0.00036977142521799435 -0.0014548363146577373 0.0010557381596596267 -0.00014378879597576119 0.0022199561337810088 -0.0023970891878753249 -0.00067259481518561312
leaf_weight=2322 3262 3089 2018 1786 1792 1016 3936 1572 1956 6605 1773 2765 1470 10673 3177 1015 6841 1854 1081 6439 1522 4486 1973 2244 5273 1345 6273 1215 1141 1836
leaf_count=2322 3262 3089 2018 1786 1792 1016 3936 1572 1956 6605 1773 2765 1470 10673 3177 1015 6841 1854 1081 6439 1522 4486 1973 2244 5273 1345 6273 1215 1141 1836
internal_value=-2.42084e-05 -0.000281519 0.00220864 0.00300319 0.00152517 -0.000587305 -0.000491246 0.000327705 -0.000578852 -0.000353858 0.000770621 -0.000613165 -0.000711363 -0.000563135 -0.00108587 -0.0018361 -0.000264076 1.73104e-05 0.00232565 -0.000884892 0.000923944 -0.00183481 0.00219341 0.000995269 -0.00109769 0.00180067 -0.000354642 0.00156804 -0.00168196 -0.00133354
internal_weight=93750 86406 9450 7344 7432 76956 71454 6905 64549 44709 8378 36331 33566 29119 19840 4192 18446 11605 5558 15648 3376 5502 5640 5333 11712 3667 8229 2296 4447 2977
internal_count=93750 86406 9450 7344 7432 76956 71454 6905 64549 44709 8378 36331 33566 29119 19840 4192 18446 11605 5558 15648 3376 5502 5640 5333 11712 3667 8229 2296 4447 2977
is_linear=0
shrinkage=0.08


Tree=9
num_leaves=31
num_cat=0
split_feature=1 1 2 1 2 3 1 2 3 1 1 3 1 1 3 1 1 1 2 2 3 1 1 2 2 2 2 3 1 1
split_gain=11.0785 11.4986 2.70927 2.30267 2.04773 1.77449 1.7635 1.46719 0.785112 1.18082 0.901899 0.67803 0.534387 0.877531 0.803676 0.613247 0.309834 0.296081 0.285409 0.282475 0.240602 0.332178 0.215962 0.222624 0.204079 0.201153 0.195294 0.175744 0.152446 0.145252
threshold=-1.6014499664306638 1.1847650408744814 1.5000000000000002 -1.2293750047683714 1.5000000000000002 1.5000000000000002 -0.45551000535488123 2.5000000000000004 1.5000000000000002 -1.0084750056266782 -0.5858049988746642 1.5000000000000002 0.95635500550270092 0.19483000040054324 1.0000000180025095e-35 -0.13645499944686887 0.23503500223159793 1.6118749976158144 1.0000000180025095e-35 1.0000000180025095e-35 1.5000000000000002 0.017310000024735931 0.13262499868869784 1.0000000180025095e-35 1.5000000000000002 1.5000000000000002 1.5000000000000002 1.0000000180025095e-35 -0.0089449998922646028 -0.88791501522064198
decision_type=2 2 2 2 2 2 2 2 2 2 2 2 2 2 2 2 2 2 2 2 2 2 2 2 2 2 2 2 2 2
left_child=2 3 11 5 17 18 8 12 9 -5 25 19 13 14 22 -16 -9 -3 27 -1 -17 -22 23 28 -15 29 -11 -2 -8 -10
right_child=1 4 -4 6 -6 -7 7 16 10 26 -12 -13 -14 24 15 20 -18 -19 -20 -21 21 -23 -24 -25 -26 -27 -28 -29 -30 -31
leaf_value=0.0023791154022638336 0.0015900150317116352 0.0022822321494586524 0.0063236166117819417 0.00026593310608551271 0.0070477887924176221 -0.0010961074294261472 -9.8476397948267682e-06 -0.0024231995051444389 -0.0024086884680165912 -0.0010533446814415246 7.6844278623282444e-05 0.00090513952435832294 0.0010066967308241328 -0.00053313407201983974 -7.811423790352688e-06 0.00074566238442368572 -0.00095562258180959523 0.0039487149630576023 0.0023387323716887697 0.0037877532767922307 0.00080483890115649664 0.0028190739042177454 0.00070954395032952154 -0.00094644689424820433 -0.0012387238206507732 -0.0027926057790525994 -0.0018204066139601472 0.00030041344302810717 -0.00089911049421199127 -0.001254969196669605
leaf_weight=2811 2015 1874 1311 4715 1020 2063 5519 2174 1366 13853 1269 1617 2387 13591 6385 3847 1597 1073 2301 1348 1049 1047 1069 4143 3251 2640 2509 1018 1589 1429
leaf_count=2811 2015 1874 1311 4715 1020 2063 5519 2174 1366 13853 1269 1617 2387 13591 6385 3847 1597 1073 2301 1348 1049 1047 1069 4143 3251 2640 2509 1018 1589 1429
internal_value=-8.4563e-07 -0.000249177 0.00304042 -0.000450697 0.00395831 0.00089629 -0.000582791 -0.000287425 -0.00108938 -0.000849528 -0.00184346 0.00229522 -0.000157282 -0.000224248 7.98795e-05 0.000536546 -0.00180169 0.002889 0.00166688 0.00283568 0.00112139 0.001811 -0.000377083 -0.000480328 -0.000669334 -0.00229183 -0.00117097 0.00115717 -0.000208643 -0.00181883
internal_weight=93880 86793 7087 82826 3967 7397 75429 47648 27781 21077 6704 5776 43877 41490 24648 12328 3771 2947 5334 4159 5943 2096 12320 11251 16842 5435 16362 3033 7108 2795
internal_count=93880 86793 7087 82826 3967 7397 75429 47648 27781 21077 6704 5776 43877 41490 24648 12328 3771 2947 5334 4159 5943 2096 12320 11251 16842 5435 16362 3033 7108 2795
is_linear=0
shrinkage=0.08


Tree=10
num_leaves=31
num_cat=0
split_feature=1 0 1 0 2 2 2 1 0 0 1 1 2 1 0 1 2 1 2 0 0 0 1 1 0 0 1 0 1 0
split_gain=9.95139 10.9387 6.69868 5.95759 2.91033 2.21527 1.53099 1.4592 2.18827 2.11105 2.90541 1.26719 1.04304 0.868242 0.786183 0.706285 0.662915 0.557702 0.531786 0.406107 0.368045 0.359504 0.352083 0.335041 0.595774 0.330477 0.382861 0.331334 0.647291 0.323283
threshold=-1.4086650013923643 3.569620013237 1.1460549831390383 1.0616199970245364 2.5000000000000004 1.5000000000000002 1.5000000000000002 -0.48191000521183008 2.8255200386047368 2.0922000408172612 0.39812499284744268 -1.1869350075721739 1.5000000000000002 0.79611498117446911 1.3898949623107912 -1.7420299649238584 1.0000000180025095e-35 0.10392000153660776 1.5000000000000002 0.53192999958992015 2.5994949340820317 2.4975349903106694 0.71731001138687145 -0.62227499485015858 3.0787799358367924 2.4305350780487065 -0.27452500164508814 2.6508200168609624 -0.026715000160038468 2.4027750492095952
decision_type=2 2 2 2 2 2 2 2 2 2 2 2 2 2 2 2 2 2 2 2 2 2 2 2 2 2 2 2 2 2
left_child=5 2 3 12 7 15 22 11 9 -9 25 29 19 17 -13 -1 -4 -10 23 -2 -6 -20 -3 24 -16 26 -11 -27 -29 -5
right_child=1 6 16 4 20 -7 -8 8 13 10 -12 14 -14 -15 18 -17 -18 -19 21 -21 -22 -23 -24 -25 -26 27 -28 28 -30 -31
leaf_value=0.0024736383355307592 0.0018321662250825714 0.00155552177952317 0.001679616715305188 -0.00045874544490176147 -0.002386175228349773 0.0047155263559289879 0.0046915258425175603 -0.00092797832578670814 -0.001189065965807187 -0.00043517683293350576 -0.0013278452682047148 -0.00020807951017630627 0.0031892911363176819 0.00038759943598156609 -0.001988451995108853 0.0010019132918294943 0.0040121308440727952 -0.0024597735941230795 -0.0033259529187696086 0.00041545940225451113 -0.0038576431372225428 -0.0014975214927964355 0.0029434894390581411 -0.00089716734592762068 3.4104388161987352e-05 0.002125542502660528 0.0011428295931970765 0.002097841814468772 -0.0006312644602345115 0.0011945535337685475
leaf_weight=4199 1949 3735 1380 2712 3171 1985 1783 12454 4421 1346 4064 2298 1615 1303 9806 4149 1793 4421 2103 3859 1656 1023 1703 3513 1030 3298 3659 1232 1014 1050
leaf_count=4199 1949 3735 1380 2712 3171 1985 1783 12454 4421 1346 4064 2298 1615 1303 9806 4149 1793 4421 2103 3859 1656 1023 1703 3513 1030 3298 3659 1232 1014 1050
internal_value=-2.84454e-05 -0.000318621 -0.000600731 -0.000757145 -0.00100031 0.00231337 0.0026572 -0.000850073 -0.000538255 -0.000162673 0.000489563 -0.0013431 0.00139093 -0.00154031 -0.00159915 0.00174218 0.00299767 -0.00182442 -0.00178208 0.000890866 -0.00289099 -0.00272759 0.00199019 -0.00157609 -0.0017962 0.00118972 0.000718455 0.00161517 0.000865734 2.70164e-06
internal_weight=93724 83391 76170 72997 65574 10333 7221 60747 37212 27067 14613 23535 7423 10145 19773 8348 3173 8842 17475 5808 4827 3126 5438 14349 10836 10549 5005 5544 2246 3762
internal_count=93724 83391 76170 72997 65574 10333 7221 60747 37212 27067 14613 23535 7423 10145 19773 8348 3173 8842 17475 5808 4827 3126 5438 14349 10836 10549 5005 5544 2246 3762
is_linear=0
shrinkage=0.08


Tree=11
num_leaves=31
num_cat=0
split_feature=0 1 1 0 2 1 0 0 1 2 1 0 1 2 1 0 1 1 1 1 1 0 2 1 2 1 1 0 1 2
split_gain=8.27406 9.49172 5.13857 5.25418 4.24189 2.24934 2.6503 2.3106 1.99737 1.92181 1.76167 1.32437 1.29651 1.28866 1.26575 1.20652 0.949956 0.627211 0.566466 0.484197 0.489117 0.424003 0.423768 0.376445 0.368156 0.35333 0.539851 0.344021 0.294764 0.279637
threshold=3.4494600296020512 -1.2597199678421018 1.0745299458503725 1.3457700014114382 2.5000000000000004 -0.53332501649856556 2.8712649345397954 2.0461800098419194 0.39812499284744268 1.5000000000000002 0.71731001138687145 4.022825002670289 -0.52421498298645008 1.0000000180025095e-35 -1.6811050176620481 0.72291499376297008 -1.8434650301933286 0.22464499622583392 1.2743349671363833 -0.14581499993801114 0.184519998729229 3.7582249641418461 1.0000000180025095e-35 -0.9746200144290923 1.5000000000000002 0.29170499742031103 -0.28346998989582056 2.7146999835968022 -0.81570500135421742 1.0000000180025095e-35
decision_type=2 2 2 2 2 2 2 2 2 2 2 2 2 2 2 2 2 2 2 2 2 2 2 2 2 2 2 2 2 2
left_child=1 9 3 15 5 23 7 -7 19 16 11 12 -2 -12 -11 22 29 28 -4 -9 -21 -14 -3 27 -8 26 -6 -5 -17 -1
right_child=10 2 18 4 25 6 24 8 -10 14 13 -13 21 -15 -16 17 -18 -19 -20 20 -22 -23 -24 -25 -26 -27 -28 -29 -30 -31
leaf_value=0.0017844336115497936 0.0030862199226374975 0.0010876423595217847 0.0010715624818772303 -0.0013917311293737767 -0.0040010813118020166 -0.001096132874774648 -0.0015244549070453708 0.00039685577787777407 -0.0010600085324781771 0.0057853646694119524 0.0020173453734248664 0.0033969698536351002 -0.00062085262974236662 0.0054996023032766036 0.0022015790565101945 0.00072221044602799778 0.00073149454233285252 0.0020981900209142259 0.0031535145005601962 0.0018886616856840109 0.00047025103149206724 0.0012533400378729456 0.0028861797414041178 -0.0018916211959548283 -0.0029007438080916404 -0.0048219436718575145 -0.0019194256090375472 0.00025374511647188736 -0.00039766744550515532 0.0033088702897429469
leaf_weight=2006 1205 1532 1359 4315 1861 10090 6710 5658 4263 1057 1215 1787 2216 1545 1564 2270 7447 1032 2175 4483 2383 1186 1852 11871 1527 1010 1395 1002 4459 1250
leaf_count=2006 1205 1532 1359 4315 1861 10090 6710 5658 4263 1057 1215 1787 2216 1545 1564 2270 7447 1032 2175 4483 2383 1186 1852 11871 1527 1010 1395 1002 4459 1250
internal_value=-7.22484e-06 -0.00025452 -0.00062103 -0.000776242 -0.00108904 -0.000891188 -0.000524134 -0.000139372 0.000435699 0.00170531 0.00227746 0.00154832 0.000831245 0.00396665 0.00364685 0.000811397 0.00122985 0.000261764 0.0023529 0.000944817 0.00139637 3.25255e-05 0.00207195 -0.00164106 -0.0017796 -0.00351471 -0.00310922 -0.00108164 -1.98813e-05 0.00236967
internal_weight=93725 84571 71247 67713 56568 52302 35114 26877 16787 13324 9154 6394 4607 2760 2621 11145 10703 7761 3534 12524 6866 3402 3384 17188 8237 4266 3256 5317 6729 3256
internal_count=93725 84571 71247 67713 56568 52302 35114 26877 16787 13324 9154 6394 4607 2760 2621 11145 10703 7761 3534 12524 6866 3402 3384 17188 8237 4266 3256 5317 6729 3256
is_linear=0
shrinkage=0.08


Tree=12
num_leaves=31
num_cat=0
split_feature=0 1 1 0 2 2 2 1 0 0 0 1 0 1 1 1 0 1 1 1 2 1 0 1 0 2 0 1 0 2
split_gain=7.39593 8.26387 5.14643 4.55413 3.26484 1.73728 1.55143 1.49955 1.39941 1.15417 1.4295 1.41227 1.12285 1.03483 0.795826 0.783873 0.651464 0.618118 0.567671 0.550968 0.525631 0.442432 0.389327 0.472593 0.613477 0.359156 0.246003 0.21105 0.198581 0.195142
threshold=3.7240350246429448 -1.3383399844169614 1.1847650408744814 1.2655949592590334 2.5000000000000004 1.5000000000000002 1.5000000000000002 -0.43908500671386713 3.3461849689483647 2.7146999835968022 1.9998250007629397 0.38555499911308294 0.57438001036643993 -1.6274250149726865 0.93192002177238475 -0.23239000141620633 2.9842900037765507 -1.9879299998283384 -0.163330003619194 0.17292000353336337 1.0000000180025095e-35 -1.2293750047683714 3.3667600154876713 0.19483000040054324 3.0655400753021245 1.5000000000000002 2.4788550138473515 -0.72211000323295582 2.3942549228668217 1.0000000180025095e-35
decision_type=2 2 2 2 2 2 2 2 2 2 2 2 2 2 2 2 2 2 2 2 2 2 2 2 2 2 2 2 2 2
left_child=1 6 3 12 7 29 17 8 21 10 -9 18 20 -8 15 -11 -4 -1 26 27 -3 -5 23 24 -17 -23 -12 -14 -27 -2
right_child=5 2 16 4 -6 -7 13 9 -10 14 11 -13 19 -15 -16 22 -18 -19 -20 -21 -22 25 -24 -25 -26 28 -28 -29 -30 -31
leaf_value=0.0024518536669927023 0.0016132203606837707 0.0011836748722780554 0.0018214264690842306 -0.00014376393650416974 -0.002887039876713471 0.005367177202055852 0.0052360311005762231 -0.00083035171183786036 0.0015514721437315416 0.00028973811373023405 -0.00025414782764038741 -0.00078196716114473487 0.00066892211248112214 0.0017965084457091506 0.0011512460265294068 -0.00017810201047752691 0.0042329593067924193 0.0009672284114555453 0.0014595219680516923 0.0021231628199615549 0.0034628491402163971 -0.0013094288555061063 -0.00057138433933878036 -0.0023076213564413289 -0.0023858935595445908 -0.0026322022151762758 0.0011796694243528807 -0.00024069387157909871 -0.0013798975031669447 0.0027374613218667018
leaf_weight=2405 2605 1233 1893 1755 4769 1320 1235 8957 1110 1961 2465 4076 3034 1024 1024 2069 1154 7074 6133 1088 1364 16252 2399 4200 1319 2325 1111 3534 1244 1592
leaf_count=2405 2605 1233 1893 1755 4769 1320 1235 8957 1110 1961 2465 4076 3034 1024 1024 2069 1154 7074 6133 1088 1364 16252 2399 4200 1319 2325 1111 3534 1244 1592
internal_value=-5.77957e-06 -0.00018351 -0.000486888 -0.000620586 -0.000874422 0.00283581 0.0017929 -0.000710069 -0.0012187 -0.000386979 -4.35042e-05 0.000467761 0.000943304 0.0036769 -0.000989145 -0.00117259 0.00273475 0.00134391 0.000992418 0.000455708 0.00238075 -0.00136122 -0.00145972 -0.00174058 -0.00103763 -0.00146901 0.000191314 0.000179491 -0.0021957 0.00203967
internal_weight=93724 88207 76469 73422 63169 5517 11738 58400 22686 35714 22742 13785 10253 2259 12972 11948 3047 9479 9709 7656 2597 21576 9987 7588 3388 19821 3576 6568 3569 4197
internal_count=93724 88207 76469 73422 63169 5517 11738 58400 22686 35714 22742 13785 10253 2259 12972 11948 3047 9479 9709 7656 2597 21576 9987 7588 3388 19821 3576 6568 3569 4197
is_linear=0
shrinkage=0.08


Tree=13
num_leaves=31
num_cat=0
split_feature=0 0 2 2 3 0 0 2 0 0 0 3 3 0 0 3 0 3 3 3 3 2 3 2 0 0 0 0 2 3
split_gain=5.89632 5.64398 1.58704 1.48032 1.46109 1.04258 0.992873 1.06661 0.931341 0.48313 0.396535 0.343656 0.324215 0.265613 0.440591 0.999137 0.352426 0.968295 0.322413 0.319687 0.307103 0.253199 0.24371 0.399354 0.330224 0.319988 0.227619 0.21106 0.202846 0.188913
threshold=3.6580350399017338 1.0414149761199953 1.5000000000000002 1.5000000000000002 1.5000000000000002 0.6917649805545808 3.3862249851226811 1.5000000000000002 1.4302700161933901 2.0282399654388432 2.1552150249481206 1.5000000000000002 1.0000000180025095e-35 2.7363700866699223 2.1820600032806401 1.0000000180025095e-35 1.4170950055122378 1.5000000000000002 1.5000000000000002 1.5000000000000002 1.0000000180025095e-35 1.5000000000000002 1.0000000180025095e-35 2.5000000000000004 3.0241250991821294 2.3942549228668217 1.7196750044822695 1.7718800306320193 1.0000000180025095e-35 1.0000000180025095e-35
decision_type=2 2 2 2 2 2 2 2 2 2 2 2 2 2 2 2 2 2 2 2 2 2 2 2 2 2 2 2 2 2
left_child=1 2 4 12 29 -4 7 13 -9 11 -11 27 -2 14 16 -16 17 20 -15 28 -3 -8 -12 24 25 -24 -13 -10 -17 -1
right_child=3 6 5 -5 -6 -7 21 8 9 10 22 26 -14 18 15 19 -18 -19 -20 -21 -22 -23 23 -25 -26 -27 -28 -29 -30 -31
leaf_value=0.0020667660497466641 0.0022460550882233798 0.0011105258456065538 0.0052289847641521026 0.0045695455091320312 -0.00086254140036924219 0.0017080924229873724 0.00045152305599240343 0.00063190751067761708 -0.00048357519305509917 0.00045367825052062101 -0.0019567272809253955 -0.0034618383818529074 0.00091329268553615823 -0.00076217883124199447 -0.00042059978959279795 0.00098753319412205076 -0.00055086871050921205 -0.0019478340690518737 0.00042558389403697509 0.001657406285920663 -0.00016678502365689854 0.0018920360120869642 -0.0012590813867853219 -0.001680357984029485 -0.0017717105580539239 0.00028191946882623776 -0.0018766664007529149 -0.001960582012526363 -4.0062055385592309e-05 0.0011564205776286149
leaf_weight=3613 2795 3096 1125 1498 1863 1032 3006 1983 1251 1210 1685 1023 2007 11170 9009 2550 20534 1161 1683 2171 1972 1055 1219 2731 1025 2948 1338 1226 2374 2447
leaf_count=3613 2795 3096 1125 1498 1863 1032 3006 1983 1251 1210 1685 1023 2007 11170 9009 2550 20534 1161 1683 2171 1972 1055 1219 2731 1025 2948 1338 1226 2374 2447
internal_value=1.01382e-05 -0.000160056 0.00162058 0.00237395 0.00109682 0.00354444 -0.000391893 -0.000459299 -0.00100147 -0.00120835 -0.000911159 -0.0018729 0.00168903 -0.000287667 -0.000192025 0.000138608 -0.000390976 0.000136114 -0.000606651 0.000848672 0.000613514 0.000825751 -0.00108304 -0.000897234 -0.000485309 -0.00016888 -0.00256351 -0.00121462 0.0004921 0.00169917
internal_weight=93800 87500 10080 6300 7923 2157 77420 73359 17639 15656 10818 4838 4802 55720 42867 16104 26763 6229 12853 7095 5068 4061 9608 7923 5192 4167 2361 2477 4924 6060
internal_count=93800 87500 10080 6300 7923 2157 77420 73359 17639 15656 10818 4838 4802 55720 42867 16104 26763 6229 12853 7095 5068 4061 9608 7923 5192 4167 2361 2477 4924 6060
is_linear=0
shrinkage=0.08


Tree=14
num_leaves=31
num_cat=0
split_feature=0 0 2 2 3 0 0 3 2 0 3 0 0 0 0 3 0 3 3 2 3 0 2 2 2 3 3 0 0 2
split_gain=5.01405 4.81036 1.45367 1.14579 1.04044 0.679396 0.682903 1.20154 0.732707 0.459533 0.787171 0.40613 0.342398 0.379192 0.253366 0.509329 0.679097 0.296708 0.251451 0.196389 0.195906 0.178571 0.177357 0.175129 0.163507 0.153183 0.146501 0.305244 0.163504 0.136826
threshold=3.6280899047851567 0.99671500921249401 1.5000000000000002 1.5000000000000002 1.5000000000000002 3.4275699853897099 1.4170950055122378 1.5000000000000002 1.5000000000000002 1.9237949848175051 1.0000000180025095e-35 3.0504150390625004 2.2465050220489506 2.6307749748229985 2.0375850200653081 1.5000000000000002 2.920819997787476 1.5000000000000002 1.0000000180025095e-35 1.0000000180025095e-35 1.5000000000000002 2.9332149028778081 1.0000000180025095e-35 1.5000000000000002 1.0000000180025095e-35 1.0000000180025095e-35 1.5000000000000002 1.8038150072097781 1.6854549646377566 1.0000000180025095e-35
decision_type=2 2 2 2 2 2 2 2 2 2 2 2 2 2 2 2 2 2 2 2 2 2 2 2 2 2 2 2 2 2
left_child=1 2 4 18 25 6 7 19 9 26 24 12 -12 20 17 21 -17 -10 -2 -3 22 -16 -14 -9 -11 -1 27 -8 -28 -7
right_child=3 5 -4 -5 -6 29 8 23 14 10 11 -13 13 -15 15 16 -18 -19 -20 -21 -22 -23 -24 -25 -26 -27 28 -29 -30 -31
leaf_value=0.0019137538969017534 0.0020013431280274602 0.00039376285862629829 0.0034834112796131057 0.0039660282544860728 -0.00063068077357268692 0.00022272125002265649 -0.00039113374459814166 -0.001971614901830317 -0.00084164184439101302 -0.00039538606501124889 -0.00019814834559454383 -0.00071660762647143329 0.0013379259539401669 9.7538866987495129e-05 -0.0015530205450452826 0.00032259404915185364 -0.0017641910750972312 -0.0020766181986271669 0.00085564531628294182 0.0012741807343646899 0.0018701087326793947 -0.00052717569423743832 0.00019390652481740583 -0.00056113951240668945 -0.00088550099613050014 0.0010654101216893141 -0.002086428192383119 -0.0013622043256724589 -0.00067292032240051593 0.0013140823517150033
leaf_weight=3358 2913 3567 1957 1619 1818 1351 7739 1257 2521 14561 4555 2614 1802 4309 4231 3981 1332 2460 2117 2973 1545 1461 1672 1021 6216 2292 1053 2829 1042 1613
leaf_count=3358 2913 3567 1957 1619 1818 1351 7739 1257 2521 14561 4555 2614 1802 4309 4231 3981 1332 2460 2117 2973 1545 1461 1672 1021 6216 2292 1053 2829 1042 1613
internal_value=-2.61536e-06 -0.00016421 0.00154257 0.00211495 0.00103398 -0.000371229 -0.000418336 0.00024285 -0.000506778 -0.000355875 -0.000214426 0.000198157 0.000370396 0.000648024 -0.000978165 -0.000763897 -0.000200575 -0.00145157 0.00151915 0.00079399 0.00112064 -0.00128971 0.000787321 -0.00133944 -0.000542017 0.00156961 -0.000772238 -0.000651084 -0.00138339 0.000816637
internal_weight=93779 87130 9425 6649 7468 77705 74741 8818 65923 49937 37274 16497 13883 9328 15986 11005 5313 4981 5030 6540 5019 5692 3474 2278 20777 5650 12663 10568 2095 2964
internal_count=93779 87130 9425 6649 7468 77705 74741 8818 65923 49937 37274 16497 13883 9328 15986 11005 5313 4981 5030 6540 5019 5692 3474 2278 20777 5650 12663 10568 2095 2964
is_linear=0
shrinkage=0.08


Tree=15
num_leaves=31
num_cat=0
split_feature=1 1 0 0 2 2 2 0 2 0 0 1 1 1 1 1 2 0 1 1 1 0 1 1 0 0 2 2 2 1
split_gain=5.29502 5.90106 3.91572 2.80429 1.67101 1.50932 1.33829 0.858966 0.799148 0.683236 0.578867 2.46837 1.27669 1.27407 0.60049 0.542874 0.418169 0.407977 0.40508 0.404178 0.569063 0.40029 0.379157 0.409222 0.395181 0.318576 0.318257 0.294328 0.28304 0.255287
threshold=-1.6014499664306638 1.1847650408744814 3.6918749809265141 1.3457700014114382 2.5000000000000004 1.5000000000000002 1.5000000000000002 0.43048000335693365 1.5000000000000002 2.0093950033187871 2.6614350080490117 -0.62227499485015858 -0.9969850182533263 0.40980999171733862 0.88394001126289379 -1.1869350075721739 1.0000000180025095e-35 3.4275699853897099 0.30321998894214636 -0.092335000634193407 0.083750002086162581 3.0922100543975835 0.19483000040054324 -0.083170000463724122 3.0366849899291997 2.0282399654388432 1.0000000180025095e-35 1.0000000180025095e-35 1.5000000000000002 -0.82624500989913929
decision_type=2 2 2 2 2 2 2 2 2 2 2 2 2 2 2 2 2 2 2 2 2 2 2 2 2 2 2 2 2 2
left_child=6 2 3 7 9 21 -1 27 -4 16 11 15 -12 19 17 -11 -5 22 29 26 -21 -3 23 28 -25 -6 -13 -2 -14 -9
right_child=1 5 8 4 25 -7 -8 18 -10 10 12 13 14 -15 -16 -17 -18 -19 -20 20 -22 -23 -24 24 -26 -27 -28 -29 -30 -31
leaf_value=0.0015803901816697247 0.001039986923632525 0.001038628398279808 0.0013082506407963168 -0.00058314292224547837 -0.0031377350192008323 0.0054771322061764691 0.0044533449934755802 0.00060909356117138714 0.00373467828724271 -0.00020444176873366394 0.0012024392766118368 0.0010373590175012186 -0.0010032350877736591 -0.00085454581230286501 0.00071476548888466064 -0.0017742797026753963 -0.0013551094678595449 -0.00010682421183154568 0.0017994636577510544 0.0024823559096702349 0.00074087947830485151 0.0028975813873577195 -0.001803194235188581 0.00078904663259273704 -0.0012404271892560203 -0.0017040960863398478 -0.00010007052346062583 0.0028954294304331042 -0.0023361399660232736 -0.00020557340591279309
leaf_weight=5734 1021 1586 3692 8657 1406 1017 1267 4342 1136 1946 2018 3101 5673 3522 1332 5117 9332 2493 1049 1970 3076 1392 4708 1479 1050 3369 3198 1179 1243 5685
leaf_count=5734 1021 1586 3692 8657 1406 1017 1267 4342 1136 1946 2018 3101 5673 3522 1332 5117 9332 2493 1049 1970 3076 1392 4708 1479 1050 3369 3198 1179 1243 5685
internal_value=-1.60796e-05 -0.000186803 -0.000331707 -0.000468615 -0.000685967 0.00281626 0.00210032 0.000590477 0.00187917 -0.000571184 -0.000394226 -0.000110375 -0.00070553 0.000474628 -0.000919697 -0.00134176 -0.000983609 -0.00105049 0.000303687 0.000887264 0.00142077 0.00190755 -0.00121671 -0.000924365 -5.35582e-05 -0.00212623 0.000459886 0.00203434 -0.0012428 0.000147202
internal_weight=93790 86789 82794 77966 64690 3995 7001 13276 4828 59915 41926 21930 19996 14867 17978 7063 17989 16646 11076 11345 5046 2978 14153 9445 2529 4775 6299 2200 6916 10027
internal_count=93790 86789 82794 77966 64690 3995 7001 13276 4828 59915 41926 21930 19996 14867 17978 7063 17989 16646 11076 11345 5046 2978 14153 9445 2529 4775 6299 2200 6916 10027
is_linear=0
shrinkage=0.08


Tree=16
num_leaves=31
num_cat=0
split_feature=0 0 2 2 0 0 3 2 2 0 3 0 3 0 3 3 2 0 3 0 3 2 0 0 0 0 0 0 3 3
split_gain=3.57658 3.60258 1.30405 0.97221 0.72765 0.580399 2.64795 0.765229 0.71474 0.475114 1.00745 0.485348 0.448795 0.409897 0.38889 0.363009 0.325267 0.391629 0.341297 0.3593 0.219507 0.276708 0.218414 0.181189 0.154342 0.135141 0.130606 0.160316 0.110151 0.110061
threshold=3.4275699853897099 0.72291499376297008 1.5000000000000002 1.5000000000000002 3.8328099250793461 1.4170950055122378 1.5000000000000002 2.5000000000000004 1.5000000000000002 1.8750050067901614 1.5000000000000002 1.8145749568939211 1.5000000000000002 3.0366849899291997 1.0000000180025095e-35 1.5000000000000002 1.0000000180025095e-35 2.7363700866699223 1.0000000180025095e-35 2.2829749584198002 1.0000000180025095e-35 1.0000000180025095e-35 2.2465050220489506 2.7146999835968022 3.969215035438538 2.4788550138473515 2.0282399654388432 2.4975349903106694 1.0000000180025095e-35 1.0000000180025095e-35
decision_type=2 2 2 2 2 2 2 2 2 2 2 2 2 2 2 2 2 2 2 2 2 2 2 2 2 2 2 2 2 2
left_child=1 2 15 20 -5 6 8 9 14 11 16 12 -7 22 -3 29 17 18 -11 -20 21 -2 -12 25 -22 -24 -9 -28 -18 -1
right_child=3 5 -4 4 -6 7 -8 26 -10 10 13 -13 -14 -15 -16 -17 28 -19 19 -21 24 -23 23 -25 -26 -27 27 -29 -30 -31
leaf_value=0.00200639725370029 0.0010293821393154178 0.0010949559106663708 0.004165025165023358 0.0016625577085629998 0.0044976001615382706 -0.00024218956019426906 -0.0016905943332954168 -0.0019911786667292071 0.0026534411354241687 -0.00013801077596136329 0.00025703308092140309 -0.0018464987316819798 -0.0014537043800564098 -0.00066168622425486574 -5.8858045932464481e-05 -2.2931775656945101e-05 -0.00080728434374889417 -0.00060126626935061574 -1.5110865296294589e-05 0.0014848973320283371 0.00012733389435923544 0.0024959878429796868 0.00099927940399999107 0.00047821262645006602 0.0013330041107701618 0.0020415429395895515 -0.00041295735936780611 -0.0015380996134300956 -0.00040400092517712524 0.0010712797114671053
leaf_weight=1951 3041 4808 1199 1302 1044 9154 3352 1392 1327 9677 2717 2013 2489 1393 3059 1161 8373 7384 2047 2041 2020 1129 1636 1672 1024 1551 1391 1942 8987 1372
leaf_count=1951 3041 4808 1199 1302 1044 9154 3352 1392 1327 9677 2717 2013 2489 1393 3059 1161 8373 7384 2047 2041 2020 1129 1636 1672 1024 1551 1391 1942 8987 1372
internal_value=4.32182e-05 -0.000123482 0.00182149 0.00150949 0.00292419 -0.000264459 0.000234238 -0.000359459 0.000936004 -0.000283647 -0.000164039 -0.000699493 -0.000501183 0.00059956 0.000646308 0.00119484 -0.000341886 -0.000131237 0.000120902 0.000733792 0.00104942 0.00142646 0.000831466 0.00115267 0.000532921 0.00150651 -0.00134035 -0.00106853 -0.000598511 0.00162031
internal_weight=93648 84088 5683 9560 2346 78405 12546 65859 9194 61134 47478 13656 11643 8969 7867 4484 38509 21149 13765 4088 7214 4170 7576 4859 3044 3187 4725 3333 17360 3323
internal_count=93648 84088 5683 9560 2346 78405 12546 65859 9194 61134 47478 13656 11643 8969 7867 4484 38509 21149 13765 4088 7214 4170 7576 4859 3044 3187 4725 3333 17360 3323
is_linear=0
shrinkage=0.08


Tree=17
num_leaves=31
num_cat=0
split_feature=1 1 2 2 3 1 3 1 2 3 1 1 1 1 3 2 3 1 1 1 1 1 3 1 1 1 1 1 1 1
split_gain=4.88088 5.39532 1.39678 1.25762 0.97756 0.778532 0.922151 1.14339 0.799858 0.580345 0.578971 0.552814 0.523661 0.491295 0.260362 0.256191 0.237698 0.210579 0.202465 0.330845 0.290217 0.270604 0.247225 0.195281 0.19513 0.180793 0.206993 0.18007 0.16499 0.29845
threshold=-1.2891550064086912 0.95635500550270092 1.5000000000000002 1.5000000000000002 1.5000000000000002 -0.5858049988746642 1.5000000000000002 -0.93099001049995411 1.5000000000000002 1.5000000000000002 -1.8062649965286253 0.34947499632835394 -1.6811050176620481 1.4518749713897707 1.0000000180025095e-35 1.5000000000000002 1.0000000180025095e-35 -0.03556500002741813 0.083750002086162581 -0.14581499993801114 -0.20592999458312986 -0.38856500387191767 1.0000000180025095e-35 -1.6014499664306638 -0.35293500125408167 0.13262499868869784 0.184519998729229 0.31443999707698828 0.39812499284744268 0.23503500223159793
decision_type=2 2 2 2 2 2 2 2 2 2 2 2 2 2 2 2 2 2 2 2 2 2 2 2 2 2 2 2 2 2
left_child=3 5 13 4 14 6 7 15 9 18 -6 17 -5 -3 -1 16 -2 24 19 20 21 -7 -21 -16 -11 -20 -27 -28 29 -10
right_child=1 2 -4 12 10 8 -8 -9 28 11 -12 -13 -14 -15 23 -17 -18 -19 25 22 -22 -23 -24 -25 -26 26 27 -29 -30 -31
leaf_value=0.0019139723698482186 0.00043546385661746536 0.00073277370206059286 0.0039769270687879717 0.0044262435358527899 0.0011658935776501552 -0.00044728121368379256 -0.0016527494715468153 -0.0010520358133888424 -0.00078999468899580933 0.0015952072920995628 -0.0012403592246997682 -0.00073829041709695816 0.0020794543574665304 0.0024128535244457906 0.0015474771764823689 0.0013687840324892221 -0.00055190776396919999 0.0020516968788887443 -0.0013220642829087628 0.0001223161011988629 -0.0011885669218166404 0.0003621293625413962 0.0012007230036105712 0.00028230398682638089 0.0001558378801344976 0.00069036006519280677 -0.00094794928674944018 -0.0002273740636672527 -0.0012929546995167488 0.00051439599180486465
leaf_weight=4656 4026 3268 1676 1066 1090 5579 5834 10129 8309 1091 1550 1187 1418 1690 1717 1106 2548 1329 1202 3801 1704 5024 2119 1432 1347 1232 2904 9417 3005 1298
leaf_count=4656 4026 3268 1676 1066 1090 5579 5834 10129 8309 1091 1550 1187 1418 1690 1717 1106 2548 1329 1202 3801 1704 5024 2119 1432 1347 1232 2904 9417 3005 1298
internal_value=2.54131e-05 -0.00020545 0.00198037 0.00146864 0.00108387 -0.000400901 -0.000779826 -0.000493867 -0.000223665 -4.01753e-05 -0.000246868 0.000767186 0.00308657 0.00130545 0.00153398 0.000242291 5.2771e-05 0.00124157 -0.000161444 1.68922e-05 -0.000219498 -6.37597e-05 0.00050832 0.000972143 0.000799953 -0.000381743 -0.000298347 -0.00039721 -0.000775587 -0.000613759
internal_weight=93754 80825 6634 12929 10445 74191 23643 17809 50548 37936 2640 4954 2484 4958 7805 7680 6574 3767 32982 18227 12307 10603 5920 3149 2438 14755 13553 12321 12612 9607
internal_count=93754 80825 6634 12929 10445 74191 23643 17809 50548 37936 2640 4954 2484 4958 7805 7680 6574 3767 32982 18227 12307 10603 5920 3149 2438 14755 13553 12321 12612 9607
is_linear=0
shrinkage=0.08


Tree=18
num_leaves=31
num_cat=0
split_feature=1 1 0 0 1 1 3 0 0 3 0 1 3 0 1 3 0 1 1 0 3 1 0 3 0 1 3 1 0 1
split_gain=4.21137 4.17928 2.97989 2.05888 1.00113 1.17682 1.13609 1.00845 1.09052 1.69279 0.758088 1.55638 0.949408 0.947233 1.51947 2.71976 0.709195 0.600854 0.58514 0.461698 0.420813 0.329774 0.297466 0.37914 0.224577 0.534467 0.425594 0.701374 0.5172 0.382332
threshold=-1.6014499664306638 1.1847650408744814 3.8328099250793461 0.78765499591827404 -1.1869350075721739 -0.53332501649856556 1.5000000000000002 3.286735057830811 1.4701399803161623 1.5000000000000002 2.8712649345397954 0.90689998865127575 1.5000000000000002 2.2465050220489506 0.39812499284744268 1.5000000000000002 3.5188649892807011 -0.26547500491142267 0.16313999891281131 2.9977650642395024 1.0000000180025095e-35 -2.0506399869918819 0.21536500006914142 1.5000000000000002 1.4170950055122378 0.30321998894214636 1.0000000180025095e-35 0.4229200035333634 1.6854549646377566 0.0084150000475347059
decision_type=2 2 2 2 2 2 2 2 2 2 2 2 2 2 2 2 2 2 2 2 2 2 2 2 2 2 2 2 2 2
left_child=21 2 3 22 6 7 -5 8 9 -6 13 12 16 17 15 -15 -12 -7 -14 -3 -21 -1 -2 -24 25 -19 -26 28 -28 -30
right_child=1 19 -4 4 5 10 -8 -9 -10 -11 11 -13 18 14 -16 -17 -18 24 -20 20 -22 -23 23 -25 26 -27 27 -29 29 -31
leaf_value=0.0026114707876554238 0.0022132830549445419 0.0014730860964016505 0.0019831350879397701 0.0010185790808201623 0.0008589589799436624 -0.0012364790423962917 -0.0012389308925669618 0.0011556804387941378 -0.0015208411948235546 -0.0028375476757565737 -0.0011547983346463298 0.0019478808483974267 -0.0014641340181149101 0.00020403737197260887 -0.00097699899991243971 0.0034527678315983581 0.00061041305256922585 -0.00037394736534199116 -0.0040561151752362308 0.0020117339795841706 0.0042798826031453414 0.0014713422353196098 0.0013777838766172127 -0.00044913299511778465 -0.00095875409084504994 0.0018745743348281719 -0.00096409935059227792 -0.0013261303269069586 0.00018168484211036299 0.0019365841879244252
leaf_weight=2558 1386 1963 3580 5309 3155 5386 1951 1223 15553 1059 7280 1130 1232 8223 4030 2063 1821 2066 1018 1016 1080 4445 2405 1042 4959 1006 1024 1698 1514 1672
leaf_count=2558 1386 1963 3580 5309 3155 5386 1951 1223 15553 1059 7280 1130 1232 8223 4030 2063 1821 2066 1018 1016 1080 4445 2405 1042 4959 1006 1024 1698 1514 1672
internal_value=5.93626e-07 -0.000151588 -0.000274475 -0.000376517 -0.000480493 -0.000577031 0.000411912 -0.00107362 -0.00121154 -6.99923e-05 -0.000351037 -0.000883519 -0.00116539 -0.000153483 0.000339729 0.000855615 -0.000801601 -0.000518854 -0.00263686 0.00235473 0.00318044 0.0018878 0.0012235 0.000825522 -0.000241566 0.000362385 -0.000412297 4.63833e-05 0.000599953 0.00110265
internal_weight=93847 86844 82785 79205 74372 67112 7260 20990 19767 4214 46122 12481 11351 33641 14316 10286 9101 19325 2250 4059 2096 7003 4833 3447 13939 3072 10867 5908 4210 3186
internal_count=93847 86844 82785 79205 74372 67112 7260 20990 19767 4214 46122 12481 11351 33641 14316 10286 9101 19325 2250 4059 2096 7003 4833 3447 13939 3072 10867 5908 4210 3186
is_linear=0
shrinkage=0.08


Tree=19
num_leaves=31
num_cat=0
split_feature=1 1 0 0 1 3 0 0 1 0 3 1 0 3 1 0 1 0 1 3 3 1 3 3 0 1 0 3 1 1
split_gain=3.44145 3.68833 2.36205 1.60758 0.754813 0.915309 0.730499 0.487712 0.697119 0.565165 2.17344 0.680475 1.1011 1.56971 2.10512 2.44315 0.581844 0.832577 0.568014 0.857056 0.467196 0.408209 0.399848 0.322941 0.304118 0.741416 0.301643 0.282576 0.367678 0.227823
threshold=-1.3556099534034727 0.95635500550270092 3.9191999435424809 0.72291499376297008 -1.8434650301933286 1.5000000000000002 3.0655400753021245 3.4494600296020512 -0.49031500518321985 1.4170950055122378 1.5000000000000002 -0.55133000016212452 3.0655400753021245 1.5000000000000002 0.4229200035333634 1.8038150072097781 0.30321998894214636 1.952615022659302 -1.0438700318336485 1.5000000000000002 1.0000000180025095e-35 0.49333499372005468 1.0000000180025095e-35 1.0000000180025095e-35 2.68309497833252 -0.092335000634193407 2.2921950817108159 1.5000000000000002 0.49333499372005468 1.330455005168915
decision_type=2 2 2 2 2 2 2 2 2 2 2 2 2 2 2 2 2 2 2 2 2 2 2 2 2 2 2 2 2 2
left_child=4 2 3 -2 -1 -6 29 9 -9 10 -5 18 13 16 15 -15 17 -13 19 -11 26 23 -8 -10 25 -17 -19 28 -14 -3
right_child=1 6 -4 7 5 -7 22 8 21 11 -12 12 27 14 -16 24 -18 20 -20 -21 -22 -23 -24 -25 -26 -27 -28 -29 -30 -31
leaf_value=0.0021879889515154698 0.0012311543335271529 0.00037082110567416031 0.0020254871500513549 0.00071450871446611343 0.0013952531965215687 -0.00056570001609043577 0.0016112647796660226 0.0021601650979326237 0.00015829168423654581 0.00023011941540384672 -0.0020488741776646217 -0.0012200054392086141 -0.0016688513678324581 -0.0018648697050003508 -0.0019469065152469182 0.0016279823653232927 -0.0011884037624502689 0.0003271853971964042 -0.0013350977335555843 -0.0020571730560021728 0.00057801152091571781 0.0011150119557763007 0.0034722515051721177 -0.0016855453276289204 0.0012613195449590021 0.0041075315476828524 -0.00073706058064955426 -0.0027236154909492088 7.1225609441907486e-05 0.0016672295093647903
leaf_weight=4009 3583 2225 2615 7110 5233 2149 1437 1003 1173 4031 2449 4908 3185 1066 1395 1592 7043 2517 13257 1417 5336 1011 1521 1262 1063 1498 5280 1028 1028 1422
leaf_count=4009 3583 2225 2615 7110 5233 2149 1437 1003 1173 4031 2449 4908 3185 1066 1395 1592 7043 2517 13257 1417 5336 1011 1521 1262 1063 1498 5280 1028 1028 1422
internal_value=8.95546e-07 -0.000179168 -0.000337058 -0.000421417 0.0013043 0.000824393 0.001634 -0.000506428 0.000303988 -0.000561725 6.53459e-06 -0.000659345 -0.000460267 -0.000282664 0.000813687 0.00155157 -0.000571743 -0.000331006 -0.00105249 -0.000364795 1.22708e-06 -0.000236275 0.00256818 -0.000797323 0.00242851 0.00283004 -0.000393504 -0.00153443 -0.00124426 0.000876303
internal_weight=93846 82455 75850 73235 11391 7382 6605 69652 4449 65203 9559 55644 36939 31698 6614 5219 25084 18041 18705 5448 13133 3446 2958 2435 4153 3090 7797 5241 4213 3647
internal_count=93846 82455 75850 73235 11391 7382 6605 69652 4449 65203 9559 55644 36939 31698 6614 5219 25084 18041 18705 5448 13133 3446 2958 2435 4153 3090 7797 5241 4213 3647
is_linear=0
shrinkage=0.08


Tree=20
num_leaves=31
num_cat=0
split_feature=1 1 0 0 0 1 0 3 1 0 0 3 0 0 3 1 1 0 3 0 3 1 1 3 1 3 0 1 3 0
split_gain=3.00751 3.33846 1.92983 1.50569 0.936981 0.450588 0.63141 0.952241 0.603634 1.04702 0.994211 1.6533 0.851436 1.4515 2.51282 1.39222 0.820638 0.541183 1.31755 0.475011 0.734205 0.43453 0.399279 0.412546 0.342614 0.339706 0.315504 0.36336 0.36796 0.268966
threshold=-1.4457650184631345 0.90689998865127575 3.969215035438538 0.78765499591827404 3.0241250991821294 -1.1869350075721739 2.5994949340820317 1.5000000000000002 -0.62227499485015858 3.1075600385665898 1.6175799965858462 1.5000000000000002 2.8712649345397954 2.0282399654388432 1.5000000000000002 0.31443999707698828 -0.092335000634193407 3.3461849689483647 1.5000000000000002 1.4170950055122378 1.5000000000000002 1.330455005168915 -1.9879299998283384 1.5000000000000002 0.52121499180793773 1.0000000180025095e-35 3.1075600385665898 0.10392000153660776 1.0000000180025095e-35 0.37020999193191534
decision_type=2 2 2 2 2 2 2 2 2 2 2 2 2 2 2 2 2 2 2 2 2 2 2 2 2 2 2 2 2 2
left_child=22 2 3 29 21 6 7 -5 9 10 11 -7 13 19 24 16 -16 26 -19 20 -10 -3 -1 -24 -15 -6 27 28 -14 -2
right_child=1 4 -4 5 25 8 -8 -9 12 -11 -12 -13 17 14 15 -17 -18 18 -20 -21 -22 -23 23 -25 -26 -27 -28 -29 -30 -31
leaf_value=0.0021227330174065505 0.0018340433973112861 5.9646924946817249e-05 0.0019920177648535728 0.00054652536265904035 0.0016434428352034361 0.0007002689097739351 0.0020530851691320487 -0.0022207985425508688 0.00047555746213108507 0.00099929895192555165 -0.0015214507408187606 -0.00274756721151456 -0.0012463145068140093 -5.3470251899146071e-06 0.001902953584863267 -0.00039351793254222651 0.0046495447187655725 0.00037863186845807633 -0.0028259660886638476 -0.0010457930944018292 -0.0017811362220858096 0.0018307115468997738 0.0014190539645780322 5.0189835669303813e-05 -0.0010847015622914306 0.0032661956288477624 -0.0019116223541300263 -0.0016562165580257214 0.00081326242475830896 0.000556753669208546
leaf_weight=2957 1762 2594 2286 3048 1581 3623 1013 1077 3675 1661 11264 1180 1069 13063 1728 1048 1166 4003 1033 10410 1232 1347 4675 2017 2199 1728 3464 2034 1155 2630
leaf_count=2957 1762 2594 2286 3048 1581 3623 1013 1077 3675 1661 11264 1180 1069 13063 1728 1048 1166 4003 1033 10410 1232 1347 4675 2017 2199 1728 3464 2034 1155 2630
internal_value=1.08549e-05 -0.000142672 -0.000297539 -0.000367758 0.00149834 -0.00045773 0.000263485 -0.000175998 -0.000514733 -0.000912841 -0.00111052 -0.000146795 -0.000365456 -0.000159069 0.000304216 0.00210484 0.00300956 -0.000923903 -0.000278705 -0.000739922 -9.10304e-05 0.000664982 0.00134856 0.00100647 -0.000160864 0.00249086 -0.00134468 -0.000883452 -0.000176705 0.00106918
internal_weight=93722 84073 76823 74537 7250 70145 5138 4125 65007 17728 16067 4803 47279 34521 19204 3942 2894 12758 5036 15317 4907 3941 9649 6692 15262 3309 7722 4258 2224 4392
internal_count=93722 84073 76823 74537 7250 70145 5138 4125 65007 17728 16067 4803 47279 34521 19204 3942 2894 12758 5036 15317 4907 3941 9649 6692 15262 3309 7722 4258 2224 4392
is_linear=0
shrinkage=0.08


Tree=21
num_leaves=31
num_cat=0
split_feature=1 1 0 0 2 2 2 1 2 0 0 1 1 2 2 1 1 0 0 0 1 1 2 1 0 0 1 1 1 0
split_gain=2.71642 2.88614 1.84515 1.19189 1.54239 1.00703 0.800392 0.796627 0.739585 0.502315 0.715627 1.02357 0.500359 0.585466 0.490151 0.403765 0.392179 0.39138 0.338217 0.313339 0.332917 0.307106 0.27207 0.216208 0.249198 0.329739 0.541247 0.214417 0.290133 0.205507
threshold=1.2743349671363833 -1.2597199678421018 3.6918749809265141 1.3457700014114382 1.5000000000000002 1.5000000000000002 1.0000000180025095e-35 -0.53332501649856556 1.5000000000000002 2.7363700866699223 1.8943150043487551 0.2697299867868424 0.83859500288963329 2.5000000000000004 1.5000000000000002 0.17292000353336337 -1.6811050176620481 0.87368500232696544 2.9461100101470952 2.7692250013351445 -1.6811050176620481 -0.27452500164508814 1.0000000180025095e-35 0.47790499031543737 1.9138749837875368 3.0922100543975835 -0.79745501279830922 0.86052000522613536 -0.23239000141620633 1.7196750044822695
decision_type=2 2 2 2 2 2 2 2 2 2 2 2 2 2 2 2 2 2 2 2 2 2 2 2 2 2 2 2 2 2
left_child=1 5 3 14 7 19 -2 18 -4 10 15 21 13 23 -3 -9 -7 -16 29 20 22 -12 -1 24 -6 26 -26 28 -11 -5
right_child=6 2 8 4 12 16 -8 9 -10 27 11 -13 -14 -15 17 -17 -18 -19 -20 -21 -22 -23 -24 -25 25 -27 -28 -29 -30 -31
leaf_value=0.00052158254547232728 0.00084524382405758505 8.7608647897742501e-05 0.00066892782956158819 -0.00034272912030647057 -0.0016066417131213476 0.003528400388943996 0.0033508549090513901 -0.0010376261084219149 0.0029704515970958283 0.00017795036412544181 0.00034131785658822396 -0.00045369443113226984 0.00046185415819996033 -0.0021349360352742115 0.0025295111489886646 0.00033950112101310294 0.0015688043905917968 0.00051600295197241919 0.00015415059547605259 0.001932877939755964 7.3850101703806543e-05 0.0013069356820403911 0.0017982268486739018 -0.0020643151057816609 -0.0020030820008549023 -0.0018431461856216768 4.5682169477633446e-05 0.00047401793375596629 -0.00087188234953363558 -0.0011226711187941728
leaf_weight=2839 1461 8656 3721 2802 2217 1093 1848 3929 1176 2182 3221 4913 1046 4255 1055 2086 1626 1491 2100 1079 5416 6100 1713 1104 1025 1161 4235 1269 7393 9468
leaf_count=2839 1461 8656 3721 2802 2217 1093 1848 3929 1176 2182 3221 4913 1046 4255 1055 2086 1626 1491 2100 1079 5416 6100 1713 1104 1025 1161 4235 1269 7393 9468
internal_value=-6.72005e-06 -8.91527e-05 -0.000280803 -0.000383406 -0.000523743 0.000977343 0.00224457 -0.000291402 0.00122163 -6.37427e-05 0.000171567 0.000480729 -0.00122592 -0.00135205 0.000374606 -0.000560039 0.00235653 0.00135035 -0.000783999 0.000637882 0.000497703 0.000973253 0.00100201 -0.00101011 -0.000875378 -0.000622892 -0.000353554 -0.000503136 -0.000632641 -0.000944562
internal_weight=93680 90371 76605 71708 60506 13766 3309 45463 4897 31093 20249 14234 15043 13997 11202 6015 2719 2546 14370 11047 9968 9321 4552 9742 8638 6421 5260 10844 9575 12270
internal_count=93680 90371 76605 71708 60506 13766 3309 45463 4897 31093 20249 14234 15043 13997 11202 6015 2719 2546 14370 11047 9968 9321 4552 9742 8638 6421 5260 10844 9575 12270
is_linear=0
shrinkage=0.08


Tree=22
num_leaves=31
num_cat=0
split_feature=1 1 0 0 2 1 2 0 2 2 2 1 0 2 1 0 0 1 0 1 1 1 0 0 0 2 1 1 0 0
split_gain=2.03419 2.14227 1.41562 1.19409 0.945354 1.22121 0.865709 0.834157 0.725798 0.502487 0.475376 0.35976 0.281348 0.276062 0.244772 0.651075 0.823531 0.54231 0.528758 0.494835 0.312769 0.33107 0.272223 0.232578 0.224297 0.221009 0.178029 0.169884 0.197533 0.159271
threshold=-1.6014499664306638 1.2743349671363833 3.969215035438538 0.72291499376297008 1.5000000000000002 -1.0438700318336485 1.5000000000000002 1.3758299946784975 1.0000000180025095e-35 1.0000000180025095e-35 2.5000000000000004 -0.24037500470876691 2.3845949172973637 1.0000000180025095e-35 -0.3972600102424621 2.7363700866699223 2.1820600032806401 0.16313999891281131 3.3261400461196904 -0.018280000425875183 -0.23239000141620633 0.71731001138687145 2.5343449115753178 3.1846950054168706 0.37020999193191534 1.0000000180025095e-35 -1.3728950023651121 -0.163330003619194 1.7081199884414675 2.0555799007415776
decision_type=2 2 2 2 2 2 2 2 2 2 2 2 2 2 2 2 2 2 2 2 2 2 2 2 2 2 2 2 2 2
left_child=6 2 3 13 14 -6 25 -7 -4 -3 29 -12 -13 -2 18 16 27 19 26 22 -17 -22 -18 -23 -15 -1 -5 28 -16 -9
right_child=1 9 8 4 5 7 -8 10 -10 -11 11 12 -14 24 15 20 17 -19 -20 -21 21 23 -24 -25 -26 -27 -28 -29 -30 -31
leaf_value=0.0005130340709278235 0.00037933691224545672 0.00079678484599359422 0.00029296816847522401 0.00019973766755051591 0.00089072835599058545 0.00063703712263657149 0.0032135023062273174 -0.0014411034840497387 0.0029151960924437099 0.0028025664398296001 -0.0028106331841221133 -0.00035692168255690196 -0.002014847306847937 0.0025557880129254474 -0.0012607610300586999 0.00066870377949034834 0.00037222664779652874 0.00021643604302132541 0.0011249029118154058 0.0027541697379323661 -0.00089264405053705322 -0.00065072004144037297 0.001987298613275853 0.00097124467279652391 0.00095766724860284549 0.0015316447469740854 -0.00048983021587641442 2.7764252355643313e-05 -5.4991958561154167e-06 -0.00073625607313846958
leaf_weight=3558 1978 1426 1328 2686 2374 1677 1266 2884 1375 1819 1788 1093 1635 1016 1661 1325 1972 4104 1513 1374 7625 1069 1010 1202 1258 2210 22206 8562 1552 7110
leaf_count=3558 1978 1426 1328 2686 2374 1677 1266 2884 1375 1819 1788 1093 1635 1016 1661 1325 1972 4104 1513 1374 7625 1069 1010 1202 1258 2210 22206 8562 1552 7110
internal_value=1.07367e-05 -9.55074e-05 -0.000173994 -0.000234333 -0.000306932 -0.000803719 0.00131911 -0.00105223 0.00162688 0.00192114 -0.00124747 -0.00192865 -0.00135058 0.0010705 -0.000147569 3.18483e-06 0.000274215 0.000876322 -0.000327161 0.00149803 -0.000485568 -0.000640117 0.00091925 0.000207757 0.00167169 0.000903313 -0.000415422 -0.000158381 -0.000654422 -0.000939656
internal_weight=93656 86622 83377 80674 76422 18561 7034 16187 2703 3245 14510 4516 2728 4252 57861 31456 20235 8460 26405 4356 11221 9896 2982 2271 2274 5768 24892 11775 3213 9994
internal_count=93656 86622 83377 80674 76422 18561 7034 16187 2703 3245 14510 4516 2728 4252 57861 31456 20235 8460 26405 4356 11221 9896 2982 2271 2274 5768 24892 11775 3213 9994
is_linear=0
shrinkage=0.08


Tree=23
num_leaves=31
num_cat=0
split_feature=0 0 2 2 0 0 3 2 3 0 2 3 3 0 2 0 3 3 2 3 3 0 0 0 0 2 2 0 0 2
split_gain=1.52527 1.48303 0.805402 0.669503 0.428135 0.425092 1.12286 0.480778 0.304438 0.865547 0.262684 0.317013 0.231736 0.20366 0.282604 0.189215 0.172488 0.169476 0.159204 0.160122 0.15616 0.545495 0.341671 0.420529 0.182739 0.149996 0.137116 0.121931 0.408872 0.0913184
threshold=3.7964650392532353 0.72291499376297008 1.5000000000000002 1.5000000000000002 3.3461849689483647 1.5576950311660769 1.5000000000000002 1.5000000000000002 1.5000000000000002 1.8145749568939211 1.0000000180025095e-35 1.0000000180025095e-35 1.5000000000000002 1.4170950055122378 1.5000000000000002 2.8602550029754643 1.0000000180025095e-35 1.0000000180025095e-35 1.0000000180025095e-35 1.0000000180025095e-35 1.5000000000000002 1.8652900457382204 2.1104650497436528 2.3942549228668217 2.9079399108886723 1.5000000000000002 1.0000000180025095e-35 2.7363700866699223 2.2921950817108159 1.5000000000000002
decision_type=2 2 2 2 2 2 2 2 2 2 2 2 2 2 2 2 2 2 2 2 2 2 2 2 2 2 2 2 2 2
left_child=1 3 17 12 5 6 10 8 18 -10 11 -3 -1 14 16 26 -12 -2 19 -7 22 -22 -9 -24 -23 -6 -11 28 -21 -8
right_child=2 4 -4 -5 25 7 29 20 9 15 13 -13 -14 -15 -16 -17 -18 -19 -20 27 21 24 23 -25 -26 -27 -28 -29 -30 -31
leaf_value=0.0010549940509469227 0.0012718566244050461 0.00057804910940654727 0.0032696337220156596 0.0028375863255863769 0.00024166301263332332 -0.00028113929954535788 -0.0012925633185383889 -0.00018422784747868876 -0.0018106499474393432 0.0015612666072605836 0.0013761507461355022 -0.00059899792252329385 -0.0002694547865711953 0.00012406942029593741 0.0021756716718511902 -0.00017844908767089885 0.00012810509962786875 0.00016573727823914066 -0.00048521960331868229 -0.00016615305660088017 -0.0019844113389549198 0.00010426063963292629 -0.0025035171438657156 -0.00088983123036987574 -0.0010118319689232202 0.0011453339351237648 0.00062043181221784849 -0.00040283671892983624 0.0012869721495807809 -0.00055127779038579216
leaf_weight=3306 2133 4412 1114 1212 4635 17578 2439 2404 1025 1589 1446 2192 1136 1480 1336 1162 1390 1517 14469 3434 1220 4610 1433 3708 1179 1575 2636 1798 1939 1886
leaf_count=3306 2133 4412 1114 1212 4635 17578 2439 2404 1025 1589 1446 2192 1136 1480 1336 1162 1390 1517 14469 3434 1220 4610 1433 3708 1179 1575 2636 1798 1939 1886
internal_value=-7.67932e-06 -8.2635e-05 0.00138679 0.00117101 -0.000168059 -0.000219745 0.000138917 -0.000318558 -0.000190859 0.000320187 0.000529998 0.000187364 0.000716279 0.000930343 0.00121637 0.000725627 0.00076445 0.000812135 -0.000274413 -0.00015117 -0.000718923 -0.000447038 -0.000971493 -0.00133963 -0.000123045 0.000470855 0.000974275 0.00016742 0.000358249 -0.000969311
internal_weight=93393 88629 4764 5654 82975 76765 16581 60184 45630 6412 12256 6604 4442 5652 4172 5387 2836 3650 39218 24749 14554 7009 7545 5141 5789 6210 4225 7171 5373 4325
internal_count=93393 88629 4764 5654 82975 76765 16581 60184 45630 6412 12256 6604 4442 5652 4172 5387 2836 3650 39218 24749 14554 7009 7545 5141 5789 6210 4225 7171 5373 4325
is_linear=0
shrinkage=0.08


Tree=24
num_leaves=31
num_cat=0
split_feature=1 1 2 2 1 3 2 2 3 3 2 3 1 1 1 1 1 2 1 1 1 1 1 2 1 3 1 1 1 2
split_gain=1.74517 1.83508 0.987629 0.583662 0.410145 1.24537 0.652428 0.556974 0.512432 0.307962 0.290523 0.28016 0.240578 0.340926 0.24415 0.232308 0.263261 0.198148 0.18583 0.128453 0.210148 0.259759 0.310325 0.150324 0.136737 0.109143 0.0979696 0.0942461 0.295211 0.0942359
threshold=1.040525019168854 -1.6014499664306638 1.5000000000000002 1.0000000180025095e-35 -1.0438700318336485 1.5000000000000002 1.5000000000000002 1.5000000000000002 1.5000000000000002 1.0000000180025095e-35 1.5000000000000002 1.0000000180025095e-35 -0.43908500671386713 0.32533499598503118 -0.03556500002741813 -0.31728999316692347 -0.22342500090599057 1.5000000000000002 1.6118749976158144 -0.163330003619194 0.083750002086162581 0.13262499868869784 0.184519998729229 1.0000000180025095e-35 0.4502249956130982 1.0000000180025095e-35 -0.51554998755455006 -0.29219999909400934 -0.3972600102424621 1.0000000180025095e-35
decision_type=2 2 2 2 2 2 2 2 2 2 2 2 2 2 2 2 2 2 2 2 2 2 2 2 2 2 2 2 2 2
left_child=1 3 18 11 5 7 8 9 19 -3 -7 -1 -10 14 -14 26 -17 -5 25 23 -21 -22 -23 -6 29 -2 -8 28 -25 -24
right_child=2 4 -4 17 6 10 15 -9 12 -11 -12 -13 13 -15 -16 16 -18 -19 -20 20 21 22 24 27 -26 -27 -28 -29 -30 -31
leaf_value=0.0011348972132771708 0.00083191927110479039 0.00083880965719305967 0.0032151546431651483 0.0014228512823704013 -0.00022726256387973733 -0.0017384043453949111 -0.00088875857695227092 0.0022454561585721193 -9.7426855592407604e-05 -0.00017755816538504786 -0.00022984693608167354 -0.00028951053501643966 0.00072156629281008888 -0.00020626933364646855 0.0021939474491673638 0.00074089747344245746 -0.00061828991061406045 0.0026876540092896414 0.0016221219941539517 0.0002680104872200042 -0.0014235431791394502 0.0010222302853662732 -0.00034451544276980692 -0.00075318988176021381 -7.3791729659937314e-05 -0.00015105327491848588 -0.0015558478441538431 -0.0012713207237920732 0.00070448780382387482 -0.0010307041884380767
leaf_weight=1758 1673 4832 1383 2170 14379 1970 4674 1263 2790 3153 1396 1777 1733 1333 1234 1013 9150 1249 1109 6517 1163 1253 3445 5996 7483 1273 2017 1330 1044 2039
leaf_count=1758 1673 4832 1383 2170 14379 1970 4674 1263 2790 3153 1396 1777 1733 1333 1234 1013 9150 1249 1109 6517 1163 1253 3445 5996 7483 1273 2017 1330 1044 2039
internal_value=-2.18177e-05 -0.000107611 0.00136907 0.00113965 -0.000214418 0.000204834 -0.000291517 0.000684396 -0.000150699 0.000437481 -0.00111275 0.000418865 0.000481104 0.000856476 0.00133394 -0.000723806 -0.000482813 0.0018849 0.000739444 -0.000251026 -0.000112728 -0.000274028 -0.000180013 -0.000384162 -0.000296186 0.000407166 -0.00108985 -0.000653703 -0.000537023 -0.000599647
internal_weight=93599 88161 5438 6954 81207 12614 68593 9248 51739 7985 3366 3535 7090 4300 2967 16854 10163 3419 4055 44649 21900 15383 14220 22749 12967 2946 6691 8370 7040 5484
internal_count=93599 88161 5438 6954 81207 12614 68593 9248 51739 7985 3366 3535 7090 4300 2967 16854 10163 3419 4055 44649 21900 15383 14220 22749 12967 2946 6691 8370 7040 5484
is_linear=0
shrinkage=0.08


Tree=25
num_leaves=31
num_cat=0
split_feature=1 1 0 2 2 0 2 0 2 1 0 1 0 0 1 1 2 0 2 0 1 1 0 1 1 1 0 1 0 1
split_gain=1.73865 1.9329 1.22207 1.16617 0.853126 0.846215 0.886176 0.34968 0.283251 0.277411 0.274418 0.351608 0.830545 0.542808 0.522378 0.402127 0.265532 0.228556 0.213942 0.210286 0.178893 0.179569 0.170472 0.188963 0.202996 0.158813 0.357009 0.465148 0.362939 0.151522
threshold=-1.2293750047683714 1.040525019168854 4.0871100425720224 1.5000000000000002 1.5000000000000002 0.72291499376297008 2.5000000000000004 2.7692250013351445 1.5000000000000002 -1.9879299998283384 2.1374249458312993 -0.62227499485015858 2.7363700866699223 3.0655400753021245 0.16313999891281131 -0.092335000634193407 1.0000000180025095e-35 3.7582249641418461 1.0000000180025095e-35 3.1846950054168706 -0.23239000141620633 -0.38856500387191767 1.5576950311660769 0.31443999707698828 -0.81570500135421742 -0.31728999316692347 3.0922100543975835 0.4229200035333634 1.8750050067901614 -1.6811050176620481
decision_type=2 2 2 2 2 2 2 2 2 2 2 2 2 2 2 2 2 2 2 2 2 2 2 2 2 2 2 2 2 2
left_child=4 2 5 19 7 18 8 9 10 -1 22 13 14 -12 15 16 -13 20 -2 -3 21 -14 23 24 -7 -10 27 28 -27 -6
right_child=1 3 -4 -5 29 6 -8 -9 25 -11 11 12 17 -15 -16 -17 -18 -19 -20 -21 -22 -23 -24 -25 -26 26 -28 -29 -30 -31
leaf_value=0.0011164203226631062 0.00023491307732229714 0.00011899458709263394 0.001762932561141044 0.0032803777593487697 0.0027828432986230808 0.00030294831327288212 -0.0013973924153407335 0.0018128966575487535 -0.00098734778816629782 0.00012002148484768347 -0.0009658156909324255 0.0011178000866928863 -0.00047557154878257965 0.00074265448887198536 -0.00011281119856473687 0.0019696957219326604 -0.00012617914970387928 0.00062108141725526799 0.0015311327455575863 0.0012905503743891849 -0.00066241818897661388 0.00082951060941935438 -0.00062729313938928311 0.00085703731855600043 -0.00056460569432850998 -0.0008241495764917797 -0.0015413126598547444 -0.0013075968806894279 0.00089270348840428469 0.0015811808029902949
leaf_weight=2296 1511 2371 1847 1403 1066 2478 5086 1146 5150 8087 5160 2762 1583 1547 4049 2056 1823 1360 1769 1672 8341 1176 12535 1013 5689 1125 1374 1452 2631 1815
leaf_count=2296 1511 2371 1847 1403 1066 2478 5086 1146 5150 8087 5160 2762 1583 1547 4049 2056 1823 1360 1769 1672 8341 1176 12535 1013 5689 1125 1374 1452 2631 1815
internal_value=-1.36618e-05 -0.000161132 -0.00026886 0.00129312 0.000794438 -0.000321221 -0.000381422 0.000486729 -0.000299797 0.000340356 -0.000219084 -6.17057e-05 8.60638e-05 -0.000571749 0.000603392 0.00104006 0.000623193 -0.000357776 0.000934002 0.000603497 -0.000477708 8.07085e-05 -0.000435472 -0.000173547 -0.000301376 -0.000654594 -0.000394236 -9.16083e-05 0.00037847 0.00202581
internal_weight=93373 78963 73517 5446 14410 71670 68390 11529 63304 10383 51572 29857 23150 6707 10690 6641 4585 12460 3280 4043 11100 2759 21715 9180 8167 11732 6582 5208 3756 2881
internal_count=93373 78963 73517 5446 14410 71670 68390 11529 63304 10383 51572 29857 23150 6707 10690 6641 4585 12460 3280 4043 11100 2759 21715 9180 8167 11732 6582 5208 3756 2881
is_linear=0
shrinkage=0.08


Tree=26
num_leaves=31
num_cat=0
split_feature=1 1 2 3 2 1 1 2 1 1 1 3 2 2 3 3 1 1 1 1 1 3 1 1 1 1 1 1 3 1
split_gain=1.39846 1.45458 0.624717 0.87459 0.480841 0.36327 0.338764 0.359727 0.273181 0.218406 0.380933 0.225695 0.199752 0.185532 0.182912 0.175808 0.15782 0.15625 0.121139 0.2284 0.110757 0.348257 0.326798 0.232783 0.139096 0.104486 0.172908 0.103452 0.102291 0.0856619
threshold=-1.2597199678421018 1.383485019207001 1.5000000000000002 1.5000000000000002 1.0000000180025095e-35 -1.8062649965286253 0.95635500550270092 1.5000000000000002 -1.0687800049781797 -0.309249997138977 0.29170499742031103 1.0000000180025095e-35 1.0000000180025095e-35 1.5000000000000002 1.0000000180025095e-35 1.5000000000000002 -1.6553900241851804 -0.92004001140594471 0.14269500225782397 -0.0089449998922646028 -0.38856500387191767 1.0000000180025095e-35 0.66318500041961681 -0.31728999316692347 0.68015500903129589 -0.41348500549793238 -0.5858049988746642 -0.17183499783277509 1.5000000000000002 -0.13645499944686887
decision_type=2 2 2 2 2 2 2 2 2 2 2 2 2 2 2 2 2 2 2 2 2 2 2 2 2 2 2 2 2 2
left_child=2 6 3 12 -3 -5 7 20 -9 17 11 -11 14 -8 -1 -12 -14 -10 19 27 -2 24 23 -23 -22 26 -19 -13 -4 -25
right_child=1 4 28 5 -6 -7 13 8 9 10 15 18 16 -15 -16 -17 -18 25 -20 -21 21 22 -24 29 -26 -27 -28 -29 -30 -31
leaf_value=0.00093941842286192584 -0.00026586273273982553 0.00052615078421009212 0.0023794404817406561 0.00036681745991588583 0.0027140344687653483 -0.0015236956642666055 0.00019855619313936517 0.00067220779306262064 -0.00010720267501075754 -0.00099860578249365783 -0.00048416604138122837 -6.712461939236375e-05 0.0021124685061513684 0.0014463946862622379 -1.5540019393735844e-05 -0.001559245613034909 0.00089646390096011404 -0.0013352093676208025 0.0010227141934799698 -0.00085975870468397487 -0.00035082007206328454 0.0015428343586395242 -0.00082224743870519437 -0.00010518272193917246 0.000347650749351553 -0.0018365144659870322 -0.0003330936288896499 0.00095961879633943599 0.0013880660917572802 0.00042401952422330212
leaf_weight=3610 24267 1172 1195 1076 1424 1645 2987 1099 1126 1126 2033 1179 1217 1024 1992 1868 1557 3054 1043 1203 15799 1058 1557 2557 2063 1106 1724 1344 1505 8351
leaf_count=3610 24267 1172 1195 1076 1424 1645 2987 1099 1126 1126 2033 1179 1217 1024 1992 1868 1557 3054 1043 1203 15799 1058 1557 2557 2063 1106 1724 1344 1505 8351
internal_value=-8.44173e-06 -0.000136481 0.0007355 0.000469968 0.00172628 -0.000776106 -0.000198823 -0.000237863 -0.000549765 -0.000629674 -0.000385711 2.01118e-05 0.000874763 0.000517127 0.000599847 -0.00099897 0.00142995 -0.000970596 0.000260639 4.73156e-05 -0.000137515 -3.82759e-05 0.000267996 0.000409857 -0.000270149 -0.00113582 -0.000973626 0.000479821 0.00182684 0.000299967
internal_weight=93961 80164 13797 11097 2596 2721 77568 73557 17905 16806 9796 5895 8376 4011 5602 3901 2774 7010 4769 3726 55652 31385 13523 11966 17862 5884 4778 2523 2700 10908
internal_count=93961 80164 13797 11097 2596 2721 77568 73557 17905 16806 9796 5895 8376 4011 5602 3901 2774 7010 4769 3726 55652 31385 13523 11966 17862 5884 4778 2523 2700 10908
is_linear=0
shrinkage=0.08


Tree=27
num_leaves=31
num_cat=0
split_feature=0 0 2 2 3 2 0 0 0 3 0 0 3 3 0 2 3 0 0 0 3 0 0 2 0 0 2 0 0 3
split_gain=1.24111 1.0845 0.654068 0.501571 0.716167 0.328483 0.404958 0.297879 0.276802 0.234366 0.126472 0.180113 0.252477 0.203003 0.303449 0.144591 0.155183 0.174024 0.138893 0.135658 0.114826 0.113839 0.105939 0.238328 0.0995913 0.084388 0.0807977 0.0720318 0.529458 0.263339
threshold=3.3461849689483647 1.0414149761199953 1.5000000000000002 1.5000000000000002 1.5000000000000002 1.5000000000000002 1.3457700014114382 3.8328099250793461 0.65445998311042797 1.5000000000000002 2.7363700866699223 1.9998250007629397 1.5000000000000002 1.5000000000000002 1.8145749568939211 1.0000000180025095e-35 1.0000000180025095e-35 2.2921950817108159 2.4788550138473515 1.6854549646377566 1.0000000180025095e-35 2.8020050525665288 3.5188649892807011 1.0000000180025095e-35 2.3016650676727299 2.5994949340820317 1.0000000180025095e-35 2.0461800098419194 2.1552150249481206 1.5000000000000002
decision_type=2 2 2 2 2 2 2 2 2 2 2 2 2 2 2 2 2 2 2 2 2 2 2 2 2 2 2 2 2 2
left_child=1 3 9 4 20 10 -7 -4 -5 22 11 13 15 14 -3 16 -13 -18 24 -15 -1 -12 -2 -24 -17 -20 -16 -8 -29 -30
right_child=2 5 7 8 -6 6 27 -9 -10 -11 21 12 -14 19 26 18 17 -19 25 -21 -22 -23 23 -25 -26 -27 -28 28 29 -31
leaf_value=0.0010543061902813945 6.7093131299185923e-05 5.0995060826401657e-05 0.0011693567926001033 0.0026506088083355296 -0.001006437015568378 0.00074424022059663868 -0.00090261392037753474 0.0028874448229260041 0.00083608900681003543 -0.00065487812712621105 -0.00099290669697878827 -5.4138735953422867e-05 0.00074871970270910142 -0.0011997985011547132 -0.00044642939245941905 -0.00034981503880270493 -7.7191389783642402e-05 0.0010694988960065275 -0.0013342481875923881 -0.00017702668731025853 0.00034659062063282646 -0.00028325562407550335 0.00038201913010076088 0.0015158244630705199 0.00042852194758319053 -0.00036528250644247333 -0.0011445737186205724 0.0011727665121293658 -0.0011351660574470156 -0.00028754259462990809
leaf_weight=3612 1903 13067 1653 1046 1917 1415 5488 1060 1108 1140 1678 8344 3041 2178 2814 2971 1472 1995 1117 1341 2471 10496 3535 1786 1629 1186 1703 1035 4951 4458
leaf_count=3612 1903 13067 1653 1046 1917 1415 5488 1060 1108 1140 1678 8344 3041 2178 2814 2971 1472 1995 1117 1341 2471 10496 3535 1786 1629 1186 1703 1035 4951 4458
internal_value=-3.387e-05 -0.000140586 0.000761258 0.000633658 0.000341905 -0.000249205 -0.000552759 0.00184063 0.00171723 0.000411145 -0.000153519 -8.88827e-05 7.26421e-05 -0.000255398 -0.000144399 -3.72196e-05 0.000132782 0.000582643 -0.000328092 -0.000810047 0.000766822 -0.00038107 0.000579371 0.000762582 -7.41822e-05 -0.00083525 -0.000709644 -0.000667952 -0.000544644 -0.000733561
internal_weight=93610 82533 11077 10154 8000 72379 17347 2713 2154 8364 55032 42858 21755 21103 17584 18714 11811 3467 6903 3519 6083 12174 7224 5321 4600 2303 4517 15932 10444 9409
internal_count=93610 82533 11077 10154 8000 72379 17347 2713 2154 8364 55032 42858 21755 21103 17584 18714 11811 3467 6903 3519 6083 12174 7224 5321 4600 2303 4517 15932 10444 9409
is_linear=0
shrinkage=0.08


Tree=28
num_leaves=31
num_cat=0
split_feature=1 1 0 2 0 0 2 2 1 2 1 0 0 2 1 0 1 1 1 0 1 1 0 0 2 2 1 2 0 0
split_gain=1.25167 1.30802 0.921935 0.762762 0.68503 0.592511 0.749462 0.496214 0.480123 0.475184 0.420469 0.509844 0.502378 0.417304 0.34143 0.685897 0.365707 0.311215 0.366213 0.561292 0.243861 0.216038 0.206435 0.201623 0.195897 0.187282 0.184432 0.197167 0.182468 0.180912
threshold=-1.2293750047683714 1.1847650408744814 3.969215035438538 1.5000000000000002 2.8020050525665288 1.2655949592590334 2.5000000000000004 1.0000000180025095e-35 -1.8062649965286253 1.0000000180025095e-35 -0.46450500190258021 3.4275699853897099 2.8712649345397954 1.5000000000000002 0.68015500903129589 1.8750050067901614 0.184519998729229 -0.092335000634193407 -0.29219999909400934 2.4788550138473515 0.90689998865127575 0.22464499622583392 2.0461800098419194 0.97458001971244823 1.5000000000000002 1.0000000180025095e-35 0.083750002086162581 1.0000000180025095e-35 2.488090038299561 1.8555150032043459
decision_type=2 2 2 2 2 2 2 2 2 2 2 2 2 2 2 2 2 2 2 2 2 2 2 2 2 2 2 2 2 2
left_child=4 2 5 -3 8 13 10 -4 9 -1 11 25 14 -2 15 21 17 18 19 -17 24 -12 -16 -10 -14 -7 27 -19 -20 -8
right_child=1 3 7 -5 -6 6 29 -9 23 -11 12 -13 20 -15 22 16 -18 26 28 -21 -22 -23 -24 -25 -26 -27 -28 -29 -30 -31
leaf_value=0.00035819032263780101 3.4944206915731337e-05 0.0006288677698808125 0.00015120313312938768 0.0031693945146946184 0.0023971063968369123 -0.00040618543525024913 -0.0022722918672915845 0.0023759112030438353 0.00087807164872183072 0.0020688991867156524 -0.0007847111657345796 0.0011576889326029096 -0.00050498529894574143 0.001298196515884554 0.00027259359628853879 0.00022316936758751314 -6.9801597126804238e-05 0.00094471235260345924 0.00025988276309921486 0.0024993454997447951 0.00058556612385618457 0.00029476648616591673 -0.0010806711349046008 -3.8235867891241068e-05 -0.0013827005443411474 -0.00090412406772103491 0.0005497974597605741 0.0022735433516143811 -0.00094773664486366943 -0.0010646859362413077
leaf_weight=2096 7339 2994 1268 1012 1338 9431 1008 1299 1975 2061 4783 1039 8605 2168 1036 2001 5508 1388 2136 1061 1090 1578 2376 6928 2007 9918 1570 1473 1281 3739
leaf_count=2096 7339 2994 1268 1012 1338 9431 1008 1299 1975 2061 4783 1039 8605 2168 1036 2001 5508 1388 2136 1061 1090 1578 2376 6928 2007 9918 1570 1473 1281 3739
internal_value=-1.29722e-05 -0.000137842 -0.000212972 0.00127066 0.000673107 -0.000265702 -0.000354503 0.00127699 0.000496483 0.00120634 -0.000275772 -0.000568717 -0.000118156 0.000323019 7.65504e-05 0.00018834 0.000461587 0.000729862 0.000376513 0.00101188 -0.00055394 -0.000516921 -0.000669774 0.000165034 -0.000670984 -0.000661421 0.00124653 0.00162887 -0.000192842 -0.00132111
internal_weight=93506 79108 75102 4006 14398 72535 63028 2567 13060 4157 58281 20388 37893 9507 26191 22779 16418 10910 6479 3062 11702 6361 3412 8903 10612 19349 4431 2861 3417 4747
internal_count=93506 79108 75102 4006 14398 72535 63028 2567 13060 4157 58281 20388 37893 9507 26191 22779 16418 10910 6479 3062 11702 6361 3412 8903 10612 19349 4431 2861 3417 4747
is_linear=0
shrinkage=0.08


Tree=29
num_leaves=31
num_cat=0
split_feature=1 1 0 0 1 2 0 1 2 0 0 0 1 0 1 2 2 0 1 0 1 0 1 0 0 1 0 0 0 0
split_gain=1.16686 1.10028 0.734313 0.635128 0.42748 0.486815 1.02262 0.377102 0.352509 0.300952 0.223958 0.442868 0.417223 0.448773 0.733005 0.19071 0.180106 0.158153 0.137361 0.458698 0.241301 0.516763 0.210872 0.151501 0.157543 0.136134 0.143705 0.148703 0.131949 0.130696
threshold=1.5223500132560732 -1.1869350075721739 2.7692250013351445 3.969215035438538 0.95635500550270092 1.5000000000000002 1.1600149869918825 -2.0506399869918819 1.0000000180025095e-35 3.0241250991821294 3.4068000316619877 2.8367400169372563 -0.62227499485015858 2.0750250816345219 0.39812499284744268 1.5000000000000002 1.0000000180025095e-35 1.581174969673157 -0.14581499993801114 2.7252550125122075 0.16313999891281131 1.9327800273895266 -0.20592999458312986 1.9138749837875368 2.3759950399398808 -0.27452500164508814 0.53192999958992015 2.7901298999786381 2.1642400026321416 2.4119100570678715
decision_type=2 2 2 2 2 2 2 2 2 2 2 2 2 2 2 2 2 2 2 2 2 2 2 2 2 2 2 2 2 2
left_child=1 2 7 4 5 18 -7 16 -5 -6 11 12 -8 -14 29 -9 -1 -17 22 20 21 -20 25 -22 -25 26 -3 -28 -27 -15
right_child=-2 3 -4 8 9 6 10 15 -10 -11 -12 -13 13 14 -16 17 -18 -19 19 -21 23 -23 -24 24 -26 28 27 -29 -30 -31
leaf_value=0.00063847593364572746 0.0020148684958298476 0.00066670651011394727 0.0022194310555805306 0.00011486302072294632 9.7543243788205915e-05 0.0012425174531399915 -0.0014635058341533065 5.383724904910534e-05 0.0018900877382401061 0.0015111571843123698 0.00018418115554151319 -0.0018121151814134262 -0.0010625189046074316 0.0012350972449128794 -0.0017130296812171029 0.0015222726673847031 0.0020118836632965352 0.00021750771827975781 -0.00012171164175131859 -0.00043927858350213201 0.00046630851289619803 0.0013755429568260561 -0.0010253949756368755 -0.00065510450627110923 0.00024489783964601488 -0.00023134097996802325 -0.00035585937698570007 0.00013864051236209173 0.0010198039031470926 0.00025620044986198045
leaf_weight=1242 1849 1122 1604 1391 2733 1724 3150 9123 1475 1489 1318 2772 3480 1581 1050 1168 1203 1211 2684 8155 3152 3276 1963 2709 2303 1004 19869 4840 1166 1949
leaf_count=1242 1849 1122 1604 1391 2733 1724 3150 9123 1475 1489 1318 2772 3480 1581 1050 1168 1203 1211 2684 8155 3152 3276 1963 2709 2303 1004 19869 4840 1166 1949
internal_value=2.50862e-05 -1.4945e-05 0.000598407 -0.000139865 -0.000185429 -0.000233065 -0.000604593 0.000411978 0.00102849 0.000596092 -0.000812725 -0.000906698 -0.000682807 -0.000377695 0.000142651 0.000220185 0.00131423 0.000858098 -0.000111998 3.84404e-05 0.000314269 0.000701276 -0.000223853 3.17401e-05 -0.000241556 -0.000167661 -0.000218788 -0.000258997 0.000440933 0.000694624
internal_weight=93755 91906 15551 76355 73489 69267 17024 13947 2866 4222 15300 13982 11210 8060 4580 11502 2445 2379 52243 22279 14124 5960 29964 8164 5012 28001 25831 24709 2170 3530
internal_count=93755 91906 15551 76355 73489 69267 17024 13947 2866 4222 15300 13982 11210 8060 4580 11502 2445 2379 52243 22279 14124 5960 29964 8164 5012 28001 25831 24709 2170 3530
is_linear=0
shrinkage=0.08


Tree=30
num_leaves=31
num_cat=0
split_feature=1 1 2 3 1 1 3 2 3 3 1 3 1 1 2 2 1 1 1 2 1 1 1 1 1 1 2 3 1 1
split_gain=0.871144 0.909048 0.2497 0.295581 0.248632 0.333098 0.830027 0.32167 0.165473 0.164238 0.337653 0.108852 0.608878 0.233003 0.291951 0.206696 0.172404 0.178458 0.17076 0.145914 0.314579 0.185344 0.112745 0.130417 0.128153 0.106077 0.102707 0.102587 0.110931 0.102643
threshold=1.4518749713897707 -1.4269599914550779 1.0000000180025095e-35 1.0000000180025095e-35 -0.40545499324798578 -0.93099001049995411 1.5000000000000002 1.5000000000000002 1.0000000180025095e-35 1.5000000000000002 -1.7420299649238584 1.5000000000000002 0.39812499284744268 0.81612500548362743 1.0000000180025095e-35 1.5000000000000002 0.24726000428199771 -0.063984997570514665 0.23503500223159793 1.5000000000000002 -0.0089449998922646028 -0.044455001130700104 -0.29219999909400934 -0.33571499586105341 -0.163330003619194 1.7233600020408633 1.0000000180025095e-35 1.0000000180025095e-35 0.184519998729229 0.34947499632835394
decision_type=2 2 2 2 2 2 2 2 2 2 2 2 2 2 2 2 2 2 2 2 2 2 2 2 2 2 2 2 2 2
left_child=1 2 3 -1 5 6 7 8 -3 -4 -11 13 18 15 -15 22 17 -17 19 21 -21 -13 23 -6 -24 -2 -7 28 -26 -30
right_child=25 4 9 -5 11 26 -8 -9 -10 10 -12 12 -14 14 -16 16 -18 -19 -20 20 -22 -23 24 -25 27 -27 -28 -29 29 -31
leaf_value=0.00092481610497371415 0.0010741050305678188 0.00054032899147815605 0.0015337179162805501 -0.00031269081785501078 2.7485852546912307e-05 -0.00024841699474692795 -0.00099814971454130204 0.0015830359277253898 -0.00018290296640257223 0.0015342152222622275 -0.00045794291761973939 0.00042559564171374548 -0.00059060391533605769 -0.00011145379300364347 0.0010921541445768025 -0.00035260344725684576 5.8645146949822595e-05 -0.0014892884626227442 0.0016196499976224071 0.00076043502912437474 -0.00095056158178358891 0.0018126218006019831 -0.00051263920841216183 0.0010898158129332518 0.00013630495195546629 0.002188591957578975 -0.00060221866094183865 0.0002593279630961914 -0.00076391128875268532 -0.00012135650850989648
leaf_weight=2551 1113 5204 2799 2395 1920 9585 3461 1362 3314 1172 1017 1552 3472 2661 2503 1887 1903 1663 1113 1948 1063 1023 3619 1203 5700 1074 11614 6702 2395 4740
leaf_count=2551 1113 5204 2799 2395 1920 9585 3461 1362 3314 1172 1017 1552 3472 2661 2503 1887 1903 1663 1113 1948 1063 1023 3619 1203 5700 1074 11614 6702 2395 4740
internal_value=4.34956e-05 5.79772e-06 0.000728363 0.000325579 -8.216e-05 -0.000245165 6.80032e-05 0.00044148 0.000258949 0.00112776 0.000608667 3.74611e-05 0.000269178 -2.64155e-05 0.000471937 -0.000107516 -0.00055574 -0.000885084 0.000714791 0.0005345 0.000156387 0.000976636 -1.45083e-05 0.000436702 -7.53621e-05 0.00162141 -0.000442249 5.63837e-06 -0.00012683 -0.000337042
internal_weight=93728 91541 9934 4946 81607 34540 13341 9880 8518 4988 2189 47067 10171 36896 5164 31732 5453 3550 6699 5586 3011 2575 26279 3123 23156 2187 21199 19537 12835 7135
internal_count=93728 91541 9934 4946 81607 34540 13341 9880 8518 4988 2189 47067 10171 36896 5164 31732 5453 3550 6699 5586 3011 2575 26279 3123 23156 2187 21199 19537 12835 7135
is_linear=0
shrinkage=0.08


Tree=31
num_leaves=31
num_cat=0
split_feature=1 1 0 0 0 3 3 1 3 1 0 3 0 1 0 3 0 1 3 1 1 1 0 3 0 0 1 1 0 1
split_gain=0.774917 0.815546 0.693798 0.653488 0.269239 0.264653 0.233698 0.229349 1.00244 0.290772 0.787894 1.06266 2.16117 1.73705 0.449875 0.691459 0.613759 0.310744 0.283574 0.499095 0.271502 0.262475 0.253615 0.209023 0.296401 0.39491 0.275875 0.259748 0.180339 0.176149
threshold=-1.8062649965286253 0.98289999365806591 0.78765499591827404 3.6918749809265141 2.9977650642395024 1.5000000000000002 1.0000000180025095e-35 -1.1869350075721739 1.5000000000000002 -0.5858049988746642 2.8712649345397954 1.5000000000000002 1.8853050470352175 0.31443999707698828 1.6408250331878664 1.5000000000000002 3.0108249187469487 0.064254999160766615 1.5000000000000002 0.13262499868869784 -0.044455001130700104 0.54940497875213634 1.2138850092887881 1.0000000180025095e-35 2.6508200168609624 1.6635150313377383 -0.43908500671386713 0.30321998894214636 2.2921950817108159 -0.026715000160038468
decision_type=2 2 2 2 2 2 2 2 2 2 2 2 2 2 2 2 2 2 2 2 2 2 2 2 2 2 2 2 2 2
left_child=-1 2 -2 7 -3 -5 -6 8 -4 14 11 22 17 20 15 -9 -16 -13 21 -20 -14 -12 -11 26 25 -25 -24 28 -27 -28
right_child=1 4 3 5 6 -7 -8 9 -10 10 18 12 13 -15 16 -17 -18 -19 19 -21 -22 -23 23 24 -26 27 29 -29 -30 -31
leaf_value=0.001025256072623885 0.00076333761234396134 0.00031914383616350321 0.000643216502471729 0.0010943503129463281 0.0006226350760872079 -0.00037951743266603446 0.0020275278414739646 0.00058271737960440201 -0.0012211511565141349 0.00064402761343710984 -0.00078919198036275632 -0.0014805037211681538 0.0024069978591058977 -0.00051825476372945826 -0.00102245453701904 -0.0015303295382751779 0.00051798469762904251 0.00024219117813747173 -0.00043268492129744845 -0.0028396239652254043 0.0039447048281695063 0.00026833259414166868 -0.0013803775887161868 -0.00090411148278004498 -0.0010821536067498615 0.00035845379695031678 -3.3467820550357165e-06 -0.0004040289738793615 0.0013432974383288474 -0.00060549791931014643
leaf_weight=4474 5324 3268 6753 3443 1434 1008 1607 4043 2540 1987 7060 1828 2058 1293 11560 1313 1932 1058 1161 1050 1143 1908 1924 1756 1422 3143 5358 1731 1915 7408
leaf_count=4474 5324 3268 6753 3443 1434 1008 1607 4043 2540 1987 7060 1828 2058 1293 11560 1313 1932 1058 1161 1050 1143 1908 1924 1756 1422 3143 5358 1731 1915 7408
internal_value=-2.21349e-06 -5.36168e-05 -0.000120176 -0.00018064 0.000823278 0.000760569 0.00136504 -0.000237759 0.00013364 -0.000291645 -0.000181579 9.86855e-06 0.000859373 0.00195645 -0.000555615 6.47132e-05 -0.00080187 -0.000848968 -0.000764261 -0.00157574 0.00295608 -0.000564197 -0.000225432 -0.000295498 -1.27201e-05 0.000165248 -0.000487359 0.000441841 0.000731324 -0.00035277
internal_weight=93902 89428 83119 77795 6309 4451 3041 73344 9293 64051 45203 34024 7380 4494 18848 5356 13492 2886 11179 2211 3201 8968 26644 24657 9967 8545 14690 6789 5058 12766
internal_count=93902 89428 83119 77795 6309 4451 3041 73344 9293 64051 45203 34024 7380 4494 18848 5356 13492 2886 11179 2211 3201 8968 26644 24657 9967 8545 14690 6789 5058 12766
is_linear=0
shrinkage=0.08


Tree=32
num_leaves=31
num_cat=0
split_feature=1 1 2 3 1 1 3 2 3 1 3 1 1 1 2 1 1 1 1 2 1 1 3 1 1 3 2 3 1 1
split_gain=0.59039 0.635752 0.356009 0.274723 0.143038 0.255487 0.692364 0.388616 0.285504 0.182617 0.284341 0.16174 0.141404 0.116058 0.104725 0.267187 0.2322 0.208052 0.0918845 0.187111 0.290352 0.212176 0.339913 0.179932 0.162785 0.125574 0.153577 0.0986104 0.0895477 0.165413
threshold=-1.6014499664306638 1.4518749713897707 1.5000000000000002 1.5000000000000002 -0.14581499993801114 -0.93099001049995411 1.5000000000000002 1.5000000000000002 1.0000000180025095e-35 -0.62227499485015858 1.5000000000000002 -0.026715000160038468 -1.0929549932479856 -1.2891550064086912 1.5000000000000002 -0.33571499586105341 -0.29219999909400934 -0.34442999958991999 0.90689998865127575 1.5000000000000002 0.23503500223159793 0.2697299867868424 1.5000000000000002 0.39812499284744268 0.11333499848842622 1.5000000000000002 1.0000000180025095e-35 1.5000000000000002 0.13262499868869784 0.184519998729229
decision_type=2 2 2 2 2 2 2 2 2 2 2 2 2 2 2 2 2 2 2 2 2 2 2 2 2 2 2 2 2 2
left_child=2 4 3 -1 5 6 7 8 -2 -7 14 -6 13 -8 16 -16 17 -11 19 21 24 22 28 -22 -21 26 -20 -25 -13 -30
right_child=1 -3 -4 -5 11 9 12 -9 -10 10 -12 18 -14 -15 15 -17 -18 -19 25 20 23 -23 -24 27 -26 -27 -28 -29 29 -31
leaf_value=0.00081968546049158227 0.00058160750618256444 0.0013293774531508112 0.0019579155836598645 -0.00041257667370345061 0.00049868441867878543 -0.00052284096502118113 -0.0006099674104811315 0.0015559038309603662 -0.00027676499241579444 -0.00013862911889908416 0.00042651746788790524 -6.8111826951508869e-05 -5.1791349595243284e-05 -0.0016087328581365534 -0.0014408226057794225 0.00023161809494961453 -0.00069927375409181702 0.00091237499212313969 4.3342567983696743e-05 -0.00053087170126986025 0.00076046454897086462 -0.00016032053479010476 0.0017286735111139832 7.5462275302042587e-05 -0.0018295513202153846 -0.00043302401886485863 0.0010400997391740196 -0.0008685577194170491 0.0012193200639407718 2.6301081236782158e-05
leaf_weight=4170 6295 2186 1268 1603 4841 11825 1665 1677 4092 7734 4591 4052 1276 1347 1502 1031 4098 1428 2050 1396 1311 11162 1038 1492 1108 1126 1912 1348 1239 1861
leaf_count=4170 6295 2186 1268 1603 4841 11825 1665 1677 4092 7734 4591 4052 1276 1347 1502 1031 4098 1428 2050 1396 1311 11162 1038 1492 1108 1126 1912 1348 1239 1861
internal_value=3.96178e-05 -1.7607e-05 0.000744122 0.000477521 -5.24545e-05 -0.000141994 0.00011554 0.000425891 0.000243448 -0.00027274 -0.000127653 6.85422e-05 -0.000757613 -0.00105663 -0.00028875 -0.000760094 -0.000198711 2.51816e-05 1.57585e-06 -5.92508e-05 -0.000425169 6.65854e-05 0.000375831 -1.47572e-05 -0.00110553 0.000312488 0.000524362 -0.000372615 0.000179488 0.000503124
internal_weight=93724 86683 7041 5773 84497 48561 16352 12064 10387 32209 20384 35936 4288 3012 15793 2533 13260 9162 31095 26007 6655 19352 8190 4151 2504 5088 3962 2840 7152 3100
internal_count=93724 86683 7041 5773 84497 48561 16352 12064 10387 32209 20384 35936 4288 3012 15793 2533 13260 9162 31095 26007 6655 19352 8190 4151 2504 5088 3962 2840 7152 3100
is_linear=0
shrinkage=0.08


Tree=33
num_leaves=31
num_cat=0
split_feature=0 0 2 2 2 0 3 3 2 0 0 0 3 0 3 0 3 3 0 0 2 3 0 0 3 3 0 0 0 0
split_gain=0.725875 0.712218 0.612581 0.495915 0.175208 0.227531 0.556942 0.171466 0.15475 0.150207 0.176244 0.241023 0.203819 0.215672 0.137416 0.14136 0.17845 0.121045 0.174565 0.08541 0.0747427 0.0655306 0.0650501 0.0278121 0.593853 0.183988 0.211259 0.216073 0.228964 0.209696
threshold=3.4494600296020512 0.72291499376297008 1.5000000000000002 1.5000000000000002 1.5000000000000002 1.3758299946784975 1.5000000000000002 1.0000000180025095e-35 1.0000000180025095e-35 2.2829749584198002 2.1642400026321416 2.0555799007415776 1.5000000000000002 1.7081199884414675 1.0000000180025095e-35 2.9079399108886723 1.5000000000000002 1.0000000180025095e-35 0.43048000335693365 1.7081199884414675 2.5000000000000004 1.5000000000000002 3.8328099250793461 1.5576950311660769 1.0000000180025095e-35 1.0000000180025095e-35 1.6635150313377383 3.1370999813079838 2.2465050220489506 2.5888650417327885
decision_type=2 2 2 2 2 2 2 2 2 2 2 2 2 2 2 2 2 2 2 2 2 2 2 2 2 2 2 2 2 2
left_child=1 3 7 17 23 6 -6 8 -2 10 11 12 19 -14 -11 16 -16 -1 -19 -7 -18 -17 -4 24 -3 -25 -27 28 -28 -30
right_child=2 4 22 -5 5 9 -8 -9 -10 14 -12 -13 13 -15 15 21 20 18 -20 -21 -22 -23 -24 25 -26 26 27 -29 29 -31
leaf_value=0.00088041838515797019 0.00034798382848744895 0.00057800677986576815 0.0014259037999749763 0.0022405191795767977 0.0015738170719203635 0.00022416910066172557 -0.00080350141967238428 -0.00016237584677835011 0.0014729924592343981 -0.00091266528344400297 -0.0016536970852472058 0.00054608845910751071 -0.0021008226562608586 -0.00064643353546637596 -0.00041846344101447927 -8.8720844735888679e-05 0.0009319651857032582 0.00062853793889061063 -0.00070684790793015947 -0.00067394477577417558 7.8521974753557712e-05 -0.00092231669360608377 0.0022944100907797576 -0.00023960103269262385 -0.0005025327076598323 -0.00093414619337428421 -9.2891523688002863e-05 -0.00064651130537374442 0.00088613267231562687 0.00015174966855017395
leaf_weight=1956 2958 6485 1166 1195 1234 1174 1290 2888 1064 1548 1100 1058 1148 1512 1888 1047 1650 1430 1115 1603 1091 1425 1048 25887 6536 1242 7910 2005 4527 5526
leaf_count=1956 2958 6485 1166 1195 1234 1174 1290 2888 1064 1548 1100 1058 1148 1512 1888 1047 1650 1430 1115 1603 1091 1425 1048 25887 6536 1242 7910 2005 4527 5526
internal_value=1.02907e-06 -7.21001e-05 0.000678957 0.000791818 -0.00013448 -0.000347863 0.000358785 0.00030791 0.000645599 -0.000457662 -0.000717263 -0.000558668 -0.000773646 -0.00127412 -0.000229697 -8.08113e-05 0.000180028 0.000407192 4.34868e-05 -0.00029426 0.000592269 -0.000569252 0.00183701 -6.78645e-05 3.56209e-05 -9.64753e-05 7.8211e-05 0.000141179 0.0002291 0.000482452
internal_weight=93706 84582 9124 5696 78886 18768 2524 6910 4022 16244 7595 6495 5437 2660 8649 7101 4629 4501 2545 2777 2741 2472 2214 60118 13021 47097 21210 19968 17963 10053
internal_count=93706 84582 9124 5696 78886 18768 2524 6910 4022 16244 7595 6495 5437 2660 8649 7101 4629 4501 2545 2777 2741 2472 2214 60118 13021 47097 21210 19968 17963 10053
is_linear=0
shrinkage=0.08


Tree=34
num_leaves=31
num_cat=0
split_feature=2 1 1 1 1 2 1 1 1 1 3 1 1 3 1 3 3 1 3 1 1 1 1 3 1 1 3 2 1 1
split_gain=0.731629 2.35203 1.65004 0.378164 0.2577 0.213851 0.121297 0.106349 0.105542 0.128544 0.237651 0.341656 0.166915 0.0939311 0.0679652 0.346439 0.0683631 0.0649828 0.217507 0.10505 0.129121 0.0601713 0.0577899 0.126705 0.231329 0.071415 0.195807 0.162533 0.132779 0.13466
threshold=2.5000000000000004 -1.0084750056266782 0.6276099979877473 1.7233600020408633 -1.8434650301933286 1.5000000000000002 -0.56811499595642079 -0.11087499931454657 -0.31728999316692347 -0.67671498656272877 1.5000000000000002 -1.1203399896621702 -1.0929549932479856 1.5000000000000002 -1.3556099534034727 1.5000000000000002 1.0000000180025095e-35 0.47790499031543737 1.5000000000000002 0.23503500223159793 0.073970001190900816 -0.46450500190258021 -0.59500500559806813 1.0000000180025095e-35 -0.94205501675605763 -0.32649499177932734 1.0000000180025095e-35 1.0000000180025095e-35 -0.27452500164508814 -0.22342500090599057
decision_type=2 2 2 2 2 2 2 2 2 2 2 2 2 2 2 2 2 2 2 2 2 2 2 2 2 2 2 2 2 2
left_child=3 -2 6 4 13 14 -3 -8 9 10 12 -12 -7 -1 15 16 -6 19 -19 20 -10 -11 23 24 -16 26 27 -24 -27 -30
right_child=1 2 -4 -5 5 8 7 -9 17 21 11 -13 -14 -15 22 -17 -18 18 -20 -21 -22 -23 25 -25 -26 28 -28 -29 29 -31
leaf_value=0.00082954894938506096 0.0043545807586988384 -0.0012278389125060137 0.0030785578825948492 0.0014691229992272107 0.00077583378993377277 0.00090782209081494505 0.00025215566381799233 -0.00065589152283306853 4.1028326191682966e-05 -0.0014232787224578091 -0.002063166142983598 -3.5018090185051365e-05 -0.00042058018619706822 -4.8719315001186679e-06 0.00042238945789317044 -0.00091318869669697409 0.00014707077937762102 8.4126790069993505e-05 -0.0013999111910571198 0.00060077602650020635 -0.001009243986010917 -0.00062705489834391319 0.00013139015809318739 -0.00041377021092422594 -0.00035662537130860139 -0.00079403135491658782 0.0005875495120486121 -0.00087775814127046968 0.00064246240265610063 -9.1785429358232469e-05
leaf_weight=2544 1009 1116 1007 1003 2793 1084 1448 1920 2829 1430 1003 1131 1371 1307 4472 1391 1833 1557 1064 1275 1019 1056 3395 9357 5368 1626 3926 1461 1688 30177
leaf_count=2544 1009 1116 1007 1003 2793 1084 1448 1920 2829 1430 1003 1131 1371 1307 4472 1391 1833 1557 1064 1275 1019 1056 3395 9357 5368 1626 3926 1461 1688 30177
internal_value=-1.42406e-05 0.000804526 0.000152185 -7.53005e-05 -9.328e-05 -0.000123208 -0.000505009 -0.000265496 -0.000398396 -0.000621761 -0.000370777 -0.000988267 0.000165973 0.000546353 -6.27808e-05 0.000193824 0.000526694 -0.000194329 -0.000518321 -2.85694e-05 -0.000237097 -0.00108506 -8.78987e-05 -0.000203005 -2.5853e-06 -3.56266e-05 0.000167432 -0.000172227 -8.88725e-05 -5.28898e-05
internal_weight=93660 6500 5491 87160 86157 82306 4484 3368 14819 7075 4589 2134 2455 3851 67487 6017 4626 7744 2621 5123 3848 2486 61470 19197 9840 42273 8782 4856 33491 31865
internal_count=93660 6500 5491 87160 86157 82306 4484 3368 14819 7075 4589 2134 2455 3851 67487 6017 4626 7744 2621 5123 3848 2486 61470 19197 9840 42273 8782 4856 33491 31865
is_linear=0
shrinkage=0.08


Tree=35
num_leaves=31
num_cat=0
split_feature=2 0 0 0 3 0 0 0 0 0 0 0 0 2 3 2 0 0 2 3 0 0 0 2 3 3 0 2 0 0
split_gain=0.87817 1.83072 1.87803 0.343537 0.206292 0.812626 0.711979 0.422289 0.523333 0.236906 0.266871 0.128371 0.127258 0.18195 0.155525 0.124954 0.121473 0.203163 0.119551 0.0954594 0.153875 0.318625 0.0806306 0.0660105 0.0657633 0.060653 0.0581521 0.0576678 0.0531448 0.0631308
threshold=2.5000000000000004 1.3758299946784975 3.1687250137329106 2.6307749748229985 1.5000000000000002 1.8555150032043459 3.5438250303268437 1.0414149761199953 3.286735057830811 0.53192999958992015 1.2138850092887881 2.0461800098419194 1.4579499959945681 1.5000000000000002 1.0000000180025095e-35 1.0000000180025095e-35 2.1552150249481206 2.4305350780487065 1.0000000180025095e-35 1.0000000180025095e-35 2.3016650676727299 2.507470011711121 2.0282399654388432 1.0000000180025095e-35 1.0000000180025095e-35 1.0000000180025095e-35 3.1217000484466557 1.0000000180025095e-35 2.8602550029754643 2.9461100101470952
decision_type=2 2 2 2 2 2 2 2 2 2 2 2 2 2 2 2 2 2 2 2 2 2 2 2 2 2 2 2 2 2
left_child=4 -2 3 11 7 9 22 15 12 -6 -11 -3 14 19 27 -1 -15 -18 -10 28 -21 -22 -7 -16 -19 -20 -24 -9 -14 -30
right_child=1 2 -4 -5 5 6 -8 8 18 10 -12 -13 13 16 23 -17 17 24 25 20 21 -23 26 -25 -26 -27 -28 -29 29 -31
leaf_value=0.0003349093712737395 0.0040580592539095116 -0.00048160930053674044 0.0033138551610198629 -0.001534813625561847 0.00012536141963663918 -0.00018621097990675016 -0.0015784445536192204 0.00028905773287733592 0.00027163327131940007 -0.0018099564360990802 -0.00071756461607282455 0.00052675398643069248 -0.00015419074986596895 -0.00013510778014204841 -0.00071239105402869823 0.0010286941264953931 -0.0017860616025933568 -0.00098878236229548366 0.001182451308663622 -0.0002083166532477387 0.0012118934324815167 -4.600185785936583e-06 0.00060526804074363216 8.1108811236341595e-05 -0.00017894147453207266 0.00055422715231827075 3.0761336260640601e-05 0.00093076043614581715 -0.00096810856231658183 -0.00028735136207459229
leaf_weight=3936 1011 1531 1101 1198 1154 1231 1305 2457 5220 2280 3845 1711 20957 2382 1192 2875 1090 1047 1889 7433 1861 5309 6719 1535 1658 2052 1355 1411 1143 3675
leaf_count=3936 1011 1531 1101 1198 1154 1231 1305 2457 5220 2280 3845 1711 20957 2382 1192 2875 1090 1047 1889 7433 1861 5309 6719 1535 1658 2052 1355 1411 1143 3675
internal_value=3.42675e-05 0.000927423 0.000356214 -0.000377201 -3.29879e-05 -0.000275124 0.000171478 2.96777e-05 -3.56971e-05 -0.000926098 -0.0011242 5.05652e-05 -0.000131951 -0.000178542 0.000196945 0.000627764 -0.0005829 -0.000863965 0.000522743 -0.000116683 4.67365e-05 0.000311145 0.0004169 -0.000265738 -0.000492399 0.000855348 0.000508853 0.000523143 -0.00020927 -0.000448851
internal_weight=93563 6552 5541 4440 87011 17889 10610 69122 62311 7279 6125 3242 53150 46555 6595 6811 6177 3795 9161 40378 14603 7170 9305 2727 2705 3941 8074 3868 25775 4818
internal_count=93563 6552 5541 4440 87011 17889 10610 69122 62311 7279 6125 3242 53150 46555 6595 6811 6177 3795 9161 40378 14603 7170 9305 2727 2705 3941 8074 3868 25775 4818
is_linear=0
shrinkage=0.08


Tree=36
num_leaves=31
num_cat=0
split_feature=0 0 2 0 2 2 3 0 0 3 0 0 3 2 0 3 2 0 0 0 2 3 0 0 3 3 0 3 2 0
split_gain=0.540014 0.503541 0.484684 0.188743 0.260212 0.165807 0.143828 0.127357 0.11981 0.120427 0.0991303 0.0984738 0.327597 0.177832 0.121141 0.249562 0.16006 0.156593 0.095697 0.170248 0.134035 0.108132 0.206687 0.152189 0.322508 0.211459 0.139221 0.107461 0.103375 0.0909327
threshold=3.3461849689483647 0.37020999193191534 1.5000000000000002 2.6508200168609624 2.5000000000000004 1.0000000180025095e-35 1.5000000000000002 3.8328099250793461 2.693390011787415 1.5000000000000002 3.0366849899291997 0.97458001971244823 1.5000000000000002 1.0000000180025095e-35 2.4305350780487065 1.5000000000000002 1.0000000180025095e-35 2.507470011711121 2.3301749229431157 2.2829749584198002 1.5000000000000002 1.0000000180025095e-35 1.5081549882888796 1.8652900457382204 1.5000000000000002 1.5000000000000002 2.1289150714874272 1.0000000180025095e-35 1.5000000000000002 1.9998250007629397
decision_type=2 2 2 2 2 2 2 2 2 2 2 2 2 2 2 2 2 2 2 2 2 2 2 2 2 2 2 2 2 2
left_child=1 5 6 11 8 -1 -2 -4 -5 -10 -11 12 13 -3 18 16 -16 -18 19 21 27 22 -13 24 -23 26 -25 -20 -27 -24
right_child=2 3 7 4 -6 -7 -8 -9 9 10 -12 14 -14 -15 15 -17 17 -19 20 -21 -22 23 29 25 -26 28 -28 -29 -30 -31
leaf_value=0.00035433403593957644 0.00036829409760720419 0.00019854023702970411 0.0010209833920318428 -0.00094927718545680692 -0.0013507826705252304 0.0016023036668292231 -0.00059179586445780243 0.0021425312580791783 -0.00027167057727908272 0.00066389701098909472 -0.00029538026817768837 0.00047688024050580722 -0.00060765434672074175 0.0012227555987868316 0.00036373351280989544 0.0010463369819786238 0.00037499714914511365 -0.00083027807725147816 -0.00064086313369991429 0.00067459679049632754 -0.0012784772945474468 -4.8803065932693224e-05 -0.00031137762294796876 1.8008207758208801e-05 -0.00083695643175051655 0.00090019650849549064 -0.00082386041040533227 0.00031529479523584021 6.4579291522308077e-05 0.0001263093486380921
leaf_weight=1299 7178 2452 1629 1370 1435 1433 1160 1076 13415 1796 1119 4941 1890 1946 3444 1824 1035 2069 1699 1848 1016 7514 7481 3351 5957 1897 2012 1350 1893 5115
leaf_count=1299 7178 2452 1629 1370 1435 1433 1160 1076 13415 1796 1119 4941 1890 1946 3444 1824 1035 2069 1699 1848 1016 7514 7481 3351 5957 1897 2012 1350 1893 5115
internal_value=1.11864e-05 -5.90566e-05 0.0005366 -9.5588e-05 -0.000314686 0.00100892 0.000234724 0.00146711 -0.000230686 -0.0001704 0.000295653 -2.65585e-05 0.000273193 0.000651729 -6.11769e-05 0.000218764 -1.17631e-05 -0.00042839 -0.000112044 -7.61794e-05 -0.000482684 -0.000110726 3.83715e-05 -0.000226299 -0.000397332 2.5419e-05 -0.00029783 -0.000217507 0.000482829 -0.000133641
internal_weight=93644 82601 11043 79869 19135 2732 8338 2705 17700 16330 2915 60734 6288 4398 54446 8372 6548 3104 46074 42009 4065 40161 17537 22624 13471 9153 5363 3049 3790 12596
internal_count=93644 82601 11043 79869 19135 2732 8338 2705 17700 16330 2915 60734 6288 4398 54446 8372 6548 3104 46074 42009 4065 40161 17537 22624 13471 9153 5363 3049 3790 12596
is_linear=0
shrinkage=0.08


Tree=37
num_leaves=31
num_cat=0
split_feature=0 1 1 3 1 0 1 0 0 1 3 1 3 0 1 3 1 0 0 1 0 0 1 1 0 0 1 0 0 1
split_gain=0.500472 0.591694 0.67809 0.995682 0.457466 0.306546 0.295462 0.230453 0.218743 0.581173 0.300489 0.192445 0.725293 0.715968 0.740469 0.542596 1.1651 1.71394 0.443956 0.367579 0.331999 0.329355 0.433098 0.285779 0.279505 0.253246 0.247771 0.175554 0.168488 0.20605
threshold=3.3461849689483647 -0.74121999740600575 0.69741001725196849 1.5000000000000002 -1.8062649965286253 0.21536500006914142 1.1460549831390383 3.6280899047851567 3.1217000484466557 -0.52421498298645008 1.0000000180025095e-35 -0.53332501649856556 1.5000000000000002 1.6524000167846682 -1.0687800049781797 1.5000000000000002 0.68015500903129589 1.8853050470352175 2.7252550125122075 -0.71356499195098866 1.4170950055122378 2.0282399654388432 -0.026715000160038468 -0.18917000293731687 2.4687299728393559 2.4975349903106694 -0.13645499944686887 2.7901298999786381 2.8020050525665288 0.34947499632835394
decision_type=2 2 2 2 2 2 2 2 2 2 2 2 2 2 2 2 2 2 2 2 2 2 2 2 2 2 2 2 2 2
left_child=4 -2 3 7 -1 -6 8 -3 11 -10 -11 12 13 -7 -15 20 17 23 24 -14 -13 -22 26 -17 -19 -24 27 -23 29 -27
right_child=1 2 -4 -5 5 6 -8 -9 9 10 -12 15 19 14 -16 16 -18 18 -20 -21 21 22 25 -25 -26 28 -28 -29 -30 -31
leaf_value=0.0007163813907301456 0.002098685159569571 -0.00031206842059760084 0.0012180447207821715 -0.0021030377359746808 0.0010004858650333975 0.00050573572567060726 0.00066299134962818419 0.00077861317156059998 0.00090183131805497924 -0.00049524325464401738 -0.0020396894709802096 0.00046930858781675592 -0.0012381362313658997 0.00033572339282469601 -0.00086451760632282743 -0.0016216304561924057 -0.0020007146615268093 0.0018269666105013231 0.00054343164521138067 0.00014346768998536465 -0.00073092459529218803 0.00035706204906504337 9.4937621928256273e-06 1.4782399012381184e-05 0.0034021433636953306 -0.0018422362200432455 0.0012276293572295012 -0.00064376092810752036 -0.00033783134369279376 -0.00056022473812669107
leaf_weight=4380 1298 2134 3277 1377 1522 8678 2784 2959 1051 1619 1606 4317 6187 5238 8844 1172 1014 2335 1240 1539 7624 4683 4762 1637 1043 1526 1626 1475 3043 1692
leaf_count=4380 1298 2134 3277 1377 1522 8678 2784 2959 1051 1619 1606 4317 6187 5238 8844 1172 1014 2335 1240 1539 7624 4683 4762 1637 1043 1526 1626 1475 3043 1692
internal_value=-1.16399e-05 0.000494134 0.000280457 -0.000194424 -7.924e-05 -0.00012377 -0.00014607 0.000321611 -0.000176528 -0.000731926 -0.00126435 -0.000142443 -0.000293185 -6.58392e-05 -0.000418071 -2.51766e-05 0.000542967 0.000890253 0.00183808 -0.000962924 -0.000181144 -0.000287384 -0.00010758 -0.000667979 0.00231332 -0.000430188 0.000349268 0.000117339 -0.000764602 -0.00116816
internal_weight=93682 11045 9747 6470 82637 78257 76735 5093 73951 4276 3225 69675 30486 22760 14082 39189 8441 7427 4618 7726 30748 26431 18807 2809 3378 11023 7784 6158 6261 3218
internal_count=93682 11045 9747 6470 82637 78257 76735 5093 73951 4276 3225 69675 30486 22760 14082 39189 8441 7427 4618 7726 30748 26431 18807 2809 3378 11023 7784 6158 6261 3218
is_linear=0
shrinkage=0.08


Tree=38
num_leaves=31
num_cat=0
split_feature=1 1 0 1 1 0 0 2 1 0 0 2 1 2 1 1 2 1 0 0 1 1 0 1 1 1 2 0 0 0
split_gain=0.568483 0.524466 0.380458 0.499353 0.427301 0.310355 0.268236 0.263332 0.452133 0.538933 0.290714 0.299163 0.295731 0.242227 0.232328 0.263817 0.230206 0.189586 0.255855 0.508396 0.416709 0.192721 0.203542 0.184721 0.182205 0.230898 0.167434 0.15603 0.149025 0.170421
threshold=1.7233600020408633 -1.6014499664306638 3.4275699853897099 -0.47285500168800348 0.4637449979782105 0.43048000335693365 3.9191999435424809 1.5000000000000002 0.93192002177238475 2.9598450660705571 1.5081549882888796 2.5000000000000004 -0.84718501567840565 1.5000000000000002 -0.64894500374793995 0.4229200035333634 1.0000000180025095e-35 -0.5858049988746642 2.7589149475097661 2.1642400026321416 0.184519998729229 -0.309249997138977 2.8367400169372563 -0.018280000425875183 -0.063984997570514665 -0.62227499485015858 1.0000000180025095e-35 2.0555799007415776 2.920819997787476 1.7196750044822695
decision_type=2 2 2 2 2 2 2 2 2 2 2 2 2 2 2 2 2 2 2 2 2 2 2 2 2 2 2 2 2 2
left_child=1 13 5 -4 6 26 -5 17 9 10 12 14 -9 -1 -12 27 -6 28 19 -19 23 -20 -23 -21 25 -13 -3 -16 29 -7
right_child=-2 2 3 4 16 7 -8 8 -10 -11 11 24 -14 -15 15 -17 -18 18 21 20 -22 22 -24 -25 -26 -27 -28 -29 -30 -31
leaf_value=0.00044329273044394179 0.0018321770779706919 7.3939665493246961e-05 0.0016788077271898416 -0.00092878305588860405 6.7996785307054646e-05 -3.4881021418312579e-05 0.00048782300574539946 0.0013293101309082617 0.0011627579828663473 -0.0016813691267230893 -0.0008909459091164956 -0.0015718475187697875 -0.00023777429217501804 0.0016620776304332135 -0.00036936401470751842 -0.0011148685983917565 0.001379125905577713 -0.00011699227054409833 0.00051601244007189444 0.00076543507760377721 2.123370489532297e-05 -0.0015014397910993579 -0.00030260247650057003 0.0017528825970745557 -0.001912588499873466 0.0001093850739639304 0.001468537040015535 0.00064174217734224034 0.00043014315751362553 -0.00051924670195211255
leaf_weight=5691 1096 1029 1687 2469 1552 8079 1309 1194 1103 2185 2554 1009 2174 1278 1465 1035 1914 15052 1539 4802 4663 1047 6749 1622 1279 1085 1186 2931 1896 10950
leaf_count=5691 1096 1029 1687 2469 1552 8079 1309 1194 1103 2185 2554 1009 2174 1278 1465 1035 1914 15052 1539 4802 4663 1047 6749 1622 1279 1085 1186 2931 1896 10950
internal_value=2.08935e-05 -5.61247e-07 -5.49194e-05 0.000439225 0.000150548 -0.000112512 -0.000437958 -0.000140289 -0.000406575 -0.000508933 -0.00033497 -0.00052853 0.000317778 0.000666798 -0.000261683 3.42366e-05 0.000792031 -5.52367e-05 5.74142e-05 0.000185808 0.000596898 -0.000302103 -0.000463606 0.00101476 -0.00116025 -0.000700722 0.000820663 0.000304783 -0.000246213 -0.000313603
internal_weight=93624 92528 85559 8931 7244 76628 3778 74413 18014 16911 14726 11358 3368 6969 7985 5431 3466 56399 35474 26139 11087 9335 7796 6424 3373 2094 2215 4396 20925 19029
internal_count=93624 92528 85559 8931 7244 76628 3778 74413 18014 16911 14726 11358 3368 6969 7985 5431 3466 56399 35474 26139 11087 9335 7796 6424 3373 2094 2215 4396 20925 19029
is_linear=0
shrinkage=0.08


Tree=39
num_leaves=31
num_cat=0
split_feature=2 0 0 0 0 3 0 0 0 0 0 2 3 2 2 0 2 0 0 2 0 3 0 0 3 0 0 2 0 0
split_gain=0.376652 1.6534 1.25188 0.383871 0.0949262 0.0840458 0.821279 0.580132 0.430476 0.27506 0.318329 0.167001 0.161662 0.162827 0.138595 0.126647 0.0976466 0.0931203 0.23974 0.0795038 0.0757627 0.0733392 0.0712904 0.129964 0.189653 0.0701197 0.0519939 0.0512733 0.045517 0.0448051
threshold=2.5000000000000004 1.3758299946784975 3.1687250137329106 2.6508200168609624 0.21536500006914142 1.5000000000000002 1.2811900377273562 3.5438250303268437 2.0093950033187871 1.5576950311660769 3.286735057830811 1.5000000000000002 1.0000000180025095e-35 1.0000000180025095e-35 1.0000000180025095e-35 2.7146999835968022 1.0000000180025095e-35 2.1289150714874272 2.4305350780487065 1.0000000180025095e-35 1.5939599871635439 1.0000000180025095e-35 2.6307749748229985 2.4588949680328374 1.0000000180025095e-35 2.4975349903106694 3.5188649892807011 1.5000000000000002 1.2977449893951418 2.0461800098419194
decision_type=2 2 2 2 2 2 2 2 2 2 2 2 2 2 2 2 2 2 2 2 2 2 2 2 2 2 2 2 2 2
left_child=4 -2 3 29 -1 9 -7 8 20 12 11 22 19 -14 -12 16 -10 -13 -19 -6 -8 -20 23 -11 -25 -18 -16 -17 -21 -3
right_child=1 2 -4 -5 5 6 7 -9 15 10 14 17 13 -15 26 27 25 18 21 28 -22 -23 -24 24 -26 -27 -28 -29 -30 -31
leaf_value=0.0005285198421504546 0.0035698917704941754 -0.00041053858361935164 0.0024686527452122439 -0.0017900174393711472 0.00034946732915498496 -0.0013826004738157532 2.1537056232476233e-05 -0.0015271824041895501 0.0015033018112945785 -0.0001156637783996634 7.402971699003808e-05 -0.00012001078019190071 -0.00046486523503608051 0.0003703830534385786 0.00030481592039927166 0.00044951529813000896 0.00041378605646763756 -0.0017665433751660514 -0.00091510479591165388 0.0010926498480407869 -0.00064783117492490255 -6.0170664441426807e-05 -0.00026999659463339222 -2.5617065122549631e-05 0.001091453779793034 0.0011655388407781065 0.00091627645876336068 -0.00018436840473804938 0.00045412200154502572 0.00017848929345307021
leaf_weight=1924 1015 1559 1107 1158 5396 3075 1738 1336 1080 21829 5121 1942 2727 3303 1359 2042 2633 1151 1043 1952 2868 1671 12355 2767 1500 1137 2579 1361 1127 1759
leaf_count=1924 1015 1559 1107 1158 5396 3075 1738 1336 1080 21829 5121 1942 2727 3303 1359 2042 2633 1151 1043 1952 2868 1671 12355 2767 1500 1137 2579 1361 1127 1759
internal_value=1.70264e-05 0.000599777 5.9805e-05 -0.000535949 -2.71607e-05 -3.97251e-05 -0.000197284 5.94859e-05 0.000224335 3.95201e-07 -8.36367e-05 -0.000172075 0.000309277 -7.34864e-06 0.00034843 0.000570128 0.000832636 -0.000571957 -0.00079904 0.000534557 -0.000395256 -0.000388725 -0.000111683 -3.67308e-05 0.000367072 0.000640508 0.000705262 0.000195999 0.000858931 -9.82721e-05
internal_weight=93614 6598 5583 4476 87016 85092 17270 14195 12859 67822 53317 44258 14505 6030 9059 8253 4850 5807 3865 8475 4606 2714 38451 26096 4267 3770 3938 3403 3079 3318
internal_count=93614 6598 5583 4476 87016 85092 17270 14195 12859 67822 53317 44258 14505 6030 9059 8253 4850 5807 3865 8475 4606 2714 38451 26096 4267 3770 3938 3403 3079 3318
is_linear=0
shrinkage=0.08


Tree=40
num_leaves=31
num_cat=0
split_feature=2 1 0 0 0 0 2 0 0 1 1 1 0 1 0 1 0 1 0 1 1 0 0 0 0 1 1 0 2 0
split_gain=0.52386 2.20997 1.28587 0.306344 0.136313 0.122693 0.11114 0.0799421 0.0791837 0.271295 0.156361 0.20213 0.166683 0.0775214 0.270957 0.210387 0.170934 0.146659 0.0902541 0.332632 0.171032 0.184125 0.118089 0.201498 0.107111 0.22843 0.202273 0.237404 0.145708 0.202064
threshold=2.5000000000000004 -1.0084750056266782 3.1687250137329106 1.6061300039291384 2.507470011711121 0.21536500006914142 1.5000000000000002 2.1192450523376469 2.4305350780487065 -0.026715000160038468 -0.30125500261783594 -0.77857500314712513 1.6524000167846682 -0.49031500518321985 2.9461100101470952 -1.0438700318336485 1.7196750044822695 -1.6274250149726865 1.6635150313377383 0.49333499372005468 -0.29219999909400934 1.7828949689865115 2.1726150512695317 3.0504150390625004 2.7589149475097661 0.61089500784873974 0.5356850028038026 3.0366849899291997 1.0000000180025095e-35 2.5888650417327885
decision_type=2 2 2 2 2 2 2 2 2 2 2 2 2 2 2 2 2 2 2 2 2 2 2 2 2 2 2 2 2 2
left_child=5 -2 3 -3 7 -1 13 -5 10 -10 11 12 -8 14 16 -16 -7 -18 19 -15 22 -22 -20 -24 25 28 -26 -28 29 -23
right_child=1 2 -4 4 -6 6 8 -9 9 -11 -12 -13 -14 18 15 -17 17 -19 20 -21 21 24 23 -25 26 -27 27 -29 -30 -31
leaf_value=0.00056785376492572985 0.0040481574581989581 0.00067841920818800783 0.0025345209129475376 -0.00098900873924807095 -0.0014958223066428877 -4.5357992854245173e-06 0.00022976735640109394 1.3102583753282738e-05 0.00046324305747820406 -0.00056094316993773928 -1.6727037755977436e-05 -0.0013240917248785455 -0.00091498719451507335 -0.00048913488233575764 0.0013343140007736414 6.723082445451779e-05 0.00025711158214799113 -0.00050649950366614958 -6.7677884241105517e-05 0.0010018177520062835 0.0010141131541648956 0.00035921170067313205 0.0012119661440292921 -0.0001484173183842235 -0.00046277513154634447 -0.00044827124189769765 -0.00075879634712852466 0.00045696085995124342 -4.3857464460776863e-05 0.0015926922063962902
leaf_weight=1888 1043 1002 1066 1012 1467 12201 1712 1026 3181 3451 3459 2077 1552 5582 1279 2436 1842 12764 1456 1156 1127 4908 2288 1002 7548 3302 1347 4340 4178 1028
leaf_count=1888 1043 1002 1066 1012 1467 12201 1712 1026 3181 3451 3459 2077 1552 5582 1279 2436 1842 12764 1456 1156 1127 4908 2288 1002 7548 3302 1347 4340 4178 1028
internal_value=-1.79026e-05 0.000668379 3.58461e-05 -0.000555143 -0.00090779 -7.00293e-05 -8.41619e-05 -0.000484511 -0.000278443 -6.96982e-05 -0.000435761 -0.00070714 -0.000314552 -4.11986e-05 -0.00013683 0.000503462 -0.000225564 -0.000410199 3.31449e-05 -0.000233341 8.83528e-05 1.25229e-05 0.00053218 0.000797649 -2.98317e-05 0.000129463 -0.000191305 0.000169001 0.00031808 0.000572827
internal_weight=93720 6616 5573 4507 3505 87104 85216 2038 15432 6632 8800 5341 3264 69784 30522 3715 26807 14606 39262 6738 32524 27778 4746 3290 26651 13416 13235 5687 10114 5936
internal_count=93720 6616 5573 4507 3505 87104 85216 2038 15432 6632 8800 5341 3264 69784 30522 3715 26807 14606 39262 6738 32524 27778 4746 3290 26651 13416 13235 5687 10114 5936
is_linear=0
shrinkage=0.08


Tree=41
num_leaves=31
num_cat=0
split_feature=2 1 0 0 1 1 2 0 1 0 2 1 0 1 0 0 1 1 1 0 1 0 0 1 1 1 0 0 1 1
split_gain=0.381849 1.57693 1.23444 0.404385 0.150592 0.116445 0.109371 0.102213 0.24006 0.18384 0.0880705 0.0839322 0.160275 0.277596 0.325807 0.26695 0.256269 0.204635 0.166754 0.148963 0.176834 0.130057 0.0889749 0.0828714 0.0767897 0.154543 0.178406 0.22254 0.085736 0.071547
threshold=2.5000000000000004 -0.9969850182533263 3.1687250137329106 1.6408250331878664 -1.9879299998283384 1.7233600020408633 1.5000000000000002 2.7589149475097661 -0.37917999923229212 3.0922100543975835 1.0000000180025095e-35 -0.38856500387191767 1.6635150313377383 -0.25701500475406641 2.7589149475097661 2.4687299728393559 0.49333499372005468 0.5356850028038026 -0.14581499993801114 2.7901298999786381 -1.0206350088119505 0.43048000335693365 2.5169999599456792 -0.84718501567840565 0.36097499728202825 0.25801999866962438 1.8750050067901614 2.0750250816345219 -0.083170000463724122 -0.25701500475406641
decision_type=2 2 2 2 2 2 2 2 2 2 2 2 2 2 2 2 2 2 2 2 2 2 2 2 2 2 2 2 2 2
left_child=4 -2 3 -3 10 6 11 -8 -9 -10 -1 19 16 15 17 -14 29 24 -16 21 -21 -6 -23 -24 25 26 -15 -28 -29 -13
right_child=1 2 -4 -5 5 -7 7 8 9 -11 -12 12 13 14 18 -17 -18 -19 -20 20 -22 22 23 -25 -26 -27 27 28 -30 -31
leaf_value=0.00014329371261068786 0.0034867469297450498 0.00088182965879724656 0.0025273118172309188 -0.00092750399185009412 0.00053183010205754293 0.00081733134284717179 -0.00036561973667742368 0.0010556243715904145 0.00056328067557305235 -0.00072419760758697953 0.0010342500599186224 -0.0011071815273871592 0.00012095212200644214 -0.00034757970817880953 -0.0011728918702120809 0.0016052414589934022 0.00076740382406624043 -0.0001374455488817412 -0.00012570785586329513 0.00097338825318798636 -1.0056438412021897e-05 -0.00015517296787206277 -0.00018555058819445528 -0.0010257412328781937 0.001071464071891441 -0.00043173851869318577 0.0017021569598913739 0.00095550521820273924 0.00025248709471034544 -0.00037373148340847978
leaf_weight=1513 1036 1031 1066 3390 1610 1026 10843 1201 1090 2035 1338 1089 1512 1107 1065 1592 1202 3924 11293 1684 3835 22687 1459 1549 1508 1101 1262 1745 3052 3898
leaf_count=1513 1036 1031 1066 3390 1610 1026 10843 1201 1090 2035 1338 1089 1512 1107 1065 1592 1202 3924 11293 1684 3835 22687 1459 1549 1508 1101 1262 1745 3052 3898
internal_value=3.37408e-05 0.000624147 8.366e-05 -0.000505558 -1.04144e-05 -2.97381e-05 -4.0166e-05 -0.00023445 9.43224e-05 -0.000275125 0.000561428 3.06304e-06 8.85984e-05 0.000167075 8.18835e-05 0.000882224 -0.000281161 0.000350565 -0.000215953 -8.90548e-05 0.00029002 -0.000165675 -0.000209379 -0.000618215 0.000546468 0.000450702 0.000586282 0.000756902 0.000508223 -0.000533893
internal_weight=93743 6523 5487 4421 87220 84369 83343 15169 4326 3125 2851 68174 35350 29161 26057 3104 6189 13699 12358 32824 5519 27305 25695 3008 9775 8267 7166 6059 4797 4987
internal_count=93743 6523 5487 4421 87220 84369 83343 15169 4326 3125 2851 68174 35350 29161 26057 3104 6189 13699 12358 32824 5519 27305 25695 3008 9775 8267 7166 6059 4797 4987
is_linear=0
shrinkage=0.08


Tree=42
num_leaves=31
num_cat=0
split_feature=2 1 1 1 1 1 2 1 1 3 1 1 1 1 3 2 1 1 3 1 3 1 1 2 1 1 1 3 1 1
split_gain=0.435704 1.44815 1.02864 0.130884 0.118434 0.0775655 0.0719466 0.0801514 0.167749 0.130481 0.190256 0.112591 0.103907 0.0675102 0.203787 0.112097 0.08053 0.0657121 0.15164 0.137019 0.119859 0.39498 0.0747709 0.0729124 0.287604 0.0804459 0.106638 0.0929007 0.0899155 0.0665013
threshold=2.5000000000000004 -1.0206350088119505 0.6276099979877473 1.7233600020408633 -0.62227499485015858 0.14269500225782397 1.5000000000000002 -0.17183499783277509 -0.42223499715328211 1.5000000000000002 -0.89843001961708058 -1.2451349496841428 0.28051500022411352 -1.3728950023651121 1.0000000180025095e-35 1.0000000180025095e-35 -1.6553900241851804 -0.62227499485015858 1.0000000180025095e-35 -0.96324500441551197 1.5000000000000002 0.59492498636245739 -0.88791501522064198 1.0000000180025095e-35 0.71731001138687145 0.04597000032663346 -0.063984997570514665 1.0000000180025095e-35 0.15310499817132953 0.15310499817132953
decision_type=2 2 2 2 2 2 2 2 2 2 2 2 2 2 2 2 2 2 2 2 2 2 2 2 2 2 2 2 2 2
left_child=3 -2 4 6 -3 -6 13 8 9 10 -8 -11 -9 14 -1 -16 -17 18 19 -15 23 29 -20 -19 25 26 27 -25 -27 -22
right_child=1 2 -4 -5 5 -7 7 12 -10 11 -12 -13 -14 17 15 16 -18 20 22 -21 21 -23 -24 24 -26 28 -28 -29 -30 -31
leaf_value=0.00057911664066153464 0.0033627305736251625 -0.0011731675199458417 0.0024028300250270342 0.00082001908098369573 5.4476225495001386e-05 -0.00074273395019695777 0.00065071499257123824 0.00030915692504230181 -0.0010737760499268869 -0.0012637642479873096 -0.000495771852990498 -0.00026374450913472689 -0.00032706281454979072 0.00033995947327110192 -0.00054582207213427908 0.00061192951804202355 -0.00033379769917078815 -2.0951623527690874e-06 -0.00064501054599902801 -0.0002695463839100863 0.00082821771506650776 -0.0010354932772005652 -0.00017549217827148407 -0.00065524431401653416 0.00058304218130363484 -0.0013073324285636562 0.00051580364188602232 -3.5918196364112728e-06 -0.00046554826295832616 0.000126707043894328
leaf_weight=3897 1019 1037 1006 1012 2426 1152 1920 2985 1905 1081 1790 2161 3654 4303 2676 1358 1001 23406 5297 5229 3308 1119 3678 3056 2299 1035 1066 2584 3771 1171
leaf_count=3897 1019 1037 1006 1012 2426 1152 1920 2985 1905 1081 1790 2161 3654 4303 2676 1358 1001 23406 5297 5229 3308 1119 3678 3056 2299 1035 1066 2584 3771 1171
internal_value=-3.66549e-05 0.000587925 8.48963e-05 -8.44547e-05 -0.000420378 -0.0002022 -9.51291e-05 -0.000251158 -0.000408681 -0.00022643 9.75583e-05 -0.000597187 -4.10083e-05 -6.07138e-05 0.000144768 -0.00019141 0.000210627 -9.06437e-05 -0.000216604 5.60088e-06 -3.61966e-05 0.000308932 -0.0004526 -8.81091e-05 -0.00023388 -0.000397023 -0.000217993 -0.000356686 -0.000646831 0.000644813
internal_weight=93402 6640 5621 86762 4615 3578 85750 15496 8857 6952 3710 3242 6639 70254 8932 5035 2359 61322 18507 9532 42815 5598 8975 37217 13811 11512 6706 5640 4806 4479
internal_count=93402 6640 5621 86762 4615 3578 85750 15496 8857 6952 3710 3242 6639 70254 8932 5035 2359 61322 18507 9532 42815 5598 8975 37217 13811 11512 6706 5640 4806 4479
is_linear=0
shrinkage=0.08


Tree=43
num_leaves=31
num_cat=0
split_feature=0 1 0 3 1 0 1 1 0 1 0 0 1 0 0 1 0 0 1 0 1 0 1 0 1 3 1 0 0 1
split_gain=0.272223 0.256013 0.298297 0.172184 0.45043 0.448675 1.36042 0.977957 1.91955 0.556941 0.37083 0.356005 0.381098 0.260127 0.450978 0.204917 0.243208 0.174023 0.253969 0.237133 0.160564 0.129676 0.127126 0.118767 0.257439 0.350531 0.344261 0.171939 0.173628 0.134867
threshold=0.72291499376297008 1.2743349671363833 4.2325150966644296 1.5000000000000002 -0.93099001049995411 3.0504150390625004 -0.62227499485015858 0.4502249956130982 1.6295050382614138 -0.23239000141620633 1.3758299946784975 3.5188649892807011 -0.37039999663829798 2.0461800098419194 2.3301749229431157 -1.8434650301933286 2.2374449968338017 2.6614350080490117 0.71731001138687145 3.0366849899291997 -0.18101499974727628 3.0787799358367924 0.17292000353336337 1.6635150313377383 0.30321998894214636 1.0000000180025095e-35 -0.17183499783277509 1.9138749837875368 2.1911950111389165 0.14269500225782397
decision_type=2 2 2 2 2 2 2 2 2 2 2 2 2 2 2 2 2 2 2 2 2 2 2 2 2 2 2 2 2 2
left_child=-1 2 3 4 21 6 15 8 -8 -7 -6 12 -12 -10 -15 -5 -17 23 22 -20 -16 -2 -19 29 25 27 -27 -25 -29 -14
right_child=1 -3 -4 5 10 9 7 -9 13 -11 11 -13 17 14 20 16 -18 18 19 -21 -22 -23 -24 24 -26 26 -28 28 -30 -31
leaf_value=0.00051235096880552383 0.00028517840867575196 0.00063728123974104208 0.0010370238846380895 9.955396191183423e-05 0.00050062810453316839 8.5242618952067125e-05 -0.0013305912694943484 -0.0010702401595530449 0.00086671094699532106 -0.0020764322783463568 -0.00065264522316481517 0.00048623413206303596 -0.0010162747902671863 0.0034315146746678299 0.0022359297295196237 -0.0014408130168588578 -0.00036761925924304643 -0.00029907004024491425 -0.00047277885716204624 0.0012388845768789183 0.00094230082637696152 0.0012159211600197535 -0.00092277315407750477 -0.0009504101033757247 -0.00033444682860019721 -0.00010751966626787083 0.0015053798564053605 0.0008511731550739554 -0.00019852109337844208 0.00020558271570014883
leaf_weight=5740 13536 3280 1495 1040 4967 1297 1727 1909 1502 1852 13199 4058 1354 1146 1100 4408 1949 4670 1005 1069 1390 1031 3788 1069 5171 1278 2511 1581 2785 1009
leaf_count=5740 13536 3280 1495 1040 4967 1297 1727 1909 1502 1852 13199 4058 1354 1146 1100 4408 1949 4670 1005 1069 1390 1031 3788 1069 5171 1278 2511 1581 2785 1009
internal_value=-2.14778e-05 -5.62285e-05 -8.30226e-05 -0.0001031 -3.99839e-05 -0.000312445 -0.000142319 0.000531413 0.000976796 -0.00118609 -0.000155027 -0.000228132 -0.00029973 0.00175236 0.00211822 -0.000941471 -0.00111178 -0.00012904 -0.000383868 0.000409462 0.00151378 0.000351053 -0.000578402 3.11139e-05 0.000117403 0.000370711 0.000961361 -4.10607e-05 0.00018159 -0.000494542
internal_weight=93916 88176 84896 83401 64081 19320 16171 8774 6865 3149 49514 44547 40489 5138 3636 7397 6357 27290 10532 2074 2490 14567 8458 16758 14395 9224 3789 5435 4366 2363
internal_count=93916 88176 84896 83401 64081 19320 16171 8774 6865 3149 49514 44547 40489 5138 3636 7397 6357 27290 10532 2074 2490 14567 8458 16758 14395 9224 3789 5435 4366 2363
is_linear=0
shrinkage=0.08


Tree=44
num_leaves=31
num_cat=0
split_feature=1 1 0 0 2 1 0 1 0 0 0 1 0 2 1 1 0 0 1 0 1 0 1 0 1 1 0 2 0 0
split_gain=0.29633 0.202818 0.198366 0.13357 0.113225 0.0996667 0.30529 0.357963 0.481941 0.255872 0.181385 0.180062 0.280503 0.169317 0.155391 0.154247 0.426199 0.330916 0.216804 0.142993 0.208696 0.139559 0.125445 0.239045 0.122526 0.11851 0.472276 0.394699 0.388113 0.111231
threshold=1.4518749713897707 -2.0506399869918819 4.2325150966644296 0.21536500006914142 1.0000000180025095e-35 -0.14581499993801114 2.68309497833252 0.68015500903129589 3.1846950054168706 3.0655400753021245 3.5985250473022465 -0.22342500090599057 3.4494600296020512 1.5000000000000002 0.17292000353336337 0.71731001138687145 2.3485550880432133 2.0375850200653081 0.073970001190900816 2.4214448928833012 0.34947499632835394 1.8145749568939211 0.34947499632835394 1.581174969673157 0.32533499598503118 -1.1869350075721739 2.7901298999786381 2.5000000000000004 2.1289150714874272 2.5793099403381352
decision_type=2 2 2 2 2 2 2 2 2 2 2 2 2 2 2 2 2 2 2 2 2 2 2 2 2 2 2 2 2 2
left_child=1 4 3 -3 -1 11 15 9 -9 14 -10 12 25 -11 -8 17 21 22 -19 24 -21 -17 -7 -24 -20 26 -5 -27 -29 -13
right_child=-2 2 -4 5 -6 6 7 8 10 13 -12 29 -14 -15 -16 16 -18 18 19 20 -22 -23 23 -25 -26 27 -28 28 -30 -31
leaf_value=0.00017858319245758969 0.00093368007052573455 0.00067516859101220063 0.0008765442989894488 -6.9761796331917683e-05 0.0012403024303091117 -0.00019484904245736491 0.00052285117120051997 -0.00054295247695190058 0.0017467232150112305 -0.00058203021568792345 0.00037381776864660858 -0.00035468485443599642 0.00080619526337124593 -0.0015700589922217204 -0.00044724556046423837 0.0011232866125646978 -0.0014002109274939467 0.0013201142274286632 0.00058681556191803703 0.00017223124336933013 0.0017074494424405499 -0.00010679469511625059 0.0013830315088326076 -0.00026056793984025717 -0.00040262117369167891 -0.00012934265520509538 0.0016793875852585535 -0.00023563550503777084 -0.0022907070080195931 -0.0013314119759607406
leaf_weight=1319 2208 1639 1537 10939 1254 5864 1895 2044 1341 4414 1139 2115 2156 1483 2389 1018 1268 2629 1602 1160 1108 1405 1060 1216 1602 31473 1086 1251 1110 1153
leaf_count=1319 2208 1639 1537 10939 1254 5864 1895 2044 1341 4414 1139 2115 2156 1483 2389 1018 1268 2629 1602 1160 1108 1405 1060 1216 1602 31473 1086 1251 1110 1153
internal_value=1.78602e-05 -4.19879e-06 -2.44207e-05 -4.02362e-05 0.000696032 -5.38831e-05 5.09587e-05 -0.000225556 0.000366565 -0.00048867 0.00111618 -0.000124694 -8.55861e-05 -0.000830503 -1.81295e-05 0.00025496 -0.000211869 0.000361054 0.000723034 0.00043617 0.000922241 0.000410012 8.0688e-07 0.000504905 9.20972e-05 -0.000127512 8.82071e-05 -0.000204181 -0.00120181 -0.000699289
internal_weight=93877 91669 89096 87559 2573 85920 34637 14705 4524 10181 2480 51283 48015 5897 4284 19932 3691 16241 8101 5472 2268 2423 8140 2276 3204 45859 12025 33834 2361 3268
internal_count=93877 91669 89096 87559 2573 85920 34637 14705 4524 10181 2480 51283 48015 5897 4284 19932 3691 16241 8101 5472 2268 2423 8140 2276 3204 45859 12025 33834 2361 3268
is_linear=0
shrinkage=0.08


Tree=45
num_leaves=31
num_cat=0
split_feature=1 1 0 0 0 3 1 0 0 1 0 3 0 1 3 1 0 0 0 1 1 3 0 1 1 0 0 0 0 1
split_gain=0.229003 0.237362 0.246614 0.205956 0.139853 0.690183 0.199595 0.123532 0.105709 0.0914209 0.0844097 0.419902 0.158059 0.173633 0.366742 0.864022 0.507048 0.581142 0.344318 0.607195 0.657296 0.256412 0.209358 0.214011 0.195696 0.193361 0.510322 0.187108 0.182052 0.161496
threshold=1.330455005168915 -1.3728950023651121 2.7363700866699223 4.2325150966644296 1.2811900377273562 1.5000000000000002 -0.80668500065803517 2.1642400026321416 2.8367400169372563 -2.0506399869918819 3.3461849689483647 1.5000000000000002 3.2165449857711796 -0.62227499485015858 1.0000000180025095e-35 0.68015500903129589 1.6635150313377383 2.7252550125122075 2.2738900184631352 -0.37039999663829798 -0.12790000438690183 1.5000000000000002 1.7718800306320193 -0.78839498758316029 0.23503500223159793 2.9079399108886723 3.0366849899291997 2.1192450523376469 2.920819997787476 0.86052000522613536
decision_type=2 2 2 2 2 2 2 2 2 2 2 2 2 2 2 2 2 2 2 2 2 2 2 2 2 2 2 2 2 2
left_child=1 2 7 4 5 -3 -7 9 -2 -1 12 -12 13 22 29 16 -16 18 27 -20 -21 -17 23 -6 -22 -19 -27 -18 -24 -15
right_child=8 3 -4 -5 10 6 -8 -9 -10 -11 11 -13 -14 14 15 21 17 25 19 20 24 -23 28 -25 -26 26 -28 -29 -30 -31
leaf_value=0.00078440273862150772 8.4801710395367996e-05 0.00057020986740927225 0.0014997865961604712 0.00086375755091641995 0.00042422089294321194 1.8563081742755521e-05 -0.0013515589362050407 -0.00040909609235490537 0.0010743867139367848 0.00017516612088443875 0.00041434432548472687 -0.00097611993046586344 -0.00081613294531537406 -0.00037562257895698168 -0.00063525353306157428 -0.00048960811187295815 0.00072826800962688513 -0.00088870932535568359 0.0029705420941877831 -0.00076112869333799349 0.00092438277665808394 -0.002028312965315947 -0.00063525710017949889 -0.0008011020617243595 0.0022601090929889357 0.001530549676993507 -0.00084071246483363217 -0.00024007377251540954 0.00032278904673815396 0.00048883167875790102
leaf_weight=2116 1120 7841 1033 1476 3467 1058 1907 1750 1803 6181 6331 1781 2301 17208 2668 1731 4579 1768 1137 1127 1568 1156 11001 1238 1271 1050 1300 1771 1435 1504
leaf_count=2116 1120 7841 1033 1476 3467 1058 1907 1750 1803 6181 6331 1781 2301 17208 2668 1731 4579 1768 1137 1127 1568 1156 11001 1238 1271 1050 1300 1771 1435 1504
internal_value=-1.75834e-06 -2.42062e-05 0.000322731 -7.24537e-05 -9.01248e-05 0.000177053 -0.000862659 0.00020171 0.000695209 0.000330541 -0.000132965 0.000109066 -0.000166086 -0.000139835 -4.82299e-05 0.000180211 0.000383758 0.00055836 0.00085142 0.00134073 0.000873484 -0.00110573 -0.000352736 0.000101809 0.00152238 -0.000256699 0.000218788 0.0004582 -0.000524707 -0.000306141
internal_weight=93677 90754 11080 79674 78198 10806 2965 10047 2923 8297 67392 8112 59280 56979 39838 21126 18239 15571 11453 5103 3966 2887 17141 4705 2839 4118 2350 6350 12436 18712
internal_count=93677 90754 11080 79674 78198 10806 2965 10047 2923 8297 67392 8112 59280 56979 39838 21126 18239 15571 11453 5103 3966 2887 17141 4705 2839 4118 2350 6350 12436 18712
is_linear=0
shrinkage=0.08


Tree=46
num_leaves=31
num_cat=0
split_feature=1 1 0 0 3 0 3 1 0 1 1 1 0 1 0 1 1 1 1 1 0 3 1 1 0 0 0 1 1 1
split_gain=0.278064 0.241214 0.158812 0.157761 0.44094 0.526292 0.317041 0.404085 0.800629 1.61478 0.492345 0.309938 0.292483 0.53891 0.231145 0.204496 0.19685 0.17829 0.154222 0.145467 0.122231 0.105222 0.104249 0.13928 0.161446 0.0780791 0.14211 0.149703 0.0896139 0.135029
threshold=1.7233600020408633 -1.4457650184631345 0.37020999193191534 2.0375850200653081 1.5000000000000002 1.4579499959945681 1.5000000000000002 -0.82624500989913929 3.1370999813079838 0.66318500041961681 0.4637449979782105 -1.0206350088119505 2.6097350120544438 -0.17183499783277509 3.286735057830811 -0.3972600102424621 -0.13645499944686887 1.1122249960899355 0.50722998380661022 0.95635500550270092 1.3138899803161623 1.0000000180025095e-35 -0.56811499595642079 0.4637449979782105 3.7240350246429448 1.8145749568939211 1.8750050067901614 -0.46450500190258021 -0.76914498209953297 -0.53332501649856556
decision_type=2 2 2 2 2 2 2 2 2 2 2 2 2 2 2 2 2 2 2 2 2 2 2 2 2 2 2 2 2 2
left_child=1 -1 -3 4 5 21 14 -8 9 12 -10 -7 13 -9 19 -6 -14 22 25 -5 -17 -4 -16 24 -24 28 -27 -28 -13 -30
right_child=-2 2 3 6 15 11 7 8 10 -11 -12 18 16 -15 17 20 -18 -19 -20 -21 -22 -23 23 -25 -26 26 27 -29 29 -31
leaf_value=0.00035504554142719888 0.0012662437169032004 0.00068518943473033442 0.00062049681812913378 -0.00025155915752224486 -0.0011331186431075896 0.00050482361629142702 -0.00065274460511815428 0.0011659663659018785 -0.001350406928839123 -0.0017604807173551167 0.00085780180062976176 0.00022540708349463707 0.0017701990854145741 0.0032910814511249897 0.0010358172789018435 -0.0010111003416518893 0.00022529332752831859 -0.00073728920326043054 0.00024357713796455195 0.00042974834550662535 4.1619414558718682e-05 8.7232967686821063e-05 -0.00042889333657609297 0.00075479830645729985 0.00057970794878320353 -0.0016919828069444807 -0.001320051876988396 -0.00020916898850223504 -0.0013717131527539875 -0.00035573983857110474
leaf_weight=9671 1083 1758 5582 28944 4178 2126 1971 1578 1723 1040 1034 1002 1020 1480 1322 1029 1094 1018 1378 2155 2248 4113 2491 2317 1715 1114 1278 1978 1120 3316
leaf_count=9671 1083 1758 5582 28944 4178 2126 1971 1578 1723 1040 1034 1002 1020 1480 1322 1029 1094 1018 1378 2155 2248 4113 2491 2317 1715 1114 1278 1978 1120 3316
internal_value=-8.22267e-06 -2.30971e-05 -6.70929e-05 -8.33472e-05 -0.000227347 -5.40887e-05 2.82874e-06 0.000384417 0.000612341 0.00111588 -0.000522229 -0.000380621 0.00169427 0.00219447 -0.000101635 -0.000762043 0.000970707 0.000258771 -0.000548907 -0.000204348 -0.000288942 0.000394265 0.000388023 0.000256737 -1.76353e-05 -0.000660249 -0.000912044 -0.000645197 -0.000457906 -0.000612252
internal_weight=93876 92793 83122 81364 30462 23007 50902 10940 8969 6212 2757 13312 5172 3058 39962 7455 2114 8863 11186 31099 3277 9695 7845 6523 4206 9808 4370 3256 5438 4436
internal_count=93876 92793 83122 81364 30462 23007 50902 10940 8969 6212 2757 13312 5172 3058 39962 7455 2114 8863 11186 31099 3277 9695 7845 6523 4206 9808 4370 3256 5438 4436
is_linear=0
shrinkage=0.08


Tree=47
num_leaves=31
num_cat=0
split_feature=2 0 0 0 0 0 2 0 3 0 0 0 3 0 0 0 0 0 0 3 0 3 0 0 3 0 2 2 0 0
split_gain=0.207141 1.20235 1.53571 0.072561 0.0601285 0.046399 0.0521131 0.059474 0.234209 0.151201 0.0397192 0.100834 0.22611 0.105036 0.138014 0.127224 0.0525464 0.0358048 0.02788 0.108862 0.0965349 0.0295802 0.422794 0.103589 0.138462 0.0879157 0.0646697 0.0601265 0.0692418 0.188692
threshold=2.5000000000000004 1.3758299946784975 3.1687250137329106 2.1289150714874272 2.693390011787415 0.21536500006914142 1.5000000000000002 1.6524000167846682 1.5000000000000002 1.8652900457382204 3.6580350399017338 3.2698099613189702 1.5000000000000002 2.1289150714874272 2.3942549228668217 2.68309497833252 2.3485550880432133 4.3337149620056161 3.569620013237 1.0000000180025095e-35 3.4717600345611577 1.5000000000000002 1.8038150072097781 1.5576950311660769 1.0000000180025095e-35 1.0414149761199953 1.0000000180025095e-35 1.0000000180025095e-35 2.3113199472427373 2.1726150512695317
decision_type=2 2 2 2 2 2 2 2 2 2 2 2 2 2 2 2 2 2 2 2 2 2 2 2 2 2 2 2 2 2
left_child=5 -2 3 -3 -5 -1 17 8 -8 -9 11 12 13 -11 -15 -16 -14 18 20 -20 21 23 25 24 -7 -23 -26 28 29 -25
right_child=1 2 -4 4 -6 6 7 9 -10 10 -12 -13 16 14 15 -17 -18 -19 19 -21 -22 22 -24 27 26 -27 -28 -29 -30 -31
leaf_value=0.00032793507319670126 0.0029573270354785793 -0.00031466053234530138 0.0026156188515334355 -0.0012782177973682906 -0.00050550575275331081 0.00035904951169346729 0.00067656238565014248 -0.0011175979060285232 -0.0005959461870867547 0.00014697033248937 -0.00065504626384245749 0.00059004001293239204 -0.00012552008995008883 -0.0015468887760212195 0.00015714973223077345 -0.00092844107853193639 0.00052562495682491686 -0.00049173108884452638 0.00049417635901181369 -0.00030880631302339557 -0.00078616741586579248 -0.0010375735740478936 0.00053675473880389216 -5.5311278491840828e-05 -0.0004470989480660876 -0.00025767166486779982 0.00013689912219077711 -0.00024387965617564264 -0.00015925202039137926 0.00076738114785337899
leaf_weight=1947 1003 1781 1108 1630 1066 7651 1969 1258 1747 1017 1052 1081 1289 1056 1185 1657 2062 1094 2620 1839 1102 1405 5788 9141 2708 2708 2199 14987 14315 2217
leaf_count=1947 1003 1781 1108 1630 1066 7651 1969 1258 1747 1017 1052 1081 1289 1056 1185 1657 2062 1094 2620 1839 1102 1405 5788 9141 2708 2708 2199 14987 14315 2217
internal_value=-2.54938e-05 0.000407033 -5.09703e-05 -0.000710917 -0.000972687 -5.82111e-05 -6.70409e-05 -0.000200376 7.8319e-05 -0.000289219 -0.000189007 -0.000136554 -0.000231576 -0.00057706 -0.000765962 -0.000475793 0.000275155 -3.76636e-05 -3.04308e-05 0.000163007 -4.38616e-05 -3.09016e-05 9.60681e-05 -5.45238e-05 0.000146312 -0.000524086 -0.000185389 -0.000116553 -4.22237e-05 0.000105272
internal_weight=93682 6588 5585 4477 2696 87094 85147 15373 3716 11657 10399 9347 8266 4915 3898 2842 3351 69774 68680 4459 64221 63119 9901 53218 12558 4113 4907 40660 25673 11358
internal_count=93682 6588 5585 4477 2696 87094 85147 15373 3716 11657 10399 9347 8266 4915 3898 2842 3351 69774 68680 4459 64221 63119 9901 53218 12558 4113 4907 40660 25673 11358
is_linear=0
shrinkage=0.08


Tree=48
num_leaves=31
num_cat=0
split_feature=2 1 1 1 2 1 1 3 1 1 1 3 3 1 1 1 1 1 1 2 2 1 3 1 1 1 1 1 1 1
split_gain=0.225607 1.40322 1.09397 0.166493 0.100353 0.100302 0.0618348 0.148768 0.191298 0.125277 0.0722221 0.0726618 0.0486198 0.277521 0.190733 0.321914 0.152467 0.153365 0.136857 0.126169 0.0849246 0.0835481 0.0803487 0.0722587 0.068195 0.216228 0.124884 0.06274 0.0532821 0.0572906
threshold=2.5000000000000004 -1.0318499803543089 0.6276099979877473 -0.62227499485015858 1.5000000000000002 -0.11087499931454657 -0.75945499539375294 1.5000000000000002 -1.2451349496841428 -0.12790000438690183 -0.29219999909400934 1.5000000000000002 1.0000000180025095e-35 -0.96324500441551197 0.68015500903129589 -0.70504000782966603 0.4229200035333634 0.22464499622583392 0.14269500225782397 1.0000000180025095e-35 1.0000000180025095e-35 0.30321998894214636 1.5000000000000002 0.31443999707698828 -0.1542750000953674 -0.0089449998922646028 -0.25701500475406641 0.026455000042915348 -0.46450500190258021 -0.38856500387191767
decision_type=2 2 2 2 2 2 2 2 2 2 2 2 2 2 2 2 2 2 2 2 2 2 2 2 2 2 2 2 2 2
left_child=4 -2 3 -3 12 -5 7 -6 -9 10 11 -8 13 -1 15 -14 17 20 27 -18 24 -20 -16 -19 26 -26 28 -17 -15 -30
right_child=1 2 -4 5 6 -7 9 8 -10 -11 -12 -13 14 16 22 18 19 23 21 -21 -22 -23 -24 -25 25 -27 -28 -29 29 -31
leaf_value=0.00046253137976391039 0.0031878986395269967 -0.0014631212127475502 0.0023216303984397832 0.0001564465903215854 0.00044984957452005371 -0.00070471278361684516 -0.00079833737937280074 -0.0012235110668725275 0.00025389512971318114 -0.00011441559464454615 -0.0012061666234200541 -3.5020319819490498e-05 -0.00031405775647285633 -0.00012405383834766286 -0.00037957352433838621 0.00014148023691657976 3.7138070364685272e-05 -0.0011694334483935002 0.0010234653041486436 0.00075331041175534508 -0.00033997549533709058 0.0003284417228267833 -0.0012034864762679948 -0.00033776200327468876 0.00096472025741246707 -0.00018138251392295642 -0.00083698335797065401 -0.00042253284055078391 0.00078555225214678188 1.3801577780093465e-05
leaf_weight=8265 1005 1064 1011 1563 2397 1940 1869 1080 1167 6542 1165 1393 12863 5615 2438 10328 5270 1274 1733 2245 5991 3064 1099 1407 1768 2607 1274 1438 1009 1579
leaf_count=8265 1005 1064 1011 1563 2397 1940 1869 1080 1167 6542 1165 1393 12863 5615 2438 10328 5270 1274 1733 2245 5991 3064 1099 1407 1768 2607 1274 1438 1009 1579
internal_value=-1.53189e-05 0.000436219 -5.95571e-05 -0.000586682 -4.95324e-05 -0.000320473 -0.000233227 1.14542e-05 -0.000456207 -0.000336819 -0.000665475 -0.000472372 -9.28908e-06 5.20086e-05 -8.05188e-05 -1.3801e-05 -6.09436e-05 -0.00016505 0.000219382 0.000251084 -8.83181e-05 0.000579531 -0.000635576 -0.000732969 2.05239e-05 0.000281774 -0.000100081 7.25485e-05 1.4367e-05 0.000314689
internal_weight=93463 6583 5578 4567 86880 3503 15613 4644 2247 10969 4427 3262 71267 38304 32963 29426 30039 22524 16563 7515 19843 4797 3537 2681 13852 4375 9477 11766 8203 2588
internal_count=93463 6583 5578 4567 86880 3503 15613 4644 2247 10969 4427 3262 71267 38304 32963 29426 30039 22524 16563 7515 19843 4797 3537 2681 13852 4375 9477 11766 8203 2588
is_linear=0
shrinkage=0.08


Tree=49
num_leaves=31
num_cat=0
split_feature=1 0 1 0 0 0 0 3 0 3 0 0 1 0 0 1 0 3 0 3 1 0 1 0 0 0 3 0 1 1
split_gain=0.257485 0.223677 0.231784 0.196772 0.182576 0.237236 0.142013 0.152566 0.104188 0.0940006 0.492807 0.260298 0.0796611 0.570538 0.253167 0.186492 0.338327 0.458234 0.658433 0.385982 0.190002 0.174264 0.172301 0.162702 0.156087 0.146504 0.145398 0.125199 0.166413 0.125062
threshold=0.90689998865127575 4.2325150966644296 -1.3383399844169614 2.7692250013351445 3.0108249187469487 3.5438250303268437 1.961699962615967 1.0000000180025095e-35 0.21536500006914142 1.5000000000000002 1.5451499819755556 1.4039100408554079 0.39812499284744268 1.5081549882888796 3.4068000316619877 -0.163330003619194 3.1370999813079838 1.0000000180025095e-35 1.6175799965858462 1.0000000180025095e-35 0.23503500223159793 3.4275699853897099 -0.51554998755455006 2.5523850917816167 1.4302700161933901 2.0555799007415776 1.5000000000000002 1.9327800273895266 0.24726000428199771 0.12320499867200853
decision_type=2 2 2 2 2 2 2 2 2 2 2 2 2 2 2 2 2 2 2 2 2 2 2 2 2 2 2 2 2 2
left_child=1 2 3 9 6 -6 -2 -8 -4 11 -11 -1 15 -14 26 21 17 24 -19 -18 23 -10 -23 25 -17 -20 -15 -26 29 -29
right_child=4 -3 8 -5 5 -7 7 -9 12 10 -12 -13 13 14 -16 16 19 18 20 -21 -22 22 -24 -25 27 -27 -28 28 -30 -31
leaf_value=-0.00021572023458438377 0.00088737969462599723 0.0010069177160081861 0.0006272512956661656 0.0013135688245620436 0.0016006855900781334 0.00024415255848644039 0.00039698623767960923 -0.00076628469365075055 -0.00024210930884985071 0.00068667977936545557 -0.0012570377011811977 0.00073680659127190005 0.0014419131881968918 -0.00055566116666194612 0.00034125410874765209 0.00069780212263035213 0.00022843064429141249 -0.00067241563641008001 0.00049898160135475377 -0.0014162974823024844 0.0017794443784016315 0.0011002798330121842 -0.00029753278785257694 0.00016864175470420527 -0.0010013929798329223 0.0015784438567335499 -0.0014085031945957737 -0.00019707047348611258 -0.00098265473646644741 0.00078829773640319307
leaf_weight=3320 1000 1238 1147 1022 1538 1780 1364 1532 39396 1833 1533 4108 1032 6171 1715 1075 1811 1872 1404 1842 1619 1265 1019 1783 1440 1885 1614 2825 1204 1164
leaf_count=3320 1000 1238 1147 1022 1538 1780 1364 1532 39396 1833 1533 4108 1032 6171 1715 1075 1811 1872 1404 1842 1619 1265 1019 1783 1440 1885 1614 2825 1204 1164
internal_value=-2.2307e-05 -6.06717e-05 -7.62027e-05 0.0002526 0.00043684 0.000872949 6.54314e-05 -0.000218391 -0.000129218 0.000152145 -0.000198561 0.000311068 -0.000141246 -0.000344569 -0.000538638 -0.000106486 9.48364e-05 0.000251039 0.000653834 -0.000600912 0.00102489 -0.000202722 0.00047665 0.000784035 -0.000196436 0.00111765 -0.000732474 -0.000341364 -0.00015834 9.04624e-05
internal_weight=93551 86337 85099 11816 7214 3318 3896 2896 73283 10794 3366 7428 72136 10532 9500 61604 19924 16271 8563 3653 6691 41680 2284 5072 7708 3289 7785 6633 5193 3989
internal_count=93551 86337 85099 11816 7214 3318 3896 2896 73283 10794 3366 7428 72136 10532 9500 61604 19924 16271 8563 3653 6691 41680 2284 5072 7708 3289 7785 6633 5193 3989
is_linear=0
shrinkage=0.08


Tree=50
num_leaves=31
num_cat=0
split_feature=0 2 0 3 3 0 0 2 0 2 0 0 3 2 0 3 0 3 0 0 2 0 2 0 0 0 0 0 2 3
split_gain=0.105075 0.325212 0.142875 0.113278 0.096175 0.151978 0.0817602 0.139819 0.0878084 0.17297 0.103676 0.0746826 0.157996 0.0666606 0.0665969 0.0620504 0.0697648 0.0572299 0.30046 0.251592 0.147375 0.120471 0.0877316 0.0732414 0.132232 0.0661657 0.0497204 0.0486158 0.047941 0.0524126
threshold=3.4275699853897099 1.5000000000000002 3.0504150390625004 1.0000000180025095e-35 1.5000000000000002 3.286735057830811 0.57438001036643993 1.0000000180025095e-35 2.5704250335693364 1.5000000000000002 2.5437850952148442 2.4588949680328374 1.0000000180025095e-35 1.0000000180025095e-35 2.7146999835968022 1.5000000000000002 2.9598450660705571 1.5000000000000002 1.6854549646377566 1.7610399723052981 1.5000000000000002 1.4170950055122378 2.5000000000000004 1.5451499819755556 1.2138850092887881 2.2465050220489506 3.9191999435424809 3.8328099250793461 1.0000000180025095e-35 1.0000000180025095e-35
decision_type=2 2 2 2 2 2 2 2 2 2 2 2 2 2 2 2 2 2 2 2 2 2 2 2 2 2 2 2 2 2
left_child=2 3 6 13 5 -4 7 -1 10 15 11 17 -13 26 -11 16 -10 19 23 20 -8 -22 25 24 -19 -20 -2 -3 29 -21
right_child=1 27 4 -5 -6 -7 8 -9 9 14 -12 12 -14 -15 -16 -17 -18 18 22 28 21 -23 -24 -25 -26 -27 -28 -29 -30 -31
leaf_value=-0.00014361728508114309 0.0003233324121158876 0.00073461166266143769 -0.00048013170026891665 -0.0003920709599063623 -0.00089052929388849626 0.00035743448909800082 8.9582068290727156e-05 0.00077888921619062167 0.00031954607042271625 0.00014993326077782903 -0.00084516407195118495 -0.00027768898295718657 0.00082686708280439117 0.00078489493166970044 -0.00056131086007855404 0.00077142238800843074 -0.00024088718971422717 -0.00090727292886122132 0.00010187729317329879 -0.00022110993029634832 0.0012143593299169964 0.00015320807544927481 -0.0004441186713691961 -0.0012547645884475255 -5.758726375282562e-05 0.00072355001161222973 -0.00033587065859205654 0.001472829550721458 -0.00034851585644090326 0.00015671042598959094
leaf_weight=2015 1814 1260 4388 3059 1711 2027 15549 2199 8428 1262 1086 1554 1776 1096 2535 1531 1710 2559 4036 7747 1483 1272 1371 1057 2163 1504 1228 1044 9905 3373
leaf_count=2015 1814 1260 4388 3059 1711 2027 15549 2199 8428 1262 1086 1554 1776 1096 2535 1531 1710 2559 4036 7747 1483 1272 1371 1057 2163 1504 1228 1044 9905 3373
internal_value=-1.03097e-05 0.000241892 -3.8754e-05 -2.29296e-05 -0.000357617 -0.000215479 -4.71236e-06 0.000337776 -2.4785e-05 0.000144094 -7.10663e-05 -5.58778e-05 0.000311408 0.000249957 -0.000324916 0.000296706 0.000225016 -7.93896e-05 -0.000227112 -3.17251e-05 0.000185134 0.000724419 0.000128854 -0.000652805 -0.000518059 0.000270649 5.72241e-05 0.00106912 -0.000220519 -0.000106507
internal_weight=93742 9501 84241 7197 8126 6415 76115 4214 71901 15466 56435 55349 3330 4138 3797 11669 10138 52019 12690 39329 18304 2755 6911 5779 4722 5540 3042 2304 21025 11120
internal_count=93742 9501 84241 7197 8126 6415 76115 4214 71901 15466 56435 55349 3330 4138 3797 11669 10138 52019 12690 39329 18304 2755 6911 5779 4722 5540 3042 2304 21025 11120
is_linear=0
shrinkage=0.08


Tree=51
num_leaves=31
num_cat=0
split_feature=1 0 1 0 3 0 0 1 0 1 3 0 0 1 0 3 0 1 3 1 3 1 0 3 1 1 1 1 0 3
split_gain=0.16681 0.209742 0.208131 0.196974 0.116313 0.67943 0.18712 0.100896 0.0866685 0.427982 0.521954 0.374393 0.342375 0.121273 0.283744 0.520379 0.270092 0.549469 0.676071 0.435089 0.268486 0.250958 0.460823 0.177512 0.318325 0.174911 0.410609 0.269738 0.146933 0.239005
threshold=0.90689998865127575 4.2325150966644296 -1.2597199678421018 2.8712649345397954 1.5000000000000002 1.4039100408554079 1.4039100408554079 -1.6274250149726865 2.9598450660705571 -0.90945500135421742 1.5000000000000002 3.5188649892807011 3.2698099613189702 -0.5858049988746642 1.6408250331878664 1.5000000000000002 1.8750050067901614 0.52121499180793773 1.5000000000000002 0.23503500223159793 1.5000000000000002 -0.34442999958991999 2.3113199472427373 1.0000000180025095e-35 -0.43062500655651087 -0.27452500164508814 -0.0737750008702278 0.15310499817132953 1.3609249591827395 1.0000000180025095e-35
decision_type=2 2 2 2 2 2 2 2 2 2 2 2 2 2 2 2 2 2 2 2 2 2 2 2 2 2 2 2 2 2
left_child=1 2 3 4 6 -6 -1 -7 13 -10 11 -11 -12 14 15 -4 19 18 23 20 28 -20 -23 -18 -25 -26 -27 -28 29 -15
right_child=-2 -3 8 -5 5 7 -8 -9 9 10 12 -13 -14 16 -16 -17 17 -19 21 -21 -22 22 -24 24 25 26 27 -29 -30 -31
leaf_value=-0.00012853083224518763 0.00035663729120697984 0.00099049133770748223 0.00053552460059375984 0.0012991155500417385 0.00091863402519323204 -0.00063483224818702995 0.0006203175372487353 -0.0017489772345430626 0.0012082133699912339 -0.00049001154858307669 -0.00030582870091298885 0.00051726097105833885 -0.0021339196464060816 0.00068233881230767999 -0.00046920047971223469 -0.00094528141130200208 -0.00011225855794309987 -0.00074404007407609862 0.0023527220784746727 0.00055776549700635122 -0.0012336434877551043 0.0020765858710300668 9.0850923569033153e-05 0.0017250204849397627 -0.0007417437968015257 0.0015941396073388462 -0.00094073041674335031 0.00057749311461225642 -0.00058734105365931745 -0.00067377642812362667
leaf_weight=3694 7282 1241 5805 1019 1795 1016 5062 1066 1132 7210 1096 3512 1632 1971 12101 2057 9476 3487 1012 3150 2523 1264 1832 1025 1046 1310 1354 1676 4465 1439
leaf_count=3694 7282 1241 5805 1019 1795 1016 5062 1066 1132 7210 1096 3512 1632 1971 12101 2057 9476 3487 1012 3150 2523 1264 1832 1025 1046 1310 1354 1676 4465 1439
internal_value=-1.10834e-05 -4.20514e-05 -5.70863e-05 0.000229168 0.000142864 -0.000221937 0.000304392 -0.00120528 -0.000111686 -0.000285723 -0.000411458 -0.000160079 -0.00139947 -6.71572e-05 -0.000226094 0.000148089 1.85263e-05 0.000182638 0.000344245 -0.000265919 -0.000515449 0.00125906 0.000901564 0.000107696 0.000432808 0.00018689 0.000410703 -0.000100947 -0.000285353 0.000110066
internal_weight=93750 86468 85227 13652 12633 3877 8756 2082 71575 14582 13450 10722 2728 56993 19963 7862 37030 23482 19995 13548 10398 4108 3096 15887 6411 5386 4340 3030 7875 3410
internal_count=93750 86468 85227 13652 12633 3877 8756 2082 71575 14582 13450 10722 2728 56993 19963 7862 37030 23482 19995 13548 10398 4108 3096 15887 6411 5386 4340 3030 7875 3410
is_linear=0
shrinkage=0.08


Tree=52
num_leaves=31
num_cat=0
split_feature=2 0 0 0 0 2 0 0 0 0 3 0 3 0 0 0 0 0 0 0 3 0 3 0 0 0 2 3 0 0
split_gain=0.293616 0.965885 0.700842 0.0439084 0.131242 0.0437239 0.0696416 0.205167 0.0677143 0.0432478 0.136402 0.113941 0.119972 0.0957687 0.0753567 0.0997625 0.0898191 0.071653 0.0603889 0.0244763 0.115894 0.0966889 0.0813709 0.157771 0.0944658 0.0585187 0.0944784 0.0465276 0.103372 0.1376
threshold=2.5000000000000004 1.3609249591827395 3.1687250137329106 2.0375850200653081 2.3845949172973637 1.5000000000000002 3.6580350399017338 3.2698099613189702 4.3337149620056161 1.7306700348854067 1.5000000000000002 1.9998250007629397 1.5000000000000002 1.2811900377273562 2.5343449115753178 2.2650449275970463 2.8712649345397954 1.1963649988174441 2.3759950399398808 1.8943150043487551 1.5000000000000002 1.8038150072097781 1.5000000000000002 3.2165449857711796 2.1289150714874272 3.5188649892807011 1.0000000180025095e-35 1.0000000180025095e-35 3.2327148914337163 2.2921950817108159
decision_type=2 2 2 2 2 2 2 2 2 2 2 2 2 2 2 2 2 2 2 2 2 2 2 2 2 2 2 2 2 2
left_child=5 -2 3 -3 -5 8 7 9 19 10 13 -11 14 -7 15 -13 -16 -12 -14 20 21 -1 25 24 -24 27 -27 -21 29 -29
right_child=1 2 -4 4 -6 6 -8 -9 -10 11 17 12 18 -15 16 -17 -18 -19 -20 22 -22 -23 23 -25 -26 26 -28 28 -30 -31
leaf_value=8.3599398886843637e-05 0.0027982212042578615 -0.00068393085826029673 0.0019215125364068573 0.00058098539930427141 -0.00054884603193278375 0.00092889614522573532 -0.00078825110115700986 0.0009527831446541242 -0.00062967781467108876 -0.00088681067980290952 -0.00094222395896700591 -0.00021644194701964667 0.000726677490357041 -8.5221662366903556e-05 0.00034981759557681696 -0.0013129945003513184 -0.00065867082537147351 -3.0809855106064794e-06 -2.6701865499854102e-05 -0.00010697353829394361 -0.00040153579502221599 -0.0004882794430814205 0.0011881099169092182 -0.000490700122108232 0.00033289747698574622 1.1165988489316478e-05 0.00080042938587314709 -0.00022094630663221961 -0.00063872190408637355 0.00037594108080550538
leaf_weight=18869 1011 1538 1095 1010 1888 1200 1029 1082 1092 1680 1015 1058 1033 1184 1254 1066 1029 1066 1998 21815 5024 2103 1061 1239 3742 2920 1454 3819 1130 7007
leaf_count=18869 1011 1538 1095 1010 1888 1200 1029 1082 1092 1680 1015 1058 1033 1184 1254 1066 1029 1066 1998 21815 5024 2103 1061 1239 3742 2920 1454 3819 1130 7007
internal_value=7.70858e-06 0.000524571 0.000108976 -0.000338438 -0.000155081 -3.1171e-05 -0.000152055 -0.000107415 -4.55361e-06 -0.000191869 1.21235e-05 -0.000291762 -0.00015736 0.00042524 -0.000423814 -0.000766783 -0.000104731 -0.000461144 0.000230059 5.1729e-06 -5.64214e-05 2.62534e-05 4.14099e-05 0.000314186 0.000521817 -1.79655e-06 0.000273532 -3.74569e-05 8.93835e-05 0.000165382
internal_weight=93511 6542 5531 4436 2898 86969 15694 14665 71275 13583 4465 9118 7438 2384 4407 2124 2283 2081 3031 70183 25996 20972 44187 6042 4803 38145 4374 33771 11956 10826
internal_count=93511 6542 5531 4436 2898 86969 15694 14665 71275 13583 4465 9118 7438 2384 4407 2124 2283 2081 3031 70183 25996 20972 44187 6042 4803 38145 4374 33771 11956 10826
is_linear=0
shrinkage=0.08


Tree=53
num_leaves=31
num_cat=0
split_feature=2 0 0 0 0 0 0 0 2 0 0 0 0 3 3 0 0 0 0 0 0 2 0 3 0 0 0 0 0 0
split_gain=0.13657 0.588647 0.814878 0.090237 0.114773 0.0510028 0.0589634 0.166154 0.0684886 0.153082 0.115953 0.0860604 0.0437501 0.116999 0.0626343 0.133162 0.0380287 0.0717009 0.0320371 0.082532 0.0601563 0.0874177 0.0462339 0.175159 0.0823061 0.0668298 0.115422 0.0621521 0.0817706 0.0385161
threshold=2.5000000000000004 1.4039100408554079 3.1687250137329106 2.4494400024414067 2.0461800098419194 4.4576051235198983 2.8020050525665288 2.8367400169372563 1.0000000180025095e-35 2.6721999645233159 2.488090038299561 2.5793099403381352 2.3113199472427373 1.0000000180025095e-35 1.0000000180025095e-35 1.5201250314712527 1.696709990501404 1.9715850353240969 2.507470011711121 2.6097350120544438 2.3113199472427373 1.5000000000000002 1.5451499819755556 1.5000000000000002 1.6175799965858462 0.65445998311042797 1.2138850092887881 1.7610399723052981 1.8750050067901614 2.2374449968338017
decision_type=2 2 2 2 2 2 2 2 2 2 2 2 2 2 2 2 2 2 2 2 2 2 2 2 2 2 2 2 2 2
left_child=5 -2 3 4 -3 6 8 -8 10 18 12 -12 14 -14 -1 -16 -17 -18 20 -20 22 -22 23 -10 -24 -25 -27 -26 -29 -30
right_child=1 2 -4 -5 -6 -7 7 -9 9 -11 11 -13 13 -15 15 16 17 -19 19 -21 21 -23 24 25 27 26 -28 28 29 -31
leaf_value=0.00012132373562711054 0.0020703921036661736 -0.00064510895459181188 0.0019431491187696446 -0.0009167790381994905 0.00040980376480690382 -0.00057816997536383182 0.0011112165737685075 6.0834703863968006e-05 0.00027428389739172734 -0.00078436955979136196 0.00086222124541996054 0.00016298007218826572 -0.00065783678514463309 0.00036751397851691472 -0.00048011641898859907 0.00056572764580536256 -0.00037261586064922926 0.00031382352532260038 -0.00063971567934311844 0.00023432712720485461 0.00054733229688117555 -0.00025496113046947973 -0.00088480778601478965 0.00014905189016469511 0.00024003477011872527 -0.0011141711032693602 -7.6646005758645403e-05 -0.00068333141264572208 -3.4488218040626406e-05 -0.00049742955002568903
leaf_weight=13589 1085 1473 1134 1710 1196 1001 1010 21081 6688 2099 1665 3483 2073 1085 4214 1022 1709 2264 1928 1078 2331 1386 1024 1007 2269 1420 1328 1988 6882 1381
leaf_count=13589 1085 1473 1134 1710 1196 1001 1010 21081 6688 2099 1665 3483 2073 1085 4214 1022 1709 2264 1928 1078 2331 1386 1024 1007 2269 1420 1328 1988 6882 1381
internal_value=1.61907e-05 0.000367095 3.18735e-05 -0.000463077 -0.000172394 -1.042e-05 -3.81196e-06 0.000108858 -4.27555e-05 -0.000123389 4.22982e-05 0.000389133 -2.64916e-05 -0.000305555 1.21645e-05 -0.000148913 0.000130504 1.85492e-05 -7.82117e-05 -0.00032627 -5.12963e-05 0.000248172 -9.77016e-05 2.87846e-05 -0.000195228 -0.000408472 -0.000612776 -0.000138828 -0.000222687 -0.00011186
internal_weight=93603 6598 5513 4379 2669 87005 86004 22091 63913 32809 31104 5148 25956 3158 22798 9209 4995 3973 30710 3006 27704 3717 23987 10443 13544 3755 2748 12520 10251 8263
internal_count=93603 6598 5513 4379 2669 87005 86004 22091 63913 32809 31104 5148 25956 3158 22798 9209 4995 3973 30710 3006 27704 3717 23987 10443 13544 3755 2748 12520 10251 8263
is_linear=0
shrinkage=0.08


Tree=54
num_leaves=31
num_cat=0
split_feature=1 1 0 1 0 0 3 0 0 1 3 0 1 0 1 0 3 1 1 1 1 1 3 1 3 1 0 3 0 0
split_gain=0.17747 0.141727 0.106684 0.0981952 0.196158 0.215663 0.140984 0.113056 0.098654 0.630074 0.50574 0.305772 0.182106 0.152769 0.147478 0.176619 0.145854 0.143259 0.0975178 0.290535 0.0991538 0.0966015 0.126285 0.12244 0.0958221 0.0956598 0.0778418 0.0752761 0.0741274 0.0690192
threshold=-1.8434650301933286 1.7233600020408633 4.0871100425720224 0.90689998865127575 3.0366849899291997 2.0183849334716801 1.0000000180025095e-35 3.4717600345611577 3.0655400753021245 -0.63978499174118031 1.5000000000000002 3.286735057830811 0.21417499333620074 3.6280899047851567 0.68015500903129589 2.8020050525665288 1.0000000180025095e-35 -1.0206350088119505 0.184519998729229 -0.083170000463724122 -0.36134499311447138 0.34947499632835394 1.0000000180025095e-35 0.28051500022411352 1.0000000180025095e-35 -0.68619000911712635 1.9327800273895266 1.0000000180025095e-35 2.1104650497436528 0.65445998311042797
decision_type=2 2 2 2 2 2 2 2 2 2 2 2 2 2 2 2 2 2 2 2 2 2 2 2 2 2 2 2 2 2
left_child=-1 2 3 8 5 -5 -7 -6 14 17 11 16 13 -13 15 21 -11 -10 19 20 25 23 28 29 -4 -17 -24 -16 -23 -2
right_child=1 -3 24 4 7 6 -8 -9 9 10 -12 12 -14 -15 27 18 -18 -19 -20 -21 -22 22 26 -25 -26 -27 -28 -29 -30 -31
leaf_value=0.00050395726556495065 0.00025183949462753306 0.00085607502096581565 -3.981108430722761e-05 0.00087789276891542039 0.0014483724150826068 0.00013924496230393636 -0.0010599894570947211 0.00027114179256973936 0.001531138665328284 -0.00051738839558723574 -0.0017478944852143865 -0.00085996817570437479 0.00059982525212985997 0.00035673032296695302 -0.0001814975838831951 0.00011126502749996376 -0.0017191708867084906 0.0003124162701404715 -0.0001777678165818391 0.0017383131934329869 -0.00043173562989638433 -0.00067777468862196654 0.0011618362464480669 -0.00082968751905465035 0.00098617649461533248 0.0010847197090662745 0.0002911975096962032 -0.0010350489610336118 0.00023308429949404422 -0.00010272640860386989
leaf_weight=4075 3783 1126 1135 1024 1074 1179 1341 1016 1076 1676 1925 1633 2279 1109 1254 1695 1052 1448 1537 1040 1051 1019 1085 1422 1197 1044 1667 1399 1303 49345
leaf_count=4075 3783 1126 1135 1024 1074 1179 1341 1016 1076 1676 1925 1633 2279 1109 1254 1695 1052 1448 1537 1040 1051 1019 1085 1422 1197 1044 1667 1399 1303 49345
internal_value=-1.24188e-05 -3.58163e-05 -4.71246e-05 -6.15236e-05 0.000261398 -0.000101104 -0.000498919 0.000876092 -8.40285e-05 -0.000293674 -0.00058736 -0.000299061 7.13578e-05 -0.000367875 -4.67746e-05 -2.32632e-05 -0.000980832 0.000831967 0.000377243 0.000553858 0.000228836 -6.60316e-05 0.000267851 -9.70878e-05 0.000486821 0.000482308 0.000634454 -0.000631599 -0.000166642 -7.74794e-05
internal_weight=94009 89934 88808 86476 5634 3544 2520 2090 80842 12198 9674 7749 5021 2742 68644 65991 2728 2524 6367 4830 3790 59624 5074 54550 2332 2739 2752 2653 2322 53128
internal_count=94009 89934 88808 86476 5634 3544 2520 2090 80842 12198 9674 7749 5021 2742 68644 65991 2728 2524 6367 4830 3790 59624 5074 54550 2332 2739 2752 2653 2322 53128
is_linear=0
shrinkage=0.08


Tree=55
num_leaves=31
num_cat=0
split_feature=2 1 1 1 2 1 1 1 1 1 3 1 1 1 1 1 3 3 1 1 1 1 1 2 1 3 1 1 1 1
split_gain=0.260324 0.724588 0.836441 0.0582542 0.0520208 0.0375361 0.0299381 0.0782594 0.106682 0.123824 0.0626812 0.0641869 0.0495994 0.0716841 0.0257436 0.0335573 0.163506 0.149068 0.45324 0.114909 0.0712968 0.125052 0.0609711 0.0455229 0.0428533 0.129916 0.0480963 0.0759547 0.0733529 0.0354373
threshold=2.5000000000000004 -1.0318499803543089 0.24726000428199771 -0.46450500190258021 1.5000000000000002 -0.14581499993801114 0.93192002177238475 0.19483000040054324 -0.17183499783277509 -0.42223499715328211 1.0000000180025095e-35 -0.62227499485015858 -0.9746200144290923 -1.3050799965858457 -1.9879299998283384 -0.5858049988746642 1.0000000180025095e-35 1.5000000000000002 0.73569500446319591 -0.77857500314712513 -0.35293500125408167 -0.044455001130700104 -0.70504000782966603 1.0000000180025095e-35 -1.0929549932479856 1.5000000000000002 -0.79745501279830922 -0.88791501522064198 -0.71356499195098866 -0.50689998269081105
decision_type=2 2 2 2 2 2 2 2 2 2 2 2 2 2 2 2 2 2 2 2 2 2 2 2 2 2 2 2 2 2
left_child=4 -2 3 -3 14 -5 7 8 9 10 -6 12 13 -12 -1 16 19 29 20 23 -19 -22 -21 -16 25 -18 27 -26 -28 -17
right_child=1 2 -4 5 6 -7 -8 -9 -10 -11 11 -13 -14 -15 15 17 24 18 -20 22 21 -23 -24 -25 26 -27 28 -29 -30 -31
leaf_value=0.00025576556842805541 0.0024725256965784422 -0.00017068576149928606 0.0015358175760089377 -0.0011705205155696345 0.00042667339081244303 -0.00050849221425274612 0.00022445094234569703 -0.00054404359858605 0.00037474872207114175 -0.00080888172704624787 -0.00047092034070886699 0.00037334620633525854 -0.00065012494545176774 0.0003321410250770189 0.00014256739708511362 0.0002900278797476894 -0.00012566193846150802 0.0013143261942360298 -0.001119820534496496 -0.00074918222056031397 -4.4401034732902397e-05 0.00094452226598660031 -2.8398130641799612e-05 0.00051821182445107683 -0.00019774893782574778 -0.00086216566205055828 -0.00086125675676422932 0.00057370347543858971 -5.6076125915224011e-05 -4.2942595819685957e-05
leaf_weight=2433 1003 1533 1835 1014 1319 1193 1191 3170 2435 1832 1583 1069 1751 1292 7090 2173 3704 1106 1006 1201 1301 2206 2005 2913 2531 2615 1207 1206 1810 34902
leaf_count=2433 1003 1533 1835 1014 1319 1193 1191 3170 2435 1832 1583 1069 1751 1292 7090 2173 3704 1106 1006 1201 1301 2206 2005 2913 2531 2615 1207 1206 1810 34902
internal_value=7.73431e-06 0.000493002 0.000136865 -0.000549519 -2.89349e-05 -0.000812659 -0.000161071 -0.000192845 -9.41564e-05 -0.00022323 -7.02624e-05 -0.000185356 -0.000314464 -0.000110032 9.289e-09 -9.01204e-06 -8.01316e-05 3.47684e-05 0.00041875 0.000118377 0.00075428 0.000577659 -0.000298411 0.00025196 -0.000280706 -0.00043045 -0.000140606 5.12132e-05 -0.000378202 -2.34269e-05
internal_weight=93629 6578 5575 3740 87051 2207 15642 14451 11281 8846 7014 5695 4626 2875 71409 68976 26282 42694 5619 13209 4613 3507 3206 10003 13073 6319 6754 3737 3017 37075
internal_count=93629 6578 5575 3740 87051 2207 15642 14451 11281 8846 7014 5695 4626 2875 71409 68976 26282 42694 5619 13209 4613 3507 3206 10003 13073 6319 6754 3737 3017 37075
is_linear=0
shrinkage=0.08


Tree=56
num_leaves=31
num_cat=0
split_feature=2 1 1 1 1 1 1 1 1 3 1 1 1 3 3 1 1 1 1 1 1 2 3 1 1 1 1 1 1 1
split_gain=0.217145 0.729112 0.582004 0.134836 0.143251 0.0425963 0.308931 0.178046 0.138467 0.0852031 0.196639 0.0834454 0.0426653 0.373328 0.161317 0.116649 0.180952 0.14356 0.209646 0.0626438 0.0643414 0.0576545 0.072367 0.0506887 0.0698076 0.0450873 0.0549819 0.0439018 0.0357142 0.109099
threshold=2.5000000000000004 -1.0318499803543089 0.6276099979877473 0.073970001190900816 -0.43908500671386713 0.14269500225782397 0.184519998729229 0.21417499333620074 0.083750002086162581 1.5000000000000002 0.73569500446319591 0.04597000032663346 -0.9969850182533263 1.5000000000000002 1.5000000000000002 -0.026715000160038468 -0.092335000634193407 -0.12790000438690183 -0.163330003619194 -1.9879299998283384 -1.2451349496841428 1.0000000180025095e-35 1.0000000180025095e-35 -0.20592999458312986 -0.27452500164508814 -0.81570500135421742 -0.24037500470876691 -1.4269599914550779 0.2697299867868424 0.31443999707698828
decision_type=2 2 2 2 2 2 2 2 2 2 2 2 2 2 2 2 2 2 2 2 2 2 2 2 2 2 2 2 2 2
left_child=5 -2 3 4 -3 8 -7 -8 11 28 -11 12 13 21 15 16 17 18 23 -15 -21 -1 -23 24 -14 -16 -27 -24 -9 -30
right_child=1 2 -4 -5 -6 6 7 9 -10 10 -12 -13 14 19 25 -17 -18 -19 -20 20 -22 22 27 -25 -26 26 -28 -29 29 -31
leaf_value=7.3323489082881903e-05 0.0023819045624756687 -6.7116461971475559e-05 0.0017702122031056941 0.00034689141313240843 -0.0011255266924506575 0.0011901398130193057 -0.0010933831043110696 0.0004627390304842752 -0.00075530831480715051 0.00015507755692349226 -0.00098448985145010342 0.00053245623364449172 -0.00026227941453107795 -8.2952730492988332e-06 -0.00025944566571909445 -0.00078269125188712093 0.00057365883639614711 -0.0011330122246309164 0.00086934120858891994 -0.00093054060834010853 -0.00028480135533457383 0.00069760280704166469 0.0004668582773783795 -0.00071270191629737179 0.00021057548873440186 0.0004282445433645338 -8.3075685609016839e-05 -0.00011970784545920737 -0.00072095077893538206 9.3617186730911598e-05
leaf_weight=8589 1012 1594 1028 1321 1682 1363 1000 1377 2026 2235 1711 1378 21488 1018 1220 2236 1891 1095 1127 2833 1516 2763 1478 1406 2203 4395 1940 1825 1128 15683
leaf_count=8589 1012 1594 1028 1321 1682 1363 1000 1377 2026 2235 1711 1378 21488 1018 1220 2236 1891 1095 1127 2833 1516 2763 1478 1406 2203 4395 1940 1825 1128 15683
internal_value=-3.6003e-05 0.000405061 4.94048e-05 -0.000335409 -0.000610537 -6.968e-05 1.97196e-05 -4.92388e-05 -0.000104761 -2.06498e-06 -0.000339043 -8.29404e-05 -9.7308e-05 -2.37855e-06 -0.000146042 -0.000225791 -0.000183161 -0.000235547 -0.000198073 -0.000573211 -0.000705445 0.000206674 0.000395487 -0.000246006 -0.000218309 0.000185896 0.00027166 0.000142764 7.10445e-05 3.89606e-05
internal_weight=93561 6637 5625 4597 3276 86924 24497 23134 62427 22134 3946 60401 59023 20022 39001 31446 29210 27319 26224 5367 4349 14655 6066 25097 23691 7555 6335 3303 18188 16811
internal_count=93561 6637 5625 4597 3276 86924 24497 23134 62427 22134 3946 60401 59023 20022 39001 31446 29210 27319 26224 5367 4349 14655 6066 25097 23691 7555 6335 3303 18188 16811
is_linear=0
shrinkage=0.08


Tree=57
num_leaves=31
num_cat=0
split_feature=1 2 1 2 1 3 1 3 2 1 1 1 1 1 3 1 1 3 2 1 1 3 2 1 1 1 1 1 1 1
split_gain=0.0872973 0.332731 0.0892766 0.0707901 0.414096 0.0925117 0.117762 0.0583145 0.0456929 0.0413454 0.104472 0.230939 0.156925 0.262253 0.069736 0.165542 0.0810531 0.196692 0.0803882 0.0737401 0.116407 0.122285 0.112549 0.110126 0.08035 0.0779804 0.0631945 0.078281 0.0593026 0.0532611
threshold=0.95635500550270092 1.5000000000000002 -2.0506399869918819 2.5000000000000004 -0.89843001961708058 1.5000000000000002 -0.20592999458312986 1.0000000180025095e-35 1.0000000180025095e-35 -0.054160000756382935 0.083750002086162581 0.11333499848842622 0.184519998729229 0.14269500225782397 1.0000000180025095e-35 -0.77857500314712513 -1.2743449807167051 1.5000000000000002 1.0000000180025095e-35 -0.18101499974727628 -0.38856500387191767 1.5000000000000002 1.0000000180025095e-35 -0.33571499586105341 -0.92004001140594471 -0.27452500164508814 0.04597000032663346 -0.0089449998922646028 -1.0687800049781797 0.34947499632835394
decision_type=2 2 2 2 2 2 2 2 2 2 2 2 2 2 2 2 2 2 2 2 2 2 2 2 2 2 2 2 2 2
left_child=2 7 8 9 -5 -6 -7 -2 -1 14 26 -12 13 -13 15 18 17 -16 -4 20 21 22 -18 -22 -24 -25 27 -11 -23 -14
right_child=1 -3 3 4 5 6 -8 -9 -10 10 11 12 29 -15 16 -17 19 -19 -20 -21 23 28 24 25 -26 -27 -28 -29 -30 -31
leaf_value=0.00010227860443627657 0.00017784166372433876 0.0012414587074543498 0.00010850936147079525 0.0010158800423865693 -0.00017419568845274659 -0.0014752568745235103 -0.00047649357203279286 -0.00037526995940891984 0.00077252170677358613 0.00060853661094550481 -0.0012071330997646709 -0.00032808556656556474 -0.00026362707954444737 0.0013699195701594811 1.6794335970281698e-05 -0.00015327257581586822 6.7385752705832919e-06 -0.00090541855071459747 0.00056829106757887323 -0.00050032784886353768 0.0010403680071898941 -0.0003620021640887517 -0.00011471271395544559 -0.00039326487707745477 -0.00076427577388197144 0.00042495198117418733 0.00085098864154338288 -0.00013097030087138968 0.00026588419060344566 4.4090397584408192e-05
leaf_weight=1340 2820 1678 7190 1201 1714 1329 1751 2150 1266 1705 1004 1015 5118 1365 3154 13803 4073 2789 3679 2423 1074 1193 1826 1234 3665 1883 1350 1980 4987 12136
leaf_count=1340 2820 1678 7190 1201 1714 1329 1751 2150 1266 1705 1004 1015 5118 1365 3154 13803 4073 2789 3679 2423 1074 1193 1826 1234 3665 1883 1350 1980 4987 12136
internal_value=-1.20202e-05 0.000267426 -3.33133e-05 -4.75131e-05 -0.000312503 -0.000645292 -0.000907453 -6.1432e-05 0.000427884 -2.73135e-05 5.60074e-05 -2.37034e-05 3.68122e-05 0.00064577 -6.76944e-05 3.06138e-05 -0.000153397 -0.000415992 0.000264139 -8.35959e-05 -3.29442e-05 -0.000132685 -0.000311908 0.000341744 -0.000548267 0.000101025 0.000382735 0.00021119 0.000144676 -4.71869e-05
internal_weight=93895 6648 87247 84641 5995 4794 3080 4970 2606 78646 25673 20638 19634 2380 52973 24672 28301 5943 10869 22358 19935 15744 9564 4191 5491 3117 5035 3685 6180 17254
internal_count=93895 6648 87247 84641 5995 4794 3080 4970 2606 78646 25673 20638 19634 2380 52973 24672 28301 5943 10869 22358 19935 15744 9564 4191 5491 3117 5035 3685 6180 17254
is_linear=0
shrinkage=0.08


Tree=58
num_leaves=31
num_cat=0
split_feature=2 0 0 1 0 1 1 0 1 0 1 0 1 1 0 0 0 1 1 1 0 0 0 0 0 1 0 0 1 0
split_gain=0.216604 0.467129 0.605117 0.0940197 0.149911 0.0792105 0.242045 0.184462 0.246835 0.24296 0.164354 0.103556 0.163808 0.102355 0.510358 0.361426 0.185201 0.103791 0.196691 0.123016 0.111551 0.205655 0.110592 0.24289 0.214351 0.110976 0.106471 0.103544 0.0910163 0.0787608
threshold=2.5000000000000004 1.4439749717712405 3.0787799358367924 -0.43908500671386713 2.3845949172973637 0.083750002086162581 0.12320499867200853 1.9327800273895266 0.19483000040054324 2.0750250816345219 0.04597000032663346 2.0093950033187871 -0.76914498209953297 -0.75064998865127552 3.1075600385665898 3.2006649971008305 3.4494600296020512 -0.34442999958991999 -0.27452500164508814 -0.5858049988746642 2.5793099403381352 2.2921950817108159 2.6097350120544438 2.4214448928833012 2.8138649463653569 -0.12790000438690183 2.4975349903106694 2.1552150249481206 0.50722998380661022 1.6524000167846682
decision_type=2 2 2 2 2 2 2 2 2 2 2 2 2 2 2 2 2 2 2 2 2 2 2 2 2 2 2 2 2 2
left_child=5 -2 3 -3 -5 10 -7 28 -9 -10 11 12 -1 15 17 27 -16 19 -19 26 21 -21 23 25 -24 -20 -15 -13 29 -8
right_child=1 2 -4 4 -6 6 7 8 9 -11 -12 13 -14 14 16 -17 -18 18 22 20 -22 -23 24 -25 -26 -27 -28 -29 -30 -31
leaf_value=7.065067685202714e-05 0.0019527675153400068 0.00014859334534842898 0.0016474789547915821 -4.1270990597111469e-05 -0.0012856921354009007 -0.0011682380605607548 -0.00028533544408964543 0.00072214167588122787 -0.0014546897027309647 -0.00020287259557545239 0.00090854993355279218 0.00028666501702374284 -0.00031230653322980925 -0.0002259700270113467 -0.0010396283186169188 0.0010179137398832359 -1.6762730452606743e-05 -0.00066524639333415071 0.0012062474678036425 0.00057986833781975848 0.00044815110387212893 0.0020083886372805259 0.0017119111392782174 -0.00081488369596923349 0.0001808086483111232 0.00011135148501598793 0.00079947434185856164 -0.00037573348860856697 0.00070924430962958623 0.00060151709366904863
leaf_weight=16385 1111 1611 1311 1296 1187 1375 1769 1740 1053 17207 1336 1855 12681 1361 2162 1673 2380 1221 1106 1297 1651 1283 1069 1106 1293 1276 1237 8128 2394 1005
leaf_count=16385 1111 1611 1311 1296 1187 1375 1769 1740 1053 17207 1336 1855 12681 1361 2162 1673 2380 1221 1106 1297 1651 1283 1069 1106 1293 1276 1237 8128 2394 1005
internal_value=1.38452e-05 0.00045874 0.000151642 -0.000327362 -0.000636167 -1.94594e-05 -0.000134677 -7.82102e-05 -0.000188305 -0.000275061 3.10895e-05 1.12753e-05 -9.6427e-05 0.000115285 0.000232571 -7.02838e-05 -0.000503649 0.00047314 0.000258307 0.000695586 0.000961652 0.00129025 0.000451069 0.000164832 0.000873759 0.000619729 0.00026228 -0.000252649 0.000347852 3.59648e-05
internal_weight=93559 6516 5405 4094 2483 87043 26543 25168 20000 18260 60500 59164 29066 30098 18442 11656 4542 13900 7071 6829 4231 2580 5850 3488 2362 2382 2598 9983 5168 2774
internal_count=93559 6516 5405 4094 2483 87043 26543 25168 20000 18260 60500 59164 29066 30098 18442 11656 4542 13900 7071 6829 4231 2580 5850 3488 2362 2382 2598 9983 5168 2774
is_linear=0
shrinkage=0.08


Tree=59
num_leaves=31
num_cat=0
split_feature=1 2 0 2 0 1 1 1 0 1 2 1 1 0 1 0 0 1 0 1 1 0 0 1 1 0 0 0 1 2
split_gain=0.125459 0.136005 0.124672 0.310433 0.258575 0.223585 0.159319 0.103559 0.239274 0.105068 0.106493 0.104857 0.101869 0.0900457 0.0882922 0.28424 0.239424 0.194141 0.121983 0.118501 0.0884249 0.102051 0.101798 0.0972852 0.0939687 0.248272 0.122797 0.101986 0.0800869 0.0924553
threshold=-1.8434650301933286 1.0000000180025095e-35 2.8020050525665288 2.5000000000000004 2.6721999645233159 -0.026715000160038468 -0.9969850182533263 -0.53332501649856556 1.6747699975967409 -0.72211000323295582 1.5000000000000002 -0.69563499093055714 -1.1328549981117246 2.8712649345397954 0.71731001138687145 1.8038150072097781 1.6635150313377383 0.29170499742031103 1.5576950311660769 0.90689998865127575 0.32533499598503118 2.4494400024414067 2.0093950033187871 0.23503500223159793 -0.044455001130700104 2.2554650306701665 1.9327800273895266 2.4687299728393559 -1.5757550001144407 1.5000000000000002
decision_type=2 2 2 2 2 2 2 2 2 2 2 2 2 2 2 2 2 2 2 2 2 2 2 2 2 2 2 2 2 2
left_child=1 -1 4 6 7 -6 -4 8 11 10 -10 28 -12 -8 16 -16 17 18 -9 -17 23 22 -22 24 27 26 -26 -18 -2 -30
right_child=2 -3 3 -5 5 -7 13 14 9 -11 12 -13 -14 -15 15 19 20 -19 -20 -21 21 -23 -24 -25 25 -27 -28 -29 29 -31
leaf_value=7.2365748540621205e-06 -0.00028438459511967467 0.00093251252799406593 0.0007628127643554642 0.0011525340957000171 -0.0001405588758067403 -0.0013015219065126047 0.00056634287369304701 -0.00024020292882083273 -0.00032659321695435229 4.2511834220456203e-05 -0.00033857536154715092 -0.00040510080864344537 -0.0013509234283590984 -3.6118913746559159e-05 0.00082572833904506347 -0.0013064922096130268 0.00034332120556751234 0.0005890470445164658 -0.0011621598936623861 -0.00028051233347002103 0.00035595669441253821 0.00064625501941765714 -0.00064073320071476067 0.0010864264043356096 -0.00011541517713167789 -0.00059104520690433568 0.001014585054317963 0.0010001665738422999 0.00017768003127236078 0.00077642972120330696
leaf_weight=2069 1716 1999 1993 1867 2424 1889 1732 6239 8703 3474 1125 2029 1464 19065 1159 1106 7394 1632 1077 2067 1020 1023 1837 1179 1014 2167 1566 1902 7541 2113
leaf_count=2069 1716 1999 1993 1867 2424 1889 1732 6239 8703 3474 1125 2029 1464 19065 1159 1106 7394 1632 1077 2067 1020 1023 1837 1179 1014 2167 1566 1902 7541 2113
internal_value=2.74034e-05 0.000461914 7.65759e-06 0.000160781 -5.05532e-05 -0.000649035 7.95342e-05 -7.92098e-06 -0.000120106 -0.000342226 -0.000460591 0.000124676 -0.000911027 1.40549e-05 8.96543e-05 -0.000246487 0.000141567 -0.000199927 -0.000375926 -0.000638134 0.000301535 -3.93897e-05 -0.000284897 0.000388434 0.000329833 4.02389e-05 0.000570469 0.000477714 0.000219215 0.00030873
internal_weight=93585 4068 89517 24657 64860 4313 22790 60547 28165 14766 11292 13399 2589 20797 32382 4332 28050 8948 7316 3173 19102 3880 2857 15222 14043 4747 2580 9296 11370 9654
internal_count=93585 4068 89517 24657 64860 4313 22790 60547 28165 14766 11292 13399 2589 20797 32382 4332 28050 8948 7316 3173 19102 3880 2857 15222 14043 4747 2580 9296 11370 9654
is_linear=0
shrinkage=0.08


Tree=60
num_leaves=31
num_cat=0
split_feature=0 0 2 0 2 0 0 0 0 3 0 0 0 0 2 0 2 0 0 0 3 0 0 3 0 0 2 0 0 0
split_gain=0.0710472 0.0589628 0.267298 0.0628601 0.24427 0.286582 0.192323 0.147525 0.14513 0.0796564 0.206279 0.135841 0.100346 0.081345 0.066901 0.0554768 0.0520642 0.469131 0.103792 0.068439 0.289543 0.0916518 0.151022 0.0866781 0.207893 0.0646273 0.0640863 0.0617888 0.0818763 0.0882614
threshold=0.21536500006914142 3.969215035438538 1.0000000180025095e-35 2.507470011711121 2.5000000000000004 2.9332149028778081 2.5343449115753178 2.5888650417327885 2.4687299728393559 1.5000000000000002 2.9718749523162846 3.3057050704956059 3.2165449857711796 2.747269988059998 1.0000000180025095e-35 3.3862249851226811 2.5000000000000004 1.4439749717712405 2.0282399654388432 1.6635150313377383 1.0000000180025095e-35 1.5939599871635439 1.5201250314712527 1.5000000000000002 1.2138850092887881 1.5081549882888796 1.0000000180025095e-35 1.7610399723052981 1.8750050067901614 1.9428849816322329
decision_type=2 2 2 2 2 2 2 2 2 2 2 2 2 2 2 2 2 2 2 2 2 2 2 2 2 2 2 2 2 2
left_child=-1 3 -3 8 6 -6 -5 -8 16 11 -11 12 13 -9 -13 -12 19 -18 -19 20 25 22 23 -22 -25 26 -2 -21 -29 -30
right_child=1 2 -4 4 5 -7 7 9 -10 10 15 14 -14 -15 -16 -17 17 18 -20 27 21 -23 -24 24 -26 -27 -28 28 29 -31
leaf_value=0.00047865897075585208 0.00014869819544370409 -0.00040472566966572135 0.001035026050351603 -0.0011026813727812407 -0.0018755065621973521 -0.00010806394842726813 0.00065918453309796968 -0.00047755519018395247 0.0008306712894072067 0.00083728669325715971 0.00010588707205367124 -3.2566269178407557e-05 -0.00089629416450303148 -5.6333781893601647e-05 0.0004909227517541744 -0.00061772712307853271 0.001712709595254637 -0.00075806354788108404 0.00024088160841763425 0.00041917537999024374 -0.00018961377084585046 -0.0010578261344252012 0.00059648457792499333 -0.0010916643376481195 4.9604156867396237e-05 -0.00018105091567102914 0.00062867951439810857 -0.00030428379948517953 0.00055451612842168302 4.118847029186042e-05
leaf_weight=2033 4954 1612 1691 1049 1042 1345 2021 4133 1445 2115 1536 3551 1366 10116 2790 1214 1080 1346 1317 3045 5653 1122 1087 2728 1633 2081 2779 3809 2408 19530
leaf_count=2033 4954 1612 1691 1049 1042 1345 2021 4133 1445 2115 1536 3551 1366 10116 2790 1214 1080 1346 1317 3045 5653 1122 1087 2728 1633 2081 2779 3809 2408 19530
internal_value=1.08938e-05 5.11865e-07 0.000332368 -1.19024e-05 -0.000100826 -0.000879608 -3.86348e-05 6.52105e-08 3.93368e-05 -4.96004e-05 0.000243285 -0.000114498 -0.000241303 -0.000178511 0.000197766 -0.000213556 1.83832e-05 0.000306336 -0.00026403 -2.82129e-06 -0.000108929 -0.000368768 -0.000299123 -0.000396339 -0.00066431 0.000214692 0.000321189 7.83918e-05 3.80887e-05 9.75333e-05
internal_weight=93631 91598 3303 88295 32278 2387 29891 28842 56017 26821 4865 21956 15615 14249 6341 2750 54572 3743 2663 50829 22037 12223 11101 10014 4361 9814 7733 28792 25747 21938
internal_count=93631 91598 3303 88295 32278 2387 29891 28842 56017 26821 4865 21956 15615 14249 6341 2750 54572 3743 2663 50829 22037 12223 11101 10014 4361 9814 7733 28792 25747 21938
is_linear=0
shrinkage=0.08


Tree=61
num_leaves=31
num_cat=0
split_feature=1 2 1 0 2 0 1 1 2 0 0 1 0 0 0 1 1 1 0 0 1 1 0 0 0 1 0 1 0 0
split_gain=0.118849 0.131027 0.0917955 0.0887659 0.100306 0.311834 0.192688 0.231935 0.266018 0.0967585 0.189107 0.104168 0.0831902 0.100105 0.0608742 0.165348 0.217772 0.166639 0.13845 0.0760762 0.0560638 0.202121 0.344736 0.178471 0.256221 0.103339 0.0934648 0.0864802 0.112352 0.166529
threshold=1.330455005168915 1.0000000180025095e-35 -2.0506399869918819 4.3337149620056161 1.5000000000000002 0.75656500458717357 0.88394001126289379 -1.1060249805450437 2.5000000000000004 2.6508200168609624 2.2191250324249272 -0.28346998989582056 3.1075600385665898 2.7589149475097661 2.5523850917816167 -0.35293500125408167 -0.0737750008702278 0.21417499333620074 1.5939599871635439 2.0836399793624882 -0.43062500655651087 -0.29219999909400934 1.7196750044822695 2.507470011711121 2.4305350780487065 -0.1542750000953674 2.2465050220489506 -0.13645499944686887 2.3301749229431157 2.1461200714111333
decision_type=2 2 2 2 2 2 2 2 2 2 2 2 2 2 2 2 2 2 2 2 2 2 2 2 2 2 2 2 2 2
left_child=2 -2 -1 4 20 -6 7 -7 12 10 11 -10 13 14 15 18 -17 -18 -9 -20 -4 22 -22 24 27 -25 -24 -23 29 -29
right_child=1 -3 3 -5 5 6 -8 8 9 -11 -12 -13 -14 -15 -16 16 17 -19 19 -21 21 23 26 25 -26 -27 -28 28 -30 -31
leaf_value=0.00044859970060364871 -0.0001041264121823802 0.00097257987116704768 -7.6216417183851446e-05 0.00065171812137160225 0.0010947550393995203 0.00035022476182321221 0.00071016518428953233 0.0001626923382981842 -0.0016664883611410216 -0.0014381069588669762 0.00018822631709713191 -0.00053719654857523058 -0.00072102041876006813 0.00048822336366548973 -0.0008222948530810162 0.0010932720313024042 -0.00099712656828949281 0.00036064926725660909 -0.0014186984764998907 -0.00045727325657387191 -0.00057213328497596942 -0.00029229823576971568 0.0016110977208008989 -0.00079215025423217246 0.0013717661369746742 -0.00012708074536559979 0.00070080361862005531 0.00011841040538570297 -0.0005447437221529391 0.00091674890072172832
leaf_weight=2555 1303 1626 31591 1179 1126 2684 1196 1065 1093 1685 1052 1002 1884 1389 1029 1195 1028 1323 1095 1015 1224 2928 1080 1690 1083 12974 2177 8398 1184 2088
leaf_count=2555 1303 1626 31591 1179 1126 2684 1196 1065 1093 1685 1052 1002 1884 1389 1029 1195 1028 1323 1095 1015 1224 2928 1080 1690 1083 12974 2177 8398 1184 2088
internal_value=-7.99753e-06 0.000493594 -2.414e-05 -3.77947e-05 -4.7109e-05 -0.000200138 -0.000274019 -0.000337511 -0.000453934 -0.00094887 -0.000686917 -0.00112637 -0.000236976 -0.000137191 -0.000249281 -0.000161551 0.000213918 -0.000233053 -0.000580894 -0.000956212 9.55941e-07 7.09597e-05 0.000572494 -3.10102e-06 0.000184515 -0.000203729 0.00100265 9.64349e-05 0.000193968 0.000277378
internal_weight=93941 2929 91012 88457 87278 20861 19735 18539 15855 4832 3147 2095 11023 9139 7750 6721 3546 2351 3175 2110 66417 34826 4481 30345 15681 14664 3257 14598 11670 10486
internal_count=93941 2929 91012 88457 87278 20861 19735 18539 15855 4832 3147 2095 11023 9139 7750 6721 3546 2351 3175 2110 66417 34826 4481 30345 15681 14664 3257 14598 11670 10486
is_linear=0
shrinkage=0.08


Tree=62
num_leaves=31
num_cat=0
split_feature=2 1 1 1 1 1 1 3 1 1 3 1 1 1 1 1 1 1 1 1 1 3 1 1 1 2 1 1 2 1
split_gain=0.284233 0.561941 0.445363 0.0950211 0.18629 0.074178 0.035788 0.0832685 0.0464946 0.233869 0.0720897 0.103411 0.192209 0.101117 0.0561047 0.0793763 0.0346184 0.033716 0.0358287 0.0691757 0.0353284 0.0325876 0.13333 0.0974257 0.0634799 0.0772961 0.0676216 0.0551077 0.0537239 0.0439137
threshold=2.5000000000000004 -1.0206350088119505 0.6276099979877473 -0.47285500168800348 -0.1542750000953674 0.16313999891281131 1.0745299458503725 1.0000000180025095e-35 -0.31728999316692347 -0.29219999909400934 1.5000000000000002 0.50722998380661022 0.036250000819563873 0.28051500022411352 -0.37917999923229212 -0.35293500125408167 1.4518749713897707 0.90689998865127575 -0.21476000547409055 -0.1542750000953674 -0.24894500523805616 1.0000000180025095e-35 -0.77857500314712513 -0.49031500518321985 -0.70504000782966603 1.0000000180025095e-35 -0.54267999529838551 -0.53332501649856556 1.0000000180025095e-35 -1.0929549932479856
decision_type=2 2 2 2 2 2 2 2 2 2 2 2 2 2 2 2 2 2 2 2 2 2 2 2 2 2 2 2 2 2
left_child=6 -2 3 -3 -5 -6 8 -8 14 -10 17 12 -12 -14 21 -16 -9 18 20 -20 -11 22 28 29 -24 27 -27 -26 -1 -23
right_child=1 2 -4 4 5 -7 7 16 9 10 11 -13 13 -15 15 -17 -18 -19 19 -21 -22 23 24 -25 25 26 -28 -29 -30 -31
leaf_value=9.8706204066891518e-05 0.0022726179442854795 0.00041474905269654104 0.0017415348461257841 -0.0012609531214168995 0.00056291762669175331 -0.00039154948784070982 0.00011888752081880008 -0.00082952528219007134 0.0012588522565182172 -8.4186483312233391e-06 -5.7554513554451363e-05 -0.0002715548953123114 0.0014112483658079195 0.00037576674865427576 -0.00096752606780535933 -3.0035227272110019e-05 -0.00021275168935722095 0.00034059197093242068 -0.00052358605866347071 -2.4586462598456277e-05 0.00059626549233112412 -0.00026293823170976942 -0.00072196161108499383 0.00040587102555596796 -0.0001839419167711286 -1.1199969443515739e-05 -0.00089085609370070863 0.00040823500471087829 0.00046279603944566979 -3.3510678741801657e-05
leaf_weight=7756 1013 1483 1014 1002 1001 1087 2328 1311 1035 1424 2277 1602 1393 1065 1002 1366 1048 1629 1923 23581 1093 10179 1290 2295 2068 1046 1202 1958 3897 11230
leaf_count=7756 1013 1483 1014 1002 1001 1087 2328 1311 1035 1424 2277 1602 1393 1065 1002 1366 1048 1629 1923 23581 1093 10179 1290 2295 2068 1046 1202 1958 3897 11230
internal_value=3.28749e-05 0.000539022 0.000224697 -0.000111641 -0.000364275 6.60279e-05 -5.52329e-06 -0.000220546 6.72068e-06 7.32217e-05 3.91225e-05 0.000284043 0.000472019 0.000962596 -4.76414e-05 -0.000426727 -0.00055552 -1.32234e-05 -3.37925e-05 -6.2211e-05 0.000254164 -2.67268e-05 5.06926e-05 -8.94912e-05 -0.000210857 -0.000105769 -0.00048155 0.000104057 0.000220465 -0.000142593
internal_weight=93598 6600 5587 4573 3090 2088 86998 4687 82311 37022 35987 6337 4735 2458 45289 2368 2359 29650 28021 25504 2517 42921 19217 23704 7564 6274 2248 4026 11653 21409
internal_count=93598 6600 5587 4573 3090 2088 86998 4687 82311 37022 35987 6337 4735 2458 45289 2368 2359 29650 28021 25504 2517 42921 19217 23704 7564 6274 2248 4026 11653 21409
is_linear=0
shrinkage=0.08


Tree=63
num_leaves=31
num_cat=0
split_feature=1 0 0 1 1 0 0 1 0 0 3 1 3 1 1 1 0 1 1 0 1 0 0 3 0 0 1 1 0 0
split_gain=0.0942371 0.0544665 0.165042 0.0918655 0.172267 0.208125 0.201974 0.132356 0.265392 0.154808 0.115072 0.105927 0.0861332 0.268337 0.273037 0.198282 0.149557 0.114421 0.127863 0.134095 0.102635 0.387049 0.128805 0.101536 0.0903657 0.0715661 0.183808 0.0580175 0.0682581 0.137119
threshold=1.7233600020408633 2.2829749584198002 2.3301749229431157 -0.22342500090599057 -0.48191000521183008 3.1370999813079838 3.4275699853897099 -1.1869350075721739 2.7806448936462407 2.4494400024414067 1.0000000180025095e-35 -0.14581499993801114 1.5000000000000002 -1.8862599730491636 -0.21476000547409055 0.11333499848842622 0.61570999026298534 -0.6130400002002715 0.73569500446319591 0.94961500167846691 -0.65830001235008229 1.6635150313377383 1.1777099967002871 1.0000000180025095e-35 1.7406949996948244 1.3457700014114382 -1.2451349496841428 -0.53332501649856556 2.2191250324249272 2.0461800098419194
decision_type=2 2 2 2 2 2 2 2 2 2 2 2 2 2 2 2 2 2 2 2 2 2 2 2 2 2 2 2 2 2
left_child=1 12 -3 4 6 10 7 8 -4 -9 -6 -5 17 -14 16 -16 -15 23 19 -19 22 -22 -18 25 -25 26 -1 -21 29 -29
right_child=-2 2 3 11 5 -7 -8 9 -10 -11 -12 -13 13 14 15 -17 20 18 -20 27 21 -23 -24 24 -26 -27 -28 28 -30 -31
leaf_value=-0.00050729436871492463 0.00073112743254687401 0.00080028426181964058 -0.00026968065377183409 -0.00070427025924266076 0.000401073355309855 -0.00022480691229734344 0.00078331479289239173 0.00048295140970154322 0.001265568042197624 -0.0004632723991178594 0.0013192638468327766 -3.7777210701341087e-05 0.00093125729636216322 0.00026191198584189622 0.00096095210351756317 -0.00027034066968241379 -0.00022502701384825754 0.0004225798304638462 0.00050873925476414752 -0.0008167482653808776 -0.001418062169337865 0.00071520082577600469 -0.0012258543885493352 0.00011890300758092838 -0.00044719601439675058 0.00047271553210703846 0.00058236567857953051 -0.0001592464216207755 0.00038540770558895363 -0.00079278443765568604
leaf_weight=1985 1099 1803 1884 1637 1634 1535 1807 1332 1167 6539 1877 22537 1112 1030 1381 2125 1078 1870 1715 1254 1059 1120 3479 5100 2793 6136 1978 9952 1008 2802
leaf_count=1985 1099 1803 1884 1637 1634 1535 1807 1332 1167 6539 1877 22537 1112 1030 1381 2125 1078 1870 1715 1254 1059 1120 3479 5100 2793 6136 1978 9952 1008 2802
internal_value=-5.32326e-06 -1.40515e-05 5.08185e-05 1.86059e-05 0.000156668 0.000552226 -1.38075e-07 -0.000129757 0.000317548 -0.000303144 0.000891943 -8.29104e-05 -7.2001e-05 -0.000254369 -0.000371332 0.000214661 -0.000635882 -1.02832e-05 -0.000149411 -0.000216255 -0.000773164 -0.000321571 -0.0009891 0.000133554 -8.14156e-05 0.000301567 3.65733e-05 -0.000295812 -0.000248344 -0.000298432
internal_weight=93828 92729 43752 41949 17775 5046 12729 10922 3051 7871 3511 24174 48977 12384 11272 3506 7766 36593 18601 16886 6736 2179 4557 17992 7893 10099 3963 15016 13762 12754
internal_count=93828 92729 43752 41949 17775 5046 12729 10922 3051 7871 3511 24174 48977 12384 11272 3506 7766 36593 18601 16886 6736 2179 4557 17992 7893 10099 3963 15016 13762 12754
is_linear=0
shrinkage=0.08


Tree=64
num_leaves=31
num_cat=0
split_feature=1 1 2 1 2 1 1 3 1 1 1 1 1 3 2 1 1 1 1 3 2 1 2 1 1 1 1 1 2 1
split_gain=0.0757873 0.0439639 0.0601132 0.0177684 0.0863128 0.0571339 0.0532458 0.0796893 0.0435627 0.0371865 0.0197578 0.156896 0.116098 0.120259 0.121604 0.118479 0.0962298 0.0751372 0.105294 0.102715 0.0659029 0.0834797 0.0523534 0.0427375 0.0304472 0.089117 0.157631 0.168738 0.0914412 0.223649
threshold=1.7233600020408633 -2.0506399869918819 1.0000000180025095e-35 0.77685999870300304 1.5000000000000002 0.6276099979877473 1.0129999518394472 1.0000000180025095e-35 1.040525019168854 0.68015500903129589 0.13262499868869784 0.16313999891281131 -0.0089449998922646028 1.5000000000000002 1.0000000180025095e-35 0.064254999160766615 0.064254999160766615 0.21417499333620074 0.29170499742031103 1.0000000180025095e-35 1.5000000000000002 0.56432500481605541 1.0000000180025095e-35 0.4229200035333634 -0.13645499944686887 -0.22342500090599057 -0.309249997138977 -0.34442999958991999 2.5000000000000004 -0.89843001961708058
decision_type=2 2 2 2 2 2 2 2 2 2 2 2 2 2 2 2 2 2 2 2 2 2 2 2 2 2 2 2 2 2
left_child=1 2 -1 5 6 10 -5 -8 -6 -7 12 -12 24 14 16 -16 -14 -13 19 -19 21 22 -20 -22 25 26 27 28 -3 -30
right_child=-2 3 -4 4 8 9 7 -9 -10 -11 11 17 13 -15 15 -17 -18 18 20 -21 23 -23 -24 -25 -26 -27 -28 -29 29 -31
leaf_value=-2.2085743005924299e-05 0.0007054817385271563 9.9829979471112208e-06 0.00074345370689897126 0.00025019453349433266 0.00019824938667019763 -0.00069502811359314519 0.00010749302155241829 -0.0006601599238572856 0.00090627765560025392 -0.00010988701955449167 0.0010333805173379433 -0.00043706554044641867 -0.0006154740379918438 0.00037190696609571669 -0.00039453093919077867 -0.0015955822001762628 0.00045029503393482617 3.5030881057918803e-05 0.00019066178885941934 0.0010523531077570297 5.4669562273491648e-06 0.00074920801576517455 -0.00030102410224189035 -0.00068745710798539226 0.00022728107335628149 -0.00035571049237715833 0.0005547933442168648 -0.00081708578435658527 0.0013282877709621626 -0.00012865078619371246
leaf_weight=1322 1093 41638 1304 2717 1077 1116 2024 1512 1150 1843 1093 1848 1172 1177 1088 1017 1009 1215 3356 1331 1014 1098 2361 1300 5138 3694 3688 1522 1165 1601
leaf_count=1322 1093 41638 1304 2717 1077 1116 2024 1512 1150 1843 1093 1848 1172 1177 1088 1017 1009 1215 3356 1331 1014 1098 2361 1300 5138 3694 3688 1522 1165 1601
internal_value=4.32197e-05 3.54019e-05 0.00035806 2.59837e-05 0.000136193 1.45142e-05 -1.6123e-05 -0.000220757 0.000563868 -0.000330576 2.7518e-05 0.00011143 8.32741e-06 -0.000344355 -0.000541051 -0.000974801 -0.000122415 3.69127e-05 0.000111937 0.000566867 -1.49389e-05 0.000110312 -1.23941e-05 -0.000383816 4.12929e-05 2.33668e-05 5.15909e-05 1.11822e-05 3.95721e-05 0.000484991
internal_weight=93683 92590 2626 89964 8480 81484 6253 3536 2227 2959 78525 14616 63909 5463 4286 2105 2181 13523 11675 2546 9129 6815 5717 2314 58446 53308 49614 45926 44404 2766
internal_count=93683 92590 2626 89964 8480 81484 6253 3536 2227 2959 78525 14616 63909 5463 4286 2105 2181 13523 11675 2546 9129 6815 5717 2314 58446 53308 49614 45926 44404 2766
is_linear=0
shrinkage=0.08


Tree=65
num_leaves=31
num_cat=0
split_feature=2 1 1 1 1 1 3 1 1 1 1 1 1 1 3 1 1 1 1 1 2 2 3 1 1 1 3 1 1 1
split_gain=0.083162 0.500414 0.483374 0.0759979 0.0815087 0.024166 0.0486102 0.0452426 0.22694 0.158672 0.116708 0.0925635 0.0419077 0.0485532 0.0610875 0.1234 0.22514 0.23607 0.108705 0.0558388 0.102258 0.069719 0.0696147 0.0697364 0.0400098 0.155212 0.0396763 0.039347 0.0379567 0.0350155
threshold=2.5000000000000004 -1.0438700318336485 0.24726000428199771 -0.13645499944686887 -0.62227499485015858 1.1460549831390383 1.0000000180025095e-35 0.14269500225782397 0.184519998729229 0.083750002086162581 0.04597000032663346 0.21417499333620074 1.0000000180025095e-35 -0.054160000756382935 1.5000000000000002 -0.24037500470876691 -0.84718501567840565 -0.69563499093055714 -0.43908500671386713 -1.0560549497604368 1.0000000180025095e-35 1.0000000180025095e-35 1.0000000180025095e-35 -0.34442999958991999 -0.38856500387191767 -0.48191000521183008 1.0000000180025095e-35 1.4518749713897707 -0.026715000160038468 -0.56811499595642079
decision_type=2 2 2 2 2 2 2 2 2 2 2 2 2 2 2 2 2 2 2 2 2 2 2 2 2 2 2 2 2 2
left_child=5 -2 3 4 -3 7 -7 9 -9 10 12 -10 13 14 19 16 -16 -18 -19 21 22 26 24 -24 25 -21 -1 -8 -15 -22
right_child=1 2 -4 -5 -6 6 27 8 11 -11 -12 -13 -14 28 15 -17 17 18 -20 20 29 -23 23 -25 -26 -27 -28 -29 -30 -31
leaf_value=0.00011222437186922649 0.0019162580245779828 -0.00083879810764277152 0.0010255551031648003 -0.0010903313542754423 7.1941877124093783e-05 6.2770165787263201e-05 -0.00084945365689713425 0.0010703277624991754 -0.00073357489758833728 -0.00074486060436241728 0.00070623258759724701 5.5201961971129255e-05 -0.00043601060407712558 0.00069116729555756238 -0.00042383155423843445 -0.00093967186341818666 0.0013137423656398284 -0.00040509066818291832 0.00049314912039980072 -8.9718410210943796e-05 -8.3724960490750777e-05 0.00035309849231328501 0.00012523146518346909 0.00077891180903519916 -0.00024083944728778032 0.00090216629409775996 -0.00026604536261214194 -0.00014483557969526827 2.1658758575491279e-06 -0.00034395497858217378
leaf_weight=5113 1000 1083 1865 1156 1500 1988 1005 1396 1005 2042 1355 18111 1701 1032 6425 1305 1129 1991 1521 6176 6000 5473 3510 1487 4035 1207 2718 1024 1015 7379
leaf_count=5113 1000 1083 1865 1156 1500 1988 1005 1396 1005 2042 1355 18111 1701 1032 6425 1305 1129 1991 1521 6176 6000 5473 3510 1487 4035 1207 2718 1024 1015 7379
internal_value=-5.99232e-06 0.000267715 -2.64576e-05 -0.000551198 -0.000309913 -2.67348e-05 -0.000218378 -1.74738e-05 8.56424e-05 -5.12541e-05 -2.78713e-05 1.3733e-05 -4.4669e-05 -3.30953e-05 -4.72154e-05 -0.000203915 -0.000117148 0.000307425 -1.60751e-05 -2.2359e-06 -6.30853e-05 0.000134035 7.07177e-05 0.000319753 -3.82706e-05 7.24386e-05 -1.90663e-05 -0.000493846 0.000349528 -0.000227251
internal_weight=93747 6604 5604 3739 2583 87143 4017 83126 20512 62614 60572 19116 59217 57516 55469 12371 11066 4641 3512 43098 29794 13304 16415 4997 11418 7383 7831 2029 2047 13379
internal_count=93747 6604 5604 3739 2583 87143 4017 83126 20512 62614 60572 19116 59217 57516 55469 12371 11066 4641 3512 43098 29794 13304 16415 4997 11418 7383 7831 2029 2047 13379
is_linear=0
shrinkage=0.08


Tree=66
num_leaves=31
num_cat=0
split_feature=0 2 0 0 2 0 0 0 0 3 0 3 0 0 3 0 2 2 0 0 0 0 0 0 0 2 2 3 2 0
split_gain=0.12126 0.259343 0.12148 0.0644273 0.0616857 0.141786 0.0678516 0.0800351 0.0656743 0.164858 0.110589 0.100303 0.126013 0.124264 0.0964874 0.0852694 0.0814576 0.0810824 0.075763 0.0909499 0.0628761 0.0615286 0.103636 0.138961 0.0701704 0.0589884 0.0559455 0.0499734 0.0450719 0.0448359
threshold=3.3461849689483647 1.5000000000000002 3.4717600345611577 0.37020999193191534 2.5000000000000004 1.4439749717712405 2.7252550125122075 2.2650449275970463 1.9998250007629397 1.0000000180025095e-35 2.1289150714874272 1.0000000180025095e-35 1.4957850575447085 1.4579499959945681 1.5000000000000002 3.0504150390625004 1.0000000180025095e-35 1.5000000000000002 2.6508200168609624 2.3759950399398808 0.92558500170707714 1.7406949996948244 1.6635150313377383 1.5939599871635439 1.8652900457382204 1.0000000180025095e-35 1.0000000180025095e-35 1.0000000180025095e-35 1.0000000180025095e-35 1.9428849816322329
decision_type=2 2 2 2 2 2 2 2 2 2 2 2 2 2 2 2 2 2 2 2 2 2 2 2 2 2 2 2 2 2
left_child=3 2 -2 25 8 -6 7 -7 11 10 -10 13 14 26 28 16 18 -12 19 -11 -16 22 23 -14 -23 -1 -5 -4 -13 -26
right_child=1 -3 27 4 5 6 -8 -9 9 15 17 12 21 -15 20 -17 -18 -19 -20 -21 -22 24 -24 -25 29 -27 -28 -29 -30 -31
leaf_value=-4.6249785233613819e-05 0.00063818553670341835 0.00091882524483740671 5.3720146034256506e-05 0.00011592933782525768 0.00055163427425714408 -0.00061851140288248039 -0.001000890476079099 0.00018090119906908538 0.00040551916664514182 0.00038386843307567427 -0.00013908416429334717 -0.00048035404613377372 0.00043282384409062697 -0.00017699808937001805 -0.0011757343055410696 -0.00020732395651308446 0.00013722220565080904 -0.00073968009334328443 7.603249528049963e-05 0.0011493275130447225 -0.00051338711723824279 -0.00054748516404886868 0.00077741057128748962 -0.00076044216490955363 0.00036247659863256862 0.0006930631540261041 0.00059401989472583519 -0.00039041943122337242 -6.6135100036392543e-06 -0.00032900548820480053
leaf_weight=1319 1641 2739 3920 4347 1010 2070 1240 1308 2235 2492 16838 2352 1425 8001 1402 2930 11949 1573 1874 1652 2653 2206 1350 1112 1436 1450 2449 2765 2834 1031
leaf_count=1319 1641 2739 3920 4347 1010 2070 1240 1308 2235 2492 16838 2352 1425 8001 1402 2930 11949 1573 1874 1652 2653 2206 1350 1112 1436 1450 2449 2765 2834 1031
internal_value=-5.12785e-06 0.000243561 2.14191e-05 -3.84669e-05 -5.16356e-05 -0.000306975 -0.000494761 -0.00030897 -3.22529e-05 3.44439e-05 -0.000125888 -0.000117252 -0.000245194 3.66654e-05 -0.000450052 0.00019285 0.000258109 -0.000190398 0.000498135 0.000689018 -0.000742391 -2.4039e-05 0.000211131 -9.02001e-05 -0.000219653 0.000340895 0.000288214 -0.000129982 -0.000221468 7.34948e-05
internal_weight=93603 11065 8326 82538 79769 5628 4618 3378 74141 41543 20646 32598 17801 14797 9241 20897 17967 18411 6018 4144 4055 8560 3887 2537 4673 2769 6796 6685 5186 2467
internal_count=93603 11065 8326 82538 79769 5628 4618 3378 74141 41543 20646 32598 17801 14797 9241 20897 17967 18411 6018 4144 4055 8560 3887 2537 4673 2769 6796 6685 5186 2467
is_linear=0
shrinkage=0.08


Tree=67
num_leaves=31
num_cat=0
split_feature=1 2 1 2 1 2 3 1 3 1 1 1 1 1 1 1 1 2 1 1 3 1 1 1 1 1 1 1 3 2
split_gain=0.0817078 0.250761 0.11175 0.0989924 0.0945555 0.0657063 0.134065 0.238632 0.076006 0.208182 0.109326 0.0809481 0.0871833 0.19192 0.188582 0.0775666 0.142887 0.0683266 0.0698897 0.189906 0.0555298 0.231547 0.0536049 0.0533784 0.0484572 0.113006 0.076827 0.0464023 0.0513213 0.0443912
threshold=0.36097499728202825 2.5000000000000004 -1.3556099534034727 1.0000000180025095e-35 0.39812499284744268 2.5000000000000004 1.5000000000000002 -0.62227499485015858 1.0000000180025095e-35 -0.49031500518321985 -0.55969500541687001 0.20455999672412875 -0.13645499944686887 -0.0737750008702278 -0.018280000425875183 0.064254999160766615 0.13262499868869784 1.0000000180025095e-35 -0.22342500090599057 -0.37039999663829798 1.5000000000000002 0.71731001138687145 -0.0737750008702278 -0.29219999909400934 -0.84718501567840565 -0.77857500314712513 -0.71356499195098866 -0.63978499174118031 1.5000000000000002 1.0000000180025095e-35
decision_type=2 2 2 2 2 2 2 2 2 2 2 2 2 2 2 2 2 2 2 2 2 2 2 2 2 2 2 2 2 2
left_child=2 4 3 -1 -2 8 -7 -8 10 24 -4 12 23 -14 -15 -16 -17 -12 19 -19 29 -22 -20 -11 -10 -26 -27 -28 -29 -6
right_child=1 -3 5 -5 20 6 7 -9 9 11 17 -13 13 14 15 16 -18 18 22 -21 21 -23 -24 -25 25 26 27 28 -30 -31
leaf_value=-4.7046782963122806e-05 0.00080018156010829315 0.0011194587180075025 3.9874797101128983e-05 0.00042228759970885981 -4.9198813826128922e-05 0.00021728994804970302 -0.0016847707728636177 -0.00016343948196613771 -0.000323983009407642 0.00031011407869103747 -0.00015956860865446392 -0.00020688709834163017 0.0014288307703615849 -0.00065030379668560038 0.0010018274950160742 -0.00034723967986311605 0.00090363576234557986 -0.00078093156967554936 -0.0011912070583243435 0.00064372736569529097 0.00054645481555474758 -0.00087704879043120439 -0.00051995535346949435 -0.00013186667795354054 0.00064117957113138098 -0.00072891508265090891 0.00035104699633127203 -0.00047858517495022104 0.00019661204576857443 0.0002387643980737272
leaf_weight=5693 1041 1555 11286 5813 7488 1573 1020 1869 7736 4041 10737 2278 1219 1038 1552 1180 1158 1373 1062 1062 1236 1791 2690 3083 1295 1293 1409 1783 1209 6316
leaf_count=5693 1041 1555 11286 5813 7488 1573 1020 1869 7736 4041 10737 2278 1219 1038 1552 1180 1158 1373 1062 1062 1236 1791 2690 3083 1295 1293 1409 1783 1209 6316
internal_value=-1.0514e-06 0.000145056 -3.91757e-05 0.000190068 6.02757e-05 -8.10795e-05 -0.000376992 -0.000700566 -5.85031e-05 2.95333e-05 -0.000152981 0.000233685 0.00030931 0.000530053 0.000307729 0.000563369 0.000272313 -0.000281589 -0.000493344 -0.000159581 1.45124e-05 -0.000295797 -0.000709953 0.000118841 -0.000186043 -3.33593e-05 -0.000186771 -2.74911e-05 -0.000205753 8.25583e-05
internal_weight=93879 19427 74452 11506 17872 62946 4462 2889 58484 30274 28210 15549 13271 6147 4928 3890 2338 16924 6187 2435 16831 3027 3752 7124 14725 6989 5694 4401 2992 13804
internal_count=93879 19427 74452 11506 17872 62946 4462 2889 58484 30274 28210 15549 13271 6147 4928 3890 2338 16924 6187 2435 16831 3027 3752 7124 14725 6989 5694 4401 2992 13804
is_linear=0
shrinkage=0.08


Tree=68
num_leaves=31
num_cat=0
split_feature=1 1 0 1 0 1 3 0 0 1 3 0 0 1 1 0 0 0 0 1 1 3 0 0 1 1 3 1 1 1
split_gain=0.116854 0.0413941 0.209525 0.210132 0.102745 0.521614 0.583651 0.256009 0.176549 0.328255 0.462198 0.170351 0.154776 0.14904 0.141756 0.113207 0.10492 0.104165 0.124896 0.202341 0.139312 0.100538 0.0983269 0.102061 0.224287 0.139664 0.272246 0.272497 0.25498 0.161253
threshold=1.7233600020408633 -0.51554998755455006 3.4275699853897099 -0.54267999529838551 3.0504150390625004 0.69741001725196849 1.5000000000000002 3.6580350399017338 2.4687299728393559 0.73569500446319591 1.5000000000000002 2.7252550125122075 2.3845949172973637 0.11333499848842622 0.95635500550270092 3.7240350246429448 2.3387949466705327 2.5888650417327885 2.8020050525665288 -0.083170000463724122 0.2697299867868424 1.0000000180025095e-35 1.6408250331878664 2.9079399108886723 -1.0438700318336485 -0.72211000323295582 1.5000000000000002 -0.96324500441551197 -1.2152950167655943 -0.66767498850822438
decision_type=2 2 2 2 2 2 2 2 2 2 2 2 2 2 2 2 2 2 2 2 2 2 2 2 2 2 2 2 2 2
left_child=1 2 3 22 8 6 7 21 12 10 17 -12 16 -14 -7 -16 -3 -10 -19 -20 -21 -6 -1 25 -25 26 28 -28 -24 -27
right_child=-2 4 -4 -5 5 14 -8 -9 9 -11 11 -13 13 -15 15 -17 -18 18 19 20 -22 -23 23 24 -26 29 27 -29 -30 -31
leaf_value=0.00015013896933616612 0.00083056740444642833 -7.7396952081900083e-05 0.00094676699064202949 0.0011575777649502643 -0.00029031435941607124 0.0011356123721118084 -0.0018218322526230397 0.00041907013071488505 0.00069217108035070211 -0.00057793708502329639 0.0022489296338845622 0.0008113022309905937 -0.001445678791646531 -7.7376614747804784e-05 0.00062622522027566089 -0.00049475585401872405 0.00071791687129373603 -0.00032489276651162817 -0.00043429594072132269 0.0015378465955362566 0.00020877963969354878 -0.0010268476785590256 0.00037209465133312676 0.0012096775710075821 -0.00022338695568196795 0.0010105858696780117 -0.0012943270153992837 0.00022016947120766101 -0.00041965651659606635 -9.8598954296550033e-05
leaf_weight=15238 1104 23421 1651 1022 3085 1547 1876 2489 2016 2414 1033 1078 1027 1011 1358 1002 1112 3161 1213 1009 1010 1927 4425 1126 1843 1198 2777 1047 6323 2798
leaf_count=15238 1104 23421 1651 1022 3085 1547 1876 2489 2016 2414 1033 1078 1027 1011 1358 1002 1112 3161 1213 1009 1010 1927 4425 1126 1843 1198 2777 1047 6323 2798
internal_value=1.23973e-05 2.60448e-06 6.46008e-05 2.60672e-05 -4.3724e-05 -0.000236193 -0.000559779 -0.000244139 2.09959e-05 0.000263397 0.000456456 0.00151479 -9.69979e-05 -0.000766899 0.00054043 0.000150283 -4.1348e-05 0.00019077 3.26557e-05 0.00038235 0.000872984 -0.000573495 -5.37821e-06 -0.000115411 0.000320106 -0.000185049 -0.000299945 -0.000879662 -9.3689e-05 0.000233934
internal_weight=93341 92237 39448 37797 52789 13284 9377 7501 39505 12934 10520 2111 26571 2038 3907 2360 24533 8409 6393 3232 2019 5012 36775 21537 2969 18568 14572 3824 10748 3996
internal_count=93341 92237 39448 37797 52789 13284 9377 7501 39505 12934 10520 2111 26571 2038 3907 2360 24533 8409 6393 3232 2019 5012 36775 21537 2969 18568 14572 3824 10748 3996
is_linear=0
shrinkage=0.08


Tree=69
num_leaves=31
num_cat=0
split_feature=1 0 0 1 0 0 1 1 3 1 1 0 0 1 0 1 0 1 3 0 0 0 0 3 1 0 1 0 0 1
split_gain=0.0705137 0.0470812 0.0404855 0.271149 0.13047 0.326538 0.271011 0.13082 0.19634 0.165502 0.15285 0.568743 0.468092 0.150614 0.162186 0.124889 0.117577 0.106348 0.203857 0.337871 0.11312 0.103797 0.102393 0.257327 0.151097 0.102357 0.178906 0.09608 0.17885 0.095619
threshold=1.5223500132560732 0.21536500006914142 2.8020050525665288 -0.98613497614860524 2.7252550125122075 2.693390011787415 -0.0089449998922646028 -0.24037500470876691 1.5000000000000002 -0.026715000160038468 -0.96324500441551197 1.6854549646377566 1.5201250314712527 -0.51554998755455006 2.2374449968338017 -1.5061450004577634 2.8712649345397954 0.69741001725196849 1.5000000000000002 3.2165449857711796 3.6580350399017338 2.3301749229431157 2.1374249458312993 1.0000000180025095e-35 -0.18101499974727628 1.5576950311660769 0.34947499632835394 3.1846950054168706 3.5438250303268437 0.73569500446319591
decision_type=2 2 2 2 2 2 2 2 2 2 2 2 2 2 2 2 2 2 2 2 2 2 2 2 2 2 2 2 2 2
left_child=1 -1 4 -4 5 7 -6 8 13 22 12 -12 15 14 -3 -10 -5 18 20 -20 -18 -16 24 -24 -9 26 -11 -19 -29 -27
right_child=-2 2 3 16 6 -7 -8 9 10 25 11 -13 -14 -15 21 -17 17 27 19 -21 -22 -23 23 -25 -26 29 -28 28 -30 -31
leaf_value=0.00035371740485958393 0.00047874805373091813 0.00015480510119760029 0.00086386147133386078 0.00057580970095316426 5.3532201471828927e-05 0.001329788455950854 -0.0016342812335484625 -0.00060358207187824302 0.00066560313054181658 -0.00018233196260865236 -0.001136546100289384 0.00058833536075741542 -0.0014704883147839251 -0.00039091060242450715 -0.0010465899997950108 -0.0005157235927765937 -0.0001798384385400421 -0.00033044178390502927 0.00022758146588833917 -0.0014480556920701071 0.00038987625589527615 -0.00016537727314050579 -1.8856227406582165e-05 0.0016949688240233333 0.00052476849984776821 -2.543658183362875e-05 0.000956157984625261 0.001261488216437714 6.3472167560823115e-06 -0.00052986940009568811
leaf_weight=2052 1812 18132 2390 1846 1504 1089 1023 1083 1146 1923 2133 2869 2770 6528 1104 1145 9155 1250 1306 1877 2949 3800 1075 1172 2543 10461 1634 1202 1837 3123
leaf_count=2052 1812 18132 2390 1846 1504 1089 1023 1083 1146 1923 2133 2869 2770 6528 1104 1145 9155 1250 1306 1877 2949 3800 1075 1172 2543 10461 1634 1202 1837 3123
internal_value=-1.54691e-05 -2.51903e-05 -3.38227e-05 5.56457e-05 -6.59767e-05 -4.36224e-05 -0.000629742 -6.74989e-05 -0.000155604 8.42054e-05 -0.000460826 -0.000147205 -0.000770791 -5.17118e-05 4.44112e-05 7.51976e-05 -3.4525e-05 -9.2079e-05 -0.000190845 -0.000760534 -4.1034e-05 -0.000363758 0.000450713 0.000875048 0.000187757 -4.13708e-05 0.000340663 0.000259948 0.000502787 -0.000141407
internal_weight=93933 92121 90069 23812 66257 63730 2527 62641 39627 23014 10063 5002 5061 29564 23036 2291 21422 19576 15287 3183 12104 4904 5873 2247 3626 17141 3557 4289 3039 13584
internal_count=93933 92121 90069 23812 66257 63730 2527 62641 39627 23014 10063 5002 5061 29564 23036 2291 21422 19576 15287 3183 12104 4904 5873 2247 3626 17141 3557 4289 3039 13584
is_linear=0
shrinkage=0.08


Tree=70
num_leaves=31
num_cat=0
split_feature=1 2 3 1 1 2 1 1 1 1 1 2 1 3 1 1 1 1 1 1 2 1 1 2 1 3 1 1 1 1
split_gain=0.0732882 0.18194 0.089998 0.236946 0.0628879 0.197884 0.167562 0.134654 0.122844 0.0737071 0.0605854 0.0802784 0.0790641 0.108298 0.134694 0.179221 0.364495 0.0800869 0.077445 0.074118 0.0938354 0.0634109 0.0629583 0.0563354 0.0558293 0.0549669 0.0496613 0.04641 0.0627589 0.0374272
threshold=1.2743349671363833 1.0000000180025095e-35 1.5000000000000002 0.39812499284744268 -0.62227499485015858 1.5000000000000002 -0.42223499715328211 -0.20592999458312986 0.017310000024735931 -1.8434650301933286 -0.77857500314712513 1.5000000000000002 -0.35293500125408167 1.0000000180025095e-35 -0.0737750008702278 0.13262499868869784 0.30321998894214636 -0.17183499783277509 0.4637449979782105 -0.12790000438690183 1.0000000180025095e-35 -0.3972600102424621 0.90689998865127575 1.5000000000000002 -0.18101499974727628 1.0000000180025095e-35 0.036250000819563873 -0.18101499974727628 -0.25701500475406641 0.22464499622583392
decision_type=2 2 2 2 2 2 2 2 2 2 2 2 2 2 2 2 2 2 2 2 2 2 2 2 2 2 2 2 2 2
left_child=2 -2 10 4 9 24 -7 -8 -9 -4 11 25 21 18 17 26 -17 -15 19 27 29 -12 -18 -5 -6 -1 -16 28 -14 -21
right_child=1 -3 3 23 5 6 7 8 -10 -11 12 -13 13 14 15 16 22 -19 -20 20 -22 -23 -24 -25 -26 -27 -28 -29 -30 -31
leaf_value=0.00021749581602121219 -0.00028845700642055375 0.00091357896670571446 0.0003618987330438172 -0.00036760943823095437 0.00083720469510477986 0.00069536423590404182 -0.0011911770654713558 0.00052199617322149536 -0.00060150989398956355 -0.00026091252730293404 -0.00010043533891658549 0.00056592254319328111 0.00028861893754652076 0.00038468162473180286 -0.0001715501837800689 0.001256231690776858 -0.00018208549105931074 0.0011611439731728434 0.00018556501755885951 6.0577587437118805e-05 -0.00059456707249634741 -0.000660847066079869 0.00047047333745530801 -0.0010437229582781653 0.00024417798275064328 -6.7884338404993131e-05 -0.00087963852628595814 0.00058845035486400615 -0.00040130895431815159 -0.00035116583627634956
leaf_weight=10930 1422 1860 1434 1345 2031 1007 1142 1044 1544 8004 12220 2788 1871 2520 1411 1858 4315 1283 6298 4029 3660 1445 1212 1907 2033 7142 1151 1038 1537 2176
leaf_count=10930 1422 1860 1434 1345 2031 1007 1142 1044 1544 8004 12220 2788 1871 2520 1411 1858 4315 1283 6298 4029 3660 1445 1212 1907 2033 7142 1151 1038 1537 2176
internal_value=2.14129e-05 0.00039277 7.92692e-06 -0.000135 -2.28337e-05 0.000130998 -0.000220363 -0.000467585 -0.000148287 -0.000166283 5.25183e-05 0.000166356 3.07102e-06 6.78054e-05 0.000241689 8.68676e-05 0.000286878 0.000646633 -4.82067e-05 -0.000151085 -0.000273308 -0.000159696 -3.89877e-05 -0.000764088 0.000540545 0.000104714 -0.000489665 0.000120109 -2.25369e-05 -8.38146e-05
internal_weight=93657 3282 90375 21491 18239 8801 4737 3730 2588 9438 68884 20860 48024 34359 13750 9947 7385 3803 20609 14311 9865 13665 5527 3252 4064 18072 2562 4446 3408 6205
internal_count=93657 3282 90375 21491 18239 8801 4737 3730 2588 9438 68884 20860 48024 34359 13750 9947 7385 3803 20609 14311 9865 13665 5527 3252 4064 18072 2562 4446 3408 6205
is_linear=0
shrinkage=0.08


Tree=71
num_leaves=31
num_cat=0
split_feature=2 1 1 1 1 1 3 1 3 1 2 1 3 1 3 3 1 1 1 1 1 1 1 1 1 1 2 1 3 1
split_gain=0.0747964 0.300979 0.407232 0.103355 0.101371 0.064802 0.0819698 0.0666898 0.125124 0.0814908 0.0744495 0.103157 0.0505379 0.0706564 0.0730076 0.0549117 0.0506016 0.0725264 0.0456045 0.0439906 0.195783 0.0723179 0.0400385 0.0367548 0.0592513 0.145092 0.0717529 0.0656112 0.0914017 0.050208
threshold=2.5000000000000004 -0.9969850182533263 0.6276099979877473 0.017310000024735931 -0.30125500261783594 1.1122249960899355 1.0000000180025095e-35 -0.62227499485015858 1.5000000000000002 -0.65830001235008229 1.0000000180025095e-35 0.39812499284744268 1.0000000180025095e-35 -1.0929549932479856 1.5000000000000002 1.5000000000000002 -0.96324500441551197 -0.72211000323295582 -1.7420299649238584 -0.24037500470876691 -0.054160000756382935 -0.43908500671386713 1.4518749713897707 0.66318500041961681 -0.026715000160038468 -0.163330003619194 1.0000000180025095e-35 -0.12790000438690183 1.0000000180025095e-35 -0.37039999663829798
decision_type=2 2 2 2 2 2 2 2 2 2 2 2 2 2 2 2 2 2 2 2 2 2 2 2 2 2 2 2 2 2
left_child=5 -2 3 4 -3 7 -7 9 23 12 -10 19 16 14 -14 -15 -1 -18 -16 21 -21 -12 -8 24 25 26 -9 -27 -29 -28
right_child=1 2 -4 -5 -6 6 22 8 10 -11 11 -13 13 15 18 -17 17 -19 -20 20 -22 -23 -24 -25 -26 27 29 28 -30 -31
leaf_value=0.00018220550585224562 0.0015114088090164709 -0.00036624013928918787 0.0014860050221546558 -0.00084283204298704856 0.00061239785788297916 4.8534619735842824e-05 -0.00096572451087774847 0.00012099578248359233 0.00078865777283948653 -0.0006730013451795747 0.0002025409773357342 -0.00030173248553052711 -7.5374971932625745e-05 -0.00012756864213469085 -0.00015460357980189165 0.00030616337661856725 -0.00029841363142122008 0.00042739724683611788 -0.00068219623145297813 -0.00070470574461327005 0.00065319829908608426 0.0011094066564546539 -0.00028390091011081469 0.00021131579797773611 -0.00012667220876939748 0.0010171043907665292 -0.00043821659174579462 -4.4216008006923485e-05 0.00085723347124348011 5.3454747086321323e-06
leaf_weight=8859 1062 1919 1013 1461 1047 2161 1169 8178 1892 1391 1094 1788 5424 4701 1575 3100 3915 1137 3137 1016 2052 1159 1043 5217 16548 1132 3547 1866 1172 3027
leaf_count=8859 1062 1919 1013 1461 1047 2161 1169 8178 1892 1391 1094 1788 5424 4701 1575 3100 3915 1137 3137 1016 2052 1159 1043 5217 16548 1132 3547 1866 1172 3027
internal_value=1.77555e-05 0.000279518 3.90278e-05 -0.000292074 -2.07803e-05 -1.74029e-06 -0.000301888 1.40874e-05 7.27647e-05 -7.36274e-05 0.000342674 0.000223979 -4.74491e-05 -0.000136198 -0.000275492 4.47899e-05 6.69844e-05 -0.000135063 -0.000505847 0.000400632 0.000203514 0.000669056 -0.000644232 1.30539e-05 -1.61068e-05 8.05868e-05 -3.71929e-05 0.00049725 0.000303545 -0.000233978
internal_weight=93802 6502 5440 4427 2966 87300 4373 82927 49688 33239 9001 7109 31848 17937 10136 7801 13911 5052 4712 5321 3068 2253 2212 40687 35470 18922 14752 4170 3038 6574
internal_count=93802 6502 5440 4427 2966 87300 4373 82927 49688 33239 9001 7109 31848 17937 10136 7801 13911 5052 4712 5321 3068 2253 2212 40687 35470 18922 14752 4170 3038 6574
is_linear=0
shrinkage=0.08


Tree=72
num_leaves=31
num_cat=0
split_feature=1 0 1 2 0 2 0 0 1 0 0 0 0 0 0 0 1 2 0 1 1 1 1 1 0 1 1 2 1 0
split_gain=0.125627 0.125473 0.114428 0.293651 0.303607 0.236266 0.122057 0.194208 0.13218 0.106773 0.350151 0.106877 0.10123 0.10021 0.172352 0.0934115 0.174594 0.194389 0.157296 0.242996 0.111199 0.11874 0.107427 0.0967256 0.188205 0.114911 0.0851738 0.0721071 0.0710397 0.178859
threshold=-0.37917999923229212 3.5188649892807011 -0.93099001049995411 1.0000000180025095e-35 2.9598450660705571 2.5000000000000004 0.99671500921249401 2.2921950817108159 -0.55969500541687001 1.9327800273895266 2.3672349452972417 1.6524000167846682 2.9718749523162846 2.920819997787476 2.0555799007415776 2.7901298999786381 0.68015500903129589 1.5000000000000002 2.693390011787415 0.23503500223159793 -0.23239000141620633 0.073970001190900816 0.17292000353336337 0.77685999870300304 1.8145749568939211 1.0745299458503725 -1.1598750352859495 1.0000000180025095e-35 0.23503500223159793 2.4494400024414067
decision_type=2 2 2 2 2 2 2 2 2 2 2 2 2 2 2 2 2 2 2 2 2 2 2 2 2 2 2 2 2 2
left_child=1 2 5 9 6 13 -5 -8 -9 11 -11 -4 -12 14 26 18 20 -18 23 -20 -17 -22 -23 28 -25 -26 -1 -16 -2 -30
right_child=15 -3 3 4 -6 -7 7 8 -10 10 12 -13 -14 -15 27 16 17 -19 19 -21 21 22 -24 24 25 -27 -28 -29 29 -31
leaf_value=-7.5422066190441038e-05 8.4645046829446029e-05 0.00057748237358420831 2.0040076856485634e-05 0.000358650072766658 -0.0017101323620539708 0.0011008152959134686 -0.0007530526636930526 -0.0003800484829208471 0.00070710224279372429 0.0011375433765467725 -0.00049287687042657885 -0.00087060734948809474 0.00046934970175899356 0.00056121727673866511 -0.00019195526560702804 0.00038987526794765574 1.8174130242203337e-05 0.0010492608065160965 0.0017146099522299958 -2.3562019958953614e-05 -0.00069200864587394854 0.0005454755231948206 -0.00028154051071441324 0.00066852520496300469 -0.0010799527547201838 -6.2719257823414941e-05 0.00037204375212186898 -0.00074469928262459423 0.00018468509901253425 0.0011451285559727854
leaf_weight=10504 16382 1670 3013 1225 1252 1173 6081 1901 1148 2008 2309 1208 1004 1522 3006 1573 4440 1589 1027 1032 3753 1230 5501 1042 1470 1376 3675 3036 6113 1557
leaf_count=10504 16382 1670 3013 1225 1252 1173 6081 1901 1148 2008 2309 1208 1004 1522 3006 1573 4440 1589 1027 1032 3753 1230 5501 1042 1470 1376 3675 3036 6113 1557
internal_value=-8.2554e-06 -0.000103177 -0.000128973 -0.000263167 -0.000533451 -5.12603e-06 -0.000391182 -0.000491789 2.92821e-05 6.56098e-05 0.000303958 -0.000234853 -0.000201275 -6.47898e-05 -0.000111908 8.20271e-05 -6.15772e-05 0.000289927 0.000168604 0.000843414 -0.000237344 -0.000331451 -0.000130414 0.000118875 -0.000251345 -0.000588135 4.05549e-05 -0.0004697 0.000178721 0.000379654
internal_weight=93820 45735 44065 21149 11607 22916 10355 9130 3049 9542 5321 4221 3313 21743 20221 48085 18086 6029 29999 2059 12057 10484 6731 27940 3888 2846 14179 6042 24052 7670
internal_count=93820 45735 44065 21149 11607 22916 10355 9130 3049 9542 5321 4221 3313 21743 20221 48085 18086 6029 29999 2059 12057 10484 6731 27940 3888 2846 14179 6042 24052 7670
is_linear=0
shrinkage=0.08


Tree=73
num_leaves=31
num_cat=0
split_feature=1 1 1 1 1 1 1 1 3 1 1 1 1 1 1 2 1 2 1 1 1 1 1 2 1 1 1 2 1 1
split_gain=0.0810381 0.0457266 0.145798 0.0800602 0.0534996 0.050641 0.1182 0.0978099 0.0505995 0.218069 0.203308 0.0626742 0.133719 0.0644513 0.0387582 0.0732108 0.0536906 0.0449479 0.0386686 0.0886914 0.0366415 0.0388013 0.0538836 0.0472251 0.0350673 0.0594251 0.0536205 0.0346834 0.0352059 0.0349239
threshold=1.7233600020408633 0.19483000040054324 0.23503500223159793 0.13262499868869784 0.16313999891281131 0.28051500022411352 0.34947499632835394 0.38555499911308294 1.5000000000000002 0.083750002086162581 -0.044455001130700104 -0.71356499195098866 -0.52421498298645008 -1.6811050176620481 -1.0817649960517881 2.5000000000000004 0.04597000032663346 1.0000000180025095e-35 -0.24037500470876691 -0.41348500549793238 0.43616500496864324 0.50722998380661022 0.75512999296188366 1.5000000000000002 -0.70504000782966603 -0.66767498850822438 -0.75945499539375294 1.0000000180025095e-35 -0.56811499595642079 -0.41348500549793238
decision_type=2 2 2 2 2 2 2 2 2 2 2 2 2 2 2 2 2 2 2 2 2 2 2 2 2 2 2 2 2 2
left_child=1 3 -3 8 -5 -4 -7 -8 9 14 11 13 -13 -10 17 16 24 -1 19 -14 -9 -22 23 -23 26 -26 -16 28 -27 -30
right_child=-2 2 5 4 -6 6 7 20 10 -11 -12 12 18 -15 15 -17 -18 -19 -20 -21 21 22 -24 -25 25 27 -28 -29 29 -31
leaf_value=-2.4126330312945594e-05 0.00067052570436195813 -0.00089053346318943049 0.00038805763854664929 0.0008799677904866353 9.113466682928531e-05 -0.00065202036735652292 0.00069712950438480356 -0.0004602517010839285 0.00028460982244926626 -0.0010100224133666954 0.0010093167388940728 0.00078618911389758187 -0.00040476322172740541 -0.0002331105648792229 -9.8694804197533328e-05 -0.00066921409832528282 0.00051229928303797557 0.00027735002220419328 -0.00031468407356204971 0.00053693803935322363 0.00029954929176804167 -0.00015053896681537453 3.3124672042602913e-05 -0.00069519608633892237 0.00057602633049970431 -0.00028307351168505241 -0.00060030290199700371 -0.00014011220461027798 0.00035468958538177365 2.6216146495892356e-05
leaf_weight=7534 1094 1466 1463 1101 1100 2210 1104 1479 2008 1454 1487 1875 1049 6588 8077 1215 1101 5458 1733 1642 1859 4035 8780 1363 1083 1661 1641 10160 2814 7852
leaf_count=7534 1094 1466 1463 1101 1100 2210 1104 1479 2008 1454 1487 1875 1049 6588 8077 1215 1101 5458 1733 1642 1859 4035 8780 1363 1083 1661 1641 10160 2814 7852
internal_value=-1.39685e-05 -2.20735e-05 -0.000117729 1.104e-05 0.00048573 -6.69088e-05 -9.88635e-05 -3.32095e-05 -4.68727e-06 -4.46317e-05 0.00011735 2.83032e-05 0.000220005 -0.000112173 -1.5747e-05 -5.89049e-05 -3.73421e-05 0.000102525 -1.99575e-05 0.000169846 -7.92414e-05 -4.4103e-05 -8.91622e-05 -0.000288065 -5.55214e-05 -2.79775e-06 -0.000183397 -3.06746e-05 5.95247e-05 0.000112877
internal_weight=93486 92392 23759 68633 2201 22293 20830 18620 66432 50050 16382 14895 6299 8596 48596 35604 34389 12992 4424 2691 17516 16037 14178 5398 33288 23570 9718 22487 12327 10666
internal_count=93486 92392 23759 68633 2201 22293 20830 18620 66432 50050 16382 14895 6299 8596 48596 35604 34389 12992 4424 2691 17516 16037 14178 5398 33288 23570 9718 22487 12327 10666
is_linear=0
shrinkage=0.08


Tree=74
num_leaves=31
num_cat=0
split_feature=0 1 3 1 3 0 0 0 1 0 3 1 3 1 1 3 0 0 0 1 1 3 0 3 1 0 1 0 1 0
split_gain=0.0948218 0.16566 0.331621 0.226698 0.22318 0.175604 0.10529 0.101715 0.0758746 0.286062 0.272389 0.184935 0.0758694 0.0745156 0.0616195 0.22462 0.107833 0.056321 0.160849 0.0974755 0.0616334 0.330079 0.503828 0.153432 0.162773 0.154247 0.213326 0.130303 0.214142 0.565529
threshold=3.0108249187469487 0.69741001725196849 1.5000000000000002 -0.47285500168800348 1.5000000000000002 3.9191999435424809 3.7240350246429448 2.9718749523162846 0.6276099979877473 1.8145749568939211 1.5000000000000002 0.95635500550270092 1.5000000000000002 0.36097499728202825 0.34947499632835394 1.0000000180025095e-35 2.2738900184631352 2.8020050525665288 2.8712649345397954 0.25801999866962438 -0.23239000141620633 1.5000000000000002 2.0461800098419194 1.0000000180025095e-35 -0.29219999909400934 2.3016650676727299 -0.9746200144290923 0.90001001954078685 -0.62227499485015858 2.2829749584198002
decision_type=2 2 2 2 2 2 2 2 2 2 2 2 2 2 2 2 2 2 2 2 2 2 2 2 2 2 2 2 2 2
left_child=7 3 5 12 6 -3 13 8 14 -10 11 -11 -2 -5 17 -16 -17 19 -19 20 23 -22 -23 25 27 -1 -27 -25 -29 -30
right_child=1 2 -4 4 -6 -7 -8 -9 9 10 -12 -13 -14 -15 15 16 -18 18 -20 -21 21 22 -24 24 -26 26 -28 28 29 -31
leaf_value=0.00022317148616546095 0.00029705159481948615 0.00057424296312781284 0.0018405043017448194 -0.00035998112672269933 -0.00096522428395323732 -0.00062002773653458733 0.00047726831830768738 -0.00080879967877241958 0.00069430400471393668 -0.00077453822728325305 -0.0016249445033117611 0.00027898049924761055 0.0010604634295991464 0.00030393232688117933 -0.0003198943071984804 0.00030485801172092222 0.0013306301739972183 0.00087610380548500035 -0.00019340427489723718 -0.00062295361141169253 -9.0715346709421347e-05 -0.00012985780410417044 0.0019916615480727101 0.00025382006319869598 -0.0011902772302284908 0.00053275925296099129 -0.0007072662671296215 -0.00040739022832913494 -0.0003693576879184562 0.0014073146644047274
leaf_weight=14139 3156 2598 1019 4162 1949 1131 2093 1108 1490 2173 1193 2094 1132 1462 2286 1472 1183 1594 2067 1848 10464 1509 1364 3957 1035 1277 2914 14595 3678 1666
leaf_count=14139 3156 2598 1019 4162 1949 1131 2093 1108 1490 2173 1193 2094 1132 1462 2286 1472 1183 1594 2067 1848 10464 1509 1364 3957 1035 1277 2914 14595 3678 1666
internal_value=-7.83763e-06 0.000153345 0.000561522 1.4458e-05 -0.00020031 0.000212022 -7.12321e-06 -4.79733e-05 -3.65812e-05 -0.000288192 -0.000556309 -0.000257531 0.000498587 -0.000187392 -1.05e-05 0.000261406 0.000761916 -3.21318e-05 0.00027226 -5.11986e-05 -3.25301e-05 0.000117825 0.000877365 -7.88831e-05 -0.000208068 9.68239e-05 -0.00032943 -0.000165526 -0.000248747 0.000184523
internal_weight=93808 18702 4748 13954 9666 3729 7717 75106 73998 6950 5460 4267 4288 5624 67048 4941 2655 62107 3661 58446 56598 13337 2873 43261 24931 18330 4191 23896 19939 5344
internal_count=93808 18702 4748 13954 9666 3729 7717 75106 73998 6950 5460 4267 4288 5624 67048 4941 2655 62107 3661 58446 56598 13337 2873 43261 24931 18330 4191 23896 19939 5344
is_linear=0
shrinkage=0.08


Tree=75
num_leaves=31
num_cat=0
split_feature=0 2 0 2 0 0 0 0 2 3 0 0 0 3 0 0 0 0 0 3 3 0 0 0 0 2 2 0 0 2
split_gain=0.0793668 0.2135 0.0445704 0.0326762 0.239842 0.116543 0.206147 0.121858 0.120241 0.162366 0.118674 0.0873275 0.0723071 0.0682917 0.0646206 0.0623769 0.0998647 0.0935168 0.0538094 0.0314012 0.0248163 0.0237784 0.0341579 0.0529554 0.0229898 0.0221667 0.0207331 0.0191019 0.0281713 0.0763098
threshold=1.1777099967002871 1.5000000000000002 1.2311199903488161 1.5000000000000002 3.4068000316619877 2.1192450523376469 2.2829749584198002 1.989735007286072 2.5000000000000004 1.0000000180025095e-35 2.68309497833252 3.0108249187469487 1.4701399803161623 1.5000000000000002 2.7589149475097661 3.3862249851226811 2.4788550138473515 2.7589149475097661 1.7196750044822695 1.0000000180025095e-35 1.5000000000000002 2.1726150512695317 1.8038150072097781 1.5576950311660769 2.4788550138473515 1.0000000180025095e-35 1.0000000180025095e-35 4.0871100425720224 3.569620013237 1.0000000180025095e-35
decision_type=2 2 2 2 2 2 2 2 2 2 2 2 2 2 2 2 2 2 2 2 2 2 2 2 2 2 2 2 2 2
left_child=1 19 -2 13 5 7 -7 12 9 -8 24 -12 -5 27 -10 16 21 -18 -14 26 -6 22 23 -15 -11 -21 -1 28 -4 -30
right_child=2 -3 3 4 20 6 8 -9 14 10 11 -13 18 15 -16 -17 17 -19 -20 25 -22 -23 -24 -25 -26 -27 -28 -29 29 -31
leaf_value=1.9941974542693103e-05 -0.00057164083398244126 0.00077301835953782355 -7.127119884759795e-05 0.00034948673787699473 0.00083903066345135619 -0.001276795968145523 -0.00085068335340896678 0.00072198438309011308 -0.0003444472121944931 0.00031992662402463681 -0.00067135173574927416 0.000284967165910085 -0.00065096407835430609 0.00030261682747427461 -0.0011521945353082108 -0.00039756366006561076 0.0012530808757960103 0.00027667736329756176 -7.2828916267358835e-05 -0.00031099800373618486 0.00032886567177988347 -0.00025272013132329263 0.00042372112490300157 -0.00048783978682474702 0.00084536408653900939 1.2940816791361468e-05 0.00039048218888164247 -0.00033136795784595132 -0.00010482634939928965 0.00073060594628464597
leaf_weight=3214 1098 2754 46942 1349 1257 1555 1345 1224 1309 1054 1324 1135 1821 1184 1229 1065 1023 1625 2373 2772 1186 1264 1638 1001 1078 2639 1382 1663 2078 1055
leaf_count=3214 1098 2754 46942 1349 1257 1555 1345 1224 1309 1054 1324 1135 1821 1184 1229 1065 1023 1625 2373 2772 1186 1264 1638 1001 1078 2639 1382 1663 2078 1055
internal_value=-3.61592e-05 0.000149259 -6.54158e-05 -5.84484e-05 -0.00014927 -0.000256996 -0.000430097 -4.52506e-07 -0.000274726 -7.76779e-05 0.000148785 -0.000229944 -0.00015998 -2.95853e-05 -0.00073559 0.000176441 0.000255474 0.000653891 -0.00032385 -2.24039e-05 0.000591362 4.80809e-05 0.000147535 -5.951e-05 0.000585603 -0.00015301 0.000131362 -6.46279e-05 -5.57694e-05 0.000176495
internal_weight=93636 12761 80875 79777 19239 16796 10029 6767 8474 5936 4591 2459 5543 60538 2538 8800 7735 2648 4194 10007 2443 5087 3823 2185 2132 5411 4596 51738 50075 3133
internal_count=93636 12761 80875 79777 19239 16796 10029 6767 8474 5936 4591 2459 5543 60538 2538 8800 7735 2648 4194 10007 2443 5087 3823 2185 2132 5411 4596 51738 50075 3133
is_linear=0
shrinkage=0.08


Tree=76
num_leaves=31
num_cat=0
split_feature=2 0 0 1 1 0 1 1 0 0 1 1 0 0 0 1 1 0 1 0 0 0 2 0 1 1 0 0 1 0
split_gain=0.132863 0.212078 0.341047 0.137842 0.150576 0.0735292 0.0722199 0.0738977 0.0552992 0.0620498 0.0674976 0.0870415 0.108993 0.107283 0.0836 0.0788179 0.0894422 0.0790589 0.0843597 0.0767495 0.101549 0.100535 0.131328 0.190447 0.109533 0.200996 0.0989816 0.0760056 0.0903196 0.132338
threshold=2.5000000000000004 1.4039100408554079 2.9842900037765507 -0.026715000160038468 -0.73120999336242665 3.5438250303268437 -0.24037500470876691 0.184519998729229 3.4275699853897099 3.2165449857711796 -1.1598750352859495 0.69741001725196849 2.3942549228668217 1.8038150072097781 2.3582949638366704 -0.75064998865127552 -0.93099001049995411 3.1370999813079838 0.50722998380661022 2.9977650642395024 2.9079399108886723 2.8020050525665288 1.0000000180025095e-35 2.6614350080490117 -0.34442999958991999 0.093644998967647566 2.5343449115753178 2.2921950817108159 -0.77857500314712513 1.1410999894142153
decision_type=2 2 2 2 2 2 2 2 2 2 2 2 2 2 2 2 2 2 2 2 2 2 2 2 2 2 2 2 2 2
left_child=5 -2 3 4 -3 8 -7 -8 9 10 -1 12 14 -13 27 16 -14 18 19 20 21 22 23 26 -24 -26 -17 28 -12 -30
right_child=1 2 -4 -5 -6 6 7 -9 -10 -11 11 13 15 -15 -16 17 -18 -19 -20 -21 -22 -23 24 -25 25 -27 -28 -29 29 -31
leaf_value=-0.00014448097349664522 0.0013970955248883451 -0.00059672547010311875 0.0012032841113818154 -0.00081616566318785326 0.00067499732604909049 0.00016428775008598176 -0.00093834541371058428 -0.00024497684016624831 0.00045196417762441101 -0.00032638295578162697 0.00022823090614864172 0.00046791824615580825 0.00030775519947593029 -0.00037751373772806782 -0.00071350293176800235 0.00056687564775372988 -0.00056620760999766056 -0.00035401080430691109 -0.00024829780092335165 0.00088745770643988426 -0.0003047480235897503 0.00098493801014657594 0.00059726508882747677 -0.00017915139218173487 -0.00086288487273136348 0.00049570240921747858 0.0015505479939710168 0.00050966415150630235 -0.00047779558278281185 2.7776881393385641e-06
leaf_weight=14871 1048 1019 1456 1553 1435 1843 1310 3950 1710 3729 7648 1167 1469 5432 1030 1382 1530 1068 1327 1926 1369 1726 1344 1213 1622 1222 1244 1900 4514 19551
leaf_count=14871 1048 1019 1456 1553 1435 1843 1310 3950 1710 3729 7648 1167 1469 5432 1030 1382 1530 1068 1327 1926 1369 1726 1344 1213 1622 1222 1244 1900 4514 19551
internal_value=6.0713e-06 0.00035466 0.000154683 -0.000226341 0.000146927 -1.99877e-05 -0.000266663 -0.00041766 1.91565e-06 -7.91501e-06 8.01373e-06 4.60097e-05 8.00722e-05 -0.000228003 -3.5649e-06 0.000237183 -0.000138114 0.000310065 0.000359403 0.000421207 0.000340467 0.000431033 0.000311931 0.000649907 2.11876e-06 -0.000279132 0.00103287 1.81897e-05 -1.12557e-05 -8.7366e-05
internal_weight=93608 6511 5463 4007 2454 87097 7103 5260 79994 78284 74555 59684 53085 6599 34643 18442 2999 15443 14375 13048 11122 9753 8027 3839 4188 2844 2626 33613 31713 24065
internal_count=93608 6511 5463 4007 2454 87097 7103 5260 79994 78284 74555 59684 53085 6599 34643 18442 2999 15443 14375 13048 11122 9753 8027 3839 4188 2844 2626 33613 31713 24065
is_linear=0
shrinkage=0.08


Tree=77
num_leaves=31
num_cat=0
split_feature=0 0 1 0 0 1 3 1 3 3 1 1 1 0 1 1 3 1 1 3 0 1 1 3 0 1 1 0 3 1
split_gain=0.0633038 0.0902672 0.117322 0.0976582 0.139772 0.0623908 0.196951 0.160641 0.102444 0.0619759 0.255654 0.151324 0.115032 0.0741077 0.171957 0.176161 0.165573 0.116111 0.075862 0.0683439 0.0626053 0.059707 0.0575672 0.0694168 0.0516673 0.0803801 0.0510712 0.0484843 0.114253 0.0456813
threshold=1.1777099967002871 2.1820600032806401 -1.7748300433158872 2.1289150714874272 2.1014349460601811 -0.76914498209953297 1.0000000180025095e-35 -0.9746200144290923 1.0000000180025095e-35 1.5000000000000002 -0.94205501675605763 -0.75945499539375294 0.79611498117446911 1.5576950311660769 0.4229200035333634 -0.37039999663829798 1.0000000180025095e-35 -0.0089449998922646028 -0.6130400002002715 1.0000000180025095e-35 1.4579499959945681 -0.20592999458312986 -0.044455001130700104 1.0000000180025095e-35 1.7514149546623232 -0.17183499783277509 -1.0817649960517881 2.2374449968338017 1.0000000180025095e-35 1.6118749976158144
decision_type=2 2 2 2 2 2 2 2 2 2 2 2 2 2 2 2 2 2 2 2 2 2 2 2 2 2 2 2 2 2
left_child=5 2 -2 4 9 7 -7 8 -1 11 -11 19 13 22 15 18 17 -17 -15 -4 -12 -8 23 -13 -22 -26 -21 28 -3 -29
right_child=1 27 3 -5 -6 6 21 -9 -10 10 20 12 -14 14 -16 16 -18 -19 -20 26 24 -23 -24 -25 25 -27 -28 29 -30 -31
leaf_value=-0.00030466169361115041 0.00044126941694620797 0.0010040175866643023 0.00038754489642377183 -0.00071846216934470298 0.00075905329024974707 0.0005092986724503216 -0.00077887090650554085 0.0011071293554960136 0.00037736426186583792 -0.0012033253296980058 -0.00063520217415961356 7.6891918247860567e-05 0.00054303306569629059 -0.00030068670421801711 -0.0014528361241029455 3.2629943940629656e-05 0.0005084566525961656 -0.0010061114558041352 -0.0011343074054395879 0.00018383123147075979 0.00044105269865456328 -8.9139235819659551e-05 0.00037188688940025991 -0.00079235067043234326 0.00031301718020780285 -0.00066531019313295343 -0.0004640266150627731 -1.6742190251366551e-05 -0.00013986121150353042 0.00047388490966486876
leaf_weight=2278 1962 1018 4072 2137 1026 2246 1768 1273 3697 1849 1045 1421 1001 1106 1018 1495 2005 1277 1897 1723 1431 1472 1332 1003 1068 1082 1421 45315 1239 1248
leaf_count=2278 1962 1018 4072 2137 1026 2246 1768 1273 3697 1849 1045 1421 1001 1106 1018 1495 2005 1277 1897 1723 1431 1472 1332 1003 1068 1082 1421 45315 1239 1248
internal_value=-2.87175e-05 -5.47277e-05 -0.000158319 -0.000197004 -0.000157589 0.000137121 -6.64185e-05 0.00029118 0.000117338 -0.000192107 -0.000408209 -0.000124741 -0.000282289 -0.000348097 -0.000475096 -0.00034716 -4.53354e-05 -0.000445896 -0.000827286 0.000171209 -9.04028e-05 -0.000465511 -5.06153e-05 -0.000282782 6.85795e-05 -0.000179332 -0.000108982 1.39602e-05 0.000376075 -3.59221e-06
internal_weight=93925 81191 32371 30409 28272 12734 5486 7248 5975 27246 6475 20771 13555 12554 8798 7780 4777 2772 3003 7216 4626 3240 3756 2424 3581 2150 3144 48820 2257 46563
internal_count=93925 81191 32371 30409 28272 12734 5486 7248 5975 27246 6475 20771 13555 12554 8798 7780 4777 2772 3003 7216 4626 3240 3756 2424 3581 2150 3144 48820 2257 46563
is_linear=0
shrinkage=0.08


Tree=78
num_leaves=31
num_cat=0
split_feature=2 1 1 2 1 1 1 1 1 1 1 1 1 1 1 1 1 1 3 1 1 2 1 1 1 1 1 1 1 1
split_gain=0.0686067 0.242906 0.368657 0.0576421 0.0546635 0.0901843 0.0372822 0.0466953 0.0847405 0.0494464 0.145968 0.0775125 0.0613185 0.0666785 0.0539206 0.0440118 0.0293271 0.0738882 0.0643189 0.173213 0.0684418 0.0949218 0.0487465 0.0546912 0.0489632 0.0581075 0.0747359 0.054862 0.0725945 0.0485988
threshold=2.5000000000000004 0.6441049873828889 -0.88791501522064198 1.5000000000000002 0.14269500225782397 -0.30125500261783594 0.68015500903129589 -1.3050799965858457 -1.0318499803543089 0.15310499817132953 -0.0737750008702278 -0.31728999316692347 -0.6130400002002715 -0.46450500190258021 0.4229200035333634 -0.82624500989913929 -0.71356499195098866 -0.77857500314712513 1.0000000180025095e-35 0.4229200035333634 0.66318500041961681 1.0000000180025095e-35 0.25801999866962438 0.026455000042915348 -0.13645499944686887 -0.52421498298645008 -0.43908500671386713 -0.32649499177932734 -0.24037500470876691 -0.64894500374793995
decision_type=2 2 2 2 2 2 2 2 2 2 2 2 2 2 2 2 2 2 2 2 2 2 2 2 2 2 2 2 2 2
left_child=3 2 -2 16 5 -4 7 -5 -9 10 11 12 15 -14 -11 -10 17 -1 20 22 29 -22 23 24 25 -20 -27 -28 -29 -18
right_child=1 -3 4 6 -6 -7 -8 8 9 14 -12 -13 13 -15 -16 -17 18 -19 19 -21 21 -23 -24 -25 -26 26 27 28 -30 -31
leaf_value=9.4536940648723112e-06 0.0012395868170243568 0.0014222832336146162 -0.00051291560280257377 -0.00045997138690785633 -0.00076257464119268133 0.00034872367440352689 -0.00045631896745872315 0.00062222557172529071 -0.00029388383728333706 0.00050778060501381281 -0.0009016170421525917 0.00041275175302384038 -0.00097577822480952056 -7.398292282861818e-05 -0.00022419639196273906 0.00036432170213368086 0.00045954602893280561 -0.00050337602145593906 0.00057114455554821484 -0.00019882165763176481 3.1373220576798633e-05 0.00079015809182978792 0.00074513104925003721 -4.2194880995102367e-05 0.00069545585296143552 -0.0004274649466001448 0.00064495911039801263 -0.00040026944253000334 0.0004352858091285389 -9.5595030303631344e-05
leaf_weight=22803 1320 1004 1691 1826 1146 1439 1961 1166 1220 1550 1517 1821 1047 1052 1102 1392 1062 1952 2747 5521 3492 1512 1587 2742 2191 1235 1627 1218 1467 20319
leaf_count=22803 1320 1004 1691 1826 1146 1439 1961 1166 1220 1550 1517 1821 1047 1052 1102 1392 1062 1952 2747 5521 3492 1512 1587 2742 2191 1235 1627 1218 1467 20319
internal_value=2.78006e-05 0.000276483 7.09109e-05 8.96291e-06 -0.000289859 -0.000116782 -0.000130078 -8.33566e-05 -2.54061e-05 -9.59732e-05 -0.000194683 -3.05039e-05 -0.000201841 -0.000523806 0.000203618 5.68903e-05 3.94148e-05 -3.09843e-05 7.67164e-05 0.000183638 -5.6882e-06 0.000260646 0.000326176 0.000275909 0.000359098 0.000270243 0.00012123 0.000278382 5.62518e-05 -6.8021e-05
internal_weight=93729 6600 5596 87129 4276 3130 15654 13693 11867 10701 8049 6532 4711 2099 2652 2612 71475 24755 46720 20335 26385 5004 14814 13227 10485 8294 5547 4312 2685 21381
internal_count=93729 6600 5596 87129 4276 3130 15654 13693 11867 10701 8049 6532 4711 2099 2652 2612 71475 24755 46720 20335 26385 5004 14814 13227 10485 8294 5547 4312 2685 21381
is_linear=0
shrinkage=0.08


Tree=79
num_leaves=31
num_cat=0
split_feature=2 1 0 0 1 0 0 1 2 0 1 1 0 1 0 1 0 1 1 0 0 1 0 0 0 1 0 0 1 0
split_gain=0.0901931 0.636132 0.399376 0.234343 0.109327 0.221399 0.0486738 0.112894 0.144267 0.099057 0.0662247 0.0511067 0.185727 0.18277 0.221441 0.135297 0.0904145 0.18127 0.170092 0.07165 0.297803 0.349995 0.182208 0.0583693 0.196522 0.111737 0.0925396 0.0921642 0.0554242 0.0440462
threshold=2.5000000000000004 -1.0318499803543089 3.1687250137329106 1.6061300039291384 -0.30125500261783594 2.3845949172973637 3.4717600345611577 -0.38856500387191767 1.5000000000000002 3.2514500617980961 0.4502249956130982 0.25801999866962438 1.7932449579238894 -0.13645499944686887 1.1410999894142153 0.34947499632835394 2.8827949762344365 -0.38856500387191767 -0.20592999458312986 2.7589149475097661 2.4788550138473515 0.73569500446319591 3.0366849899291997 1.8750050067901614 2.2738900184631352 1.0000000180025095e-35 2.5169999599456792 2.8255200386047368 0.0084150000475347059 2.7589149475097661
decision_type=2 2 2 2 2 2 2 2 2 2 2 2 2 2 2 2 2 2 2 2 2 2 2 2 2 2 2 2 2 2
left_child=6 -2 3 -3 -5 -6 9 -8 10 11 -9 13 -13 16 -15 -14 18 -18 29 20 -17 -22 -21 25 28 -16 -26 -28 -25 -1
right_child=1 2 -4 4 5 -7 7 8 -10 -11 -12 12 15 14 23 19 17 -19 -20 22 21 -23 -24 24 26 -27 27 -29 -30 -31
leaf_value=-6.7737859778547259e-05 0.0021427579756727105 0.00070561141810712561 0.0013541316226841232 -0.0012664120665398337 0.00053160501880562556 -0.001064826648515098 0.00035752124380600411 -0.00048915967746779255 -0.0011557073556613239 0.00040373265809408424 8.7785027967768035e-05 0.00040173953539827001 -0.00096482545675675882 -0.00082141711267870313 0.00073586709515166874 -0.00041882198362189622 -1.1908627533392172e-05 0.0012189363465132774 -0.00079578656780202527 -0.00092563831755250502 0.0016889261607521853 -0.00028053638765764618 0.00020054699826050929 0.00064713011516687408 -0.00026407705730478688 -0.0003348255438394706 0.00085412981808980263 8.6236223627564036e-05 0.0014118426424117574 0.00034354872214553808
leaf_weight=40496 1006 1009 1062 1282 1018 1225 1793 2358 1189 3762 2768 3122 1645 1031 1016 4295 2881 1043 2057 2229 1159 1151 1565 1024 1607 1616 1922 2086 1488 1738
leaf_count=40496 1006 1009 1062 1282 1018 1225 1793 2358 1189 3762 2768 3122 1645 1031 1016 4295 2881 1043 2057 2229 1159 1151 1565 1024 1607 1616 1922 2086 1488 1738
internal_value=5.57447e-06 0.000290652 -4.23033e-05 -0.000369391 -0.0006771 -0.000340276 -1.60485e-05 -0.000202707 -0.000361771 3.12511e-06 -0.000177614 -1.69236e-05 -0.000148132 1.62387e-05 0.000298585 -0.000290668 -5.28034e-05 0.00031525 -8.54114e-05 -0.000184024 -2.48709e-05 0.000707605 -0.000461094 0.000405911 0.000511952 7.84813e-05 0.000248825 0.000454473 0.00110011 -5.08127e-05
internal_weight=93643 6602 5596 4534 3525 2243 87041 8108 6315 78933 5126 75171 15166 60005 11790 12044 48215 3924 44291 10399 6605 2310 3794 10759 8127 2632 5615 4008 2512 42234
internal_count=93643 6602 5596 4534 3525 2243 87041 8108 6315 78933 5126 75171 15166 60005 11790 12044 48215 3924 44291 10399 6605 2310 3794 10759 8127 2632 5615 4008 2512 42234
is_linear=0
shrinkage=0.08


Tree=80
num_leaves=31
num_cat=0
split_feature=1 0 0 3 1 1 0 0 3 1 0 0 1 0 0 0 1 0 3 1 1 3 0 0 0 1 3 1 0 0
split_gain=0.0396541 0.36106 0.188338 0.116469 0.163622 0.105727 0.0794626 0.0734643 0.123236 0.11284 0.0560878 0.11862 0.051558 0.0504758 0.182071 0.132207 0.109832 0.242901 0.629458 0.313291 0.304992 0.233713 0.33816 0.186015 0.182231 0.22183 0.215588 0.106976 0.158463 0.144147
threshold=-0.77857500314712513 3.1075600385665898 2.1192450523376469 1.5000000000000002 -1.3728950023651121 -0.75064998865127552 1.989735007286072 1.7610399723052981 1.0000000180025095e-35 -1.0318499803543089 2.507470011711121 2.3113199472427373 -0.93099001049995411 2.8712649345397954 2.8020050525665288 2.7252550125122075 0.54940497875213634 1.7196750044822695 1.5000000000000002 0.083750002086162581 -0.33571499586105341 1.5000000000000002 1.102169990539551 1.4170950055122378 1.6175799965858462 0.66318500041961681 1.0000000180025095e-35 -0.49844999611377711 2.3113199472427373 1.8145749568939211
decision_type=2 2 2 2 2 2 2 2 2 2 2 2 2 2 2 2 2 2 2 2 2 2 2 2 2 2 2 2 2 2
left_child=1 2 6 4 -4 -2 7 9 -9 -1 11 -6 -11 14 15 16 17 21 27 20 -20 23 -23 -7 -18 -26 -27 28 -19 -29
right_child=5 -3 3 -5 10 13 -8 8 -10 12 -12 -13 -14 -15 -16 -17 24 18 19 -21 -22 22 -24 -25 25 26 -28 29 -30 -31
leaf_value=-1.4472604834286089e-05 -0.00085447444377988776 0.0010704465478542497 0.00047567014522853648 -0.00086523673242236497 -0.00017458972150148085 0.00024114343644638335 0.00061736334070702098 0.00028456404604644488 -0.0007496768703944823 0.00089172374728445749 -0.00016316818561625652 -0.0013615629519449946 0.00026559304720026323 -0.00017811705003217308 0.000786561004996985 -0.00069269723121846694 0.00053317308714053975 -0.00084326895955892092 0.0013718444112666506 0.0020950920709550238 -0.00016871888967277221 -0.001868004709795669 -0.00016311524063983187 -0.00050194204201404948 -0.0015499952040088723 0.0003536647786220863 -0.00079309080816497134 0.00099748776600708223 0.00024007478623320298 1.3166787726197263e-06
leaf_weight=10418 1121 1982 1720 2194 1141 5522 1681 1269 1760 1373 2228 1021 2175 19471 1707 1990 1280 2186 1677 1271 1614 1253 1835 3537 1086 1935 2292 1003 1429 12712
leaf_count=10418 1121 1982 1720 2194 1141 5522 1681 1269 1760 1373 2228 1021 2175 19471 1707 1990 1280 2186 1677 1271 1614 1253 1835 3537 1086 1935 2292 1003 1429 12712
internal_value=-4.95561e-05 2.82868e-05 -4.82722e-05 -0.000365255 -0.00018572 -8.42827e-05 9.26694e-05 4.07712e-05 -0.000316381 0.000118232 -0.000444852 -0.000735135 0.000507892 -7.075e-05 -2.35903e-05 -5.60366e-05 -2.48554e-05 3.30306e-05 0.000192218 0.00102831 0.000616308 -0.000253865 -0.000854898 -4.89872e-05 -0.000323715 -0.000530156 -0.000268139 -2.78766e-05 -0.000415026 7.41683e-05
internal_weight=93883 28962 26980 8304 6110 64921 18676 16995 3029 13966 4390 2162 3548 63800 44329 42622 40632 34039 21892 4562 3291 12147 3088 9059 6593 5313 4227 17330 3615 13715
internal_count=93883 28962 26980 8304 6110 64921 18676 16995 3029 13966 4390 2162 3548 63800 44329 42622 40632 34039 21892 4562 3291 12147 3088 9059 6593 5313 4227 17330 3615 13715
is_linear=0
shrinkage=0.08


Tree=81
num_leaves=31
num_cat=0
split_feature=0 0 2 1 0 1 2 1 0 1 0 0 1 1 1 1 0 0 0 1 1 2 0 2 0 1 1 0 1 0
split_gain=0.0613195 0.179388 0.163252 0.283242 0.165614 0.243229 0.466016 0.220842 0.201323 0.151023 0.113862 0.102009 0.0681696 0.198309 0.132864 0.128283 0.179345 0.132872 0.111611 0.252355 0.082776 0.093566 0.0766387 0.0529428 0.110561 0.12157 0.0934006 0.130034 0.060508 0.0523618
threshold=2.693390011787415 2.7252550125122075 1.0000000180025095e-35 -0.98613497614860524 4.022825002670289 0.93192002177238475 2.5000000000000004 0.29170499742031103 2.9598450660705571 0.49333499372005468 2.6307749748229985 3.2514500617980961 0.14269500225782397 0.083750002086162581 0.017310000024735931 0.30321998894214636 1.989735007286072 1.7932449579238894 2.0750250816345219 0.81612500548362743 -0.026715000160038468 2.5000000000000004 2.4305350780487065 1.5000000000000002 2.2921950817108159 -0.73120999336242665 -1.3728950023651121 1.6408250331878664 -0.35293500125408167 1.4957850575447085
decision_type=2 2 2 2 2 2 2 2 2 2 2 2 2 2 2 2 2 2 2 2 2 2 2 2 2 2 2 2 2 2
left_child=10 -2 -3 -4 5 6 7 8 -5 -9 12 -10 13 14 20 16 -14 -17 -19 22 21 23 -20 -1 25 26 -25 -28 -27 -23
right_child=1 2 3 4 -6 -7 -8 9 11 -11 -12 -13 15 -15 -16 17 -18 18 19 -21 -22 29 -24 24 -26 28 27 -29 -30 -31
leaf_value=-4.0364637023917721e-05 0.0010879639479089707 -0.00015899375682519641 0.0013186077027236654 0.0010200750916851426 0.00093292541840518401 0.00086587143766466063 -0.0014562523687742317 -0.0012687404981879175 -0.00040130532681139904 -4.6401708136222124e-05 -0.00061165890712959242 0.00039680775005901983 -5.2946701738983387e-05 -0.0010490729793388891 0.00068239039538083945 0.00042208397686343424 0.0011451660772242042 -0.0007555553836788324 0.00011755524155358948 -0.00075905178016274469 -0.00073669679349921318 0.00084871799636786151 0.000945551108954143 -0.00065874491633661732 0.00036571035549623948 -0.0011628261853676226 0.00078363605388751705 -0.00045739805471529406 -0.0003877676047362407 0.00014134262923776877
leaf_weight=35539 1115 12634 1391 1985 1436 1864 1451 1034 1852 1728 2209 2295 1525 1289 1561 3120 1681 1767 1872 1814 1155 1016 1158 1253 1401 1508 1166 1007 1126 1965
leaf_count=35539 1115 12634 1391 1985 1436 1864 1451 1034 1852 1728 2209 2295 1525 1289 1561 3120 1681 1767 1872 1814 1155 1016 1158 1253 1401 1508 1166 1007 1126 1965
internal_value=-4.15291e-06 9.30841e-05 5.2994e-05 0.000231117 0.000120256 2.4671e-05 -0.0001269 8.99759e-05 0.000357519 -0.000504004 -4.71267e-05 4.03801e-05 -2.7308e-05 -6.96697e-05 -4.3745e-05 0.000136369 0.000575259 -8.22862e-06 -0.000211311 -1.27804e-05 -6.77924e-05 -5.09902e-05 0.000433997 -8.10375e-05 -0.000274775 -0.000422847 -0.000108665 0.000208523 -0.000831499 0.000382434
internal_weight=93917 28785 27670 15036 13645 12209 10345 8894 6132 2762 65132 4147 62923 49986 48697 12937 3206 9731 6611 4844 47136 45981 3030 43000 7461 6060 3426 2173 2634 2981
internal_count=93917 28785 27670 15036 13645 12209 10345 8894 6132 2762 65132 4147 62923 49986 48697 12937 3206 9731 6611 4844 47136 45981 3030 43000 7461 6060 3426 2173 2634 2981
is_linear=0
shrinkage=0.08


Tree=82
num_leaves=31
num_cat=0
split_feature=0 2 0 1 1 0 1 2 0 0 1 0 1 1 0 2 1 1 1 1 1 0 1 2 1 1 1 2 0 0
split_gain=0.108098 0.228865 0.112914 0.0909775 0.0756039 0.129013 0.0671489 0.0919577 0.0464874 0.140582 0.0618448 0.108634 0.0453359 0.0614738 0.0379421 0.0635405 0.0462172 0.0452772 0.17769 0.114528 0.119932 0.106011 0.0857899 0.186434 0.103292 0.0766294 0.0835906 0.0756533 0.0622618 0.0631709
threshold=2.8020050525665288 2.5000000000000004 3.4717600345611577 0.0084150000475347059 -0.41348500549793238 3.1370999813079838 -0.98613497614860524 1.0000000180025095e-35 2.9079399108886723 3.0108249187469487 0.77685999870300304 3.2006649971008305 1.1122249960899355 0.43616500496864324 0.75656500458717357 1.5000000000000002 -0.62227499485015858 0.23503500223159793 0.32533499598503118 0.073970001190900816 0.0084150000475347059 1.7610399723052981 0.43616500496864324 1.5000000000000002 0.68015500903129589 -0.054160000756382935 -0.092335000634193407 1.0000000180025095e-35 2.693390011787415 2.1552150249481206
decision_type=2 2 2 2 2 2 2 2 2 2 2 2 2 2 2 2 2 2 2 2 2 2 2 2 2 2 2 2 2 2
left_child=14 2 3 4 6 -6 -2 -8 -5 -10 11 -11 13 -4 15 16 -1 19 -19 20 25 27 -23 24 -24 26 28 -20 29 -16
right_child=1 -3 12 8 5 -7 7 -9 9 10 -12 -13 -14 -15 17 -17 -18 18 21 -21 -22 22 23 -25 -26 -27 -28 -29 -30 -31
leaf_value=0.00017071138479679362 0.00058672760931991657 0.00099250680479326739 -0.00024591746430997215 0.00042470254388980863 0.0011258600405291838 6.1326485207390707e-05 0.00040303989424773679 -0.00049089478744547609 -0.00084506704036916875 0.00040317013046323533 0.00051185667465453459 -0.00056137522368997401 -0.00059064264364880033 0.00027564662311096012 -4.77033028932571e-05 0.00064014641425341344 -0.00036177323818744939 0.00080007434214805372 -0.00010068367797554201 -0.00052891054266277686 0.00058662159174574871 -0.00074655042187580817 0.00065056018597492069 -0.00079001292937438841 -0.00010760770132685826 -0.00062277422771087358 0.00063517427096947566 0.00079132592237912485 0.00034715454053048627 -0.00026491119508024921
leaf_weight=3345 1730 1868 4651 1328 1836 1208 1482 1464 1268 1414 1580 1585 1356 2099 27774 1270 1516 1798 1086 3789 1707 1496 1835 1731 3081 1704 1033 1384 1959 12393
leaf_count=3345 1730 1868 4651 1328 1836 1208 1482 1464 1268 1414 1580 1585 1356 2099 27774 1270 1516 1798 1086 3789 1707 1496 1835 1731 3081 1704 1033 1384 1959 12393
internal_value=-2.06407e-06 0.000140908 7.17465e-05 0.000202506 0.000393113 0.000703404 0.000191119 -4.11965e-05 -2.57891e-06 -9.96252e-05 0.0001068 -0.000106601 -0.000168528 -8.37304e-05 -5.36682e-05 0.000136286 4.64541e-06 -7.22217e-05 6.46421e-05 -0.000105952 -7.15394e-05 -5.99511e-05 -0.000199203 -7.60153e-05 0.000175394 -9.65819e-05 -7.58068e-05 0.000399131 -9.32412e-05 -0.00011472
internal_weight=93770 24869 23001 14895 7720 3044 4676 2946 7175 5847 4579 2999 8106 6750 68901 6131 4861 62770 12411 50359 46570 10613 8143 6647 4916 44863 43159 2470 42126 40167
internal_count=93770 24869 23001 14895 7720 3044 4676 2946 7175 5847 4579 2999 8106 6750 68901 6131 4861 62770 12411 50359 46570 10613 8143 6647 4916 44863 43159 2470 42126 40167
is_linear=0
shrinkage=0.08


Tree=83
num_leaves=31
num_cat=0
split_feature=1 2 1 2 2 3 1 1 1 1 3 2 1 1 1 1 3 1 1 1 3 1 1 1 1 1 1 2 1 1
split_gain=0.0600859 0.044999 0.0222806 0.0841073 0.0794704 0.176379 0.136895 0.164863 0.0256635 0.0247941 0.0888688 0.0573391 0.0449526 0.189687 0.0739658 0.10526 0.0773592 0.191814 0.155468 0.0831569 0.0873304 0.187776 0.0911969 0.117737 0.101571 0.0689545 0.0966016 0.0332341 0.1023 0.0468705
threshold=-2.0506399869918819 1.0000000180025095e-35 1.2743349671363833 1.0000000180025095e-35 2.5000000000000004 1.5000000000000002 0.14269500225782397 -0.3972600102424621 -0.22342500090599057 -1.3211449980735777 1.5000000000000002 1.0000000180025095e-35 -0.29219999909400934 -0.31728999316692347 0.13262499868869784 0.184519998729229 1.5000000000000002 0.083750002086162581 -0.026715000160038468 -0.24037500470876691 1.0000000180025095e-35 -0.0737750008702278 -0.0737750008702278 0.0084150000475347059 -0.12790000438690183 0.21417499333620074 0.2697299867868424 1.5000000000000002 -1.0318499803543089 -0.51554998755455006
decision_type=2 2 2 2 2 2 2 2 2 2 2 2 2 2 2 2 2 2 2 2 2 2 2 2 2 2 2 2 2 2
left_child=1 -1 4 -4 9 8 7 -7 -6 10 11 -2 13 27 16 -16 17 19 -18 -14 22 -22 24 -24 -21 -17 -27 -11 -29 -30
right_child=2 -3 3 -5 5 6 -8 -9 -10 12 -12 -13 14 -15 15 25 18 -19 -20 20 21 -23 23 -25 -26 26 -28 28 29 -31
leaf_value=4.8250928352208902e-05 -0.00016751109434371924 0.00071465376068126092 -0.00026867335722868666 0.00054542359741061258 0.00055621003985769583 -0.00078022744746303883 -0.0013097903029410632 0.00049319785209622422 7.3513405852169069e-06 9.986734983950836e-06 -0.0005280182053149714 0.00031079942458704239 -0.00068298639532470354 0.0011535873390078803 0.00065648298632282702 -0.00064533672448528539 -0.00024607132602303609 -0.0011453803348805058 0.00097199185870964545 -0.00024293552972479826 0.00076514027948315578 -0.00035492139191881474 0.00056685274407449447 -0.000473005377159256 -0.0012050132066728392 0.00060423387764431034 -2.464296276833551e-05 0.00086853274454546845 0.00021509816009105773 -0.00033656973818545108
leaf_weight=1323 3922 1272 1446 1853 1083 1727 1247 1044 1098 27694 2544 2714 1637 1021 1683 1013 1853 1403 1051 2250 2009 1831 1485 1313 1021 1718 17357 1229 3259 1413
leaf_count=1323 3922 1272 1446 1853 1083 1727 1247 1044 1098 27694 2544 2714 1637 1021 1683 1013 1853 1403 1051 2250 2009 1831 1485 1313 1021 1718 17357 1229 3259 1413
internal_value=-4.67011e-06 0.000374904 -1.5504e-05 0.000188593 -2.31886e-05 -0.000299309 -0.000613704 -0.000300453 0.000279893 -2.16586e-06 -0.000126007 2.8109e-05 1.35715e-05 7.93634e-05 -4.69605e-05 4.87566e-05 -0.000178409 -0.000262099 0.000194764 -0.000154768 -6.7504e-05 0.000231069 -0.000256418 7.8885e-05 -0.000543236 -2.15951e-06 3.19972e-05 4.67162e-05 0.000219091 4.82517e-05
internal_weight=93513 2595 90918 3299 87619 6199 4018 2771 2181 81420 9180 6636 72240 34616 37624 21771 15853 12949 2904 11546 9909 3840 6069 2798 3271 20088 19075 33595 5901 4672
internal_count=93513 2595 90918 3299 87619 6199 4018 2771 2181 81420 9180 6636 72240 34616 37624 21771 15853 12949 2904 11546 9909 3840 6069 2798 3271 20088 19075 33595 5901 4672
is_linear=0
shrinkage=0.08


Tree=84
num_leaves=31
num_cat=0
split_feature=2 1 1 0 0 1 1 1 0 0 0 0 0 0 0 0 0 0 0 2 1 1 1 0 1 0 0 0 1 0
split_gain=0.0390166 0.26508 0.223639 0.148479 0.143751 0.0728774 0.178883 0.0882288 0.159416 0.235485 0.175962 0.189719 0.120446 0.0854268 0.0603871 0.0480053 0.100334 0.0821217 0.100422 0.072701 0.0454925 0.133503 0.0941079 0.0976024 0.0393208 0.0446688 0.0383946 0.0559992 0.0421463 0.16387
threshold=2.5000000000000004 0.23503500223159793 -1.0318499803543089 2.488090038299561 1.9237949848175051 0.20455999672412875 0.31443999707698828 -0.13645499944686887 3.4068000316619877 1.9138749837875368 2.1192450523376469 2.4305350780487065 2.8827949762344365 1.835754990577698 2.4788550138473515 2.3672349452972417 2.2829749584198002 2.4975349903106694 2.4401650428771977 1.5000000000000002 -0.38856500387191767 -0.50689998269081105 -0.29219999909400934 2.9842900037765507 -0.026715000160038468 1.4302700161933901 2.3113199472427373 2.507470011711121 0.50722998380661022 3.0504150390625004
decision_type=2 2 2 2 2 2 2 2 2 2 2 2 2 2 2 2 2 2 2 2 2 2 2 2 2 2 2 2 2 2
left_child=5 2 -2 4 -4 7 14 15 9 24 -11 -12 -13 -8 -7 16 -1 18 -17 20 21 -19 -22 -24 -9 -26 -15 -28 29 -29
right_child=1 -3 3 -5 -6 6 13 8 -10 10 11 12 -14 26 -16 17 -18 19 -20 -21 22 -23 23 -25 25 -27 27 28 -30 -31
leaf_value=-1.94321437354926e-06 0.0009094062578437808 0.00098434013387918508 -0.00060100319162983788 -0.0011024902759037918 0.0006628742767140482 -0.00033502215926228736 0.00034156451576303529 0.00013836348691017769 -0.00057870558473646096 0.0014814449659070147 -0.00028843136787149918 0.0010620513827558989 0.00021947043309232986 -0.00037602474329143348 -0.0010092445957543793 -0.0001262096572164474 0.00061114300628442749 -0.00010123652565512016 -0.0011096736740161899 0.00032950939094601728 0.00071751490509321591 -0.00096223325652824044 -0.00076357291059356389 0.00034281044281823659 -3.818446190345247e-05 -0.00075839765365328716 0.00037964845072292519 0.00083256683579807352 -0.00020908782735982919 -0.00043301623702063808
leaf_weight=33218 1016 1873 1313 1341 1026 1658 2989 1218 1432 1156 1789 2450 1950 3121 1745 1597 1801 7619 1138 2559 1103 1358 1001 1041 1020 1199 1600 1224 8853 1408
leaf_count=33218 1016 1873 1313 1341 1026 1658 2989 1218 1432 1156 1789 2450 1950 3121 1745 1597 1801 7619 1138 2559 1103 1358 1001 1041 1020 1199 1600 1224 8853 1408
internal_value=-8.36024e-06 0.000179659 -0.000141289 -0.000431372 -4.66046e-05 -2.25166e-05 -0.000146185 2.07115e-05 0.000214352 0.000319681 0.000575431 0.000406203 0.000688635 -5.14133e-05 -0.000680752 -2.43944e-05 2.95873e-05 -0.000132937 -0.000535417 -5.79573e-05 -0.000139753 -0.000231484 0.000122082 -0.000199545 -0.000226867 -0.00042734 -0.000123893 -6.37556e-05 -0.000125527 0.000155538
internal_weight=93816 6569 4696 3680 2339 87247 22598 64649 12214 10782 7345 6189 4400 19195 3403 52435 35019 17416 2735 14681 12122 8977 3145 2042 3437 2219 16206 13085 11485 2632
internal_count=93816 6569 4696 3680 2339 87247 22598 64649 12214 10782 7345 6189 4400 19195 3403 52435 35019 17416 2735 14681 12122 8977 3145 2042 3437 2219 16206 13085 11485 2632
is_linear=0
shrinkage=0.08


Tree=85
num_leaves=31
num_cat=0
split_feature=2 0 0 1 1 0 0 1 1 2 1 0 1 0 0 2 0 1 1 1 1 1 1 0 0 1 0 2 1 0
split_gain=0.0822722 0.254768 0.196963 0.274254 0.100454 0.0676809 0.065199 0.0845975 0.286549 0.117339 0.144016 0.121522 0.0762787 0.241582 0.0988528 0.173382 0.183304 0.120986 0.213803 0.0834128 0.0667664 0.0619614 0.115684 0.0564848 0.123446 0.113698 0.0673039 0.0538018 0.0536317 0.0664432
threshold=2.5000000000000004 2.8020050525665288 2.3845949172973637 -0.17183499783277509 -0.88791501522064198 1.5328999757766726 2.1552150249481206 -0.37039999663829798 -0.21476000547409055 1.0000000180025095e-35 -0.66767498850822438 1.9809499979019167 -0.82624500989913929 3.1370999813079838 2.507470011711121 1.5000000000000002 2.4588949680328374 0.32533499598503118 0.04597000032663346 -0.42223499715328211 -0.69563499093055714 0.19483000040054324 -0.63159999251365651 1.989735007286072 1.8145749568939211 0.28051500022411352 1.6524000167846682 1.5000000000000002 -1.2152950167655943 2.4494400024414067
decision_type=2 2 2 2 2 2 2 2 2 2 2 2 2 2 2 2 2 2 2 2 2 2 2 2 2 2 2 2 2 2
left_child=5 2 3 4 -2 21 7 9 -9 11 -11 -7 13 28 15 16 17 18 19 -14 -16 22 -1 24 26 -25 -10 -24 29 -8
right_child=1 -3 -4 -5 -6 6 12 8 23 10 -12 -13 14 -15 20 -17 -18 -19 -20 -21 -22 -23 27 25 -26 -27 -28 -29 -30 -31
leaf_value=-3.1646274963192482e-05 0.00035018327264188764 0.0010847167535490562 -0.00092955696835972216 0.001214390014383589 -0.00071317017267913505 4.2543803854385619e-05 -0.000621721465667737 0.0013445526678873827 -0.00015414847118527065 3.7469213436701069e-06 -0.00088392765659902478 0.00085031555347745054 0.00059142930571667082 0.00065410703680166297 0.00049886238738251873 -0.0004508289154682417 0.0013975399614962888 -0.00028948975331384347 0.0014586185885585626 -0.00014986640968533328 -6.978563318701314e-05 0.0002678723060397897 -0.00035022933107554949 0.00097245429475077867 -0.00044659302460568236 -0.00011981018268173155 0.00066058608854049352 -0.00097210231608610572 -0.00064731474572695834 0.00010275031392486741
leaf_weight=11825 1013 1868 1150 1277 1296 4247 1399 1516 1053 4372 1597 1657 1807 1608 1391 1811 1057 1838 1093 2101 26429 2250 5006 1285 2301 1161 1691 1083 3617 1925
leaf_count=11825 1013 1868 1150 1277 1296 4247 1399 1516 1053 4372 1597 1657 1807 1608 1391 1811 1057 1838 1093 2101 26429 2250 5006 1285 2301 1161 1691 1083 3617 1925
internal_value=2.12981e-05 0.000293535 -1.85277e-05 0.000273632 -0.000246658 6.61617e-07 3.93569e-05 0.000156627 0.000341509 1.63737e-05 -0.00023375 0.000269251 -1.37858e-05 -0.000229445 3.53434e-05 0.000255154 0.000417076 0.00026554 0.000469529 0.000192897 -4.13532e-05 -0.000127829 -0.000177529 0.000138516 -1.44456e-05 0.000454008 0.000347935 -0.000460837 -0.000434135 -0.000202164
internal_weight=93724 6604 4736 3586 2309 87120 66956 20880 9007 11873 5969 5904 46076 8549 37527 9707 7896 6839 5001 3908 27820 20164 17914 7491 5045 2446 2744 6089 6941 3324
internal_count=93724 6604 4736 3586 2309 87120 66956 20880 9007 11873 5969 5904 46076 8549 37527 9707 7896 6839 5001 3908 27820 20164 17914 7491 5045 2446 2744 6089 6941 3324
is_linear=0
shrinkage=0.08


Tree=86
num_leaves=31
num_cat=0
split_feature=1 0 0 1 1 3 1 1 0 1 3 0 1 0 0 0 3 0 3 1 1 0 3 0 3 0 1 0 1 3
split_gain=0.049999 0.167926 0.064564 0.0749778 0.0707279 0.102361 0.2335 0.11986 0.0688263 0.0655627 0.110663 0.10262 0.0641712 0.0633171 0.207191 0.205443 0.0842348 0.0817278 0.285242 0.367559 0.255027 0.357504 0.16392 0.11895 0.111966 0.284303 0.268916 0.10028 0.0755031 0.160866
threshold=-0.77857500314712513 3.1846950054168706 1.6635150313377383 -1.7111849784851072 -0.83623498678207386 1.5000000000000002 -1.2597199678421018 -1.2451349496841428 1.4439749717712405 -1.0817649960517881 1.5000000000000002 1.102169990539551 -0.72211000323295582 2.507470011711121 2.6204850673675542 2.4305350780487065 1.0000000180025095e-35 1.6854549646377566 1.5000000000000002 -0.21476000547409055 -0.026715000160038468 2.3212800025939946 1.5000000000000002 1.4170950055122378 1.0000000180025095e-35 2.1642400026321416 0.54940497875213634 2.3301749229431157 0.75512999296188366 1.5000000000000002
decision_type=2 2 2 2 2 2 2 2 2 2 2 2 2 2 2 2 2 2 2 2 2 2 2 2 2 2 2 2 2 2
left_child=1 2 8 -4 5 7 -7 -5 9 10 -1 -11 -2 15 -15 17 -17 18 23 -20 22 24 27 -14 25 -22 -26 -19 29 -16
right_child=12 -3 3 4 -6 6 -8 -9 -10 11 -12 -13 13 14 28 16 -18 20 19 -21 21 -23 -24 -25 26 -27 -28 -29 -30 -31
leaf_value=-0.00026629992657751291 -0.00046511193041804788 0.00084295964209566039 0.00036706710456820598 0.00032569853810757231 0.00041315676179333168 -0.001523530873203725 -4.7327039334158512e-05 -0.00030531258753340297 0.00052362514861577268 0.00080189609832992045 0.00041718533877834184 -0.00017660164594268186 0.00028371693767513995 -0.00071169132898536768 3.4565807347889149e-06 0.000273609076321396 0.0012679111458455893 9.2280294626207265e-05 -0.0016767824640126913 1.7808481242318351e-05 -0.00077956670384485684 -0.0012591889113741945 0.0010032040403854478 -0.0003074113087712681 0.00081411121913688459 0.00081694164958629866 -0.00056040972607794993 0.00090804978309248665 0.00020918625797855417 -0.00056696440486146617
leaf_weight=4973 2201 1761 2073 3038 1270 1131 1742 5266 2740 1658 2181 1170 5877 3275 15511 1033 1155 6581 1588 1692 2384 1676 2140 3462 2554 1019 1416 1130 6121 3975
leaf_count=4973 2201 1761 2073 3038 1270 1131 1742 5266 2740 1658 2181 1170 5877 3275 15511 1033 1155 6581 1588 1692 2384 1676 2140 3462 2554 1019 1416 1130 6121 3975
internal_value=-1.46638e-06 8.58344e-05 3.68917e-05 -7.83899e-05 -0.000152579 -0.000216862 -0.000628457 -7.44586e-05 0.000168466 7.09769e-05 -5.79296e-05 0.000397072 -4.05462e-05 -2.5616e-05 -0.000112542 4.88667e-05 0.000798481 -3.17037e-06 -0.000160825 -0.000802622 0.000102091 -0.000204523 0.000383743 6.45836e-05 3.52199e-05 -0.000301506 0.000323854 0.000211826 -3.59136e-05 -0.000112905
internal_weight=93793 29003 27242 14520 12447 11177 2873 8304 12722 9982 7154 2828 64790 62589 28882 33707 2188 31519 12619 3280 18900 9049 9851 9339 7373 3403 3970 7711 25607 19486
internal_count=93793 29003 27242 14520 12447 11177 2873 8304 12722 9982 7154 2828 64790 62589 28882 33707 2188 31519 12619 3280 18900 9049 9851 9339 7373 3403 3970 7711 25607 19486
is_linear=0
shrinkage=0.08


Tree=87
num_leaves=31
num_cat=0
split_feature=2 0 0 0 0 0 0 0 0 3 3 0 0 0 2 0 0 0 0 0 0 0 0 0 0 0 0 0 3 3
split_gain=0.110992 0.231861 0.31256 0.092109 0.0707542 0.157399 0.0864772 0.0633227 0.051698 0.0671898 0.0488786 0.143545 0.158802 0.0683155 0.0394453 0.0548065 0.0636397 0.0598613 0.0463599 0.0981237 0.0787287 0.121191 0.0388002 0.0364616 0.0271961 0.0252625 0.0592728 0.0477113 0.0434322 0.0368377
threshold=2.5000000000000004 1.3758299946784975 3.1687250137329106 2.2465050220489506 2.2191250324249272 2.3301749229431157 2.2921950817108159 2.1911950111389165 3.8753950595855717 1.0000000180025095e-35 1.5000000000000002 3.3057050704956059 2.5793099403381352 3.7240350246429448 1.0000000180025095e-35 2.7363700866699223 2.4588949680328374 2.8255200386047368 2.8367400169372563 2.488090038299561 2.5615899562835698 2.6614350080490117 2.747269988059998 2.1461200714111333 2.7589149475097661 1.9428849816322329 1.8750050067901614 1.9809499979019167 1.5000000000000002 1.5000000000000002
decision_type=2 2 2 2 2 2 2 2 2 2 2 2 2 2 2 2 2 2 2 2 2 2 2 2 2 2 2 2 2 2
left_child=4 -2 3 -3 7 6 -6 23 10 -10 13 12 -12 14 15 16 -7 -17 19 -16 -21 -22 -23 25 -14 26 29 -27 -29 -1
right_child=1 2 -4 -5 5 8 -8 -9 9 -11 11 -13 24 -15 18 17 -18 -19 -20 20 21 22 -24 -25 -26 27 -28 28 -30 -31
leaf_value=-2.0952228970417471e-05 0.0014548716309262925 -0.00053651107061930363 0.0013263730518314743 0.00018934030941374614 0.00028775644971293699 -0.00010451587664749338 0.0010704988524768593 -0.00069189867188470091 6.4086897466369364e-05 -0.0006183859642294562 -0.00018767197194958414 -0.00048801381718253733 0.0010983949931166869 0.00062695406767469852 0.0001776705403999114 -0.00057733881802597047 0.00043262852065448882 2.6738875615208053e-05 3.6653063848222556e-05 -0.001111035233377479 0.00031900920413569146 -0.0010304423650312248 -0.00033231462154300039 0.00030477710769283544 0.00060924831607370069 -0.00063106527879106661 0.00034620840704127447 -0.00021386313219004326 0.00031950310285381174 -0.00022570702246413094
leaf_weight=23424 1014 2156 1135 2326 2722 2123 1352 1024 1948 1755 1698 1327 1045 1107 2103 1212 4213 7849 6232 1000 1252 1018 1020 1727 2394 1364 2356 4924 1219 7400
leaf_count=23424 1014 2156 1135 2326 2722 2123 1352 1024 1948 1755 1698 1327 1045 1107 2103 1212 4213 7849 6232 1000 1252 1018 1020 1727 2394 1364 2356 4924 1219 7400
internal_value=2.60083e-05 0.000341481 0.000140488 -0.00015982 1.91029e-06 7.41917e-05 0.000547518 -7.0258e-05 2.51197e-05 -0.000259364 5.47167e-05 0.000253729 0.000445337 1.05541e-05 -1.37966e-05 7.21514e-05 0.000252648 -5.40626e-05 -0.000118616 -0.000269974 -0.000489414 -0.000300472 -0.000681036 -5.52497e-05 0.000757884 -7.05314e-05 -4.0547e-05 -0.000203059 -0.000108023 -7.01083e-05
internal_weight=93439 6631 5617 4482 86808 43370 4074 43438 39296 3703 35593 6464 5137 29129 28022 15397 6336 9061 12625 6393 4290 3290 2038 42414 3439 40687 33180 7507 6143 30824
internal_count=93439 6631 5617 4482 86808 43370 4074 43438 39296 3703 35593 6464 5137 29129 28022 15397 6336 9061 12625 6393 4290 3290 2038 42414 3439 40687 33180 7507 6143 30824
is_linear=0
shrinkage=0.08


Tree=88
num_leaves=31
num_cat=0
split_feature=0 2 0 0 0 0 3 0 2 3 0 2 0 0 0 0 3 0 0 2 0 0 0 2 0 0 2 0 0 2
split_gain=0.0405875 0.155172 0.0358599 0.104596 0.133938 0.0985682 0.21465 0.124314 0.0999717 0.0958523 0.0735889 0.0634312 0.056741 0.104767 0.0516988 0.0489991 0.0801437 0.183689 0.0658987 0.0613751 0.0495491 0.0817375 0.0733049 0.0381228 0.120561 0.0359763 0.0608298 0.0421149 0.0704477 0.0400847
threshold=3.969215035438538 1.0000000180025095e-35 1.9428849816322329 2.2829749584198002 2.3113199472427373 2.1289150714874272 1.0000000180025095e-35 1.9809499979019167 1.0000000180025095e-35 1.5000000000000002 1.8853050470352175 2.5000000000000004 2.5343449115753178 2.507470011711121 2.8138649463653569 2.68309497833252 1.5000000000000002 3.3862249851226811 2.9977650642395024 1.0000000180025095e-35 2.747269988059998 2.7901298999786381 2.8367400169372563 2.5000000000000004 1.4039100408554079 3.569620013237 1.0000000180025095e-35 2.9079399108886723 2.9718749523162846 1.5000000000000002
decision_type=2 2 2 2 2 2 2 2 2 2 2 2 2 2 2 2 2 2 2 2 2 2 2 2 2 2 2 2 2 2
left_child=2 -2 10 5 -5 7 -7 -4 -8 -9 23 12 13 -6 -13 19 20 18 -18 -14 -17 -22 -23 -1 -25 27 -27 -24 -29 -30
right_child=1 -3 3 4 11 6 8 9 -10 -11 -12 14 15 -15 -16 16 17 -19 -20 -21 21 22 25 24 -26 26 -28 28 29 -31
leaf_value=-2.4567173579902144e-05 -0.00031925239764037176 0.00077770779299445828 -0.00072374580952500793 0.00085577594449275866 -8.4385914767227745e-05 1.5836135416850034e-05 -0.00027860465079198926 -7.8925897108049462e-05 -0.0012124051210390316 0.00069309094280951584 0.0004744355802490625 -3.0660733526419159e-05 0.00055841533125093829 -0.000942988627870989 -0.00069638275726078419 -0.00048644840811937608 0.00028905424660811952 -0.00052013289115207084 0.0010317018401415632 5.2510479773694606e-06 0.00063927846818925902 -0.00069735646417717315 0.00028399137165874288 0.00093649996657844254 -0.00027128307741835378 -0.00010103576300072285 0.00061936860474135814 -0.000679202780032792 -0.00013429761103146053 0.00035356658956715685
leaf_weight=31187 1590 1716 1484 1107 7202 2825 1060 4552 2384 1330 2210 1384 2453 1041 1621 1688 1618 1221 1450 2693 1087 1135 1660 1047 1069 1709 1337 1396 8243 1240
leaf_count=31187 1590 1716 1484 1107 7202 2825 1060 4552 2384 1330 2210 1384 2453 1041 1621 1688 1618 1221 1450 2693 1087 1135 1660 1047 1069 1709 1337 1396 8243 1240
internal_value=-2.51884e-05 0.000250132 -3.52534e-05 -7.57631e-05 -1.23157e-05 -0.000267874 -0.00050103 -6.94405e-05 -0.000924998 9.56376e-05 2.73939e-05 -3.62337e-05 -7.65412e-06 -0.000192818 -0.000389774 4.51045e-05 -3.32417e-06 0.000309763 0.000640045 0.000268934 -7.2205e-05 -3.29372e-05 -7.66392e-05 -2.27195e-06 0.00032633 -3.14346e-05 0.000215176 -9.13417e-05 -0.000148613 -7.05043e-05
internal_weight=93739 3306 90433 54920 41285 13635 6269 7366 3444 5882 35513 40178 37173 8243 3005 28930 23784 4289 3068 5146 19495 17807 16720 33303 2116 15585 3046 12539 10879 9483
internal_count=93739 3306 90433 54920 41285 13635 6269 7366 3444 5882 35513 40178 37173 8243 3005 28930 23784 4289 3068 5146 19495 17807 16720 33303 2116 15585 3046 12539 10879 9483
is_linear=0
shrinkage=0.08


Tree=89
num_leaves=31
num_cat=0
split_feature=0 0 0 3 0 0 3 0 2 0 3 0 0 0 3 0 2 0 0 0 0 0 3 3 0 0 0 0 0 3
split_gain=0.0366481 0.0350898 0.0912411 0.176086 0.0575084 0.08997 0.134619 0.0542004 0.0366867 0.0753818 0.168795 0.0699535 0.0430935 0.0361152 0.0311627 0.048084 0.0308986 0.0284342 0.0490856 0.047077 0.0140135 0.0391983 0.115483 0.0375267 0.0363119 0.0271196 0.023137 0.0126284 0.0789596 0.0543251
threshold=0.21536500006914142 2.5704250335693364 2.507470011711121 1.0000000180025095e-35 2.7806448936462407 2.693390011787415 1.0000000180025095e-35 2.6614350080490117 2.5000000000000004 3.7240350246429448 1.0000000180025095e-35 4.022825002670289 4.022825002670289 2.8138649463653569 1.5000000000000002 2.8712649345397954 1.0000000180025095e-35 2.4588949680328374 2.4119100570678715 2.3845949172973637 3.286735057830811 3.1217000484466557 1.0000000180025095e-35 1.0000000180025095e-35 2.9461100101470952 3.4068000316619877 3.5188649892807011 2.1104650497436528 2.0750250816345219 1.5000000000000002
decision_type=2 2 2 2 2 2 2 2 2 2 2 2 2 2 2 2 2 2 2 2 2 2 2 2 2 2 2 2 2 2
left_child=-1 2 17 -4 5 7 -7 16 9 13 11 -11 -12 -6 15 -15 -3 18 19 27 21 23 -23 24 -17 -22 -27 28 29 -2
right_child=1 4 3 -5 8 6 -8 -9 -10 10 12 -13 -14 14 -16 20 -18 -19 -20 -21 25 22 -24 -25 -26 26 -28 -29 -30 -31
leaf_value=0.00032994638032207062 1.7907561055596516e-05 0.00045901024420879721 -0.001231647402655393 9.3314826251958598e-05 -0.00041680749003173806 2.1233093500885059e-05 0.0011036674398906422 -0.00046185541534790077 0.00033076523502244791 0.00057239398610927413 -0.0011421695450246625 -0.00024949454025576358 -0.00046919554624376121 0.00047302009963759168 0.00029648534622254437 -0.00050848183011705124 -3.330402337722853e-05 0.00027936627947285607 -0.00044618730255252266 0.00049599134703904289 0.00034048229680606591 5.2820911939104545e-05 -0.001011984397462924 0.00031277050896150698 5.5685793802407825e-05 -0.00030494066236780797 0.00012685369504159642 -0.00011201222208822815 0.00056004375850403256 -0.0002000294366632915
leaf_weight=2036 28893 1459 1187 1398 1031 1395 1555 1112 1939 1253 1141 1407 1306 1360 3193 1080 1851 1851 1835 1086 1681 1803 1021 1978 2254 1373 1884 11052 1470 9804
leaf_count=2036 28893 1459 1187 1398 1031 1395 1555 1112 1939 1253 1141 1407 1306 1360 3193 1080 1851 1851 1835 1086 1681 1803 1021 1978 2254 1373 1884 11052 1470 9804
internal_value=-5.75697e-06 -1.32144e-05 -5.04113e-05 -0.000515091 5.26594e-05 0.000249632 0.000591804 2.1363e-05 -3.8332e-06 -3.11333e-05 -0.000303469 0.000137658 -0.000782993 4.34093e-05 7.03273e-05 2.02981e-05 0.000183701 -2.89579e-05 -3.94992e-05 -2.52315e-05 -2.67955e-05 -9.13206e-05 -0.000332153 3.67122e-05 -0.000127068 7.95179e-05 -5.51708e-05 -3.6283e-05 -1.5446e-05 -3.73074e-05
internal_weight=93688 91652 58576 2585 33076 7372 2950 4422 25704 23765 5107 2660 2447 18658 17627 14434 3310 55991 54140 52305 13074 8136 2824 5312 3334 4938 3257 51219 40167 38697
internal_count=93688 91652 58576 2585 33076 7372 2950 4422 25704 23765 5107 2660 2447 18658 17627 14434 3310 55991 54140 52305 13074 8136 2824 5312 3334 4938 3257 51219 40167 38697
is_linear=0
shrinkage=0.08


Tree=90
num_leaves=31
num_cat=0
split_feature=3 0 1 0 1 1 1 0 1 1 1 1 1 0 0 0 0 0 1 1 1 0 0 0 1 3 1 1 0 1
split_gain=0.0289644 0.196789 0.256213 0.392084 1.05661 0.390934 0.255918 0.203151 0.150309 0.134319 0.0865641 0.0573761 0.0697102 0.150249 0.0778489 0.0551772 0.0529841 0.124981 0.127129 0.0738878 0.0636397 0.0618861 0.0708353 0.109332 0.145085 0.103822 0.0923784 0.0859331 0.0569172 0.0745688
threshold=1.5000000000000002 2.0461800098419194 0.39812499284744268 3.2698099613189702 -0.82624500989913929 0.093644998967647566 -0.43062500655651087 3.2698099613189702 -1.8062649965286253 0.36097499728202825 -0.026715000160038468 -0.309249997138977 -0.80668500065803517 0.97458001971244823 1.4302700161933901 2.5255649089813237 2.0651550292968754 2.1374249458312993 -0.48191000521183008 0.21417499333620074 -1.5757550001144407 4.1590800285339364 3.1217000484466557 2.4975349903106694 0.93192002177238475 1.0000000180025095e-35 0.73569500446319591 0.50722998380661022 3.6280899047851567 0.083750002086162581
decision_type=2 2 2 2 2 2 2 2 2 2 2 2 2 2 2 2 2 2 2 2 2 2 2 2 2 2 2 2 2 2
left_child=16 8 3 4 -3 6 -6 -4 -2 10 11 12 13 -10 -14 -8 -1 18 -18 20 -19 22 23 26 25 27 -21 -25 29 -22
right_child=1 2 7 -5 5 -7 15 -9 9 -11 -12 -13 14 -15 -16 -17 17 19 -20 21 28 -23 -24 24 -26 -27 -28 -29 -30 -31
leaf_value=6.8620481777269057e-05 0.00067807612235222265 -0.00055844011555319397 -0.00080752101267834628 -0.00055423018348479079 0.0018927340354710504 0.0028582633097942339 0.00096620458803381621 0.00055579099823886236 0.00060349091532448617 0.00056581518020230729 -0.0010765082087701679 0.00025560838084792009 -0.0011972873473966772 -0.00050637626264123082 -0.00027315894974221203 0.00015341031910328967 2.6311411443166432e-05 0.00047163686490218405 -0.0011798336019693547 0.0007696256219368085 -0.00013635872852032666 -0.00046965081832207493 0.00039333730631845748 0.00034391086356691693 0.00046524102459156178 -0.00099318783056477947 -0.00017703858420259854 -0.00061710236345415459 0.00024692497506917106 -0.00062610642139038599
leaf_weight=29919 1201 2446 1956 1720 1531 1042 1016 1089 1128 1076 1015 1062 1139 2535 1196 1128 1000 1112 1269 1758 19721 1096 4994 1191 1501 1461 1056 1191 2135 2213
leaf_count=29919 1201 2446 1956 1720 1531 1042 1016 1089 1128 1076 1015 1062 1139 2535 1196 1128 1000 1112 1269 1758 19721 1096 4994 1191 1501 1461 1056 1191 2135 2213
internal_value=1.21689e-05 9.18301e-05 0.000313323 0.000530404 0.000790849 0.00149052 0.00110272 -0.000319952 -0.000163384 -0.000273819 -0.000385701 -0.000286385 -0.00038235 -0.000164599 -0.000723944 0.000538578 -1.26137e-05 -7.09005e-05 -0.000648258 -3.76756e-05 -0.000120053 0.000107913 0.000156043 1.07817e-05 -0.000201739 -0.000462248 0.000414374 -0.000136596 -0.00014739 -0.000185771
internal_weight=93897 22280 11928 8883 7163 4717 3675 3045 10352 9151 8075 7060 5998 3663 2335 2144 71617 41698 2269 39429 25181 14248 13152 8158 5344 3843 2814 2382 24069 21934
internal_count=93897 22280 11928 8883 7163 4717 3675 3045 10352 9151 8075 7060 5998 3663 2335 2144 71617 41698 2269 39429 25181 14248 13152 8158 5344 3843 2814 2382 24069 21934
is_linear=0
shrinkage=0.08


Tree=91
num_leaves=31
num_cat=0
split_feature=1 0 3 0 1 1 3 0 0 1 0 0 1 0 1 1 1 1 1 0 1 1 0 3 1 3 1 0 1 0
split_gain=0.0677771 0.150616 0.0660425 0.0876478 0.0617342 0.0848069 0.0699264 0.437511 0.193596 0.352405 0.0994586 0.117398 0.127686 0.168068 0.140485 0.0687754 0.0543513 0.0902848 0.0522786 0.15623 0.0488038 0.0408876 0.0347682 0.11983 0.0956188 0.0486895 0.172443 0.187837 0.218435 0.219591
threshold=0.95635500550270092 4.3337149620056161 1.5000000000000002 3.5438250303268437 -0.026715000160038468 -0.054160000756382935 1.5000000000000002 2.9079399108886723 2.0375850200653081 0.33764000236988073 3.0366849899291997 1.4170950055122378 0.14269500225782397 2.2738900184631352 0.19483000040054324 0.21417499333620074 0.25801999866962438 0.52121499180793773 0.43616500496864324 2.4975349903106694 0.71731001138687145 0.61089500784873974 0.57438001036643993 1.5000000000000002 -1.0687800049781797 1.5000000000000002 -0.18101499974727628 2.7040450572967534 -1.0084750056266782 1.7081199884414675
decision_type=2 2 2 2 2 2 2 2 2 2 2 2 2 2 2 2 2 2 2 2 2 2 2 2 2 2 2 2 2 2
left_child=1 4 3 -2 5 22 10 8 -8 -10 11 -6 13 -13 -14 -12 -16 18 19 -18 21 -19 23 24 -1 -24 27 28 -27 -30
right_child=2 -3 -4 -5 6 -7 7 -9 9 -11 15 12 14 -15 16 -17 17 20 -20 -21 -22 -23 25 -25 -26 26 -28 -29 29 -31
leaf_value=-0.00052955970365554418 0.00028827490995109211 0.00093299576375190584 0.00068903614534217511 -0.0004693780194535661 0.00038503432252413053 0.00069101528925821179 -0.0005568653176985924 -0.0014989134211475664 0.0016491447693891053 -0.0004311715493416066 -0.00024161648757674926 -0.00012330011837198508 0.00076558116534307819 -0.0012503694920285313 -0.00075304054820419532 0.00038517492762222459 0.00042962508121347311 -0.00034144541621979751 0.00060557943126106058 -0.00081411045566950446 -0.00012660685726464558 -0.0010583016824651543 8.762939285959516e-06 0.0008617213029965085 0.00047258577382691376 -0.00065839997922884314 -0.0011377308200278794 0.00052929972445506549 -0.00050476055212145135 0.00053061969798698827
leaf_weight=1426 3707 1010 1528 1327 1969 1100 1762 1643 1016 1070 1567 1654 1005 1735 1122 3931 1635 1026 1039 1069 1813 1011 41648 1238 1064 4413 1076 2554 2243 3155
leaf_count=1426 3707 1010 1528 1327 1969 1100 1762 1643 1016 1070 1567 1654 1005 1735 1122 3931 1635 1026 1039 1069 1813 1011 41648 1238 1064 4413 1076 2554 2243 3155
internal_value=-1.95479e-05 -3.82491e-05 0.000228378 8.85519e-05 -4.96577e-05 -4.94673e-06 -0.000152429 -0.000406071 6.0546e-05 0.00058206 -8.47416e-05 -0.000190951 -0.000277465 -0.000700304 -0.000130037 0.000206531 -0.000233318 -0.00015652 0.000123257 -6.20736e-05 -0.000428521 -0.000697234 -1.79627e-05 0.000218479 -0.000101334 -3.39632e-05 -0.000166354 -8.18245e-05 -0.000240912 0.000100394
internal_weight=93556 86994 6562 5034 85984 59917 26067 5491 3848 2086 20576 15078 13109 3389 9720 5498 8715 7593 3743 2704 3850 2037 58817 3728 2490 55089 13441 12365 9811 5398
internal_count=93556 86994 6562 5034 85984 59917 26067 5491 3848 2086 20576 15078 13109 3389 9720 5498 8715 7593 3743 2704 3850 2037 58817 3728 2490 55089 13441 12365 9811 5398
is_linear=0
shrinkage=0.08


end of trees

feature_importances:
PlateLocSide=1071
PlateLocHeight=964
Balls=364
Strikes=361

parameters:
[boosting: gbdt]
[objective: regression]
[metric: l2]
[tree_learner: serial]
[device_type: cpu]
[data_sample_strategy: bagging]
[data: ]
[valid: ]
[num_iterations: 600]
[learning_rate: 0.08]
[num_leaves: 31]
[num_threads: 0]
[seed: 17]
[deterministic: 0]
[force_col_wise: 0]
[force_row_wise: 0]
[histogram_pool_size: -1]
[max_depth: -1]
[min_data_in_leaf: 1000]
[min_sum_hessian_in_leaf: 0.001]
[bagging_fraction: 0.8]
[pos_bagging_fraction: 1]
[neg_bagging_fraction: 1]
[bagging_freq: 1]
[bagging_seed: 26602]
[bagging_by_query: 0]
[feature_fraction: 0.8]
[feature_fraction_bynode: 1]
[feature_fraction_seed: 18297]
[extra_trees: 0]
[extra_seed: 13015]
[early_stopping_round: 0]
[early_stopping_min_delta: 0]
[first_metric_only: 0]
[max_delta_step: 0]
[lambda_l1: 0]
[lambda_l2: 0]
[linear_lambda: 0]
[min_gain_to_split: 0]
[drop_rate: 0.1]
[max_drop: 50]
[skip_drop: 0.5]
[xgboost_dart_mode: 0]
[uniform_drop: 0]
[drop_seed: 30017]
[top_rate: 0.2]
[other_rate: 0.1]
[min_data_per_group: 100]
[max_cat_threshold: 32]
[cat_l2: 10]
[cat_smooth: 10]
[max_cat_to_onehot: 4]
[top_k: 20]
[monotone_constraints: ]
[monotone_constraints_method: basic]
[monotone_penalty: 0]
[feature_contri: ]
[forcedsplits_filename: ]
[refit_decay_rate: 0.9]
[cegb_tradeoff: 1]
[cegb_penalty_split: 0]
[cegb_penalty_feature_lazy: ]
[cegb_penalty_feature_coupled: ]
[path_smooth: 0]
[interaction_constraints: ]
[verbosity: -1]
[saved_feature_importance_type: 0]
[use_quantized_grad: 0]
[num_grad_quant_bins: 4]
[quant_train_renew_leaf: 0]
[stochastic_rounding: 1]
[linear_tree: 0]
[max_bin: 255]
[max_bin_by_feature: ]
[min_data_in_bin: 3]
[bin_construct_sample_cnt: 200000]
[data_random_seed: 94]
[is_enable_sparse: 1]
[enable_bundle: 1]
[use_missing: 1]
[zero_as_missing: 0]
[feature_pre_filter: 1]
[pre_partition: 0]
[two_round: 0]
[header: 0]
[label_column: ]
[weight_column: ]
[group_column: ]
[ignore_column: ]
[categorical_feature: ]
[forcedbins_filename: ]
[precise_float_parser: 0]
[parser_config_file: ]
[objective_seed: 20363]
[num_class: 1]
[is_unbalance: 0]
[scale_pos_weight: 1]
[sigmoid: 1]
[boost_from_average: 1]
[reg_sqrt: 0]
[alpha: 0.9]
[fair_c: 1]
[poisson_max_delta_step: 0.7]
[tweedie_variance_power: 1.5]
[lambdarank_truncation_level: 30]
[lambdarank_norm: 1]
[label_gain: ]
[lambdarank_position_bias_regularization: 0]
[eval_at: ]
[multi_error_top_k: 1]
[auc_mu_weights: ]
[num_machines: 1]
[local_listen_port: 12400]
[time_out: 120]
[machine_list_filename: ]
[machines: ]
[gpu_platform_id: -1]
[gpu_device_id: -1]
[gpu_use_dp: 0]
[num_gpu: 1]

end of parameters

pandas_categorical:[]
