tree
version=v4
num_class=1
num_tree_per_iteration=1
label_index=0
max_feature_idx=3
objective=regression
feature_names=PlateLocHeight PlateLocSide Balls Strikes
feature_infos=[-3.888430118560791:8.9638395309448242] [-6.1574997901916504:7.4972801208496094] [0:3] [0:2]
tree_sizes=3110 3105 3118 3104 3092 3100 3110 3124 3126 3104 3087 3105 3103 3125 3108 3092 3154 3154 3135 3107 3149 3100 3112 3146 3159 3134 3169 3146 3114 3141 3190 3153 3173 3157 3172 3152 3159 3157 3161 3169 3148 3141 3198 3146 3142 3168 3169 3180 3188 3174 3168 3163 3168 3164 3163 3196 3202 3193 3149 3148 3182 3145 3171 3161 3199 3161 3164 3180 3138 3152 3162 3221 3159 3199 3140 3164 3187 3150 3148 3148 3127 3168 3151 3210 3164 3172 3170 3159 3178 3144 3171 3121 3140 3156 3142 3168 3170 3238 3172 3160 3191 3211 3163 3122 3183 3137 3159 3204 3168 3158 3169 3142 3120 3164 3139 3195 3174 3153 3147 3213 3187 3218 3139 3183 3168 3211 3151 3177 3172 3124 3162 3213 3161 3173 3164 3153 3123 3138 3131 3156 3153 3193 3140 3187 3154 3131 3169 3162 3156 3136 3187 3172 3182 3147 3143 3146 3165 3137 3165 3168 3183 3184 3181 3161 3143 3194 3143 3169 3167 3168 3213 3164 3156 3209 3164 3170 3153 3204 3177 3138 3163 3149 3162

Tree=0
num_leaves=31
num_cat=0
split_feature=0 0 2 2 2 3 0 0 2 0 0 3 0 2 2 2 3 0 3 2 0 0 0 0 3 2 2 0 3 3
split_gain=148.232 73.0498 24.1491 17.1172 15.026 19.7577 10.5669 7.65207 6.76913 5.05584 5.56644 31.5654 4.96605 4.5433 4.42437 3.86131 3.53246 7.74865 2.62106 2.44144 2.30993 2.18448 2.01316 1.82354 1.80487 1.58034 1.5014 1.49781 1.27582 1.17718
threshold=3.5367751121521001 0.88195499777793895 2.5000000000000004 2.5000000000000004 2.5000000000000004 1.5000000000000002 0.24415500462055209 1.4050849676132204 1.5000000000000002 3.4005050659179692 1.3686749935150149 1.5000000000000002 3.182019948959351 1.5000000000000002 1.5000000000000002 1.5000000000000002 1.5000000000000002 1.8337550163269045 1.0000000180025095e-35 1.5000000000000002 3.7580599784851079 2.9772551059722905 1.5003449916839602 3.803590059280396 1.0000000180025095e-35 1.5000000000000002 1.0000000180025095e-35 2.0706549882888798 1.0000000180025095e-35 1.5000000000000002
decision_type=2 2 2 2 2 2 2 2 2 2 2 2 2 2 2 2 2 2 2 2 2 2 2 2 2 2 2 2 2 2
left_child=1 4 8 9 5 15 13 -5 23 10 11 18 29 -7 16 26 22 -18 -3 -8 -10 27 -12 -2 -24 -20 28 -19 -1 -9
right_child=2 3 -4 7 -6 6 19 12 20 -11 14 -13 -14 -15 -16 -17 17 21 25 -21 -22 -23 24 -25 -26 -27 -28 -29 -30 -31
leaf_value=0.00095060784595900382 0.00095475163830161837 -0.00019967075261420521 0.012309178964812675 -0.0016397438161694904 0.0069171588374246223 -0.00087582820044096216 -0.0042165507251459662 -0.005546706119641193 0.0025914130076167665 -0.0010867921673232944 -0.0022651560931978513 -0.0051806366417003358 -0.0017772465675980494 0.0037761211249641999 -0.0040512521244615296 0.0041651039602720171 -0.0041233725765600117 -0.0026125098612757801 -0.001973520586947327 -0.0016731109131209797 0.0063369672263251017 -0.0033964000501828288 -0.003621306300733612 0.0023712635384663359 -0.003078022293564527 0.00041523171923644412 0.0016520694574428804 -0.001281400116017895 -0.00040057522845225648 -0.0072882808247246673
leaf_weight=10444 9218 16641 1654 2542 1924 6258 9684 3295 1558 7725 10684 16781 1355 1711 42515 2349 14166 7250 13177 3218 3256 5238 95628 15762 66247 2048 8637 21319 7822 10091
leaf_count=10444 9218 16641 1654 2542 1924 6258 9684 3295 1558 7725 10684 16781 1355 1711 42515 2349 14166 7250 13177 3218 3256 5238 95628 15762 66247 2048 8637 21319 7822 10091
internal_value=-0.00238267 -0.00281003 0.00290024 -0.00324119 -2.07682e-05 -0.000287084 -0.00216746 -0.00569339 0.00237791 -0.00310851 -0.00315862 -0.00237247 -0.00639242 0.000122978 -0.00330401 0.00105455 -0.00315995 -0.0025527 -0.000893661 -0.00358217 0.00512476 -0.00189455 -0.00332877 0.00184855 -0.00339897 -0.0016522 0.000782953 -0.0016192 0.000371994 -0.00685959
internal_weight=420197 388749 31448 336702 52047 50123 20871 17283 29794 319419 311694 48647 14741 7969 263047 29252 220532 47973 31866 12902 4814 33807 172559 24980 161875 15225 26903 28569 18266 13386
internal_count=420197 388749 31448 336702 52047 50123 20871 17283 29794 319419 311694 48647 14741 7969 263047 29252 220532 47973 31866 12902 4814 33807 172559 24980 161875 15225 26903 28569 18266 13386
is_linear=0
shrinkage=1


Tree=1
num_leaves=31
num_cat=0
split_feature=0 0 2 2 3 2 0 2 0 0 3 0 0 2 2 2 3 0 3 2 0 0 0 0 3 2 3 2 3 0
split_gain=127.027 61.0938 22.0818 12.2076 16.055 11.224 8.45097 5.57955 5.4977 4.49814 26.5004 4.43335 4.1591 4.0877 3.52824 3.19003 2.69357 6.72905 2.31682 1.97451 1.97262 1.96172 1.90842 1.83286 1.55942 1.34691 1.34264 1.23174 1.21469 1.09867
threshold=3.5367751121521001 0.86028000712394725 2.5000000000000004 2.5000000000000004 1.5000000000000002 2.5000000000000004 0.19200500100851062 1.5000000000000002 1.3293550014495852 1.3555600047111513 1.5000000000000002 3.3771350383758549 3.2419850826263432 1.5000000000000002 1.5000000000000002 1.5000000000000002 1.5000000000000002 1.922779977321625 1.0000000180025095e-35 1.5000000000000002 2.6815750598907475 1.5697799921035769 3.6753649711608891 3.8518650531768803 1.0000000180025095e-35 1.0000000180025095e-35 1.0000000180025095e-35 1.5000000000000002 1.5000000000000002 2.1976850032806401
decision_type=2 2 2 2 2 2 2 2 2 2 2 2 2 2 2 2 2 2 2 2 2 2 2 2 2 2 2 2 2 2
left_child=1 3 7 4 14 9 15 22 -7 10 18 13 28 16 25 -6 21 -18 -3 -8 29 -11 -2 -9 -23 26 -1 -20 -10 -19
right_child=2 5 -4 -5 6 8 19 23 12 11 -12 -13 -14 -15 -16 -17 17 20 27 -21 -22 24 -24 -25 -26 -27 -28 -29 -30 -31
leaf_value=0.0031362224851664423 0.0025702919442296768 0.0020543776608174689 0.013818904113175618 0.0085768469823082789 0.0015771574536703418 0.0010009525061828064 -0.0015318300371736774 0.005091096998485355 -0.002355967994446386 -5.7584814411298196e-05 -0.0025226555647343057 0.00093244573088903068 0.0014226944965220702 -0.0015686334671974869 0.0062188632266343717 0.0057114549569588224 -0.0014488371685371555 0.00026358092928959609 0.0004124561331938686 0.00075057512486837255 -0.0003750379328480868 -0.0011620213111489467 0.0042702815668241292 0.0082534092900649111 -0.00064630697459259025 0.0037608027167133325 0.0017313977348153954 0.0025367615427532289 -0.004084085378339126 0.0014546884907020181
leaf_weight=10157 5367 16578 1676 1856 5716 2186 9835 2063 3446 17523 16851 9240 1111 42525 2267 1510 17297 8305 13345 3220 10451 91521 19885 2719 63604 8450 7621 2010 10643 12291
leaf_count=10157 5367 16578 1676 1856 5716 2186 9835 2063 3446 17523 16851 9240 1111 42525 2267 1510 17297 8305 13345 3220 10451 91521 19885 2719 63604 8450 7621 2010 10643 12291
internal_value=1.30939e-05 -0.000383248 0.00488217 0.0022088 0.00196648 -0.000770471 0.000246074 0.00438347 -0.00275031 -0.00066342 4.40989e-05 -0.000789963 -0.0032898 -0.000850358 0.00319096 0.00244109 -0.000712141 -0.000184334 0.00139857 -0.000968878 0.00052015 -0.000859935 0.00390897 0.00688916 -0.000950569 0.00292925 0.00253401 0.000690532 -0.00366141 0.000974394
internal_weight=421269 389559 31710 50632 48776 338927 20281 30034 17386 321541 48784 272757 15200 263517 28495 7226 220992 48344 31933 13055 31047 172648 25252 4782 155125 26228 17778 15355 14089 20596
internal_count=421269 389559 31710 50632 48776 338927 20281 30034 17386 321541 48784 272757 15200 263517 28495 7226 220992 48344 31933 13055 31047 172648 25252 4782 155125 26228 17778 15355 14089 20596
is_linear=0
shrinkage=0.08


Tree=2
num_leaves=31
num_cat=0
split_feature=1 1 2 2 2 1 1 3 1 2 1 3 1 3 1 1 1 3 2 1 3 2 2 2 2 1 1 3 2 2
split_gain=202.941 161.779 27.3871 20.3222 14.5544 13.135 13.0955 13.1686 9.26443 7.70273 6.20354 9.55243 8.48244 8.26747 6.0875 7.04492 5.47152 4.33883 4.09419 3.95461 3.36812 3.29313 3.01875 2.58159 2.36002 1.85456 1.82937 1.78552 1.41609 1.339
threshold=1.1455050110816958 -1.3588299751281736 2.5000000000000004 2.5000000000000004 2.5000000000000004 1.5049049854278567 -1.8093249797821043 1.5000000000000002 0.93940499424934398 1.5000000000000002 -1.1673550009727476 1.5000000000000002 -0.46833999454975123 1.5000000000000002 0.85454499721527111 -1.0170249938964842 -0.95444500446319569 1.5000000000000002 1.5000000000000002 0.38528500497341162 1.0000000180025095e-35 1.5000000000000002 1.5000000000000002 1.5000000000000002 1.5000000000000002 -0.048845000565052026 1.7959049940109255 1.5000000000000002 1.0000000180025095e-35 1.0000000180025095e-35
decision_type=2 2 2 2 2 2 2 2 2 2 2 2 2 2 2 2 2 2 2 2 2 2 2 2 2 2 2 2 2 2
left_child=1 3 5 6 8 23 9 24 10 17 11 -3 13 16 15 -6 -12 28 26 20 -14 -9 25 -2 -8 -22 -7 -17 -1 -21
right_child=2 4 -4 -5 14 18 7 21 -10 -11 12 -13 19 -15 -16 27 -18 -19 -20 29 22 -23 -24 -25 -26 -27 -28 -29 -30 -31
leaf_value=0.0043724041473511156 0.0035321538753694745 0.0015875214226333939 0.016497370079069963 0.011427193744413502 0.00099891914549166258 0.0057652115528141704 0.0030807230116862284 -0.00092254468193809743 0.0011088685594298671 0.0081479706737620037 -0.00010026910105602828 -0.0022129541695122194 -0.0011475653873950357 -0.0029280709487164158 0.0023793791255853915 -0.0028021139916239867 -0.0017490392723724241 0.0025708797698308426 0.010501854509523042 -0.0010785920915762674 -0.00047075818177076543 0.0022286131653730481 -0.0012137572694981761 0.0064249419874859827 0.0063942453728604255 0.00042633279379745878 0.0077558134819350902 -0.0048787256515368284 0.0062194734380012443 -0.0018692657221830227
leaf_weight=8915 11633 12331 1608 1979 1745 5347 17645 8315 12357 3305 17208 6445 54625 29955 1087 3486 51235 8302 2375 27429 31312 2850 18719 2378 1492 27881 6604 11049 3784 27402
leaf_count=8915 11633 12331 1608 1979 1745 5347 17645 8315 12357 3305 17208 6445 54625 29955 1087 3486 51235 8302 2375 27429 31312 2850 18719 2378 1492 27881 6604 11049 3784 27402
internal_value=-6.12398e-06 -0.000492412 0.00634108 0.00346337 -0.00116208 0.00576476 0.00317476 0.00206522 -0.0010385 0.00455801 -0.00112563 0.00028298 -0.00121818 -0.00181963 -0.00341704 -0.00380406 -0.0013345 0.00399304 0.00746809 -0.000902322 -0.000665926 -0.000118174 -0.000328244 0.00402313 0.00333906 -4.82117e-05 0.0068652 -0.00438068 0.00492279 -0.00147373
internal_weight=420798 390853 29945 56587 334266 28337 54608 30302 316899 24306 304542 18776 285766 98398 17367 16280 68443 21001 14326 187368 132537 11165 77912 14011 19137 59193 11951 14535 12699 54831
internal_count=420798 390853 29945 56587 334266 28337 54608 30302 316899 24306 304542 18776 285766 98398 17367 16280 68443 21001 14326 187368 132537 11165 77912 14011 19137 59193 11951 14535 12699 54831
is_linear=0
shrinkage=0.08


Tree=3
num_leaves=31
num_cat=0
split_feature=1 1 2 2 2 1 1 3 1 2 1 3 1 1 1 3 3 1 2 1 3 2 2 3 2 1 2 1 2 1
split_gain=171.423 136.486 23.954 17.6872 13.7865 10.5621 10.2564 10.2162 7.78415 6.7743 6.22014 10.7945 9.15104 5.58373 5.96928 5.06495 4.26039 3.91521 3.63521 3.07888 2.67441 2.64499 2.48801 2.38587 2.25836 1.96967 1.80786 1.56278 1.45068 1.44987
threshold=1.1455050110816958 -1.3767949938774107 2.5000000000000004 2.5000000000000004 2.5000000000000004 1.5049049854278567 -1.7753599882125852 1.5000000000000002 0.91752499341964733 1.5000000000000002 -1.1238750219345091 1.5000000000000002 -0.38268500566482538 -1.1096500158309934 0.85454499721527111 1.5000000000000002 1.5000000000000002 0.37337499856948858 1.5000000000000002 -0.95444500446319569 1.5000000000000002 1.5000000000000002 1.5000000000000002 1.5000000000000002 1.5000000000000002 -0.69619500637054432 1.5000000000000002 1.7959049940109255 1.0000000180025095e-35 -2.1166150569915767
decision_type=2 2 2 2 2 2 2 2 2 2 2 2 2 2 2 2 2 2 2 2 2 2 2 2 2 2 2 2 2 2
left_child=1 3 5 6 8 21 9 26 10 16 11 -3 15 -6 23 19 28 20 27 -12 24 -2 -9 -15 -14 -17 -8 -7 -1 -18
right_child=2 4 -4 -5 13 18 7 22 -10 -11 12 -13 17 14 -16 25 29 -19 -20 -21 -22 -23 -24 -25 -26 -27 -28 -29 -30 -31
leaf_value=0.0039476497568196314 0.0032474336776392378 0.0013849200747708015 0.015382875534732126 0.010738554228674735 0.0018612613125527913 0.0052449134801427003 0.0028338582432649024 -0.00089822767883412772 0.00091931319113719857 0.0073932483722629651 -0.00027232743193408084 -0.0021255002018654733 -0.00059134627238202001 -0.0022728171158979647 0.0020797553244611823 -0.0030895916104481786 0.0031624086884611208 -0.0013157763787833207 0.0097125488827617418 -0.0015817945009444765 0.00013732181834332446 0.0061756976581960974 0.0019721857583489513 -0.0046263518428002245 -0.0019730672508542547 -0.0018368776308985771 0.0058777082938764056 0.0070836498442832432 0.0057425540642714766 0.001109160028025217
leaf_weight=9584 11673 16569 1593 1948 1273 5325 15664 7374 13987 3482 14142 8473 77521 3637 1088 18009 4894 54596 2342 61319 31315 2376 2619 11389 8390 14501 1357 6656 4121 4000
leaf_count=9584 11673 16569 1593 1948 1273 5325 15664 7374 13987 3482 14142 8473 77521 3637 1088 18009 4894 54596 2342 61319 31315 2376 2619 11389 8390 14501 1357 6656 4121 4000
internal_value=5.48561e-06 -0.000441147 0.00583716 0.00325168 -0.00104572 0.00530119 0.00297699 0.00188448 -0.000926091 0.00410859 -0.00101077 0.000197164 -0.00111888 -0.00323941 -0.00364236 -0.00169603 0.0036025 -0.000756199 0.0068299 -0.00133639 -0.000495586 0.00374267 -0.00014594 -0.00405669 -0.000726284 -0.00253082 0.00307653 0.00626642 0.00448737 0.00223898
internal_weight=421217 391252 29965 55043 336209 28372 53095 27014 318822 26081 304835 25042 279793 17387 16114 107971 22599 171822 14323 75461 117226 14049 9993 15026 85911 32510 17021 11981 13705 8894
internal_count=421217 391252 29965 55043 336209 28372 53095 27014 318822 26081 304835 25042 279793 17387 16114 107971 22599 171822 14323 75461 117226 14049 9993 15026 85911 32510 17021 11981 13705 8894
is_linear=0
shrinkage=0.08


Tree=4
num_leaves=31
num_cat=0
split_feature=1 1 2 1 2 2 1 3 1 2 2 1 1 3 1 3 2 2 2 1 1 3 3 2 1 1 1 3 1 1
split_gain=144.636 112.442 18.8571 13.387 12.9255 12.4175 10.2206 9.50965 6.06948 5.26319 4.84562 4.3114 4.0878 6.33358 4.08535 3.59464 3.00395 2.7907 2.22296 2.03848 2.46258 3.17061 1.82594 1.69371 1.51518 1.4137 2.17326 2.23329 1.59325 1.19209
threshold=1.1169049739837649 -1.3059799671173093 2.5000000000000004 -1.7753599882125852 1.5000000000000002 1.5000000000000002 1.6284399628639223 1.5000000000000002 0.91752499341964733 2.5000000000000004 2.5000000000000004 -0.30637000501155848 -1.0695700049400327 1.5000000000000002 -1.0170249938964842 1.5000000000000002 1.5000000000000002 1.5000000000000002 1.5000000000000002 0.93940499424934398 0.3613049983978272 1.0000000180025095e-35 1.5000000000000002 1.5000000000000002 1.279415011405945 -1.1673550009727476 -0.50727000832557667 1.5000000000000002 -0.88323998451232899 -0.43033500015735621
decision_type=2 2 2 2 2 2 2 2 2 2 2 2 2 2 2 2 2 2 2 2 2 2 2 2 2 2 2 2 2 2
left_child=1 3 6 5 11 15 17 16 10 23 25 12 13 -3 -12 -1 -5 24 -8 20 21 -13 -16 -9 -2 -6 27 28 -27 -24
right_child=2 4 -4 7 8 -7 18 9 -10 -11 14 19 -14 -15 22 -17 -18 -19 -20 -21 -22 -23 29 -25 -26 26 -28 -29 -30 -31
leaf_value=0.0041065461861392637 0.0022125884087732879 0.000739652416624971 0.013463103785433148 0.0024041462090504677 0.00023672176796926385 0.0079888957085865082 0.0061346829534636898 -0.001053199544943779 0.0017084333259860304 0.0053658427345811268 0.0005722029523777903 -0.00081419901926023538 -0.0013509427285627402 -0.0023227134782852934 -0.0021813188115435674 0.0020395442425777555 0.0056674613749711352 0.0057832263359088613 0.0091501928054632947 0.00068970164568702352 -0.0010106080825640889 0.00016127208209929222 -0.0055254977172551614 0.001082141971118527 0.0038122681597010963 0.0002924226475985583 -0.0014886188912092426 -0.003495471949317821 -0.0024685923793083416 -0.0037287069794336753
leaf_weight=13689 6449 15288 1671 19453 2154 4290 9349 8982 2689 1069 1530 40071 95953 6026 3523 8876 1990 3091 1879 9030 48050 45585 3378 3233 9189 2108 31492 8574 3660 7866
leaf_count=13689 6449 15288 1671 19453 2154 4290 9349 8982 2689 1069 1530 40071 95953 6026 3523 8876 1990 3091 1879 9030 48050 45585 3378 3233 9189 2108 31492 8574 3660 7866
internal_value=-1.01404e-05 -0.000433602 0.00519221 0.00270226 -0.0010242 0.00404356 0.00473086 0.00166501 -0.00201524 -1.69518e-05 -0.002171 -0.000768921 -0.00112833 -0.000126155 -0.00336286 0.00329349 0.002707 0.00358673 0.00663933 -0.000473643 -0.000552211 -0.000295066 -0.00377056 -0.000488029 0.00315257 -0.00176624 -0.00186037 -0.00267667 -0.00145954 -0.00426851
internal_weight=420187 388559 31628 61582 326977 26855 29957 34727 66974 13284 64285 260003 117267 21314 16297 22565 21443 18729 11228 142736 133706 85656 14767 12215 15638 47988 45834 14342 5768 11244
internal_count=420187 388559 31628 61582 326977 26855 29957 34727 66974 13284 64285 260003 117267 21314 16297 22565 21443 18729 11228 142736 133706 85656 14767 12215 15638 47988 45834 14342 5768 11244
is_linear=0
shrinkage=0.08


Tree=5
num_leaves=31
num_cat=0
split_feature=1 1 0 0 2 2 2 2 2 0 0 1 2 2 1 1 1 1 1 0 1 0 0 2 1 1 0 1 0 1
split_gain=122.973 95.3874 72.0863 30.9722 24.457 16.4923 14.3858 11.9595 6.47466 6.35392 6.26937 6.00501 4.8772 4.2986 4.01915 3.60026 3.5469 3.50569 5.28367 6.47913 3.73009 5.48893 3.9018 3.45318 2.43544 2.34591 2.25979 2.05952 2.12814 1.99202
threshold=1.2065849900245669 -1.4337149858474729 3.5667400360107426 0.99276000261306774 2.5000000000000004 2.5000000000000004 2.5000000000000004 2.5000000000000004 1.5000000000000002 3.0926699638366704 0.37776000797748571 -1.846029996871948 1.5000000000000002 1.5000000000000002 0.9855649769306184 0.83483499288558971 -1.0426700115203855 -1.1961200237274168 -0.46833999454975123 2.6939949989318852 0.44698999822139746 1.7639850378036501 1.6026250123977663 1.5000000000000002 1.0362449884414675 1.7959049940109255 1.5471750497817995 1.5639650225639345 4.533104896545411 -1.1961200237274168
decision_type=2 2 2 2 2 2 2 2 2 2 2 2 2 2 2 2 2 2 2 2 2 2 2 2 2 2 2 2 2 2
left_child=1 7 3 10 8 9 23 11 14 25 12 13 -3 -1 17 16 -6 -5 26 20 21 -20 -22 -4 29 -2 -19 -11 -29 -10
right_child=5 2 6 4 15 -7 -8 -9 24 27 -12 -13 -14 -15 -16 -17 -18 18 19 -21 22 -23 -24 -25 -26 -27 -28 28 -30 -31
leaf_value=0.0031915725588902493 0.0030288556096770437 0.0015667764277560582 0.0026620569961229731 8.0516482497506114e-05 -0.0011703012394930047 0.013660020991781001 0.012317508109642052 0.0095282599021344495 -5.9964755575729584e-05 0.0049417853882747012 0.00018863582106637593 0.001836971530015168 0.0055105887937754484 0.0064110821649252412 0.00065884857858815316 -0.00020953135071021087 -0.0053738037798830521 -0.0010151823528049228 -0.001236645572524265 -0.0018335390447970063 0.00062200778749271074 0.00021281562427634813 -0.0020426797837743964 0.0054513059768423336 0.0014841460274805061 0.0054081410891487335 -0.0020816368655190206 0.007846866708530938 0.0042434448758466243 -0.0024009639469876037
leaf_weight=19718 10324 11732 17585 13763 1433 1416 1146 1690 2473 4844 29100 25450 2421 3067 8122 1113 12415 16974 26250 37508 4404 46060 17458 3388 1141 3569 50697 5200 1314 39223
leaf_count=19718 10324 11732 17585 13763 1433 1416 1146 1690 2473 4844 29100 25450 2421 3067 8122 1113 12415 16974 26250 37508 4404 46060 17458 3388 1141 3569 50697 5200 1314 39223
internal_value=8.92649e-07 -0.000354666 -0.000828394 -0.0011316 -0.00144037 0.00525862 0.00358955 0.00291333 -0.0012621 0.0047875 0.00086033 0.00268156 0.0022414 0.00362494 -0.00108779 -0.00458699 -0.00493882 -0.00115436 -0.00123961 -0.000944364 -0.000590212 -0.000313368 -0.00150589 0.00311264 -0.00216233 0.00364007 -0.00181414 0.00619102 0.00711999 -0.00226212
internal_weight=420998 394331 344406 322287 279034 26667 22119 49925 264073 25251 43253 48235 14153 22785 221236 14961 13848 213114 199351 131680 94172 72310 21862 20973 42837 13893 67671 11358 6514 41696
internal_count=420998 394331 344406 322287 279034 26667 22119 49925 264073 25251 43253 48235 14153 22785 221236 14961 13848 213114 199351 131680 94172 72310 21862 20973 42837 13893 67671 11358 6514 41696
is_linear=0
shrinkage=0.08


Tree=6
num_leaves=31
num_cat=0
split_feature=1 1 0 0 1 3 1 3 1 1 3 0 0 0 3 1 0 1 1 0 0 3 0 0 0 0 3 0 1 0
split_gain=104.341 84.1734 57.9245 26.4964 8.68458 7.57344 6.32694 8.19981 6.27636 5.95247 7.70699 16.4973 7.33333 6.5486 5.60272 5.31695 5.08213 3.93755 3.74007 10.0136 8.23541 14.3 3.4603 3.16598 2.74125 2.67127 2.48232 2.4167 2.50119 2.35291
threshold=1.1169049739837649 -1.4337149858474729 3.6017649173736577 0.72310000658035289 1.4528999924659731 1.5000000000000002 -1.1961200237274168 1.5000000000000002 -1.846029996871948 -0.44987000524997706 1.5000000000000002 1.5241850018501284 2.6939949989318852 1.9924100041389468 1.5000000000000002 0.89564999938011181 0.19200500100851062 -1.029929995536804 0.39720998704433447 1.6026250123977663 1.9626049995422366 1.5000000000000002 2.8882849216461186 3.0750999450683598 0.79370999336242687 2.432595014572144 1.0000000180025095e-35 3.4005050659179692 0.18228500336408618 4.7305948734283456
decision_type=2 2 2 2 2 2 2 2 2 2 2 2 2 2 2 2 2 2 2 2 2 2 2 2 2 2 2 2 2 2
left_child=1 8 3 5 23 -3 7 -5 -1 10 11 -8 18 -12 -10 27 -7 -13 20 -20 -11 26 -6 -2 -16 -26 -22 28 -14 -24
right_child=4 2 -4 6 22 16 9 -9 14 12 13 17 15 -15 24 -17 -18 -19 19 -21 21 -23 29 -25 25 -27 -28 -29 -30 -31
leaf_value=0.0036530285026410694 0.0020997078796195097 0.002478954140332299 0.0033831703092985356 0.0013520922152569781 0.0043264543108010971 0.0018354922260126235 0.00063567064133567669 -0.0021251672010324353 0.002784982064897057 -0.0012482486226020211 -0.0040293465422201755 -0.0005333734218458128 -0.001798959764427928 -0.001639678705709373 0.0025946643556665262 0.00059314811743515095 -0.0015870339057073839 -0.0025393782347756812 0.00090616850637939442 -0.0022048171245487038 -0.0012474259144347624 0.0026696699635889156 0.0071228983621332122 0.0045080457396087714 -0.0010621187842034068 0.0028932864442305661 0.00018364747118656565 -0.00076757831611117759 -0.0030665995332750415 0.003293220290370043
leaf_weight=23439 9254 15430 19773 12193 7086 4608 17994 6739 16167 48136 16667 7460 19900 13114 2689 4813 6987 39010 8627 28489 17489 11641 8437 5612 6301 1322 13941 6479 19947 1169
leaf_count=23439 9254 15430 19773 12193 7086 4608 17994 6739 16167 48136 16667 7460 19900 13114 2689 4813 6987 39010 8627 28489 17489 11641 8437 5612 6301 1322 13941 6479 19947 1169
internal_value=-9.11903e-06 -0.000367713 -0.000818793 -0.00107871 0.00441513 0.00131802 -0.00130004 0.000114333 0.00269958 -0.00139788 -0.00191269 -0.00142098 -0.00112752 -0.00297706 0.0018556 -0.0019376 -0.000226879 -0.00221735 -0.000804685 -0.00148172 -0.000529171 0.000274468 0.00566756 0.00300887 0.000398523 -0.000376162 -0.000612663 -0.00220053 -0.00243353 0.00665685
internal_weight=420913 389355 339437 319664 31558 27025 292639 18932 49918 273707 94245 64464 179462 29781 26479 51139 11595 46470 128323 37116 91207 43071 16692 14866 10312 7623 31430 46326 39847 9606
internal_count=420913 389355 339437 319664 31558 27025 292639 18932 49918 273707 94245 64464 179462 29781 26479 51139 11595 46470 128323 37116 91207 43071 16692 14866 10312 7623 31430 46326 39847 9606
is_linear=0
shrinkage=0.08


Tree=7
num_leaves=31
num_cat=0
split_feature=1 1 2 2 2 1 3 1 1 1 2 3 2 2 2 2 1 1 3 2 3 3 3 1 1 3 2 2 1 1
split_gain=89.1294 71.7364 14.5243 10.6719 7.99477 6.4246 5.72009 5.34638 4.81689 4.61987 4.03775 3.5572 3.31509 2.88147 2.61886 2.39511 2.38827 4.6086 8.04172 2.10416 1.97698 1.66026 1.41858 2.38655 2.14231 1.12617 0.959129 0.958656 0.945391 0.902849
threshold=1.1169049739837649 -1.4337149858474729 2.5000000000000004 2.5000000000000004 1.5000000000000002 1.6284399628639223 1.5000000000000002 -1.1525099873542783 -2.0602149963378902 0.9855649769306184 2.5000000000000004 1.5000000000000002 1.0000000180025095e-35 1.5000000000000002 1.5000000000000002 1.5000000000000002 -0.30637000501155848 -1.029929995536804 1.5000000000000002 1.5000000000000002 1.5000000000000002 1.0000000180025095e-35 1.0000000180025095e-35 0.85454499721527111 0.40936499834060674 1.0000000180025095e-35 1.5000000000000002 1.0000000180025095e-35 -0.048845000565052026 -0.3443749994039535
decision_type=2 2 2 2 2 2 2 2 2 2 2 2 2 2 2 2 2 2 2 2 2 2 2 2 2 2 2 2 2 2
left_child=1 3 5 6 16 15 12 11 13 10 29 -6 25 -8 -10 -2 17 18 21 -7 -12 -3 23 -18 27 -1 -14 -24 -29 -9
right_child=2 4 -4 -5 7 19 8 9 14 -11 20 -13 26 -15 -16 -17 22 -19 -20 -21 -22 -23 24 -25 -26 -27 -28 28 -30 -31
leaf_value=0.0028672293941772314 0.0023625597846591044 0.0013269164375042601 0.011354992552092663 0.008746880542687855 0.0038720178415843774 0.0047018326758438787 0.0021134338154224037 -0.0018932533267153983 -0.00035969629541134996 0.0023465652420532209 -0.0013420364732645519 -0.00053766531615447412 0.003733034128679777 0.0062282607916649569 0.0022885185993763396 0.0047815229416070951 -0.00075566019659951131 -0.0011022431652142495 -0.0019534021516969431 0.0076463081957126805 -0.0034396162815306329 5.8594333461793201e-06 0.00059838532755138358 0.00083379253581976234 -0.00066005322388127774 0.00159675660681537 0.0056097798247235087 -0.00072810546515453376 0.00027724091729402822 -0.0011709793385162339
leaf_weight=10900 15560 13935 1665 1687 1754 9393 5437 18381 9574 1738 3778 3521 8175 1362 3185 3150 60667 92335 9846 1861 12041 10813 23181 6715 27223 7564 2215 9811 15356 27871
leaf_count=10900 15560 13935 1665 1687 1754 9393 5437 18381 9574 1738 3778 3521 8175 1362 3185 3150 60667 92335 9846 1861 12041 10813 23181 6715 27223 7564 2215 9811 15356 27871
internal_value=-1.56233e-06 -0.000333571 0.00408244 0.00249204 -0.000751194 0.00367832 0.00227408 -0.00151911 0.00121786 -0.00172146 -0.00183536 0.000928607 0.00299001 0.00293773 0.000301372 0.00276981 -0.000554625 -0.000807183 -1.96352e-05 0.00518874 -0.00293866 0.000749715 -0.000330376 -0.000597262 -9.2411e-05 0.00234676 0.00413313 0.000227208 -0.000114679 -0.00145802
internal_weight=420694 389065 31629 50099 338966 29964 48412 69084 19558 63809 62071 5275 28854 6799 12759 18710 269882 126929 34594 11254 15819 24748 142953 67382 75571 18464 10390 48348 25167 46252
internal_count=420694 389065 31629 50099 338966 29964 48412 69084 19558 63809 62071 5275 28854 6799 12759 18710 269882 126929 34594 11254 15819 24748 142953 67382 75571 18464 10390 48348 25167 46252
is_linear=0
shrinkage=0.08


Tree=8
num_leaves=31
num_cat=0
split_feature=0 0 2 3 0 2 2 2 2 2 0 2 0 3 0 0 0 3 0 3 3 0 3 0 0 2 0 2 0 2
split_gain=68.2052 33.8556 12.7389 12.0398 11.0133 7.76615 7.10706 4.62701 3.96955 3.70036 2.86139 1.86569 1.84536 1.62947 1.48469 1.21969 1.26479 1.82438 1.06921 10.2153 3.44319 2.89266 2.24664 1.56437 1.54916 0.933403 0.924651 0.917411 0.894587 0.871598
threshold=3.5067849159240727 1.0105999708175661 2.5000000000000004 1.5000000000000002 0.37776000797748571 2.5000000000000004 1.5000000000000002 1.5000000000000002 2.5000000000000004 1.5000000000000002 1.3161599636077883 1.5000000000000002 3.2216100692749028 1.0000000180025095e-35 3.7150499820709233 3.2855800390243535 1.2187950015068056 1.5000000000000002 1.4419699907302859 1.5000000000000002 1.5000000000000002 1.8337550163269045 1.0000000180025095e-35 3.3305749893188481 2.9307301044464116 1.0000000180025095e-35 2.051090002059937 1.5000000000000002 3.6753649711608891 1.0000000180025095e-35
decision_type=2 2 2 2 2 2 2 2 2 2 2 2 2 2 2 2 2 2 2 2 2 2 2 2 2 2 2 2 2 2
left_child=1 3 9 7 6 11 -5 13 27 28 -7 18 -12 -1 -11 16 17 -13 19 22 23 -22 -3 29 26 -15 -23 -6 -2 -20
right_child=2 5 -4 4 8 10 -8 -9 -10 14 12 15 -14 25 -16 -17 -18 -19 20 -21 21 24 -24 -25 -26 -27 -28 -29 -30 -31
leaf_value=0.0025775266317775787 0.0019270518234625023 0.0013833964801160097 0.010164758811341436 0.00088908379616057132 -0.0019306044474045503 0.00097063838669064154 0.0056535160618538397 0.0051024763258426488 0.0031370817306307385 0.0030269385134256491 -0.0028761284246563981 0.002966179835445787 0.00056059068991096356 0.00095972427358724066 0.0060041680496386212 0.00080801697781399324 -0.0011820487459240805 -0.0009919045081450389 -0.00060153763026249006 -0.0021010511256282396 -0.00097189011100129745 -9.6795281868638616e-05 -4.0399658020668299e-05 0.00045780686199544237 -0.00061416385761921602 0.0022217174435327797 0.00098114964610954212 -0.00048486544306615252 0.0030028618998483086 -0.00099171369593458771
leaf_weight=17495 6583 15673 1730 7657 11160 1554 2714 3505 1244 1542 14145 1179 1076 9550 3517 2322 43930 2026 108882 11306 12167 6686 12956 7380 6894 6177 21374 3754 19904 55227
leaf_count=17495 6583 15673 1730 7657 11160 1554 2714 3505 1244 1542 14145 1179 1076 9550 3517 2322 43930 2026 108882 11306 12167 6686 12956 7380 6894 6177 21374 3754 19904 55227
internal_value=4.80813e-06 -0.00029327 0.00348071 0.00139995 0.000101329 -0.000623053 0.00213589 0.00233798 -0.00120456 0.00311415 -0.00229933 -0.000531757 -0.00263318 0.00204632 0.0050967 -0.000981937 -0.00107012 0.000464127 -0.000445642 -6.50039e-05 -0.000515175 9.05093e-05 0.00073906 -0.000681603 0.000460316 0.00145539 0.000724302 -0.0015667 0.00273548 -0.000732842
internal_weight=421309 388033 33276 63256 26529 324777 10371 36727 16158 31546 16775 308002 15221 33222 5059 49457 47135 3205 258545 39935 218610 47121 28629 171489 34954 15727 28060 14914 26487 164109
internal_count=421309 388033 33276 63256 26529 324777 10371 36727 16158 31546 16775 308002 15221 33222 5059 49457 47135 3205 258545 39935 218610 47121 28629 171489 34954 15727 28060 14914 26487 164109
is_linear=0
shrinkage=0.08


Tree=9
num_leaves=31
num_cat=0
split_feature=1 1 2 2 1 2 3 1 1 2 2 1 2 2 1 1 1 3 2 1 3 3 1 1 1 1 3 2 1 3
split_gain=74.6328 57.8219 11.2658 10.4891 8.10148 6.959 6.17742 5.5735 3.79614 3.09141 2.52681 2.50151 2.48765 2.39679 2.80323 1.68935 3.05846 4.04518 1.6308 1.31974 1.92129 1.23551 1.2313 1.23062 1.07454 1.38212 0.936536 0.810776 0.772388 2.40251
threshold=1.2065849900245669 -1.3414850234985349 2.5000000000000004 2.5000000000000004 0.9855649769306184 1.5000000000000002 1.5000000000000002 -1.846029996871948 1.7078699469566347 1.0000000180025095e-35 1.5000000000000002 -1.6856650114059446 1.5000000000000002 2.5000000000000004 -0.9792099893093108 -0.30637000501155848 -1.0695700049400327 1.5000000000000002 1.5000000000000002 0.3613049983978272 1.0000000180025095e-35 1.5000000000000002 -1.7440350055694578 -1.6856650114059446 -0.33462999761104578 0.2476649954915047 1.0000000180025095e-35 1.0000000180025095e-35 -1.0963900089263914 1.5000000000000002
decision_type=2 2 2 2 2 2 2 2 2 2 2 2 2 2 2 2 2 2 2 2 2 2 2 2 2 2 2 2 2 2
left_child=1 3 8 6 5 15 9 12 10 22 -2 -5 27 28 -15 16 17 26 -9 20 -17 -16 -1 -11 -23 -26 -3 -8 29 -7
right_child=2 4 -4 11 -6 13 7 18 -10 23 -12 -13 -14 14 21 19 -18 -19 -20 -21 -22 24 -24 -25 25 -27 -28 -29 -30 -31
leaf_value=0.0025888101218499598 0.0024925919099791877 0.0011832814605056659 0.011107372414243042 0.010430340719309825 0.0012728681115249788 0.0024753049462825851 0.00072979962490185893 -0.00086841983023836996 0.0049728099523721654 0.0043216321993092095 0.005189627734869454 0.0048866218342967123 0.0046816218353459968 0.00053822378654479034 -0.0013962791104378731 -0.00058543178573589733 -0.00098731344315819815 -0.0016404648132311572 0.0012334765040072919 -0.00069760196827368254 0.00017291092804043969 -0.0041755721100020984 0.0013782019775761213 0.0027212201763053448 -0.0015174246614468269 -0.003716649923547137 -1.1060461217762218e-06 0.0023506223827818281 -0.0012981212521299623 -0.0016618253191751033
leaf_weight=10194 13091 9785 1391 1030 13117 1434 3807 9139 9533 6290 2678 1054 2077 1951 3595 40312 96278 6760 3186 50816 45532 3889 11379 6016 3966 3394 7585 4105 45490 2405
leaf_count=10194 13091 9785 1391 1030 13117 1434 3807 9139 9533 6290 2678 1054 2077 1951 3595 40312 96278 6760 3186 50816 45532 3889 11379 6016 3966 3394 7585 4105 45490 2405
internal_value=3.92672e-06 -0.000273021 0.00409787 0.00205339 -0.000676151 -0.000755253 0.0018467 0.000813155 0.00371252 0.00252743 0.00295062 0.00762656 0.00221758 -0.0014872 -0.00231264 -0.00056698 -0.000785463 1.9912e-05 -0.000325082 -0.000374479 -0.000183204 -0.00268734 0.00195026 0.00353924 -0.00309994 -0.00253158 0.000666092 0.00157073 -0.00120616 -0.000116463
internal_weight=421279 394586 26693 58277 336309 323192 56193 22314 25302 33879 15769 2084 9989 66124 16795 257068 120408 24130 12325 136660 85844 14844 21573 12306 11249 7360 17370 7912 49329 3839
internal_count=421279 394586 26693 58277 336309 323192 56193 22314 25302 33879 15769 2084 9989 66124 16795 257068 120408 24130 12325 136660 85844 14844 21573 12306 11249 7360 17370 7912 49329 3839
is_linear=0
shrinkage=0.08


Tree=10
num_leaves=31
num_cat=0
split_feature=1 1 0 0 2 2 2 2 0 1 2 1 2 1 2 0 0 0 1 0 0 1 1 0 0 0 0 0 1 2
split_gain=62.6106 50.6768 41.0842 18.7588 15.8121 11.6251 8.60659 7.89966 5.79364 5.46583 4.36052 3.59244 3.51697 3.22157 3.09329 2.61501 2.58966 2.06241 4.46483 3.10395 2.7614 2.23056 1.82818 5.08273 3.95537 1.77723 1.77481 1.7365 1.65465 1.65428
threshold=1.0891849994659426 -1.3414850234985349 3.6382600069046025 0.67432001233100902 2.5000000000000004 2.5000000000000004 1.5000000000000002 1.5000000000000002 1.289004981517792 1.3184800148010256 1.5000000000000002 -2.0095150470733638 1.5000000000000002 -1.7753599882125852 1.5000000000000002 4.0179951190948495 2.90184497833252 2.6228849887847905 -0.44987000524997706 3.3771350383758549 1.4419699907302859 -1.029929995536804 0.43486499786376959 1.9626049995422366 1.4771749973297121 3.2419850826263432 0.19200500100851062 3.0089449882507329 0.74236500263214122 2.5000000000000004
decision_type=2 2 2 2 2 2 2 2 2 2 2 2 2 2 2 2 2 2 2 2 2 2 2 2 2 2 2 2 2 2
left_child=1 7 3 12 10 9 -4 13 -6 27 17 -9 -3 -1 16 -8 -11 18 20 21 -5 -19 23 -20 -24 -10 -14 -2 -21 -13
right_child=5 2 6 4 8 -7 15 11 25 14 -12 29 26 -15 -16 -17 -18 19 22 28 -22 -23 24 -25 -26 -27 -28 -29 -30 -31
leaf_value=0.0021535464266013394 0.00069945946107457038 0.00083396261035448196 0.0021510922869796452 -0.00041331281058006345 0.00049591782736884533 0.0095850517552599334 0.004566701033094661 0.0064910973689584648 -0.0044467660982118453 0.002208851731005078 -0.0016569935275447662 0.002411157578615934 0.0055817144956243668 0.00084440859130839162 0.0059203420407697126 0.0088530927008443235 0.0041819690656540176 0.00064374497926526775 -0.00068772817378638174 -0.00029925565894798044 -0.0014771888949925366 -0.0015626026926070802 0.0011485765896647546 0.00066406022039218319 -0.0013821887170974881 -0.0010482803241320721 0.00214054222897125 0.0027719875131837156 0.0026420359162260183 0.005345382567695958
leaf_weight=22577 6604 19185 14290 23244 1950 1794 2032 2591 12237 7762 44268 5836 1520 25753 3436 1651 9428 3121 40154 7741 47571 48568 4924 31979 20031 1071 2600 4254 1454 1558
leaf_count=22577 6604 19185 14290 23244 1950 1794 2032 2591 12237 7762 44268 5836 1520 25753 3436 1651 9428 3121 40154 7741 47571 48568 4924 31979 20031 1071 2600 4254 1454 1558
internal_value=-8.97119e-06 -0.00029466 -0.000679282 -0.000893787 -0.00107026 0.00332117 0.00303984 0.00187919 -0.00357653 0.00296424 -0.000930211 0.0039277 0.00128939 0.00145596 0.00372903 0.00648819 0.00329102 -0.000789585 -0.000644947 -0.00118846 -0.00112799 -0.00142938 -0.000292622 -8.84346e-05 -0.00088283 -0.00417326 0.0034101 0.00151144 0.000165849 0.00302943
internal_weight=421184 387906 329591 311618 288313 33278 17973 58315 15258 31484 273055 9985 23305 48330 20626 3683 17190 228787 167903 60884 70815 51689 97088 72133 24955 13308 4120 10858 9195 7394
internal_count=421184 387906 329591 311618 288313 33278 17973 58315 15258 31484 273055 9985 23305 48330 20626 3683 17190 228787 167903 60884 70815 51689 97088 72133 24955 13308 4120 10858 9195 7394
is_linear=0
shrinkage=0.08


Tree=11
num_leaves=31
num_cat=0
split_feature=1 1 0 0 2 2 2 2 0 2 0 2 2 1 1 2 1 0 1 0 1 0 1 0 1 1 0 1 2 1
split_gain=52.7814 43.9132 35.1327 17.2616 11.6544 10.1687 8.46761 7.29466 5.4987 5.05056 4.94139 4.2231 2.93941 2.46975 1.97436 1.96718 1.93085 1.96216 1.81803 1.71339 1.80697 3.56973 4.76547 3.57923 3.1313 2.77727 1.84647 1.63823 1.55331 1.5203
threshold=1.0891849994659426 -1.4535049796104429 3.6017649173736577 0.55509498715400707 1.5000000000000002 2.5000000000000004 2.5000000000000004 2.5000000000000004 1.2329449653625491 2.5000000000000004 2.8743100166320805 1.5000000000000002 1.5000000000000002 -1.0695700049400327 -1.922450006008148 1.5000000000000002 1.6284399628639223 4.533104896545411 1.3184800148010256 1.3686749935150149 -0.46833999454975123 2.7801799774169926 0.39720998704433447 1.8143450021743777 -1.0695700049400327 0.83483499288558971 2.9938499927520756 0.23696500062942508 1.0000000180025095e-35 0.17137499898672107
decision_type=2 2 2 2 2 2 2 2 2 2 2 2 2 2 2 2 2 2 2 2 2 2 2 2 2 2 2 2 2 2
left_child=1 7 3 11 19 15 10 12 27 -10 18 -3 14 -11 -1 -4 28 -18 -2 29 24 22 23 -22 26 -23 -21 -6 -12 -5
right_child=6 2 5 4 8 -7 -8 -9 9 13 16 -13 -14 -15 -16 -17 17 -19 -20 20 21 25 -24 -25 -26 -27 -28 -29 -30 -31
leaf_value=0.0022038299219444184 0.00061509517732272494 0.00095585065991285825 0.0019214550941841666 -0.00044633381889931585 -0.000467137664606144 0.010563536815736444 0.0084184076594015951 0.0072165548171509398 -0.0017571926233412342 -4.0745580997239431e-05 0.0019899858871410612 0.0040278796108244317 0.0033761425295596626 -0.0038604003797920268 0.0010690743044682121 0.0041642818188433435 0.0053555697234346153 0.0018078209613488355 0.0024182752912221056 -0.00048871448302207981 -0.00092303107221752985 -0.0015533502006256706 -0.0012415512465622054 0.00041765027240025821 -0.0014530476829191623 0.00067312420218557502 0.0023349515776574722 0.0027523849436260285 0.0040364753851091888 0.00080950216204079715
leaf_weight=16989 5928 16555 15576 37977 7270 1000 1786 1650 39701 1185 4932 3463 6548 12635 23232 2982 5687 1210 9029 17654 17749 30744 26363 45198 49668 4059 1618 1175 4576 7366
leaf_count=16989 5928 16555 15576 37977 7270 1000 1786 1650 39701 1185 4932 3463 6548 12635 23232 2982 5687 1210 9029 17654 17749 30744 26363 45198 49668 4059 1618 1175 4576 7366
internal_value=-3.7871e-06 -0.000265329 -0.000586385 -0.000787329 -0.000938924 0.00270529 0.0030604 0.00198872 -0.00191635 -0.0022157 0.00275528 0.00148729 0.00180428 -0.00353288 0.00154839 0.00228184 0.00371412 0.00473316 0.00170361 -0.000684862 -0.000788803 -0.00060639 -0.000338562 3.96219e-05 -0.0011172 -0.00129368 -0.000251651 -1.91875e-05 0.00297492 -0.000242322
internal_weight=421505 388357 339938 320380 300362 19558 33148 48419 61966 53521 31362 20018 46769 13820 40221 18558 16405 6897 14957 238396 193053 124113 89310 62947 68940 34803 19272 8445 9508 45343
internal_count=421505 388357 339938 320380 300362 19558 33148 48419 61966 53521 31362 20018 46769 13820 40221 18558 16405 6897 14957 238396 193053 124113 89310 62947 68940 34803 19272 8445 9508 45343
is_linear=0
shrinkage=0.08


Tree=12
num_leaves=31
num_cat=0
split_feature=1 1 0 0 2 2 2 2 1 1 2 0 1 1 2 0 2 2 0 1 0 0 0 0 2 0 0 1 1 1
split_gain=44.301 35.014 32.6936 13.1188 11.9122 8.28797 7.57111 5.40952 4.10207 4.0581 3.88399 3.44755 4.37229 3.04993 2.85999 2.55476 2.25893 2.23846 2.16892 2.14105 6.21319 3.44242 1.89247 1.82895 1.79148 1.53693 1.39636 1.38243 1.52639 1.73342
threshold=1.2412949800491335 -1.2738150358200071 3.5067849159240727 1.0801299810409548 2.5000000000000004 2.5000000000000004 2.5000000000000004 2.5000000000000004 -1.7140649557113645 -0.50727000832557667 2.5000000000000004 2.7065598964691167 0.96156498789787304 -1.6579800248146055 1.5000000000000002 0.19200500100851062 1.0000000180025095e-35 1.5000000000000002 2.8599900007247929 0.44698999822139746 1.8640949726104739 1.7012050151824953 2.9160000085830693 1.4542349576950075 1.5000000000000002 0.79370999336242687 3.8518650531768803 0.85454499721527111 0.38528500497341162 -0.31568500399589533
decision_type=2 2 2 2 2 2 2 2 2 2 2 2 2 2 2 2 2 2 2 2 2 2 2 2 2 2 2 2 2 2
left_child=1 7 3 10 9 14 24 8 17 16 15 19 -13 -9 18 -3 -5 -1 -2 20 -11 -21 25 -6 -4 -10 -26 28 29 -25
right_child=5 2 6 4 23 -7 -8 13 22 11 -12 12 -14 -15 -16 -17 -18 -19 -20 21 -22 -23 -24 27 26 -27 -28 -29 -30 -31
leaf_value=0.0017682985007730679 0.0016011137270598213 0.001585073359298479 0.0016087236480301411 -0.00091031600313851743 -0.00079124941041882311 0.0094478089735977495 0.0081083697191673271 0.0084004767256026912 0.0016335855306173353 -0.0010060321665549248 0.0040536670979435243 -0.0014629024279966801 0.001130680227179958 0.0025901058353946728 0.0048863905588938704 3.415676155390766e-05 -0.0017720779986733425 0.0038143389379285803 0.00327964981261685 0.00053647198468431635 0.00035583852353874581 -0.0014147137013377448 0.0031316159158575165 -0.0044950697195343956 0.0019361717786300359 0.00028932547862982729 0.004996837486302661 -0.00074358468017174828 -0.0057297960712430268 -0.0022943132927937949
leaf_weight=25197 8950 8433 19746 39604 1703 1311 1335 1078 7028 36447 1875 43044 4605 1247 3931 35051 38288 3960 10960 7527 52070 25032 1999 4539 1865 24142 1953 1005 2203 4624
leaf_count=25197 8950 8433 19746 39604 1703 1311 1335 1078 7028 36447 1875 43044 4605 1247 3931 35051 38288 3960 10960 7527 52070 25032 1999 4539 1865 24142 1953 1005 2203 4624
internal_value=-5.71248e-07 -0.000207558 -0.000540209 -0.000767006 -0.000985484 0.00325499 0.00224749 0.00149529 0.00135395 -0.000856297 0.000488652 -0.000635803 -0.00121225 0.00528412 0.00291445 0.000334931 -0.00133392 0.00204618 0.00252511 -0.000408945 -0.000204914 -0.000963638 0.00074545 -0.00324922 0.00191545 0.00059242 0.00350178 -0.00358759 -0.00383906 -0.00338448
internal_weight=420752 395600 330949 306050 260691 25152 24899 64651 62326 246617 45359 168725 47649 2325 23841 43484 77892 29157 19910 121076 88517 32559 33169 14074 23564 31170 3818 12371 11366 9163
internal_count=420752 395600 330949 306050 260691 25152 24899 64651 62326 246617 45359 168725 47649 2325 23841 43484 77892 29157 19910 121076 88517 32559 33169 14074 23564 31170 3818 12371 11366 9163
is_linear=0
shrinkage=0.08


Tree=13
num_leaves=31
num_cat=0
split_feature=0 0 2 2 3 2 0 0 3 0 2 2 2 2 0 0 3 3 3 0 0 0 3 3 0 0 2 0 2 3
split_gain=35.4007 18.9772 8.46869 7.43969 8.4194 3.63132 3.49271 2.54209 5.71673 2.597 2.28423 2.13876 1.77011 1.06963 0.952462 0.922564 10.3013 1.38837 1.01106 5.98584 2.50145 1.96245 1.28885 0.873655 0.964702 0.879494 0.863173 0.862619 0.822782 0.790287
threshold=3.5367751121521001 0.83878999948501598 2.5000000000000004 2.5000000000000004 1.5000000000000002 1.5000000000000002 0.19200500100851062 1.289004981517792 1.5000000000000002 3.3536950349807744 2.5000000000000004 1.5000000000000002 1.0000000180025095e-35 1.0000000180025095e-35 3.3771350383758549 1.18901002407074 1.5000000000000002 1.0000000180025095e-35 1.5000000000000002 1.754070043563843 1.4660949707031252 2.9772551059722905 1.0000000180025095e-35 1.5000000000000002 1.8937050104141238 1.8838700056076052 1.5000000000000002 2.0412049293518071 1.0000000180025095e-35 1.0000000180025095e-35
decision_type=2 2 2 2 2 2 2 2 2 2 2 2 2 2 2 2 2 2 2 2 2 2 2 2 2 2 2 2 2 2
left_child=1 3 11 4 12 14 13 8 -7 10 -9 -2 29 -6 15 16 17 -3 20 -20 22 27 -17 24 -12 -25 -8 -21 -22 -1
right_child=2 5 -4 -5 6 7 26 9 -10 -11 23 -13 -14 -15 -16 18 -18 -19 19 21 28 -23 -24 25 -26 -27 -28 -29 -30 -31
leaf_value=0.0019387787642724961 0.0019554448690938327 0.0018164085733675039 0.0081534531775641766 0.0063142854975711676 -3.3184191541016059e-05 0.0031909563372249502 -0.0013918445613058693 -0.00095338284711107499 -0.0011471931059119696 0.00143175499944535 0.0010868198259198108 0.0038010655519450133 0.0027975298458862265 0.0019672214299899749 0.00056559578798837898 0.00094270472453356958 -0.0022544884746889659 0.00041781352810558135 -0.0013296955117746267 6.9768008153475806e-05 -0.00044789936587041559 -0.00095517031746761869 -0.00034346665401477165 -0.0035553829120002016 -0.0018273811471433477 -0.0019960882079801739 0.00015062281774788291 0.001004558615611204 -0.00082717695563792729 0.00083968182923660191
leaf_weight=9736 25111 9814 1641 1786 2783 2944 9443 43709 5724 2417 1000 4784 10211 4440 7762 11169 8127 8457 16671 8811 108834 5084 9008 3284 2663 7846 3079 22328 55158 7346
leaf_count=9736 25111 9814 1641 1786 2783 2944 9443 43709 5724 2417 1000 4784 10211 4440 7762 11169 8127 8457 16671 8811 108834 5084 9008 3284 2663 7846 3079 22328 55158 7346
internal_value=-2.01132e-05 -0.000228775 0.00255794 0.00124631 0.00105388 -0.000440093 -0.000204472 -0.000955637 0.000326216 -0.00113803 -0.0012442 0.00225079 0.00196423 0.00119647 -0.000307822 -0.000333554 0.000115064 0.00116905 -0.00038351 -7.52246e-05 -0.00047205 0.000502124 0.000368495 -0.00210347 -0.0010318 -0.00245617 -0.00101257 0.000740053 -0.000575468 0.00146612
internal_weight=421170 389634 31536 48824 47038 340810 19745 69587 8668 60919 58502 29895 27293 7223 271223 263461 26398 18271 237063 52894 184169 36223 20177 14793 3663 11130 12522 31139 163992 17082
internal_count=421170 389634 31536 48824 47038 340810 19745 69587 8668 60919 58502 29895 27293 7223 271223 263461 26398 18271 237063 52894 184169 36223 20177 14793 3663 11130 12522 31139 163992 17082
is_linear=0
shrinkage=0.08


Tree=14
num_leaves=31
num_cat=0
split_feature=0 0 3 2 2 0 2 2 2 0 2 0 3 2 0 2 2 3 0 0 2 2 3 3 0 0 0 0 3 0
split_gain=29.6623 15.9887 9.09985 6.92712 6.50085 4.84257 4.22088 2.81103 1.87493 1.73564 1.34281 1.32078 1.22981 1.06107 0.961856 0.670615 0.670521 0.656817 0.604474 0.585733 0.578165 0.535561 0.649501 0.523925 0.713323 0.679641 0.534215 0.64202 0.422709 0.36525
threshold=3.4800549745559697 1.045634984970093 1.5000000000000002 2.5000000000000004 2.5000000000000004 0.37776000797748571 2.5000000000000004 1.5000000000000002 1.0000000180025095e-35 1.3419350385665896 1.5000000000000002 3.7580599784851079 1.0000000180025095e-35 1.5000000000000002 3.2023100852966313 1.0000000180025095e-35 1.0000000180025095e-35 1.5000000000000002 -0.34041000902652735 3.2855800390243535 1.5000000000000002 1.5000000000000002 1.5000000000000002 1.5000000000000002 1.9532350301742556 1.9626049995422366 2.4649250507354741 2.1677299737930302 1.0000000180025095e-35 3.3771350383758549
decision_type=2 2 2 2 2 2 2 2 2 2 2 2 2 2 2 2 2 2 2 2 2 2 2 2 2 2 2 2 2 2
left_child=1 2 7 5 8 13 10 12 28 -8 29 17 15 18 23 -1 -14 -10 -4 -12 -7 22 -13 24 -11 -25 27 -27 -2 -3
right_child=4 6 3 -5 -6 20 9 -9 11 14 19 21 16 -15 -16 -17 -18 -19 -20 -21 -22 -23 -24 25 -26 26 -28 -29 -30 -31
leaf_value=0.0016606387655473866 0.0017020903784936848 -0.00030851260727700797 0.0015360597946021005 0.004430306709620275 0.0068741359546227489 -0.0016591731957245745 0.00086025147074097314 0.0038209371468011307 0.0023516973558416919 0.00048657926128244089 -0.00081104058362993958 0.0033079578351221982 0.00058764226252561158 0.0024607955454134505 0.00033853067148258511 0.0027583711002661226 0.0016280800244067328 0.00062928067419972282 -1.6781275326588958e-05 0.00058944809648203179 -0.00055908469457858698 0.0040285495710079521 0.0015373401499677458 -0.0032955481154894879 -0.0020287554835819689 -0.0024858012884823063 -0.0026088271871071251 -0.00020286695073830756 0.00088049719551441656 0.00036727942838340674
leaf_weight=13692 11315 248862 2273 1943 1832 11966 1556 3683 3665 1034 46602 4346 10056 2119 1092 4814 6544 2310 5454 1993 4107 3291 1908 3618 2388 1388 3593 1825 6206 5226
leaf_count=13692 11315 248862 2273 1943 1832 11966 1556 3683 3665 1034 46602 4346 10056 2119 1092 4814 6544 2310 5454 1993 4107 3291 1908 3618 2388 1388 3593 1825 6206 5226
internal_value=1.07525e-06 -0.000200879 0.000926091 -0.000176849 0.00223546 -0.000522222 -0.000436215 0.00171833 0.00197826 -0.00168247 -0.000368303 0.00261857 0.00149774 0.00087491 -0.00194733 0.00194619 0.0009978 0.00168579 0.000440008 -0.000753603 -0.00137808 0.00320247 0.00276777 -0.00212761 -0.00126872 -0.00240957 -0.00193859 -0.00118908 0.00141108 -0.000294613
internal_weight=420701 385828 66651 27862 34873 25919 319177 38789 33041 16494 302683 15520 35106 9846 14938 18506 16600 5975 7727 48595 16073 9545 6254 13846 3422 10424 6806 3213 17521 254088
internal_count=420701 385828 66651 27862 34873 25919 319177 38789 33041 16494 302683 15520 35106 9846 14938 18506 16600 5975 7727 48595 16073 9545 6254 13846 3422 10424 6806 3213 17521 254088
is_linear=0
shrinkage=0.08


Tree=15
num_leaves=31
num_cat=0
split_feature=1 1 0 0 2 2 2 2 1 2 1 0 1 2 2 1 2 0 1 0 0 0 1 1 0 0 0 0 0 0
split_gain=37.334 30.5551 19.4695 8.96221 8.54064 6.48655 4.55182 4.38676 3.48407 2.94546 2.57055 2.51601 2.32742 2.31672 2.30874 2.25821 1.84281 1.78297 1.64569 2.83759 1.93301 2.14805 1.9132 1.78952 5.50239 3.93123 1.51102 1.37936 1.19899 1.67391
threshold=1.0623149871826174 -1.2738150358200071 3.6753649711608891 0.55509498715400707 2.5000000000000004 1.5000000000000002 1.5000000000000002 2.5000000000000004 -1.633090019226074 1.0000000180025095e-35 1.4528999924659731 1.3161599636077883 1.3611999750137331 1.5000000000000002 2.5000000000000004 -1.633090019226074 1.5000000000000002 2.9938499927520756 -0.50727000832557667 2.7932350635528569 3.2419850826263432 1.3293550014495852 0.87480500340461742 0.51161000132560741 1.8737050294876101 1.6026250123977663 2.8068499565124516 4.0911300182342538 2.7932350635528569 4.533104896545411
decision_type=2 2 2 2 2 2 2 2 2 2 2 2 2 2 2 2 2 2 2 2 2 2 2 2 2 2 2 2 2 2
left_child=1 7 3 13 9 10 -4 8 16 -5 -2 -6 17 -3 -14 -9 -1 -7 20 23 21 -11 -21 24 -20 -25 -10 -8 -12 -30
right_child=5 2 6 4 11 12 27 15 26 18 28 -13 14 -15 -16 -17 -18 -19 19 22 -22 -23 -24 25 -26 -27 -28 -29 29 -31
leaf_value=0.0015331073307477303 0.0011977419192404162 0.00062178688230740079 0.0014584557358488445 -0.00044188097447773122 -0.00013429422981685191 0.0014696955316001914 0.003403114169187667 0.0073030003000348941 0.00040169111425871092 -0.00049346746780488037 0.0017947757480379573 -0.0030782617977521075 0.0048001026210177282 0.0030159166843809165 0.0091819388617647851 0.0023405597064803797 0.0032467552711179528 0.0053802713052806808 -0.0011822802270018934 -0.0018195810907119555 0.0013187210395442619 -0.0017941692639236808 0.00091106710304197068 0.0011006455353584511 0.00042775237189367134 -0.002061942858140358 0.002587125651873723 0.0067160314425706693 0.0038447515489781854 0.00061352108244482485
leaf_weight=29507 14110 14660 13162 137208 2169 1909 1942 1137 26394 10854 5122 12954 3088 3141 1025 1213 4649 1225 25226 19168 1655 32329 1796 3278 29439 10814 2193 1373 6845 1207
leaf_count=29507 14110 14660 13162 137208 2169 1909 1942 1137 26394 10854 5122 12954 3088 3141 1025 1213 4649 1225 25226 19168 1655 32329 1796 3278 29439 10814 2193 1373 6845 1207
internal_value=-7.10793e-06 -0.000232414 -0.00055274 -0.000697587 -0.000805664 0.00251315 0.00212576 0.00134807 0.00122097 -0.000702697 0.00194806 -0.00265603 0.00464064 0.00104423 0.0058921 0.00474154 0.00176635 0.00299824 -0.000968648 -0.000770867 -0.00136441 -0.00146724 -0.00158564 -0.000522442 -0.000315222 -0.00132628 0.000569343 0.00477525 0.00275168 0.00336039
internal_weight=420792 386261 321168 304691 286890 34531 16477 65093 62743 271767 27284 15123 7247 17801 4113 2350 34156 3134 134559 89721 44838 43183 20964 68757 54665 14092 28587 3315 13174 8052
internal_count=420792 386261 321168 304691 286890 34531 16477 65093 62743 271767 27284 15123 7247 17801 4113 2350 34156 3134 134559 89721 44838 43183 20964 68757 54665 14092 28587 3315 13174 8052
is_linear=0
shrinkage=0.08


Tree=16
num_leaves=31
num_cat=0
split_feature=0 0 2 2 3 0 2 0 2 2 0 3 3 0 0 3 0 0 2 3 0 2 2 3 3 0 2 0 2 0
split_gain=22.1117 12.3561 6.58036 5.6212 4.73173 2.29229 2.14566 1.67023 1.25138 1.2064 1.04333 15.0431 1.64541 6.33897 2.01987 1.41384 1.38182 1.57596 1.15145 0.95779 0.871424 0.85696 0.840719 0.811086 0.747639 0.786731 0.73111 0.674398 0.669577 0.65448
threshold=3.4800549745559697 0.74877500534057628 2.5000000000000004 2.5000000000000004 1.5000000000000002 1.0000000180025095e-35 2.5000000000000004 1.2610399723052981 1.0000000180025095e-35 1.0000000180025095e-35 1.3161599636077883 1.5000000000000002 1.5000000000000002 1.7743250131607058 1.5697799921035769 1.0000000180025095e-35 2.9307301044464116 2.0412049293518071 1.5000000000000002 1.0000000180025095e-35 3.7580599784851079 1.0000000180025095e-35 1.5000000000000002 1.0000000180025095e-35 1.5000000000000002 1.8044949769973757 1.5000000000000002 3.2855800390243535 1.0000000180025095e-35 3.2419850826263432
decision_type=2 2 2 2 2 2 2 2 2 2 2 2 2 2 2 2 2 2 2 2 2 2 2 2 2 2 2 2 2 2
left_child=1 2 4 9 8 21 10 -8 -1 -2 11 15 14 26 19 28 17 -15 23 -12 -11 -6 -17 27 -9 -26 -14 -16 -3 -20
right_child=3 6 -4 -5 5 -7 7 24 -10 20 12 -13 13 16 18 22 -18 -19 29 -21 -22 -23 -24 -25 25 -27 -28 -29 -30 -31
leaf_value=0.001218055619394759 0.001243967271579452 0.0012386421317379598 0.0063333081477679413 0.006259766550591751 5.393334577325731e-05 -0.00067313456231973432 0.00090304481008882294 -0.00050376918072052941 0.0024222968231119653 0.0014539689544450433 0.00073858417169089645 -0.0017865033160103824 -0.00093385288413046826 -0.00017717614080435811 -0.00068837575340804588 0.00029892250710745821 -0.00040773292953897976 0.00089048208604358377 -0.0013149047792892312 -0.00030893851926396465 0.0026867466026114432 0.0021759511225708846 0.0019979642029626966 -0.00026870122532121079 -0.0029488591649364277 -0.0014201806785426533 -0.0019937987474243322 0.00023219797990147971 0.0023246266948230222 0.00066202072851035906
leaf_weight=14716 17520 12030 1497 1825 2000 12128 2149 3801 8840 5962 12049 18392 13914 12066 89056 14007 10633 33180 15752 10415 9545 3115 2150 65087 2858 8755 5944 5402 5206 1150
leaf_count=14716 17520 12030 1497 1825 2000 12128 2149 3801 8840 5962 12049 18392 13914 12066 89056 14007 10633 33180 15752 10415 9545 3115 2150 65087 2858 8755 5944 5402 5206 1150
internal_value=7.80173e-06 -0.000166315 0.00112401 0.00193768 0.000932871 -7.41067e-05 -0.000324967 -0.00118634 0.00166998 0.00169885 -0.000278623 5.07509e-05 -0.000340727 -2.33942e-05 -0.000461553 0.00106266 0.000412909 0.000605764 -0.000552515 0.00025292 0.00221278 0.00134623 0.000525013 -0.000485998 -0.00147764 -0.00179639 -0.00125112 -0.000635729 0.00156666 -0.0011804
internal_weight=421144 386292 42296 34852 40799 17243 343996 17563 23556 33027 326433 51785 274648 75737 198911 33393 55879 45246 176447 22464 15507 5115 16157 159545 15414 11613 19858 94458 17236 16902
internal_count=421144 386292 42296 34852 40799 17243 343996 17563 23556 33027 326433 51785 274648 75737 198911 33393 55879 45246 176447 22464 15507 5115 16157 159545 15414 11613 19858 94458 17236 16902
is_linear=0
shrinkage=0.08


Tree=17
num_leaves=31
num_cat=0
split_feature=1 1 2 2 3 1 1 2 2 2 1 1 3 3 1 1 1 2 1 3 1 3 3 2 2 3 1 3 1 3
split_gain=30.0918 25.4954 5.0687 3.94172 5.34019 3.77623 3.61451 3.46242 2.15164 1.77147 1.7381 1.41291 2.13928 1.65913 3.17447 1.52714 1.34267 1.23912 1.19304 2.3573 1.3624 1.52657 1.09305 1.05513 1.04647 0.761221 0.758281 0.703374 0.709024 0.669275
threshold=1.2065849900245669 -1.2738150358200071 2.5000000000000004 2.5000000000000004 1.5000000000000002 0.93940499424934398 -2.0602149963378902 1.5000000000000002 1.0000000180025095e-35 1.0000000180025095e-35 -1.6856650114059446 -0.38268500566482538 1.0000000180025095e-35 1.0000000180025095e-35 -0.87138497829437245 0.44698999822139746 1.9073150157928469 1.0000000180025095e-35 -1.029929995536804 1.5000000000000002 -0.54500499367713917 1.5000000000000002 1.0000000180025095e-35 1.0000000180025095e-35 2.5000000000000004 1.5000000000000002 -0.50727000832557667 1.5000000000000002 -0.73833999037742604 1.5000000000000002
decision_type=2 2 2 2 2 2 2 2 2 2 2 2 2 2 2 2 2 2 2 2 2 2 2 2 2 2 2 2 2 2
left_child=1 3 9 4 8 7 17 11 22 16 -5 13 -13 14 -3 25 -2 -6 19 -9 21 -20 -1 -8 29 -14 27 -15 -29 -22
right_child=2 5 -4 10 6 -7 23 18 -10 -11 -12 12 15 26 -16 -17 -18 -19 20 -21 24 -23 -24 -25 -26 -27 -28 28 -30 -31
leaf_value=0.0017228342852591558 0.0011954270931103072 0.00061988502064717259 0.0072827174402241195 0.0069357946300356724 0.00047144452958928026 0.00071478400464803824 -0.001261115930866037 0.0023768213242610463 0.0025300360330740069 0.0030152911622193228 0.0025571583994698065 -0.00055949560945253002 3.578990293915024e-05 -0.00075250613176203163 -0.0007725324002287858 -0.00053391076804259661 0.0030856598014193967 0.002675315321982273 -0.00074399636693461715 -0.0011293386491851019 -0.0011204697677693861 -0.0024513714421257483 0.00062476912742331014 5.3879944965657526e-05 -0.0015968501883988021 0.00063977301310252682 -0.00024034470733846149 -0.0016731576228706799 -0.00071276124628660376 -0.0003924925470266283
leaf_weight=14428 9511 16748 1400 1034 2727 16402 5829 1874 13927 12458 1322 68040 33919 27900 27994 20474 3219 4069 5260 3556 14304 9237 9704 11832 11460 22028 9496 14883 7349 18583
leaf_count=14428 9511 16748 1400 1034 2727 16402 5829 1874 13927 12458 1322 68040 33919 27900 27994 20474 3219 4069 5260 3556 14304 9237 9704 11832 11460 22028 9496 14883 7349 18583
internal_value=-7.46083e-06 -0.000183082 0.00259752 0.00126658 0.00114552 -0.000468486 0.000223165 -0.000530471 0.00173824 0.0023371 0.00447885 -0.000395264 -0.000233229 -0.00061954 -0.000251317 5.72564e-05 0.00167341 0.00179098 -0.00105391 8.07062e-05 -0.00115861 -0.00183188 0.00128128 -0.000380133 -0.000938526 0.000273596 -0.000895836 -0.00102 -0.00135569 -0.000709122
internal_weight=420967 394379 26588 64872 62516 329507 24457 313105 38059 25188 2356 248831 144461 104370 44742 76421 12730 6796 64274 5430 58844 14497 24132 17661 44347 55947 59628 50132 22232 32887
internal_count=420967 394379 26588 64872 62516 329507 24457 313105 38059 25188 2356 248831 144461 104370 44742 76421 12730 6796 64274 5430 58844 14497 24132 17661 44347 55947 59628 50132 22232 32887
is_linear=0
shrinkage=0.08


Tree=18
num_leaves=31
num_cat=0
split_feature=1 1 0 0 1 1 3 0 1 0 1 1 0 0 3 0 3 3 0 0 1 3 0 1 3 0 1 3 0 0
split_gain=26.0106 23.7479 14.0789 7.5231 3.42706 3.34331 6.97109 3.01935 4.93762 3.34672 3.25784 2.80465 5.48161 4.22616 11.8453 2.04292 2.02969 1.80935 9.46248 7.60848 3.18438 1.61851 1.48518 1.36623 1.83161 1.71601 1.35476 1.52011 1.24253 1.22934
threshold=1.0623149871826174 -1.5131099820137022 3.7150499820709233 0.58771499991416942 1.5049049854278567 -1.0695700049400327 1.5000000000000002 2.7065598964691167 -0.30637000501155848 3.3536950349807744 0.74236500263214122 0.38528500497341162 1.6026250123977663 1.8240849971771242 1.5000000000000002 2.7801799774169926 1.5000000000000002 1.5000000000000002 1.4419699907302859 2.0412049293518071 -0.74922999739646901 1.0000000180025095e-35 1.0000000180025095e-35 -2.0602149963378902 1.5000000000000002 0.81698501110076915 -0.74922999739646901 1.5000000000000002 4.7305948734283456 3.0089449882507329
decision_type=2 2 2 2 2 2 2 2 2 2 2 2 2 2 2 2 2 2 2 2 2 2 2 2 2 2 2 2 2 2
left_child=1 23 3 16 29 6 -5 8 17 -9 26 13 -13 -10 21 -8 -3 18 -7 -19 -21 -15 -18 -1 -25 -26 -11 -28 -6 -2
right_child=4 2 -4 5 28 7 15 9 11 10 -12 12 -14 14 -16 -17 22 19 -20 20 -22 -23 -24 24 25 -27 27 -29 -30 -31
leaf_value=0.002163228551978045 0.00086716719058971671 0.0015673102907494479 0.001928854514943402 0.00085213574898773681 0.003190936976359708 0.00075212994525830201 -0.0017376542110406443 -0.0015180649882580023 -0.0006349912894874246 0.0020591663571642251 0.0026284904366996337 0.00090734576359448706 -0.0013534002848719403 -0.00076332332574932465 0.0027703561869087444 0.0016762599810147046 0.0013851190255486567 -0.002457957555309778 -0.0014353228332816526 -0.0016114730044286519 0.001548120466882457 0.00040780322544119722 -0.0006916091931439103 0.0017460877286386185 0.0019794080492825813 -0.00019650915337004663 -0.00037378429092919122 -0.0024860452987144287 0.00037314574203977882 0.0021524868975416793
leaf_weight=15250 11794 12332 15477 24736 13952 17955 12049 51331 32772 1073 2280 9072 28204 17055 11462 1237 3361 19223 42887 3231 5545 13555 6402 17115 3264 8017 8533 2929 1079 7988
leaf_count=15250 11794 12332 15477 24736 13952 17955 12049 51331 32772 1073 2280 9072 28204 17055 11462 1237 3361 19223 42887 3231 5545 13555 6402 17115 3264 8017 8533 2929 1079 7988
internal_value=-1.63275e-05 -0.00020505 -0.000428885 -0.000540401 0.00207807 -0.000643623 5.82549e-05 -0.000743534 -0.000589221 -0.00121236 -0.000153134 -0.000236235 -0.000803194 4.61384e-05 0.000576705 -0.0014198 0.000885077 -0.0010347 -0.000789787 -0.0015669 0.000384875 -0.000244714 2.33231e-05 0.00155247 0.00122446 0.000433062 -0.000659086 -0.000913552 0.00298866 0.00138618
internal_weight=421160 386347 342701 327224 34813 305129 38022 267107 200961 66146 14815 112120 37276 74844 42072 13286 22095 88841 60842 27999 8776 30610 9763 43646 28396 11281 12535 11462 15031 19782
internal_count=421160 386347 342701 327224 34813 305129 38022 267107 200961 66146 14815 112120 37276 74844 42072 13286 22095 88841 60842 27999 8776 30610 9763 43646 28396 11281 12535 11462 15031 19782
is_linear=0
shrinkage=0.08


Tree=19
num_leaves=31
num_cat=0
split_feature=1 1 0 0 3 0 1 1 1 3 0 0 1 3 0 0 1 1 0 0 0 1 3 0 1 1 3 0 0 0
split_gain=21.8433 18.874 12.8478 6.26705 12.9659 4.02018 2.25536 2.24314 2.99539 7.38553 5.67672 8.74615 3.45679 6.36153 2.64539 2.45264 1.9383 1.8174 1.59431 1.51823 1.36093 1.25813 1.21816 1.15084 1.58099 1.10719 1.33604 1.30247 1.09646 1.01929
threshold=1.2412949800491335 -1.5356950163841245 3.5367751121521001 1.18901002407074 1.5000000000000002 0.4195650070905686 1.0095850229263308 0.3613049983978272 -0.3443749994039535 1.5000000000000002 2.9160000085830693 1.7743250131607058 -1.0963900089263914 1.5000000000000002 1.6026250123977663 2.8320949077606206 0.53973501920700084 -1.029929995536804 2.7801799774169926 3.3536950349807744 4.0179951190948495 0.69082999229431163 1.0000000180025095e-35 2.09111499786377 0.2476649954915047 -2.1166150569915767 1.5000000000000002 0.83878999948501598 3.1268450021743779 2.8882849216461186
decision_type=2 2 2 2 2 2 2 2 2 2 2 2 2 2 2 2 2 2 2 2 2 2 2 2 2 2 2 2 2 2
left_child=1 25 3 4 22 -6 7 8 12 15 11 -11 13 -5 -9 -10 17 -7 -15 -16 -4 -21 -3 -13 -25 -1 -27 -28 -8 -2
right_child=29 2 20 6 5 16 28 14 9 10 -12 23 -14 18 19 -17 -18 -19 -20 21 -22 -23 -24 24 -26 26 27 -29 -30 -31
leaf_value=0.0020609191384840667 0.0017359173668041634 0.0016575426016220221 0.00098764889179015847 0.00080788319599638244 0.00038079440931952982 -0.00065472972601221687 0.00016982008490546197 0.00050945928651281638 -0.00040383352511637132 -0.00093128025427809081 -0.0017757281244431351 0.0014928987528709937 -0.0010801178829477607 -0.0020680843090334976 -0.00145875103279736 -0.001584014259818573 0.0012170951735319161 -0.0025953597376226108 0.001168638332827649 -0.0010742404633904276 0.0022343133901814908 0.0022376179166143772 0.00074154877450897125 0.0034382250072941128 0.00055926179956599493 0.0016268882980012684 0.0018131403183564542 -6.0169325628197603e-05 0.002392497525257531 0.0027610059692918247
leaf_weight=13459 11431 18822 14775 18576 7495 4206 8045 5536 51652 6664 4115 4447 86669 8747 43766 14415 1230 11624 1096 1637 9029 1331 18351 8739 1419 17029 3400 7882 1725 13587
leaf_count=13459 11431 18822 14775 18576 7495 4206 8045 5536 51652 6664 4115 4447 86669 8747 43766 14415 1230 11624 1096 1637 9029 1331 18351 8739 1419 17029 3400 7882 1725 13587
internal_value=9.53514e-08 -0.000144783 -0.000334498 -0.000463858 0.000263013 -0.00116356 -0.000630917 -0.000675959 -0.000557476 -0.000215704 0.000944138 0.00147036 -0.000829054 -6.33895e-05 -0.00114413 -0.000661334 -0.00184204 -0.00207974 -0.00170768 -0.00134001 0.00146052 0.000410963 0.00120535 0.00256619 0.00303605 0.00146355 0.00117957 0.000504381 0.000562258 0.00229263
internal_weight=420899 395881 354111 330307 61728 24555 268579 258809 206539 91451 25384 21269 115088 28419 52270 66067 17060 15830 9843 46734 23804 2968 37173 14605 10158 41770 28311 11282 9770 25018
internal_count=420899 395881 354111 330307 61728 24555 268579 258809 206539 91451 25384 21269 115088 28419 52270 66067 17060 15830 9843 46734 23804 2968 37173 14605 10158 41770 28311 11282 9770 25018
is_linear=0
shrinkage=0.08


Tree=20
num_leaves=31
num_cat=0
split_feature=1 1 0 0 1 1 3 0 1 0 3 1 0 0 3 3 0 0 1 1 0 1 1 1 0 3 0 0 0 0
split_gain=18.61 15.1845 10.5154 4.80495 2.78504 2.4626 5.30041 2.27242 3.43468 2.38087 9.09607 1.95312 4.47772 4.04647 10.0524 2.47573 1.61669 1.55779 1.53572 1.45956 1.36108 1.28348 1.39204 1.23014 1.108 1.01539 4.81815 3.53984 0.989591 1.46046
threshold=1.279415011405945 -1.5595049858093259 3.6382600069046025 0.4195650070905686 0.9855649769306184 -1.1386899948120115 1.5000000000000002 2.6939949989318852 -0.45909999310970301 1.4419699907302859 1.5000000000000002 0.59832498431205761 1.7434849739074709 1.9626049995422366 1.5000000000000002 1.0000000180025095e-35 2.7193250656127934 3.3771350383758549 0.74236500263214122 0.37337499856948858 3.1268450021743779 0.27009500563144689 0.83483499288558971 -0.63651499152183522 1.0965049862861636 1.5000000000000002 1.5585249662399294 1.3686749935150149 4.7305948734283456 2.8882849216461186
decision_type=2 2 2 2 2 2 2 2 2 2 2 2 2 2 2 2 2 2 2 2 2 2 2 2 2 2 2 2 2 2
left_child=1 -1 3 -3 5 6 -5 8 9 10 -7 13 -13 25 15 -15 24 21 23 -16 -6 -9 -23 -19 -8 27 -27 -10 29 -2
right_child=28 2 -4 4 20 7 16 17 11 -11 -12 12 -14 14 19 -17 -18 18 -20 -21 -22 22 -24 -25 -26 26 -28 -29 -30 -31
leaf_value=0.0013713786997441827 0.0016647296205743387 0.00095096606947958368 0.0015169214344444156 0.00087432689501313764 0.00028430595999334935 0.00083696811773769091 -0.00011655463749006805 -0.00088193137300651529 0.00065512439961948809 -0.0011862484102547262 -0.0022367924204717495 0.0008673773647382148 -0.0017755492723945448 -0.00080465763905795214 0.0026595029130647959 0.00050444298169061424 0.0016350190852155758 0.0018040989328181477 0.0024239691228846484 0.0005030580004160201 0.0023110595027538336 -0.0020114185048497753 -0.00013984984691695496 -0.00083666206869323053 -0.0019449611411561829 -0.0020017061796081797 0.00056715095820834914 -0.0008862417618342236 0.00014553692904267608 0.0029664848249955395
leaf_weight=40087 10594 16605 19889 22398 10880 17320 2839 34835 15637 51202 9564 5986 13040 21039 11542 16494 1176 1309 1335 2432 2634 15545 3041 8208 8389 11841 7719 24439 1395 11507
leaf_count=40087 10594 16605 19889 22398 10880 17320 2839 34835 15637 51202 9564 5986 13040 21039 11542 16494 1176 1309 1335 2432 2634 15545 3041 8208 8389 11841 7719 24439 1395 11507
internal_value=2.43283e-05 -0.000105012 -0.000270636 -0.000375994 -0.000444669 -0.000494095 0.000139612 -0.000575019 -0.000446684 -0.000866156 -0.000256524 -0.000195051 -0.000944026 -6.68376e-05 0.00045257 -0.000229369 -0.00118707 -0.000990846 -0.000117007 0.0022842 0.000679338 -0.00116836 -0.0017052 -0.000473443 -0.00148265 -0.000515444 -0.000987953 -0.000284826 0.00221206 0.0023425
internal_weight=420921 397425 357338 337449 320844 307330 34802 272528 208255 78086 26884 130169 19026 111143 51507 37533 12404 64273 10852 13974 13514 53421 18586 9517 11228 59636 19560 40076 23496 22101
internal_count=420921 397425 357338 337449 320844 307330 34802 272528 208255 78086 26884 130169 19026 111143 51507 37533 12404 64273 10852 13974 13514 53421 18586 9517 11228 59636 19560 40076 23496 22101
is_linear=0
shrinkage=0.08


Tree=21
num_leaves=31
num_cat=0
split_feature=1 1 0 2 0 2 2 2 2 0 1 2 1 0 0 1 1 1 1 1 1 0 0 1 0 0 1 0 0 0
split_gain=15.6596 12.6483 9.22833 4.62176 7.2116 4.61304 4.36777 4.08991 2.99749 1.58113 1.57186 1.55053 1.21951 1.69559 1.36365 1.1328 1.11758 1.05227 0.993941 1.37673 1.13191 1.9352 0.927432 0.909962 0.89933 0.824406 0.820846 3.73828 1.56323 0.809245
threshold=1.279415011405945 -1.2896999716758726 3.6753649711608891 1.5000000000000002 0.74877500534057628 1.5000000000000002 1.5000000000000002 1.5000000000000002 2.5000000000000004 1.4542349576950075 -1.846029996871948 2.5000000000000004 -0.25847500562667841 2.5644600391387944 0.49032500386238104 0.93940499424934398 -1.922450006008148 1.7078699469566347 0.79767498373985302 0.38528500497341162 -0.27762499451637263 2.9160000085830693 2.6228849887847905 1.0623149871826174 0.24415500462055209 4.1758649349212655 0.258779987692833 2.1296250820159917 1.41738498210907 1.2187950015068056
decision_type=2 2 2 2 2 2 2 2 2 2 2 2 2 2 2 2 2 2 2 2 2 2 2 2 2 2 2 2 2 2
left_child=1 7 3 12 24 17 -4 16 23 -10 -9 -7 14 26 -3 -15 -1 -2 19 20 -11 -22 -18 29 -5 -8 27 -14 -28 -6
right_child=5 2 6 4 8 11 25 10 9 18 -12 -13 13 15 -16 -17 22 -19 -20 -21 21 -23 -24 -25 -26 -27 28 -29 -30 -31
leaf_value=0.0011731487126739719 0.00091325516731363373 0.00050387880104109958 0.00082047458094266265 0.003504044040594863 2.0854848213103031e-05 0.0033783433039192979 0.0030153779947960919 0.0036614975559796569 -0.0004132026036932268 -0.0032276225309374623 0.0016425405011304198 0.0066554166819935926 -8.8789748898118466e-05 -0.00062135110969923908 -0.0005097006526555613 0.0005302750231647405 0.00024631173650161331 0.0021328151732581532 -0.00052139732133886637 -0.0046764344693464282 -0.00056664796126749885 -0.0045301892648864752 0.0016099942661747997 0.0010335889191718703 0.001191582507423449 0.0055132713257917652 0.00078569504176139544 0.0015338932767614741 -0.00040567312600307029 -0.0010938604884364136
leaf_weight=16925 10455 9202 14675 1683 4671 3733 2409 3775 2638 4963 7128 1228 32162 40396 110585 6322 31873 7987 1364 2065 3449 1022 3547 1495 2986 1303 9170 12664 30471 38709
leaf_count=16925 10455 9202 14675 1683 4671 3733 2409 3775 2638 4963 7128 1228 32162 40396 110585 6322 31873 7987 1364 2065 3449 1022 3547 1495 2986 1303 9170 12664 30471 38709
internal_value=1.2906e-05 -0.000105451 -0.000301671 -0.000403043 -0.001004 0.00202397 0.0014406 0.000931999 -0.00123825 -0.00219734 0.00234157 0.00418952 -0.000247291 -7.87786e-05 -0.000431838 -0.00046551 0.000638397 0.00144143 -0.00256324 -0.00280544 -0.0023959 -0.00147265 0.000382872 -0.000906955 0.00202514 0.0038922 0.000135119 0.000369642 -0.000130079 -0.000973832
internal_weight=421055 397652 334404 316017 65045 23403 18387 63248 60376 15501 10903 4961 250972 131185 119787 46718 52345 18442 12863 11499 9434 4471 35420 44875 4669 3712 84467 44826 39641 43380
internal_count=421055 397652 334404 316017 65045 23403 18387 63248 60376 15501 10903 4961 250972 131185 119787 46718 52345 18442 12863 11499 9434 4471 35420 44875 4669 3712 84467 44826 39641 43380
is_linear=0
shrinkage=0.08


Tree=22
num_leaves=31
num_cat=0
split_feature=1 1 0 2 2 0 2 2 2 1 2 1 2 1 0 0 0 2 0 0 1 1 0 0 0 0 2 0 2 0
split_gain=13.8893 12.2958 7.80349 4.55301 3.94407 5.6011 3.94117 3.35746 1.98941 1.71123 1.60518 1.55653 1.48837 1.4231 1.15125 1.09988 1.03526 0.958635 0.823414 0.806248 1.40328 1.52681 1.38676 1.21466 0.800213 0.753019 0.751952 0.740245 0.720802 0.712269
threshold=1.0623149871826174 -1.2262849807739256 3.7580599784851079 2.5000000000000004 1.5000000000000002 1.0105999708175661 2.5000000000000004 1.5000000000000002 2.5000000000000004 1.7078699469566347 1.0000000180025095e-35 -1.6856650114059446 2.5000000000000004 -1.6856650114059446 2.8188049793243413 0.068055000156164183 4.3845651149749765 1.5000000000000002 3.4005050659179692 2.7932350635528569 -0.27762499451637263 0.3613049983978272 1.8143450021743777 1.9133349657058718 3.3771350383758549 0.49032500386238104 1.0000000180025095e-35 1.4660949707031252 1.5000000000000002 3.3080149888992314
decision_type=2 2 2 2 2 2 2 2 2 2 2 2 2 2 2 2 2 2 2 2 2 2 2 2 2 2 2 2 2 2
left_child=1 6 4 9 15 8 10 -4 -6 17 -1 28 18 -8 25 -3 24 -2 19 20 -7 23 -23 -22 -11 -13 -17 -14 -12 -29
right_child=3 2 7 -5 5 12 13 -9 -10 16 11 14 27 -15 -16 26 -18 -19 -20 -21 21 22 -24 -25 -26 -27 -28 29 -30 -31
leaf_value=0.00033148172942214482 0.00071199265340340467 0.00083382712138654847 0.00087736264389089906 0.0053642803128101293 0.00037094360940463276 -0.0015213527717286332 0.0062015328201401685 0.0039793465470757119 0.0035490726376266059 0.0019864543969175504 0.0013708518430264947 0.0017831761060597576 -0.00052534641366887606 0.0023506541027725554 0.0029187442467325771 -0.00020001790306141247 0.00014910097527858483 0.0020798781135191592 0.00049310823131918789 -0.0018852193941740136 -0.00087513458702562262 0.00040508483517374396 -0.0021697680707867747 0.0008842799209939124 0.0036588602107221592 0.0002072156871026929 -0.00049223006225440136 -0.0024079644233745831 0.0026194293140715304 -0.00022839918881654739
leaf_weight=35121 19543 5443 11140 1872 5669 14565 1032 2793 1621 5452 10306 2253 1907 1517 1279 141412 1339 3940 2132 7203 4293 1895 4560 6051 2757 13986 93708 11144 4151 1050
leaf_count=35121 19543 5443 11140 1872 5669 14565 1032 2793 1621 5452 10306 2253 1907 1517 1279 141412 1339 3940 2132 7203 4293 1895 4560 6051 2757 13986 93708 11144 4151 1050
internal_value=-2.13029e-06 -0.000140241 -0.000351953 0.00152618 -0.000437172 -0.00100562 0.000822138 0.00149918 0.00107763 0.00130866 0.000704839 0.00111493 -0.00128276 0.00390974 0.000607871 -0.000290453 0.0022117 0.000941498 -0.00103735 -0.00112195 -0.000946664 -0.000448401 -0.00141387 0.000154082 0.00254813 0.000425865 -0.00031648 -0.00199107 0.00172935 -0.00222029
internal_weight=421134 386231 316586 34903 302653 62090 69645 13933 7290 33031 67096 31975 54800 2549 17518 240563 9548 23483 40699 38567 31364 16799 6455 10344 8209 16239 235120 14101 14457 12194
internal_count=421134 386231 316586 34903 302653 62090 69645 13933 7290 33031 67096 31975 54800 2549 17518 240563 9548 23483 40699 38567 31364 16799 6455 10344 8209 16239 235120 14101 14457 12194
is_linear=0
shrinkage=0.08


Tree=23
num_leaves=31
num_cat=0
split_feature=0 0 2 2 0 0 3 2 2 2 3 3 2 3 3 0 0 2 3 2 0 0 0 0 2 2 3 0 0 0
split_gain=8.69879 4.99763 4.38295 2.42932 2.32226 1.43521 8.552 2.17456 1.93154 1.60995 1.35944 1.30489 0.87248 0.853701 0.822533 5.11153 1.85959 0.959113 0.941294 0.745031 0.716888 0.750718 0.711968 0.647012 0.605428 0.455346 0.451016 0.433524 0.414537 0.395326
threshold=3.4005050659179692 0.49032500386238104 2.5000000000000004 1.5000000000000002 3.803590059280396 1.2187950015068056 1.5000000000000002 2.5000000000000004 1.5000000000000002 1.5000000000000002 1.0000000180025095e-35 1.5000000000000002 1.0000000180025095e-35 1.5000000000000002 1.5000000000000002 1.7330700159072878 1.592010021209717 1.5000000000000002 1.0000000180025095e-35 1.0000000180025095e-35 2.051090002059937 2.8457649946212773 1.4660949707031252 2.9160000085830693 1.5000000000000002 1.0000000180025095e-35 1.0000000180025095e-35 -0.34041000902652735 4.0911300182342538 0.28945000469684606
decision_type=2 2 2 2 2 2 2 2 2 2 2 2 2 2 2 2 2 2 2 2 2 2 2 2 2 2 2 2 2 2
left_child=1 3 12 11 -4 6 8 14 10 -8 -3 25 26 -14 16 24 18 -18 -7 23 -21 -22 -9 -17 -16 -1 -2 -13 -15 -5
right_child=2 5 4 29 -6 7 9 22 -10 -11 -12 27 13 28 15 19 17 -19 -20 20 21 -23 -24 -25 -26 -27 -28 -29 -30 -31
leaf_value=0.00077791972373947836 0.00085693470575557557 0.001228619429292446 0.0021248704362078043 0.0030860263445591451 0.007416646473022326 0.00067205536151226193 -0.0015396615775095609 0.00046196638982091406 0.0026882648740993759 -8.802223163510276e-05 0.00018259131302223738 0.00081984078254806266 0.0017939276632133075 0.00026281339750066089 -0.00076239945801113832 0.0011499946787419625 -0.00033689603312965396 -0.00098153181888985318 -0.000196276134505707 -0.00032849501598281115 0.00067559184691489446 -0.00018344695636741528 -0.001364469712073195 -0.00030188264712157769 -0.0016908802842265577 0.0017770640384300205 6.0419466861994131e-05 -0.00045246547031558881 0.0016226025032724421 0.0014799682835082539
leaf_weight=9177 12763 17192 1103 3244 1023 17052 14788 1515 3646 7305 14794 2274 10720 4953 15103 11895 154048 16338 15034 10593 22857 9104 13883 2353 6399 4281 7070 6960 2020 1406
leaf_count=9177 12763 17192 1103 3244 1023 17052 14788 1515 3646 7305 14794 2274 10720 4953 15103 11895 154048 16338 15034 10593 22857 9104 13883 2353 6399 4281 7070 6960 2020 1406
internal_value=9.81442e-06 -0.000107477 0.00113753 0.000934593 0.0046712 -0.000187987 0.000176935 -0.000259111 0.000943677 -0.00105968 0.000744816 0.000593237 0.000937337 0.00134575 -0.000208347 1.18327e-05 -0.000293499 -0.000398709 0.000265196 0.00040951 0.000241861 0.000430897 -0.00118477 0.000910223 -0.00103872 0.00109575 0.000572996 -0.000139142 0.000656729 0.00260041
internal_weight=420893 381241 39652 27342 2126 353899 57725 296174 35632 22093 31986 22692 37526 17693 280776 78304 202472 170386 32086 56802 42554 31961 15398 14248 21502 13458 19833 9234 6973 4650
internal_count=420893 381241 39652 27342 2126 353899 57725 296174 35632 22093 31986 22692 37526 17693 280776 78304 202472 170386 32086 56802 42554 31961 15398 14248 21502 13458 19833 9234 6973 4650
is_linear=0
shrinkage=0.08


Tree=24
num_leaves=31
num_cat=0
split_feature=1 1 2 3 2 1 2 2 1 3 2 3 1 1 3 1 1 2 1 1 3 1 3 1 2 1 1 2 1 2
split_gain=11.5926 9.88056 3.19328 3.41442 3.15967 2.45366 2.52411 1.27991 1.26351 1.0844 1.07112 0.988656 0.837166 0.822684 1.82635 0.80806 0.972252 0.789954 0.738269 0.706872 0.930173 0.931046 0.782269 1.51308 0.668923 0.652184 0.559878 0.505585 0.504849 0.464349
threshold=1.3184800148010256 -1.2262849807739256 1.5000000000000002 1.0000000180025095e-35 1.5000000000000002 0.9855649769306184 1.5000000000000002 2.5000000000000004 -1.922450006008148 1.5000000000000002 2.5000000000000004 1.5000000000000002 -1.6856650114059446 -0.9792099893093108 1.5000000000000002 -0.28711500763893122 0.12990000098943713 1.0000000180025095e-35 -1.6579800248146055 -0.38268500566482538 1.0000000180025095e-35 0.4721399992704392 1.0000000180025095e-35 -0.85994499921798695 1.5000000000000002 1.9073150157928469 2.5474849939346318 1.0000000180025095e-35 -0.1457250043749809 1.0000000180025095e-35
decision_type=2 2 2 2 2 2 2 2 2 2 2 2 2 2 2 2 2 2 2 2 2 2 2 2 2 2 2 2 2 2
left_child=1 2 3 27 25 6 19 11 17 29 -6 -4 -13 14 -8 -15 -17 -5 -9 22 -21 28 23 -3 -7 -2 -27 -1 -22 -10
right_child=4 5 7 8 10 24 13 18 9 -11 -12 12 -14 15 -16 16 -18 -19 -20 20 21 -23 -24 -25 -26 26 -28 -29 -30 -31
leaf_value=0.0011055675741772752 0.00096922144271768427 0.00049242936292085663 0.0026496358381020387 0.00014209479061475953 0.002971839490942897 0.00036212411050412621 0.0020623969157273457 0.0051399112474155807 -0.00013188275175093255 -0.00078207618855664039 0.0058330441115408953 0.0019590004720916273 0.00010836121022857324 -0.0012574863215264534 -0.00091176963099127669 -0.00014656578509710289 -0.00099515084977644407 0.0014615873568241411 0.0023801891402884696 -0.00032758392725965236 -0.00011286767554114371 -0.00038839705657406251 -0.00058303740217339019 -0.00049137319399126243 0.0015454116656997306 0.0025122940668947818 0.00062338561916216615 0.0020187126612884743 0.00039892988765235035 0.00086751957734504382
leaf_weight=15523 11909 15764 3247 6439 3400 14221 2018 1064 7477 12870 1111 2821 3512 22384 3828 14737 20890 5289 1488 69136 17892 20447 57260 27388 3895 3973 1344 5174 39717 4942
leaf_count=15523 11909 15764 3247 6439 3400 14221 2018 1064 7477 12870 1111 2821 3512 22384 3828 14737 20890 5289 1488 69136 17892 20447 57260 27388 3895 3973 1344 5174 39717 4942
internal_value=-7.46692e-06 -0.00010538 0.000758935 0.000510928 0.00179171 -0.000288551 -0.000341195 0.00193875 5.08188e-05 -0.000267473 0.00367652 0.00151464 0.000932718 -0.000789648 0.000114893 -0.000880802 -0.000644136 0.000737149 0.00353079 -0.000225539 -0.000113896 7.5373e-05 -0.000389194 -0.000131977 0.000616535 0.00129813 0.00203483 0.00133384 0.000239978 0.000265818
internal_weight=421160 399423 69846 57714 21737 329577 311461 12132 37017 25289 4511 9580 6333 63857 5846 58011 35627 11728 2552 247604 147192 78056 100412 43152 18116 17226 5317 20697 57609 12419
internal_count=421160 399423 69846 57714 21737 329577 311461 12132 37017 25289 4511 9580 6333 63857 5846 58011 35627 11728 2552 247604 147192 78056 100412 43152 18116 17226 5317 20697 57609 12419
is_linear=0
shrinkage=0.08


Tree=25
num_leaves=31
num_cat=0
split_feature=1 1 0 2 0 2 2 1 2 2 0 0 0 1 2 1 1 0 1 0 2 0 1 0 1 0 0 1 0 0
split_gain=9.99871 8.7105 5.93402 3.4477 3.09967 3.29709 2.63131 2.46029 2.21121 1.54936 1.41652 1.31298 1.23865 1.23678 1.17916 1.03914 0.931417 1.04509 0.925755 1.26238 0.824997 0.712684 0.633855 1.44145 1.41129 3.70923 2.38511 1.34183 0.836647 0.85938
threshold=1.0623149871826174 -1.5356950163841245 3.7150499820709233 2.5000000000000004 0.55509498715400707 2.5000000000000004 1.5000000000000002 -0.9792099893093108 1.5000000000000002 1.5000000000000002 2.9460799694061284 1.3419350385665896 4.533104896545411 -0.35404001176357264 1.0000000180025095e-35 1.4528999924659731 0.38528500497341162 2.9160000085830693 -1.1961200237274168 2.7801799774169926 2.5000000000000004 1.0000000180025095e-35 -0.48770500719547266 2.8320949077606206 0.44698999822139746 1.754070043563843 1.6139550209045412 0.83483499288558971 3.2216100692749028 1.3293550014495852
decision_type=2 2 2 2 2 2 2 2 2 2 2 2 2 2 2 2 2 2 2 2 2 2 2 2 2 2 2 2 2 2
left_child=1 8 4 10 9 14 -4 -7 -1 -3 -2 -9 15 -13 -6 -12 17 -15 19 -16 -10 -11 28 24 25 -24 -26 -25 29 -20
right_child=3 2 6 -5 5 7 -8 11 20 21 12 13 -14 16 18 -17 -18 -19 22 -21 -22 -23 23 27 26 -27 -28 -29 -30 -31
leaf_value=0.00069949732619219748 0.00058493394260370705 0.00029123405233053495 0.00074886694653772238 0.0046129256753140229 -0.00017740020248774782 0.00093829985677354498 0.0033619431921181613 3.0822742882127176e-05 0.0018236952859384886 0.0038224111230525958 0.0011824100846718468 -0.0034740576174891193 -0.00015174472389371067 -0.00045363070783086364 -8.6874641456893403e-05 0.0025671079248270525 -0.0027960414710630267 -0.003217122956235146 -0.00024928320882928274 0.002786226706090405 0.0039958803204970996 0.0013772298946109268 -0.00091272884978057015 -0.0012700976758053034 0.00081877388114669919 0.00047664146639000201 -0.0014182492763014009 0.00084519294158401359 0.00087585662552611371 -0.0010960897385849876
leaf_weight=34750 16978 17330 12443 1884 147052 2249 3076 1911 5640 1086 6606 3569 2155 4110 11362 7303 3083 1113 10184 1071 1396 2564 20015 17680 3976 31895 13102 2153 1798 31071
leaf_count=34750 16978 17330 12443 1884 147052 2249 3076 1911 5640 1086 6606 3569 2155 4110 11362 7303 3083 1113 10184 1071 1396 2564 20015 17680 3976 31895 13102 2153 1798 31071
internal_value=-1.19348e-05 -0.000129313 -0.000261839 0.00128424 -0.000334083 -0.000398295 0.0012668 -0.00151513 0.000961361 0.000606742 0.00109444 -0.00191537 0.00163294 -0.00222856 -0.00033683 0.00190945 -0.00169339 -0.00104252 -0.000499293 0.000160619 0.00225467 0.00210476 -0.000561509 -0.000439399 -0.000266601 -5.90597e-05 -0.000897439 -0.00104047 -0.000813428 -0.000887051
internal_weight=420605 385679 343893 34926 328374 307394 15519 16035 41786 20980 33042 13786 16064 11875 291359 13909 8306 5223 144307 12433 7036 3650 131874 88821 68988 51910 17078 19833 43053 41255
internal_count=420605 385679 343893 34926 328374 307394 15519 16035 41786 20980 33042 13786 16064 11875 291359 13909 8306 5223 144307 12433 7036 3650 131874 88821 68988 51910 17078 19833 43053 41255
is_linear=0
shrinkage=0.08


Tree=26
num_leaves=31
num_cat=0
split_feature=1 1 2 2 1 3 1 3 2 2 1 3 1 3 2 2 3 3 2 1 3 2 2 3 2 1 1 3 1 1
split_gain=8.27179 7.28396 2.64639 2.19772 1.69613 1.59433 1.4272 3.82354 2.11413 1.73693 1.02286 1.24115 1.13962 0.987003 0.86847 0.789418 1.07071 0.773007 0.753022 0.661377 0.648499 0.774733 0.608458 0.460758 0.437533 0.417316 0.833055 0.685452 0.572996 0.537318
threshold=1.3184800148010256 -1.5595049858093259 1.5000000000000002 1.5000000000000002 0.87480500340461742 1.5000000000000002 -1.029929995536804 1.5000000000000002 1.5000000000000002 1.5000000000000002 -0.38268500566482538 1.0000000180025095e-35 0.52623999118804943 1.5000000000000002 2.5000000000000004 2.5000000000000004 1.5000000000000002 1.0000000180025095e-35 1.0000000180025095e-35 -2.1166150569915767 1.5000000000000002 1.0000000180025095e-35 1.0000000180025095e-35 1.0000000180025095e-35 2.5000000000000004 0.38528500497341162 -0.33462999761104578 1.5000000000000002 -0.89442500472068776 -0.78155499696731556
decision_type=2 2 2 2 2 2 2 2 2 2 2 2 2 2 2 2 2 2 2 2 2 2 2 2 2 2 2 2 2 2
left_child=1 3 -2 5 6 22 7 9 10 17 -8 -12 20 -4 -5 16 18 -3 -6 -7 21 -13 23 -1 -9 26 27 28 -10 -29
right_child=2 4 13 14 15 19 8 24 25 -11 11 12 -14 -15 -16 -17 -18 -19 -20 -21 -22 -23 -24 -25 -26 -27 -28 29 -30 -31
leaf_value=0.0012052859922190053 0.0010804754713861636 0.00081936190641109115 0.0016500213129074606 0.0018214814748201919 0.00021741442301179373 0.00068740786751424383 -0.0004217693169135295 -0.00088399048326119167 0.0011687139777554502 0.0023763661866996592 -0.00031745668758361242 0.00043683979803636129 -0.00048322097322171987 0.0041335329393833251 0.0041098374755788609 0.0022435582145219849 -0.00055204408139230296 6.4723416542504469e-06 0.0012619461596011766 -0.00050681010159305863 0.00063742023175879041 -0.00030316304479163152 0.0017604848967977926 0.00029247696101874197 0.00042070733561138654 -0.0011751573576562846 -0.00031092820736231572 -0.0020585639414697409 -0.00069316461170691973 -0.00099086364247274431
leaf_weight=8490 17084 17166 1578 5352 10965 4916 81482 17289 1251 3380 66264 19874 14308 2918 1324 1452 6567 13278 7397 7490 23655 16632 6404 6069 1818 11328 24329 4431 6852 9450
leaf_count=8490 17084 17166 1578 5352 10965 4916 81482 17289 1251 3380 66264 19874 14308 2918 1324 1452 6567 13278 7397 7490 23655 16632 6404 6069 1818 11328 24329 4431 6852 9450
internal_value=9.38013e-06 -7.30866e-05 0.00153495 0.000950315 -0.00018719 0.000685227 -0.000236137 0.000144807 -0.000308188 0.000655843 -0.000196201 -6.56005e-05 0.000158506 0.00326187 0.00227531 0.000430269 0.000324654 0.000464824 0.000638197 -3.35894e-05 0.000311127 9.96972e-05 0.00111063 0.000824776 -0.000759851 -0.000739915 -0.000633456 -0.000990387 -0.000405714 -0.00133169
internal_weight=420793 399213 21580 40045 359168 33369 332787 52931 279856 33824 222215 140733 74469 4496 6676 26381 24929 30444 18362 12406 60161 36506 20963 14559 19107 57641 46313 21984 8103 13881
internal_count=420793 399213 21580 40045 359168 33369 332787 52931 279856 33824 222215 140733 74469 4496 6676 26381 24929 30444 18362 12406 60161 36506 20963 14559 19107 57641 46313 21984 8103 13881
is_linear=0
shrinkage=0.08


Tree=27
num_leaves=31
num_cat=0
split_feature=0 0 3 2 2 0 0 2 0 2 3 3 0 2 3 0 0 2 2 2 2 0 2 0 3 0 3 0 0 3
split_gain=6.50046 3.70097 4.11299 3.67689 2.96457 2.33164 1.88961 1.40154 1.37522 1.07595 0.849914 0.728923 1.02239 0.709322 0.555448 0.534087 0.559506 0.478986 0.444664 0.378269 0.376817 0.300135 0.287289 0.441764 2.32944 1.00772 0.853212 2.3837 0.387991 0.365993
threshold=3.4005050659179692 1.0965049862861636 1.5000000000000002 2.5000000000000004 2.5000000000000004 0.69884499907493602 3.803590059280396 1.5000000000000002 0.19200500100851062 2.5000000000000004 1.0000000180025095e-35 1.5000000000000002 1.7839150428771975 1.0000000180025095e-35 1.5000000000000002 2.0706549882888798 2.7932350635528569 1.0000000180025095e-35 1.0000000180025095e-35 1.5000000000000002 1.0000000180025095e-35 -0.34041000902652735 1.0000000180025095e-35 2.09111499786377 1.5000000000000002 2.5764749050140385 1.0000000180025095e-35 1.5697799921035769 2.4754049777984624 1.0000000180025095e-35
decision_type=2 2 2 2 2 2 2 2 2 2 2 2 2 2 2 2 2 2 2 2 2 2 2 2 2 2 2 2 2 2
left_child=1 2 7 8 13 -5 -6 10 17 22 18 12 -11 -2 -15 -13 -17 -4 -1 -10 -12 -19 29 26 -25 28 27 -24 -26 -3
right_child=4 9 3 5 6 -7 -8 -9 19 11 20 15 -14 14 -16 16 -18 21 -20 -21 -22 -23 23 24 25 -27 -28 -29 -30 -31
leaf_value=0.00092982775644266115 0.0005042775007280335 -0.00019891902333462482 -0.00040320822444475386 0.0055432414148915959 0.0016086377820981013 0.00028510062969041027 0.0063791397996538421 0.0023565213983629883 -0.001065234558284078 0.002294954182213451 9.8716446028797143e-05 -0.0017421522109984863 -0.00065180335691261606 0.0015598532792072378 0.00064148799541420163 -0.00013068154066358154 -0.0016437120323394728 0.0018026290485692713 0.0017886638060991306 -0.000277606146619633 0.00084875710321243871 0.00043638437417988337 0.0013498601331451135 -0.00047203592613057202 0.00070171585908872843 -1.9933106781244048e-05 -0.00054795917271642839 -0.00067444148526880454 0.0017478788641746251 5.4046977727724999e-05
leaf_weight=14920 20028 82499 2773 1073 1107 1086 1022 4072 15246 1016 10864 5344 2917 10744 6936 4361 2439 1625 5204 5245 7081 2806 6160 46327 12165 15762 52454 9410 2789 65798
leaf_count=14920 20028 82499 2773 1073 1107 1086 1022 4072 15246 1016 10864 5344 2917 10744 6936 4361 2439 1625 5204 5245 7081 2806 6160 46327 12165 15762 52454 9410 2789 65798
internal_value=2.18537e-05 -7.9704e-05 0.00043692 -0.000281484 0.00099426 0.00289834 0.00389866 0.00094586 -0.000529371 -0.000199903 0.000794971 -0.000837135 0.000109424 0.000830277 0.00119957 -0.00114369 -0.00067337 0.000421387 0.00115192 -0.000863628 0.000394678 0.000937433 -0.000164981 -0.000245025 -0.000113845 0.000426391 -0.000393596 0.000126438 0.000896831 -8.66804e-05
internal_weight=421273 381436 71995 29854 39837 2159 2129 42141 27695 309441 38069 16077 3933 37708 17680 12144 6800 7204 20124 20491 17945 4431 293364 145067 77043 30716 68024 15570 14954 148297
internal_count=421273 381436 71995 29854 39837 2159 2129 42141 27695 309441 38069 16077 3933 37708 17680 12144 6800 7204 20124 20491 17945 4431 293364 145067 77043 30716 68024 15570 14954 148297
is_linear=0
shrinkage=0.08


Tree=28
num_leaves=31
num_cat=0
split_feature=1 1 0 0 2 2 2 2 0 1 1 0 0 2 1 2 1 0 1 1 2 0 1 1 0 0 2 2 1 1
split_gain=6.97745 5.92706 4.34289 2.32835 2.11367 1.9906 1.96391 1.47038 2.19222 1.11534 1.85103 1.96391 1.2149 1.11128 1.05815 0.977103 0.960783 0.909045 2.85389 1.76693 0.847452 0.830334 0.740308 0.756871 0.734152 0.899396 0.921674 0.65718 0.777453 1.10711
threshold=1.3184800148010256 -1.5595049858093259 3.4800549745559697 1.0000000180025095e-35 2.5000000000000004 2.5000000000000004 1.5000000000000002 1.5000000000000002 1.2187950015068056 0.9855649769306184 0.37337499856948858 1.6476950049400332 1.9327149987220766 1.5000000000000002 0.23696500062942508 2.5000000000000004 -0.58586001396179188 2.8320949077606206 -0.85994499921798695 -0.56571999192237843 2.5000000000000004 2.7671899795532231 -1.0825649499893186 -0.54500499367713917 4.7305948734283456 3.0926699638366704 1.0000000180025095e-35 1.0000000180025095e-35 0.39720998704433447 -0.69619500637054432
decision_type=2 2 2 2 2 2 2 2 2 2 2 2 2 2 2 2 2 2 2 2 2 2 2 2 2 2 2 2 2 2
left_child=1 6 3 13 27 24 -1 -5 14 10 12 -12 22 -3 16 -13 -9 19 -19 -14 -20 -11 -10 -24 25 26 -2 -4 29 -29
right_child=5 2 4 7 -6 -7 -8 8 9 21 11 15 17 -15 -16 -17 -18 18 20 -21 -22 -23 23 -25 -26 -27 -28 28 -30 -31
leaf_value=0.00060311290670378936 0.00012890432366611726 0.00073971189429718881 0.00025014758395076826 -0.00019785586487005034 0.0037630005350590724 0.0046966336564799862 0.0021072451148254814 0.00077380556705400859 -4.9492949010600884e-05 -0.00036060333546571399 0.0011793204385321587 -0.0017552827111305895 -0.0010431455053185148 0.0034564000289656993 0.0023934677948332017 -0.0036025801485142749 -0.00083916565251705006 0.0027220742994209586 -0.001246044408558089 0.00052854046997670087 -0.0034360002737575542 0.0024519743535647114 -0.0023091422709061132 -0.0010216087894092808 -0.00063793012450344216 0.0019730014092386766 0.0015990279564359658 0.0028401898743437705 0.0017581971870075778 2.5053336678720644e-05
leaf_weight=33376 5411 5974 13782 257870 1454 1115 6665 5633 2738 1756 1208 6871 7346 1149 1480 2499 4072 1047 4401 12149 1522 1088 4661 7832 1269 8361 5507 1064 5525 5598
leaf_count=33376 5411 5974 13782 257870 1454 1115 6665 5633 2738 1756 1208 6871 7346 1149 1480 2499 4072 1047 4401 12149 1522 1088 4661 7832 1269 8361 5507 1064 5525 5598
internal_value=6.28106e-06 -6.96813e-05 -0.000172727 -0.000252812 0.000794778 0.00140455 0.000853482 -0.00028425 -0.000620258 -0.00082748 -0.00091142 -0.00185657 -0.000671642 0.00117794 0.000400903 -0.00224796 9.70391e-05 -0.000344044 -0.00112818 -6.36937e-05 -0.00180879 0.000715376 -0.00124087 -0.00150197 0.00122591 0.0013486 0.000870429 0.000628587 0.00105656 0.000474664
internal_weight=420423 398760 358719 331296 27423 21663 40041 324173 66303 55118 52274 10578 41696 7123 11185 9370 9705 26465 6970 19495 5923 2844 15231 12493 20548 19279 10918 25969 12187 6662
internal_count=420423 398760 358719 331296 27423 21663 40041 324173 66303 55118 52274 10578 41696 7123 11185 9370 9705 26465 6970 19495 5923 2844 15231 12493 20548 19279 10918 25969 12187 6662
is_linear=0
shrinkage=0.08


Tree=29
num_leaves=31
num_cat=0
split_feature=1 1 0 2 0 2 2 2 1 1 2 2 2 1 1 0 1 1 1 0 0 1 2 0 0 0 0 0 1 0
split_gain=5.70254 4.9987 3.42843 2.03242 1.90491 2.00647 1.68278 1.62073 1.56673 1.93643 0.984635 0.901589 0.728264 0.997542 1.09191 0.934062 1.4601 1.31401 1.16554 1.89663 1.88935 0.757308 0.641617 0.639501 0.589739 0.584902 0.61702 0.57734 0.536596 1.15649
threshold=1.4073449969291689 -1.633090019226074 3.5367751121521001 2.5000000000000004 0.4195650070905686 2.5000000000000004 2.5000000000000004 1.5000000000000002 -0.9792099893093108 0.96156498789787304 1.5000000000000002 1.0000000180025095e-35 1.0000000180025095e-35 -1.1961200237274168 0.9855649769306184 2.8068499565124516 -0.95444500446319569 -0.21179499477148053 0.59832498431205761 1.9626049995422366 1.8337550163269045 0.258779987692833 1.0000000180025095e-35 2.8320949077606206 3.6017649173736577 3.1450550556182866 1.9327149987220766 2.6815750598907475 -0.37311500310897822 2.5194399356842045
decision_type=2 2 2 2 2 2 2 2 2 2 2 2 2 2 2 2 2 2 2 2 2 2 2 2 2 2 2 2 2 2
left_child=1 6 4 22 10 12 11 -2 -7 27 -3 -1 28 23 15 17 -17 -15 19 -19 -20 -21 -4 -14 -9 26 -16 -10 -6 -30
right_child=7 2 3 -5 5 8 -8 24 9 -11 -12 -13 13 14 25 16 -18 18 20 21 -22 -23 -24 -25 -26 -27 -28 -29 29 -31
leaf_value=0.00037653307392828273 0.0010141354492790525 0.00034280781471769049 0.0002101842386319058 0.0038179184535795359 -0.00023860297028655006 0.00075047015543077214 0.0038928158297522652 0.0035230521887298543 -0.001370568912629073 0.0019223640971752101 0.0019413953528648882 0.0012032310237796624 0.00015223230884095544 -0.00061215588581449215 0.0014233361278754436 0.001833836381136105 -0.0010594255714410365 -0.00041494631255331051 0.0007041910131226017 0.0010585850456556203 -0.001615950657557524 5.1650921445342366e-05 0.0010372503456053431 0.002223347898959064 0.001328809194554903 0.0020754167125396168 -0.00026351175297521003 -0.0025869946776617982 0.00028744425639420581 -0.00032388752984965772
leaf_weight=17955 14544 14295 12895 1321 70100 2510 1138 2657 9984 1032 2980 15937 14370 56176 1939 1177 21651 19816 3413 12827 6571 7620 11232 1022 1112 1287 4882 3330 53350 31497
leaf_count=17955 14544 14295 12895 1321 70100 2510 1138 2657 9984 1032 2980 15937 14370 56176 1939 1177 21651 19816 3413 12827 6571 7620 11232 1022 1112 1287 4882 3330 53350 31497
internal_value=1.66238e-05 -4.62225e-05 -0.000133311 0.000762504 -0.000200002 -0.000243572 0.000866873 0.00139726 -0.00109343 -0.00141604 0.00061857 0.00076527 -0.000197016 -0.000320973 -0.000389408 -0.000445901 -0.00091025 -0.000346297 -4.90683e-05 0.000142798 -0.000822817 0.00068333 0.000595214 0.000289751 0.00287567 0.000511155 0.000216007 -0.00167481 -7.48153e-05 6.0505e-05
internal_weight=420620 402307 367277 25448 341829 324554 35030 18313 16856 14346 17275 33892 307698 152751 137359 129251 22828 106423 50247 40263 9984 20447 24127 15392 3769 8108 6821 13314 154947 84847
internal_count=420620 402307 367277 25448 341829 324554 35030 18313 16856 14346 17275 33892 307698 152751 137359 129251 22828 106423 50247 40263 9984 20447 24127 15392 3769 8108 6821 13314 154947 84847
is_linear=0
shrinkage=0.08


Tree=30
num_leaves=31
num_cat=0
split_feature=1 1 2 3 2 1 1 2 2 3 3 2 1 1 3 2 2 3 2 2 3 1 1 3 1 1 3 3 1 1
split_gain=4.71088 4.33476 2.00526 2.51465 1.71032 1.37981 1.19834 1.03753 0.968973 0.874922 0.627251 0.605877 0.602389 0.823357 0.752435 0.985489 0.568201 0.817117 0.536319 0.533636 0.502331 0.470087 0.392849 1.29119 0.737749 0.35998 0.342342 0.305388 1.33397 0.658532
threshold=1.3184800148010256 -1.1961200237274168 2.5000000000000004 1.5000000000000002 1.5000000000000002 0.87480500340461742 -2.1166150569915767 1.0000000180025095e-35 1.0000000180025095e-35 1.5000000000000002 1.0000000180025095e-35 1.0000000180025095e-35 0.44698999822139746 -0.048845000565052026 1.5000000000000002 2.5000000000000004 2.5000000000000004 1.5000000000000002 1.0000000180025095e-35 1.0000000180025095e-35 1.5000000000000002 1.7959049940109255 -0.22119500488042829 1.0000000180025095e-35 0.29242499172687536 2.5474849939346318 1.0000000180025095e-35 1.0000000180025095e-35 -0.91800001263618458 -0.56571999192237843
decision_type=2 2 2 2 2 2 2 2 2 2 2 2 2 2 2 2 2 2 2 2 2 2 2 2 2 2 2 2 2 2
left_child=1 2 3 7 21 8 18 10 22 -6 -1 -8 13 27 -15 -16 17 19 -5 -7 -14 -2 -3 -24 -25 -23 -9 28 -10 -29
right_child=4 5 -4 6 9 16 11 26 12 -11 -12 -13 20 14 15 -17 -18 -19 -20 -21 -22 25 23 24 -26 -27 -28 29 -30 -31
leaf_value=0.00081845924170219852 0.00046282326066841476 -0.00020647999104230169 0.0026277193980714848 -0.00011381374530071168 0.0010293311053110417 0.00021114574913069667 -0.0010687191730639769 0.0017723907371107581 0.0012349914408366443 0.0033650825889723884 3.6540571379916247e-05 -0.00016090087902207896 -0.00041121976757271252 -0.00029675127531659368 0.00069132889370876829 -0.00089187550234462497 0.0019276999530132713 -0.00047856258766767605 0.0014252486761276823 0.0010911731432476743 -0.0011568319385036482 0.0016193136922555364 -0.00023119276698515038 0.0008070804542234225 2.114720677631318e-06 0.00014099488453126331 0.0010123760582354386 -0.000741813907399552 -0.00045689149041825908 -0.00026114463420786466
leaf_weight=16364 10507 72627 2741 2404 1580 11054 7044 6373 3639 2929 10966 14170 13244 22374 14055 3065 1432 6546 3648 7337 10265 5283 41305 16914 12802 1317 9370 36770 16533 36201
leaf_count=16364 10507 72627 2741 2404 1580 11054 7044 6373 3639 2929 10966 14170 13244 22374 14055 3065 1432 6546 3648 7337 10265 5283 41305 16914 12802 1317 9370 36770 16533 36201
internal_value=1.0252e-05 -5.20271e-05 0.000504866 0.000422142 0.00116053 -0.000176804 -0.000179063 0.000802716 -0.000225604 0.00254661 0.000504719 -0.000462337 -0.000363553 -0.000297401 8.69793e-06 0.000407887 0.00037801 0.000289019 0.000813896 0.000562228 -0.000736785 0.000795195 -7.5653e-05 5.81323e-05 0.000460292 0.00132432 0.00132004 -0.000427191 -0.000151678 -0.000503353
internal_weight=420859 399243 73080 70339 21616 326163 27266 43073 299794 4509 27330 21214 156146 132637 39494 17120 26369 24937 6052 18391 23509 17107 143648 71021 29716 6600 15743 93143 20172 72971
internal_count=420859 399243 73080 70339 21616 326163 27266 43073 299794 4509 27330 21214 156146 132637 39494 17120 26369 24937 6052 18391 23509 17107 143648 71021 29716 6600 15743 93143 20172 72971
is_linear=0
shrinkage=0.08


Tree=31
num_leaves=31
num_cat=0
split_feature=1 1 0 0 1 0 1 1 3 0 0 1 1 0 3 1 3 3 0 1 1 0 3 0 1 3 0 1 0 1
split_gain=4.43592 3.7442 3.00927 1.81952 0.849604 1.14727 2.4958 1.66242 2.4557 5.63107 5.00399 3.17484 2.16597 1.35493 1.0279 0.857225 1.40374 1.10313 1.90169 1.82321 0.834613 2.50812 3.65967 2.35669 1.37334 1.02632 0.822136 0.820146 0.761517 2.11506
threshold=1.4073449969291689 -1.5356950163841245 3.4800549745559697 0.28945000469684606 0.9855649769306184 2.5537600517272954 -0.99174499511718739 -0.21179499477148053 1.5000000000000002 2.0706549882888798 1.5585249662399294 -0.73833999037742604 -1.0825649499893186 3.0576651096343999 1.0000000180025095e-35 0.34965500235557562 1.5000000000000002 1.5000000000000002 3.1450550556182866 -0.54500499367713917 0.3613049983978272 2.1296250820159917 1.5000000000000002 1.4771749973297121 0.18228500336408618 1.0000000180025095e-35 2.3894050121307377 0.79767498373985302 1.6026250123977663 -0.58586001396179188
decision_type=2 2 2 2 2 2 2 2 2 2 2 2 2 2 2 2 2 2 2 2 2 2 2 2 2 2 2 2 2 2
left_child=1 -1 3 -3 5 7 13 8 10 28 14 -11 -12 -7 -5 17 27 -8 19 -19 21 -9 25 -22 26 -23 -24 -17 -10 -30
right_child=-2 2 -4 4 -6 6 15 20 9 11 12 -13 -14 -15 -16 16 -18 18 -20 -21 23 22 24 -25 -26 -27 -28 -29 29 -31
leaf_value=0.00065705391114939129 0.0012126614043011705 0.00072248477935099326 0.0006521940011569383 0.00095800663160555775 0.00030754151734191371 0.00017765683780480662 -0.00073016723747493153 -8.1188886226708781e-05 -0.0016173373548089788 -0.00062786698822176606 0.00035425109617307252 0.0021898097902034782 -0.00091066642559697224 0.0025911627722104537 0.00013254811425078184 -0.0010467036142902319 -0.0022068848269212243 -0.0011055147832130699 -0.0016015036388353097 0.0013177227944174514 0.00097315374216937428 -0.00026856309658461849 0.0029081249442247494 -0.00061186522258409965 0.00079051681480379226 0.0011965214037870876 0.0055263753329538494 0.0002932057100550002 -0.0015784627379763327 0.00071479885723759113
leaf_weight=41769 18325 12872 28088 20167 16722 5205 36215 39926 22493 5073 11015 5165 40588 2085 18522 12354 5521 2727 3117 7324 7853 7035 2061 25493 1276 5416 1223 3830 7782 3846
leaf_count=41769 18325 12872 28088 20167 16722 5205 36215 39926 22493 5073 11015 5165 40588 2085 18522 12354 5521 2727 3117 7324 7853 7035 2061 25493 1276 5416 1223 3830 7782 3846
internal_value=-4.64073e-06 -6.00258e-05 -0.000142996 -0.000210088 -0.000247597 -0.000278202 -0.000541779 -0.000186359 -0.000364445 -0.000851869 -0.000124982 0.000793631 -0.000640661 0.000867939 0.000562826 -0.000686344 -0.00110538 -0.000502169 0.000124877 0.000660259 7.92449e-05 0.000265391 0.00107884 -0.000238592 0.00301779 0.000368727 0.00388319 -0.000729609 -0.0013456 -0.000819959
internal_weight=421088 402763 360994 332906 320034 303312 78378 224934 134651 44359 90292 10238 51603 7290 38689 71088 21705 49383 13168 10051 90283 56937 17011 33346 4560 12451 3284 16184 34121 11628
internal_count=421088 402763 360994 332906 320034 303312 78378 224934 134651 44359 90292 10238 51603 7290 38689 71088 21705 49383 13168 10051 90283 56937 17011 33346 4560 12451 3284 16184 34121 11628
is_linear=0
shrinkage=0.08


Tree=32
num_leaves=31
num_cat=0
split_feature=1 1 2 2 3 1 3 2 2 2 1 3 1 1 3 2 3 1 1 1 3 2 1 2 3 1 3 3 1 1
split_gain=3.52238 3.34092 1.51962 1.26873 0.852989 0.73532 2.36289 1.16809 0.844363 0.696002 0.678005 1.01559 0.705329 0.574973 0.536187 0.534477 0.528921 0.482816 0.464006 0.460376 0.422143 0.417366 0.39136 0.358078 0.331739 0.326359 0.36123 0.301827 0.294407 0.461819
threshold=1.0623149871826174 -1.633090019226074 1.5000000000000002 2.5000000000000004 1.5000000000000002 -1.029929995536804 1.5000000000000002 1.5000000000000002 1.5000000000000002 1.0000000180025095e-35 -0.50727000832557667 1.0000000180025095e-35 0.59832498431205761 1.9073150157928469 1.0000000180025095e-35 2.5000000000000004 1.0000000180025095e-35 -2.0602149963378902 -0.78155499696731556 2.5474849939346318 1.5000000000000002 1.0000000180025095e-35 0.85454499721527111 1.0000000180025095e-35 1.5000000000000002 0.87480500340461742 1.5000000000000002 1.0000000180025095e-35 -0.058495000004768365 -0.010024999734014271
decision_type=2 2 2 2 2 2 2 2 2 2 2 2 2 2 2 2 2 2 2 2 2 2 2 2 2 2 2 2 2 2
left_child=1 3 13 4 21 6 7 16 10 -6 14 22 20 23 18 -4 -3 -11 -7 -15 28 -1 -12 27 -25 -10 -27 -2 -13 -30
right_child=2 5 15 -5 9 8 -8 -9 25 17 11 12 -14 19 -16 -17 -18 -19 -20 -21 -22 -23 -24 24 -26 26 -28 -29 29 -31
leaf_value=0.00065419220238708566 0.00037463681421776528 0.00063336852009657999 0.0014017524110871923 0.0032731146704882918 -0.00062106752048485248 0.00028953016859943755 -0.00055751425466832544 0.0018564114911600435 -0.00050366428059403555 0.0011799976316502136 -0.00030068322645100996 -0.00013320178887191983 -0.00033346197030693892 0.0016789564918383837 -0.00054947779374874819 0.0029820331764617361 -1.036008544269303e-05 7.3920621012815177e-07 -0.00036895565727695207 -4.3919117068956265e-05 0.00048724179000794802 0.001424638872055631 0.00039632720901475323 0.0010605027197499218 1.4662712437441711e-05 0.0015432001409573814 -0.00033668795917339198 -0.00039941947455232884 0.0014038374081037947 0.00017258870049543617
leaf_weight=12735 7885 18741 5464 1163 5225 12090 21192 3672 57467 4100 73238 20051 16301 3966 36469 1828 14481 4851 15798 1324 28753 6959 5546 5891 2895 1063 1701 5454 2138 22133
leaf_count=12735 7885 18741 5464 1163 5225 12090 21192 3672 57467 4100 73238 20051 16301 3966 36469 1828 14481 4851 15798 1324 28753 6959 5546 5891 2895 1063 1701 5454 2138 22133
internal_value=-4.66257e-07 -6.99009e-05 0.000771498 0.00067503 0.000585819 -0.000144287 0.000115722 0.000502431 -0.000195877 0.00011262 -0.000126727 -4.22159e-05 0.000142369 0.000498488 -0.00034755 0.00179791 0.000352776 0.000540898 -8.3489e-05 0.00124775 0.000248514 0.000926434 -0.000251617 0.000319342 0.000715897 -0.000462824 0.000386294 5.81436e-05 9.36438e-05 0.000281048
internal_weight=420574 385867 34707 35033 33870 350834 58086 36894 292748 14176 232517 168160 89376 27415 64357 7292 33222 8951 27888 5290 73075 19694 78784 22125 8786 60231 2764 13339 44322 24271
internal_count=420574 385867 34707 35033 33870 350834 58086 36894 292748 14176 232517 168160 89376 27415 64357 7292 33222 8951 27888 5290 73075 19694 78784 22125 8786 60231 2764 13339 44322 24271
is_linear=0
shrinkage=0.08


Tree=33
num_leaves=31
num_cat=0
split_feature=0 2 0 0 2 3 0 3 2 2 3 2 3 0 2 3 3 0 0 3 0 2 2 0 0 2 2 2 0 2
split_gain=3.31995 2.04186 2.02061 1.00609 0.971484 0.786293 0.563966 5.76067 1.21448 0.915125 0.789718 0.568405 0.541541 0.727881 0.514482 0.54801 0.502919 3.49508 1.16941 0.704421 0.61876 0.63762 0.612096 0.542937 0.473739 0.41838 0.413093 0.357566 0.306088 0.305906
threshold=3.3771350383758549 2.5000000000000004 0.49032500386238104 3.7580599784851079 1.5000000000000002 1.5000000000000002 1.2187950015068056 1.5000000000000002 1.5000000000000002 2.5000000000000004 1.0000000180025095e-35 1.5000000000000002 1.5000000000000002 1.8937050104141238 1.5000000000000002 1.5000000000000002 1.5000000000000002 1.7117500305175783 1.592010021209717 1.0000000180025095e-35 2.9307301044464116 1.0000000180025095e-35 1.5000000000000002 1.9626049995422366 1.274639964103699 1.0000000180025095e-35 1.5000000000000002 1.5000000000000002 2.2072451114654545 1.0000000180025095e-35
decision_type=2 2 2 2 2 2 2 2 2 2 2 2 2 2 2 2 2 2 2 2 2 2 2 2 2 2 2 2 2 2
left_child=2 14 4 -3 5 -1 7 8 10 16 -4 -9 13 -11 15 25 18 24 19 -8 21 28 -20 -23 -18 -2 -26 -21 -19 -7
right_child=1 3 6 -5 -6 29 9 11 -10 12 -12 -13 -14 -15 -16 -17 17 20 22 27 -22 23 -24 -25 26 -27 -28 -29 -30 -31
leaf_value=0.0007543599405281608 0.00035227621924778572 0.0013437791706211798 0.0009371311497452209 0.0047881550194449644 0.0016377567583011829 -0.00068642945153240642 0.00058690661483548677 -0.0012037937046702157 0.002105653055902719 0.0018085977371671584 0.00013974917524402667 -0.00034211673810368803 -0.0010518774836554927 -0.00065473309165132445 0.0012031866168430488 -0.00029483073036228817 -0.0020076922235580078 0.00054885771906189079 -0.0002458688467143384 -0.00031889311019141464 -0.00025553975029637673 -0.00027418937890045657 -0.00076484669230066061 0.00046193145196701531 -0.00049173765082325066 0.0010297293371413043 -0.0013192752457562565 0.00084031295917015906 0.0013466531745833213 0.00023367986355682626
leaf_weight=13547 18585 1088 17143 1083 4621 4389 16909 14788 3661 1079 14822 7327 11531 2661 6308 5752 2097 5996 153228 12988 9161 8340 16070 27747 12935 8504 5503 1960 6324 4888
leaf_count=13547 18585 1088 17143 1083 4621 4389 16909 14788 3661 1079 14822 7327 11531 2661 6308 5752 2097 5996 153228 12988 9161 8340 16070 27747 12935 8504 5503 1960 6324 4888
internal_value=-7.10318e-06 0.000673894 -8.12083e-05 0.003062 0.000579955 0.000365791 -0.000132719 9.58938e-05 0.000725464 -0.000177537 0.000567389 -0.000918308 -0.000780562 5.59444e-05 0.000541462 0.00041436 -0.000144561 2.77317e-05 -0.000211458 0.000233206 0.000347357 0.000461455 -0.000295131 0.000291808 -0.000868309 0.000564948 -0.000738724 -0.000166897 0.000958375 -0.000201629
internal_weight=421035 41320 379715 2171 27445 22824 352270 57741 35626 294529 31965 22115 15271 3740 39149 32841 279258 78103 201155 31857 57568 48407 169298 36087 20535 27089 18438 14948 12320 9277
internal_count=421035 41320 379715 2171 27445 22824 352270 57741 35626 294529 31965 22115 15271 3740 39149 32841 279258 78103 201155 31857 57568 48407 169298 36087 20535 27089 18438 14948 12320 9277
is_linear=0
shrinkage=0.08


Tree=34
num_leaves=31
num_cat=0
split_feature=1 1 2 2 3 1 2 1 3 3 2 3 1 2 2 2 1 1 1 3 3 2 2 1 1 3 1 3 1 1
split_gain=3.22741 2.55689 1.09832 0.959249 0.998569 0.794494 0.615274 1.07275 1.4194 0.571965 0.532334 0.514188 0.514008 0.478271 0.337713 0.335925 0.354098 0.317651 0.384289 0.65374 0.316786 0.312054 0.281906 0.690022 0.26929 0.840042 0.402262 0.347537 0.643341 0.460437
threshold=1.279415011405945 -1.5131099820137022 1.5000000000000002 1.5000000000000002 1.0000000180025095e-35 0.83483499288558971 1.0000000180025095e-35 -1.1386899948120115 1.5000000000000002 1.5000000000000002 1.0000000180025095e-35 1.5000000000000002 -2.1792600154876705 2.5000000000000004 1.5000000000000002 1.0000000180025095e-35 1.7959049940109255 0.44698999822139746 -0.19260499626398084 1.5000000000000002 1.5000000000000002 1.5000000000000002 2.5000000000000004 0.2476649954915047 -0.28711500763893122 1.0000000180025095e-35 0.2476649954915047 1.0000000180025095e-35 -0.81524500250816334 -0.55522501468658436
decision_type=2 2 2 2 2 2 2 2 2 2 2 2 2 2 2 2 2 2 2 2 2 2 2 2 2 2 2 2 2 2
left_child=1 3 15 4 -1 6 24 8 21 14 -6 -4 -5 -11 -7 16 -2 18 -9 -20 -17 -8 -21 -24 27 -26 -27 28 -3 -29
right_child=2 5 11 12 10 9 7 17 -10 13 -12 -13 -14 -15 -16 20 -18 -19 19 22 -22 -23 23 -25 25 26 -28 29 -30 -31
leaf_value=0.00092941178402077516 9.587651957973222e-06 0.0003371812432817554 0.0008472186123451704 0.0025244297148596931 -0.00031121952293913509 0.00038444377947536592 0.00074624872913657536 -0.00041353260513773922 -0.00038398254638700064 -0.00053967878383211437 0.0004463829476424877 0.0025748859856743957 0.00096656637742674825 0.0012205654362581022 0.0014135472636121124 0.0014289992616189199 0.00094831282187952601 -0.00062953877207818038 -0.00038088148061255969 0.00032014095965943076 0.0003180890910590529 0.0018305132873960355 0.0002340311212115646 -0.0020764343133958816 -0.00017456731164489038 0.00061319359106079194 3.4009750514099245e-05 -0.0004923665053247851 -0.00028478311721415373 0.00013836405245270424
leaf_weight=12338 7167 19601 1691 1799 12701 17573 6647 76769 9431 7008 11144 3168 5498 1150 2309 4755 4011 21814 29587 18757 2510 2282 2961 1148 43718 18106 13321 28919 23291 9958
leaf_count=12338 7167 19601 1691 1799 12701 17573 6647 76769 9431 7008 11144 3168 5498 1150 2309 4755 4011 21814 29587 18757 2510 2282 2961 1148 43718 18106 13321 28919 23291 9958
internal_value=-1.14874e-05 -6.50863e-05 0.000903595 0.000513901 0.000345156 -0.00013613 -0.000171245 -0.000276973 0.000300447 0.000272514 4.28472e-05 0.00197363 0.00135064 -0.000291544 0.000503959 0.000621683 0.00034643 -0.000347164 -0.000299496 -0.000132596 0.00104519 0.00102336 0.000188669 -0.000411482 -5.71072e-05 5.22163e-05 0.000367694 -0.000157575 -5.54743e-07 -0.00033081
internal_weight=421132 397830 23302 43480 36183 354350 326310 169396 18360 28040 23845 4859 7297 8158 19882 18443 11178 151036 129222 52453 7265 8929 22866 4109 156914 75145 31427 81769 42892 38877
internal_count=421132 397830 23302 43480 36183 354350 326310 169396 18360 28040 23845 4859 7297 8158 19882 18443 11178 151036 129222 52453 7265 8929 22866 4109 156914 75145 31427 81769 42892 38877
is_linear=0
shrinkage=0.08


Tree=35
num_leaves=31
num_cat=0
split_feature=0 0 2 3 2 0 0 0 2 0 3 2 3 2 0 3 0 3 0 0 0 0 3 0 0 3 0 0 3 0
split_gain=2.64723 2.06497 2.44974 2.33679 1.41711 1.35986 0.948022 0.72881 0.720991 0.70933 1.9268 0.623354 0.40926 0.615765 0.331818 0.494512 0.673542 0.374282 1.12581 0.621921 0.300793 0.271287 0.270499 3.80361 1.24604 0.876027 0.569632 0.4588 0.3635 0.452451
threshold=3.3771350383758549 0.93902999162673961 2.5000000000000004 1.5000000000000002 2.5000000000000004 0.52245500683784496 3.803590059280396 -0.34041000902652735 1.5000000000000002 1.3555600047111513 1.5000000000000002 1.0000000180025095e-35 1.5000000000000002 1.0000000180025095e-35 2.1296250820159917 1.5000000000000002 2.7932350635528569 1.5000000000000002 1.6802250146865847 1.7220399975776675 1.9532350301742556 3.2023100852966313 1.5000000000000002 1.7012050151824953 1.4660949707031252 1.0000000180025095e-35 2.8743100166320805 1.289004981517792 1.0000000180025095e-35 1.7012050151824953
decision_type=2 2 2 2 2 2 2 2 2 2 2 2 2 2 2 2 2 2 2 2 2 2 2 2 2 2 2 2 2 2
left_child=1 2 3 11 12 -4 -6 -5 22 10 -10 -1 13 -2 17 -16 -17 18 -11 -19 -20 -18 24 27 25 -3 -25 -24 29 -26
right_child=4 8 5 7 6 -7 -8 -9 9 14 -12 -13 -14 -15 15 16 21 19 20 -21 -22 -23 23 26 28 -27 -28 -29 -30 -31
leaf_value=0.00043440496775872911 0.00035670249198469222 0.0006780758392569339 0.0051402962092474544 0.00086200053455256153 0.0010541115688067558 0.0011161592839741554 0.0043924261117029694 -0.00052080300417700425 0.0019227252758193909 0.00090053229694028031 -0.00056757425052239737 0.0011593327336333983 3.0629194680102193e-05 0.0011056691794414069 -0.00070745530314170614 0.00027774613996291858 -0.00096057896708911616 -0.00153128465460949 -0.00048132910270937081 -0.00050497391700306694 -0.0016637921216090049 0.00019163030878761953 -0.0012487042560597736 0.00068608521953218216 0.00014484048478920474 -0.00013714059246099398 -0.00012543045767264406 -0.00048760104804788668 -7.9920520011342872e-05 -0.00038650221492103956
leaf_weight=20121 18689 18639 1020 2780 1188 1136 1005 19907 3022 3209 5814 12191 9297 11257 12864 12772 5529 6660 3297 8735 2364 1713 8639 31176 11667 15412 6731 12266 67186 84841
leaf_count=20121 18689 18639 1020 2780 1188 1136 1005 19907 3022 3209 5814 12191 9297 11257 12864 12772 5529 6660 3297 8735 2364 1713 8639 31176 11667 15412 6731 12266 67186 84841
internal_value=-2.27041e-06 -6.85307e-05 0.000374663 0.000270965 0.000604893 0.00301997 0.00258398 -0.000351358 -0.000147067 -0.000382927 0.000284133 0.000707913 0.000494297 0.000638247 -0.000486074 -0.000320461 -7.172e-05 -0.000710474 -0.000296543 -0.000948964 -0.000975119 -0.000688039 -8.64105e-05 6.42156e-05 -0.000131209 0.000309096 0.000541988 -0.000802127 -0.000222799 -0.000322267
internal_weight=421127 379691 57155 54999 41436 2156 2193 22687 322536 65979 8836 32312 39243 29946 57143 32878 20014 24265 8870 15395 5661 7242 256557 58812 197745 34051 37907 20905 163694 96508
internal_count=421127 379691 57155 54999 41436 2156 2193 22687 322536 65979 8836 32312 39243 29946 57143 32878 20014 24265 8870 15395 5661 7242 256557 58812 197745 34051 37907 20905 163694 96508
is_linear=0
shrinkage=0.08


Tree=36
num_leaves=31
num_cat=0
split_feature=0 0 3 2 0 2 2 0 2 0 3 2 3 0 2 3 3 0 0 3 0 0 0 0 0 0 3 0 0 2
split_gain=1.92737 1.41274 2.16116 1.21556 1.0845 1.08104 1.08097 0.88547 0.836959 0.684331 0.402139 0.378532 0.819321 0.837828 0.346801 0.501921 0.312694 2.5869 0.582304 0.730866 0.468779 0.439558 0.269029 0.527903 0.287802 0.25812 0.256187 0.452872 0.293411 0.247536
threshold=3.4005050659179692 1.0965049862861636 1.5000000000000002 2.5000000000000004 0.69884499907493602 1.5000000000000002 2.5000000000000004 3.803590059280396 1.0000000180025095e-35 -0.20289999991655347 1.0000000180025095e-35 2.5000000000000004 1.5000000000000002 1.7839150428771975 1.0000000180025095e-35 1.5000000000000002 1.5000000000000002 1.4660949707031252 1.5697799921035769 1.0000000180025095e-35 3.1631100177764897 1.922779977321625 2.09111499786377 2.6815750598907475 3.0412049293518071 4.0911300182342538 1.0000000180025095e-35 1.8240849971771242 1.7743250131607058 1.5000000000000002
decision_type=2 2 2 2 2 2 2 2 2 2 2 2 2 2 2 2 2 2 2 2 2 2 2 2 2 2 2 2 2 2
left_child=1 2 8 9 -5 16 14 -8 10 -4 -1 -7 13 -13 -2 -16 18 -18 19 -3 21 -19 -14 -24 -25 -17 28 -28 -20 -10
right_child=6 5 3 4 -6 11 7 -9 29 -11 -12 12 22 -15 15 25 17 20 26 -21 -22 -23 23 24 -26 -27 27 -29 -30 -31
leaf_value=0.00062393944679453161 0.00020873309950516106 0.00053318771505592492 0.00063101761720455579 0.0033936478166821751 -0.00019995955721134961 -0.00030430267191628477 0.00072098666698568409 0.0040229439815718257 0.00090567724521975013 -0.00054759182570166193 -1.9151507034572358e-05 0.0022403004329507462 -0.0014898717530430689 -0.00043628115085215353 0.0010363114162100526 -0.00014710693181595741 -0.0010423701266298357 7.5563228821139467e-05 0.00014458376379495713 -0.00020799287376303301 -0.0006622306486601527 0.00062055214751523789 -8.69662485981116e-05 -0.0021819912474139724 -0.00059281556840240957 0.00092041002542345986 -0.00051888926987727539 5.5891793526534667e-05 -0.00029904222643809729 0.0016215470940371002
leaf_weight=14803 19961 19020 3629 1066 1084 47079 1080 1002 12319 24031 10737 1008 5529 2907 10801 4938 10043 14158 10805 15416 2620 28614 3641 1751 1250 2052 10502 53289 81604 4127
leaf_count=14803 19961 19020 3629 1066 1084 47079 1080 1002 12319 24031 10737 1008 5529 2907 10801 4938 10043 14158 10805 15416 2620 28614 3641 1751 1250 2052 10502 53289 81604 4127
internal_value=6.0272e-06 -4.93266e-05 0.000270368 -0.000250531 0.0015818 -0.000123551 0.000535513 0.00231011 0.000640206 -0.000392958 0.000353584 -0.000418778 -0.000753816 0.000252862 0.000437645 0.000694478 -4.77676e-05 0.000119468 -9.63982e-05 0.000201383 0.000376526 0.000440155 -0.00107763 -0.000734467 -0.00152006 0.000166276 -0.000162047 -3.87352e-05 -0.000247171 0.00108532
internal_weight=420866 381032 71796 29810 2150 309236 39834 2082 41986 27660 25540 63165 16086 3915 37752 17791 246071 55435 190636 34436 45392 42772 12171 6642 3001 6990 156200 63791 92409 16446
internal_count=420866 381032 71796 29810 2150 309236 39834 2082 41986 27660 25540 63165 16086 3915 37752 17791 246071 55435 190636 34436 45392 42772 12171 6642 3001 6990 156200 63791 92409 16446
is_linear=0
shrinkage=0.08


Tree=37
num_leaves=31
num_cat=0
split_feature=1 1 0 0 0 1 0 0 3 1 0 3 0 0 1 1 0 3 0 3 0 3 1 0 1 0 3 0 1 3
split_gain=2.48352 2.58399 1.81604 1.15817 0.938518 0.767312 1.49795 1.42911 1.228 0.731207 2.77738 2.65326 1.83277 1.20009 1.36207 1.09287 2.26255 6.00918 2.26247 1.55449 1.65663 1.40488 0.939126 0.616943 0.609306 0.580206 4.53159 0.645475 1.68823 2.88586
threshold=1.4073449969291689 -1.7140649557113645 3.9011600017547612 1.0000000180025095e-35 4.3845651149749765 0.87480500340461742 3.1268450021743779 1.8640949726104739 1.5000000000000002 -1.029929995536804 2.9938499927520756 1.5000000000000002 1.045634984970093 2.8068499565124516 -0.30637000501155848 0.59832498431205761 1.754070043563843 1.5000000000000002 1.6254049539566042 1.0000000180025095e-35 1.3933550119400027 1.0000000180025095e-35 -0.89442500472068776 2.7549300193786626 0.9855649769306184 1.2187950015068056 1.5000000000000002 2.1976850032806401 -0.77027499675750721 1.5000000000000002
decision_type=2 2 2 2 2 2 2 2 2 2 2 2 2 2 2 2 2 2 2 2 2 2 2 2 2 2 2 2 2 2
left_child=1 -1 3 -3 23 9 7 -7 -9 10 11 -5 -13 14 25 16 19 21 -17 20 -16 -18 -15 -2 -10 26 -11 -27 -29 -30
right_child=4 2 -4 5 -6 6 -8 8 24 13 -12 12 -14 22 15 18 17 -19 -20 -21 -22 -23 -24 -25 -26 27 -28 28 29 -31
leaf_value=0.0006682324073141176 0.00053995535714335585 0.00082976407612969508 0.00084188497362691129 0.00034462304717877929 -0.00070562200401635728 0.0010460447187120073 0.001314306815310273 -3.0274431082290061e-05 -0.0032358111789151634 0.000817539647390356 0.0023072857039280205 0.00043684356201237231 -0.0012675953111091856 0.0011282926261036229 0.0011673568357919749 0.0010542260859786161 -0.00045447742947236588 0.0017277337148447012 -0.0011224914672659304 -0.00071855786101806011 -0.00062575537873891488 0.00045280054582916464 -0.00064038745809585993 0.0015391034027057177 -0.0010614572757198478 -0.00067189643122421904 -0.0014846891625330653 -0.0011885217396071265 -0.00038366608096855815 0.0019088238201348921
leaf_weight=30227 6870 7808 12634 35904 2040 5257 6497 10460 1136 14721 3336 5564 14718 1993 7221 4068 24938 16585 12285 25506 6069 19436 53439 9322 3011 46680 8709 7276 12453 4896
leaf_count=30227 6870 7808 12634 35904 2040 5257 6497 10460 1136 14721 3336 5564 14718 1993 7221 4068 24938 16585 12285 25506 6069 19436 53439 9322 3011 46680 8709 7276 12453 4896
internal_value=-1.81046e-06 -4.31447e-05 -0.000100855 -0.000133943 0.000911449 -0.00015531 0.000259835 -8.50555e-05 -0.000492134 -0.0001889 6.45909e-05 -6.85673e-05 -0.000800013 -0.000245565 -0.000158482 2.51865e-05 0.000124561 0.000428507 -0.000581008 -0.00035302 0.000348516 -5.70858e-05 -0.000576796 0.00111518 -0.00165708 -0.000383587 -3.82056e-05 -0.000497076 -0.00016568 0.000263289
internal_weight=421059 402827 372600 359966 18232 352158 26361 19864 14607 325797 59522 56186 20282 266275 210843 116108 99755 60959 16353 38796 13290 44374 55432 16192 4147 94735 23430 71305 24625 17349
internal_count=421059 402827 372600 359966 18232 352158 26361 19864 14607 325797 59522 56186 20282 266275 210843 116108 99755 60959 16353 38796 13290 44374 55432 16192 4147 94735 23430 71305 24625 17349
is_linear=0
shrinkage=0.08


Tree=38
num_leaves=31
num_cat=0
split_feature=1 1 0 2 0 0 2 0 1 2 2 1 0 2 0 0 1 1 0 1 1 0 0 1 0 1 1 1 0 1
split_gain=1.76769 1.71406 1.58986 1.442 1.05134 0.883732 0.900116 0.811352 0.737658 0.706243 0.546412 0.541399 2.28408 1.06475 2.06311 0.940841 1.07649 1.01853 0.984649 3.60257 1.56179 0.874438 0.731586 0.788075 0.728842 1.48257 0.692915 0.634397 0.584103 0.558095
threshold=1.5049049854278567 -1.846029996871948 3.8518650531768803 1.5000000000000002 1.0000000180025095e-35 4.2735400199890146 1.5000000000000002 3.1268450021743779 1.0623149871826174 1.5000000000000002 1.5000000000000002 -1.029929995536804 2.9938499927520756 2.5000000000000004 1.18901002407074 2.8599900007247929 0.83483499288558971 -0.57613500952720631 1.7330700159072878 0.48443499207496649 0.48443499207496649 1.6585099697113039 3.3536950349807744 0.43486499786376959 2.1390650272369389 0.21464500576257708 -0.11698500066995619 -0.43033500015735621 3.1268450021743779 -0.82583001255989064
decision_type=2 2 2 2 2 2 2 2 2 2 2 2 2 2 2 2 2 2 2 2 2 2 2 2 2 2 2 2 2 2
left_child=1 9 4 -4 10 6 7 -2 11 -1 -3 12 -6 15 -15 17 29 21 20 24 -19 -13 23 27 26 -26 -20 -16 -18 -17
right_child=5 2 3 -5 8 -7 -8 -9 -10 -11 -12 13 -14 14 22 16 28 18 19 -21 -22 -23 -24 -25 25 -27 -28 -29 -30 -31
leaf_value=0.00044143053573571006 0.00017985465135741653 0.00050158544242189093 0.00035367208189380155 0.0023557112462059548 -5.4650588706783063e-05 -0.00068553789028793404 0.0024099308876780762 0.0016243075613148728 0.00039005037511631336 0.0016418102246327506 0.0022665652612349325 -4.2909775528279723e-05 0.0020666183407366369 0.0016976326109209366 -0.0019290982046355008 0.00054165966893200354 -0.00050212025372501257 -0.00042143970227874575 -0.00029633798311809359 -0.00071180368304446843 0.00070538438812075351 -0.00068161348416206902 0.00086053960752587087 -0.0026564196073436091 0.0008789099683645643 -0.00018553031174728006 0.00050068403774467278 -0.00056111231377237733 0.0013583242906482068 -0.0006578603311786183
leaf_weight=19783 6215 6919 11694 2867 62085 2068 2652 4151 16959 3728 1340 25701 3428 1771 3394 2633 1693 49521 13499 22666 9360 29425 1003 2485 36065 10907 14458 6014 2983 43403
leaf_count=19783 6215 6919 11694 2867 62085 2068 2652 4151 16959 3728 1340 25701 3428 1771 3394 2633 1693 49521 13499 22666 9360 29425 1003 2485 36065 10907 14458 6014 2983 43403
internal_value=3.90599e-07 -3.12219e-05 -7.19979e-05 0.000747865 -0.000104464 0.000850705 0.00109475 0.000758277 -0.000124968 0.000631768 0.000787949 -0.00015047 5.63459e-05 -0.000199387 -0.000862717 -0.000162298 -0.000471784 -8.81269e-05 1.60502e-05 0.000171927 -0.000242314 -0.000383835 -0.00121433 -0.00138931 0.000439255 0.000631745 0.000115843 -0.00105462 0.000684729 -0.000589255
internal_weight=420870 405784 382273 14561 367712 15086 13018 10366 359453 23511 8259 342494 65513 276981 14667 262314 50712 211602 156476 97595 58881 55126 12896 11893 74929 46972 27957 9408 4676 46036
internal_count=420870 405784 382273 14561 367712 15086 13018 10366 359453 23511 8259 342494 65513 276981 14667 262314 50712 211602 156476 97595 58881 55126 12896 11893 74929 46972 27957 9408 4676 46036
is_linear=0
shrinkage=0.08


Tree=39
num_leaves=31
num_cat=0
split_feature=0 2 0 2 3 0 0 2 2 3 2 0 0 2 3 3 2 3 2 0 0 0 2 2 3 0 0 0 0 0
split_gain=1.83263 1.25451 1.01812 0.662757 0.430012 2.77954 2.65164 1.52523 1.3378 0.91163 0.597213 0.480115 0.407889 0.328247 0.3976 0.320743 0.287815 0.351216 0.287066 0.269923 0.258984 0.725441 0.217856 0.21362 0.198713 0.246672 0.215602 0.244159 0.206376 0.18928
threshold=3.3771350383758549 2.5000000000000004 0.28945000469684606 1.5000000000000002 1.5000000000000002 1.4660949707031252 1.6476950049400332 1.5000000000000002 2.5000000000000004 1.0000000180025095e-35 1.0000000180025095e-35 3.1450550556182866 3.7580599784851079 2.5000000000000004 1.0000000180025095e-35 1.5000000000000002 1.5000000000000002 1.0000000180025095e-35 1.0000000180025095e-35 1.8540149927139284 2.5537600517272954 2.379024982452393 1.0000000180025095e-35 1.0000000180025095e-35 1.0000000180025095e-35 1.8044949769973757 1.8838700056076052 3.0089449882507329 3.2855800390243535 2.7801799774169926
decision_type=2 2 2 2 2 2 2 2 2 2 2 2 2 2 2 2 2 2 2 2 2 2 2 2 2 2 2 2 2 2
left_child=2 16 3 15 5 7 -6 9 11 23 24 18 -3 14 -9 -1 17 -2 -8 -20 21 -21 -11 -4 25 -7 -26 -28 -27 -10
right_child=1 12 4 -5 6 10 8 13 29 22 -12 -13 -14 -15 -16 -17 -18 -19 19 20 -22 -23 -24 -25 26 28 27 -29 -30 -31
leaf_value=0.00060110724100155403 0.00055423784424020949 0.0012860672126998325 0.00047467497156080968 0.0015532505886682302 -0.00069502932542869398 0.00017689155749196314 0.00060176320129637394 0.0024427631459476972 -0.00058543344855252889 -0.00025001637255005102 -0.00035788105016736099 -0.00059947790241622059 0.0034807919930827974 0.0029492135280332499 0.00091342827523011169 -0.00012345316721269417 0.00089247117590722025 3.2126604468601472e-05 -0.00027925602844325521 0.00019505130325197907 -1.0272797906513601e-05 0.0012925453515430726 0.00023045372209322312 0.00096073077759871309 -0.00023865180744819215 -0.00024048483707678298 0.00030041302329214255 -0.00036537111964793617 0.00056669836713233303 -0.0014085252928023693
leaf_weight=9288 17072 1094 21598 3223 45249 12699 14257 1554 7013 14667 75584 4155 1074 1009 3628 6753 6291 15949 6700 17235 12895 4965 10268 7905 9730 56958 23289 4154 2102 2400
leaf_count=9288 17072 1094 21598 3223 45249 12699 14257 1554 7013 14667 75584 4155 1074 1009 3628 6753 6291 15949 6700 17235 12895 4965 10268 7905 9730 56958 23289 4154 2102 2400
internal_value=-4.99926e-06 0.00049986 -6.02136e-05 0.000506413 -9.05332e-05 -3.06836e-05 -0.00021826 0.000439256 9.16133e-05 0.000303941 -0.000185098 0.000230276 0.00237331 0.0016291 0.00137205 0.000296079 0.000396542 0.00030206 0.000291784 0.000186044 0.000274875 0.000440504 -5.21633e-05 0.000604908 -6.52104e-05 -0.000142978 8.49134e-05 0.000199634 -0.000211756 -0.000795294
internal_weight=420758 41480 379278 19264 360014 245145 114869 60629 69620 54438 184516 60207 2168 6191 5182 16041 39312 33021 56052 41795 35095 22200 24935 29503 108932 71759 37173 27443 59060 9413
internal_count=420758 41480 379278 19264 360014 245145 114869 60629 69620 54438 184516 60207 2168 6191 5182 16041 39312 33021 56052 41795 35095 22200 24935 29503 108932 71759 37173 27443 59060 9413
is_linear=0
shrinkage=0.08


Tree=40
num_leaves=31
num_cat=0
split_feature=1 1 0 0 2 1 0 1 0 0 2 0 2 2 2 0 0 1 1 1 0 0 0 1 0 1 0 1 1 1
split_gain=1.75907 1.79282 1.17241 1.12868 1.0198 0.922865 0.807116 0.732877 1.07297 1.03751 0.9929 1.84816 0.931054 0.698633 0.656488 0.817143 0.608133 0.746625 0.68078 0.895493 1.65953 0.629011 0.591732 1.02301 0.835153 0.823777 1.19853 0.651575 0.623744 0.750156
threshold=1.5049049854278567 -1.1961200237274168 4.0179951190948495 2.7193250656127934 1.5000000000000002 -2.0095150470733638 4.2735400199890146 0.87480500340461742 3.0926699638366704 2.0019650459289555 1.5000000000000002 1.3555600047111513 1.5000000000000002 1.5000000000000002 1.5000000000000002 3.1631100177764897 2.90184497833252 -0.77027499675750721 -0.13632499426603314 0.23696500062942508 1.6476950049400332 2.2174350023269658 3.3536950349807744 0.3613049983978272 2.2468349933624272 -0.28711500763893122 3.1450550556182866 -0.16489500552415845 0.48443499207496649 -0.19260499626398084
decision_type=2 2 2 2 2 2 2 2 2 2 2 2 2 2 2 2 2 2 2 2 2 2 2 2 2 2 2 2 2 2
left_child=1 3 7 5 -4 13 14 10 9 -9 16 -12 -10 -1 15 -2 18 -18 -3 20 -20 -21 23 25 -25 -13 27 -27 29 -24
right_child=6 2 4 -5 -6 -7 -8 8 12 -11 11 22 -14 -15 -16 -17 17 -19 19 21 -22 -23 28 24 -26 26 -28 -29 -30 -31
leaf_value=0.0005370190259309616 0.00022506378830513683 -0.00017137997705661022 0.0003320569566483074 0.0014037580014401683 0.0023469284744944831 6.4901640030601632e-05 -0.00062134624395686138 0.00073404973288706231 0.00056076255558021293 -0.00044965939896861567 0.00040087672765837517 -0.00095305484520884264 0.0026126845095433035 0.0020094595237890606 0.0021903557401497719 0.0016877855295524327 0.00063697282858764291 -0.00050551911715615507 -0.00032158355863443012 0.00014208834468442205 0.00080290765936617023 -0.00049561351459265364 0.0011318188482586501 -0.00061885990944997196 -0.0021941993189787722 0.0010471893261963839 -0.0028113334305687409 -0.00025639123552832657 0.0019210304635262855 -0.0013888707100184728
leaf_weight=13598 6368 114092 8032 5691 2010 51294 2079 7038 6515 14507 12364 18439 1808 2431 2686 3967 4075 36016 12766 23700 24557 17000 1287 3650 5254 3076 1031 12135 1032 1830
leaf_count=13598 6368 114092 8032 5691 2010 51294 2079 7038 6515 14507 12364 18439 1808 2431 2686 3967 4075 36016 12766 23700 24557 17000 1287 3650 5254 3076 1031 12135 1032 1830
internal_value=-5.4142e-06 -3.70061e-05 -0.000115893 0.000321928 0.000735352 0.000230478 0.000842395 -0.000142426 0.000235039 -6.29829e-05 -0.000180995 -0.000470818 0.0010065 0.000760333 0.0010761 0.000786517 -0.000105985 -0.000389392 -4.68436e-05 0.000135264 0.000418285 -0.000124274 -0.000696603 -0.000783508 -0.00154842 -0.000587123 -0.000171693 7.22153e-06 0.000216322 -0.000348086
internal_weight=420328 405228 332214 73014 10042 67323 15100 322172 29868 21545 292304 60098 8323 16029 13021 10335 232206 40091 192115 78023 37323 40700 47734 43585 8904 34681 16242 15211 4149 3117
internal_count=420328 405228 332214 73014 10042 67323 15100 322172 29868 21545 292304 60098 8323 16029 13021 10335 232206 40091 192115 78023 37323 40700 47734 43585 8904 34681 16242 15211 4149 3117
is_linear=0
shrinkage=0.08


Tree=41
num_leaves=31
num_cat=0
split_feature=1 1 0 2 2 2 0 0 2 1 0 2 0 0 1 1 1 1 2 0 1 0 1 0 1 0 0 2 0 1
split_gain=1.31861 1.45652 1.21488 0.963269 0.921543 0.906651 0.770222 0.702971 0.602567 0.437143 1.44701 0.851804 1.4052 0.641189 0.577949 0.494488 0.471416 0.871708 0.449558 0.406383 0.481271 0.362822 0.356429 0.845763 0.571958 1.07153 0.465281 0.528692 0.418901 1.16518
threshold=-1.7440350055694578 1.3184800148010256 4.0179951190948495 1.5000000000000002 1.5000000000000002 1.5000000000000002 1.0000000180025095e-35 3.5367751121521001 1.5000000000000002 -1.0963900089263914 2.90184497833252 2.5000000000000004 1.429545044898987 3.1268450021743779 0.3613049983978272 -0.12706499546766278 0.43486499786376959 -0.26767499744892115 1.0000000180025095e-35 4.7305948734283456 2.0427049398422246 3.1631100177764897 -0.17487499862909314 2.5644600391387944 0.83483499288558971 2.9460799694061284 2.1976850032806401 1.5000000000000002 2.9160000085830693 0.49802500009536749
decision_type=2 2 2 2 2 2 2 2 2 2 2 2 2 2 2 2 2 2 2 2 2 2 2 2 2 2 2 2 2 2
left_child=5 2 6 -4 19 -1 8 -6 -2 10 -8 22 15 16 -15 -13 17 -14 -12 20 21 -3 26 -24 28 -26 27 -11 29 -25
right_child=1 4 3 -5 7 -7 9 -9 -10 11 18 12 13 14 -16 -17 -18 -19 -20 -21 -22 -23 23 24 25 -27 -28 -29 -30 -31
leaf_value=0.00031259381540858528 0.00036075744722946891 -0.00014748168467901317 0.000402769094022052 0.0024190049389446362 0.0022609110616998458 0.0015307853829738365 -3.1128479129273844e-05 8.9282266473941169e-05 0.0022513965120657562 -0.00025839555171976945 0.00077950185899318858 8.3346809181295887e-05 -0.0018955020790070948 -0.0010661164117657666 0.0015620056060783797 0.0022600086740054677 -0.002311525265475243 -0.00024189053501893636 0.002559990956702618 -0.0012048805029106684 0.0012443064858941681 0.00073563478969562225 0.00010372267558088719 0.00027708943392685555 -0.0008188424054589974 0.00070528007787527174 -3.7801067674772707e-05 -0.00080980551321318205 -0.00060732446171255091 -0.0011727439274977017
leaf_weight=23951 6618 7852 7625 1893 3147 4673 49276 1369 1289 70423 1919 1939 4036 1149 1003 1019 2519 4126 1722 1052 3526 4796 90507 13145 4494 8605 50390 13217 28441 4859
leaf_count=23951 6618 7852 7625 1893 3147 4673 49276 1369 1289 70423 1919 1939 4036 1149 1003 1019 2519 4126 1722 1052 3526 4796 90507 13145 4494 8605 50390 13217 28441 4859
internal_value=-1.27069e-05 -5.09868e-05 -8.83593e-05 0.000803771 0.000585378 0.000511469 -0.000111901 0.00160259 0.00066897 -0.000129402 8.25875e-05 -0.000166811 -0.000738695 -0.00110101 0.000158794 0.000833184 -0.00135484 -0.00105958 0.00162158 0.000318702 0.0004178 0.000187388 -0.000135022 -5.03312e-05 -0.000284493 0.000182385 -0.000229836 -0.000345531 -0.000416168 -0.000114198
internal_weight=420580 391956 370214 9518 21742 28624 360696 4516 7907 352789 52917 299872 15791 12833 2152 2958 10681 8162 3641 17226 16174 12648 284081 150051 59544 13099 134030 83640 46445 18004
internal_count=420580 391956 370214 9518 21742 28624 360696 4516 7907 352789 52917 299872 15791 12833 2152 2958 10681 8162 3641 17226 16174 12648 284081 150051 59544 13099 134030 83640 46445 18004
is_linear=0
shrinkage=0.08


Tree=42
num_leaves=31
num_cat=0
split_feature=1 1 2 2 3 2 3 3 1 1 2 1 1 2 2 3 1 2 2 1 3 1 1 1 1 2 1 2 1 1
split_gain=1.24543 1.19654 0.914303 0.567545 0.658662 0.42197 0.475661 0.256219 1.366 1.34257 1.05385 0.838249 0.759791 0.674039 0.477792 0.460081 0.43511 0.358318 0.30083 0.286139 0.267664 0.315333 0.193188 0.206855 0.229532 0.1884 0.181351 0.219574 0.176246 0.234843
threshold=1.4073449969291689 -1.6856650114059446 2.5000000000000004 1.5000000000000002 1.5000000000000002 1.0000000180025095e-35 1.0000000180025095e-35 1.5000000000000002 -0.89442500472068776 -0.78155499696731556 1.5000000000000002 0.33736500144004827 0.81648501753807079 1.0000000180025095e-35 2.5000000000000004 1.0000000180025095e-35 -0.50727000832557667 1.0000000180025095e-35 1.0000000180025095e-35 0.11964499950408937 1.0000000180025095e-35 -0.61636999249458302 0.38528500497341162 0.088804997503757491 0.23696500062942508 1.0000000180025095e-35 -1.0426700115203855 1.5000000000000002 -0.53527498245239247 -0.56571999192237843
decision_type=2 2 2 2 2 2 2 2 2 2 2 2 2 2 2 2 2 2 2 2 2 2 2 2 2 2 2 2 2 2
left_child=1 2 5 -2 -5 6 -1 8 10 26 15 14 13 20 16 18 28 -14 -3 -16 -10 -22 23 -23 -25 -17 -9 -28 29 -11
right_child=3 7 -4 4 -6 -7 -8 9 12 11 -12 -13 17 -15 19 25 -18 -19 -20 -21 21 22 -24 24 -26 -27 27 -29 -30 -31
leaf_value=0.00060320437160780072 0.00041715933054378934 0.00028614093395660785 0.0027999605960647633 7.2957890567510104e-05 0.0022919164208154937 0.00067513828513410593 -0.00027669518165018446 -0.00045340137906250559 -0.00013852549540200603 -0.00017092780078937131 0.0014353165553995088 -0.00037086674465148416 4.2570292400755254e-05 -0.00036163248433799785 -0.00018124823282241246 -0.0002701492550340552 0.0004132152257113264 0.00066184919462861991 0.00091164036702020114 -0.0014624812443395831 -0.00038214316962298291 0.00020580989550195763 -0.00014647801832868459 0.0012260157786323795 0.00023854868188990006 0.00022661637995234838 -0.00057143080704564835 -0.0012680679922965137 -0.0010260121834737939 0.00094431904904917433
leaf_weight=6641 14516 19386 1017 1314 2457 14547 9639 21792 69298 9819 5091 25792 14568 73914 5969 11804 35935 10143 6595 1372 6339 17222 6494 3126 2908 8337 7566 4691 1276 1378
leaf_count=6641 14516 19386 1017 1314 2457 14547 9639 21792 69298 9819 5091 25792 14568 73914 5969 11804 35935 10143 6595 1372 6339 17222 6494 3126 2908 8337 7566 4691 1276 1378
internal_value=-1.39038e-06 -3.07155e-05 0.000439882 0.000644315 0.00151872 0.000362022 8.22368e-05 -7.11284e-05 -2.63761e-05 -0.000169942 0.000343019 6.24029e-06 -0.000119105 -0.00017642 0.000180707 0.00022245 0.00027191 0.000296763 0.000444917 -0.000420705 -4.65189e-05 0.000130152 0.000239309 0.000347037 0.00075012 -6.45222e-05 -0.000591867 -0.000838048 -0.000135193 -3.36758e-05
internal_weight=420946 402659 31844 18287 3771 30827 16280 370815 255225 115590 51213 81541 204012 179301 55749 46122 48408 24711 25981 7341 105387 36089 29750 23256 6034 20141 34049 12257 12473 11197
internal_count=420946 402659 31844 18287 3771 30827 16280 370815 255225 115590 51213 81541 204012 179301 55749 46122 48408 24711 25981 7341 105387 36089 29750 23256 6034 20141 34049 12257 12473 11197
is_linear=0
shrinkage=0.08


Tree=43
num_leaves=31
num_cat=0
split_feature=1 0 1 0 3 0 0 0 1 0 0 3 1 0 3 1 1 3 1 1 0 0 0 0 0 0 1 0 3 1
split_gain=1.25272 1.20749 1.3235 0.716844 0.75189 2.88849 0.868937 0.661717 0.59541 0.52179 0.598354 0.584699 0.369965 0.360137 7.12171 1.47392 1.11028 0.796979 2.2626 3.63992 5.20063 2.11148 1.12306 1.00357 0.769178 0.997626 0.780747 0.758785 0.754739 0.721164
threshold=1.0623149871826174 3.9545550346374516 -1.2418799996376035 2.90184497833252 1.5000000000000002 1.0965049862861636 1.3814600110054018 -0.52781498432159413 -2.3357450962066646 4.3845651149749765 2.7549300193786626 1.5000000000000002 2.0427049398422246 1.3686749935150149 1.5000000000000002 0.48443499207496649 -0.82583001255989064 1.5000000000000002 0.4721399992704392 -0.70668500661849964 3.1631100177764897 1.7012050151824953 3.4253950119018559 3.0576651096343999 2.2072451114654545 3.2216100692749028 0.76049000024795543 2.9160000085830693 1.0000000180025095e-35 -0.30637000501155848
decision_type=2 2 2 2 2 2 2 2 2 2 2 2 2 2 2 2 2 2 2 2 2 2 2 2 2 2 2 2 2 2
left_child=1 2 3 4 6 -6 -1 -4 -7 10 -2 12 -12 14 28 16 -16 22 19 23 21 -21 -15 -19 -20 -26 -27 -23 -9 -22
right_child=9 -3 7 -5 5 8 -8 13 -10 -11 11 -13 -14 17 15 -17 -18 18 24 20 29 27 -24 -25 25 26 -28 -29 -30 -31
leaf_value=3.1315742208646174e-05 0.00017873915258886073 0.00083604864330644602 0.0013946794374207106 0.0014290747269294583 0.00083856006145164078 0.00053442814125647558 0.00079165151623167469 0.00098999022011957909 -0.0010394046859089263 -0.00058751715359850541 0.00039955366103104227 0.0016454891588807675 0.0016267157560133942 -0.00034632248155759109 -0.00037781032649480181 0.00096089514327878274 -0.0015994887475731607 -0.0010282216735047565 -9.0534953534814039e-05 -0.0002775516714774102 -0.00020012462815029104 0.0014248183978384486 0.00043051142779592706 0.0012305282375777626 -0.0019283615969037985 -0.0013332582045459712 0.0017137990207483891 0.0001286334218203409 0.00030746035099923555 -0.0023204756442048533
leaf_weight=19011 15084 9615 1783 3137 11141 1738 19473 21230 13398 2837 10411 4565 1852 159426 6752 2130 16146 13535 4473 6895 1416 25808 12872 1388 5986 1164 1001 3255 20268 3733
leaf_count=19011 15084 9615 1783 3137 11141 1738 19473 21230 13398 2837 10411 4565 1852 159426 6752 2130 16146 13535 4473 6895 1416 25808 12872 1388 5986 1164 1001 3255 20268 3733
internal_value=-7.9145e-06 -4.92524e-05 -7.18216e-05 0.000248011 0.000190801 -0.000139084 0.000416048 -0.000142041 -0.000858688 0.000452197 0.000544629 0.000872599 0.000584884 -0.000150952 1.38214e-05 -0.00105201 -0.00123925 -0.000196445 3.40467e-05 0.000252043 0.000640547 0.000981053 -0.000288287 -0.000818134 -0.000933502 -0.0013961 7.55659e-05 0.00127965 0.000656636 -0.00173737
internal_weight=421523 386774 377159 67898 64761 26277 38484 309261 15136 34749 31912 16828 12263 307478 66526 25028 22898 240952 68654 56030 41107 35958 172298 14923 12624 8151 2165 29063 41498 5149
internal_count=421523 386774 377159 67898 64761 26277 38484 309261 15136 34749 31912 16828 12263 307478 66526 25028 22898 240952 68654 56030 41107 35958 172298 14923 12624 8151 2165 29063 41498 5149
is_linear=0
shrinkage=0.08


Tree=44
num_leaves=31
num_cat=0
split_feature=1 1 0 2 0 2 0 2 1 0 0 1 2 1 0 0 1 1 1 0 0 0 0 0 1 2 1 1 0 0
split_gain=0.898744 0.716953 0.623038 0.820081 0.545633 0.689186 0.537417 0.430891 0.428886 1.05145 1.07579 0.511881 0.417278 1.53356 1.28491 0.584477 1.27516 0.483586 0.602049 0.930816 0.872714 0.652783 0.477134 0.692654 0.423491 0.383743 0.336691 0.309108 0.402901 0.339213
threshold=1.5639650225639345 -2.0095150470733638 3.9011600017547612 1.5000000000000002 0.28945000469684606 1.5000000000000002 4.7305948734283456 1.0000000180025095e-35 0.83483499288558971 3.0926699638366704 1.9133349657058718 1.0891849994659426 1.5000000000000002 -1.0963900089263914 2.7430649995803837 1.3419350385665896 -0.048845000565052026 0.11964499950408937 -0.54500499367713917 3.0750999450683598 3.0750999450683598 1.6476950049400332 3.4005050659179692 2.6939949989318852 -0.50727000832557667 1.5000000000000002 1.1169049739837649 0.4721399992704392 1.9133349657058718 1.9626049995422366
decision_type=2 2 2 2 2 2 2 2 2 2 2 2 2 2 2 2 2 2 2 2 2 2 2 2 2 2 2 2 2 2
left_child=1 7 4 -4 5 -3 -2 -1 12 10 26 -12 -6 14 -14 16 24 18 19 -17 21 -20 23 27 -15 -11 -10 29 -29 -19
right_child=6 2 3 -5 8 -7 -8 -9 9 25 11 -13 13 15 -16 17 -18 22 20 -21 -22 -23 -24 -25 -26 -27 -28 28 -30 -31
leaf_value=0.000106693217598486 0.00079436212187988884 0.00016537530053784111 0.00018696376617682053 0.0017558994445931054 -5.9215913038983972e-05 0.0015781558229794816 -0.0011115631113328586 0.00091587168100208519 0.0012436760790050334 0.0006641977697858381 -0.00084251357456995501 1.8412892105623334e-05 0.00029916589872303582 5.1144822508544418e-05 0.0032897721542700167 -0.0010853892780271358 0.0015617457676233785 -0.0011059865957112904 -0.0010838152644137929 0.0013771429554865161 -0.0014370392099413074 0.00033804406639506562 0.00039710592067866002 -0.0018987757665063357 -0.0012125194877753711 0.0019359334232357335 0.00011445325842611614 -5.7478575130002671e-05 -0.0017684530086574436 0.00017795118774081568
leaf_weight=8782 12418 13035 10762 2659 261610 2661 1025 8093 4038 6888 8677 9009 10257 4127 1010 10207 2759 2130 2443 1087 2700 13409 1549 4522 2883 1948 2906 1287 2791 3450
leaf_count=8782 12418 13035 10762 2659 261610 2661 1025 8093 4038 6888 8677 9009 10257 4127 1010 10207 2759 2130 2443 1087 2700 13409 1549 4522 2883 1948 2906 1287 2791 3450
internal_value=5.44078e-06 -1.57815e-05 -3.7827e-05 0.000497805 -5.68758e-05 0.000404889 0.000649039 0.000494763 -7.69149e-05 0.000195905 -7.26774e-05 -0.00040397 -0.000104732 -0.000283494 0.000567251 -0.000456689 0.000104846 -0.000577054 -0.000387876 -0.000848381 -0.000107532 0.000118917 -0.000936022 -0.00108165 -0.000468562 0.000944567 0.000771107 -0.000699063 -0.00122848 -0.000312154
internal_weight=421122 407679 390804 13421 377383 15696 13443 16875 361687 33466 24630 17686 328221 66611 11267 55344 9769 45575 29846 11294 18552 15852 15729 14180 7010 8836 6944 9658 4078 5580
internal_count=421122 407679 390804 13421 377383 15696 13443 16875 361687 33466 24630 17686 328221 66611 11267 55344 9769 45575 29846 11294 18552 15852 15729 14180 7010 8836 6944 9658 4078 5580
is_linear=0
shrinkage=0.08


Tree=45
num_leaves=31
num_cat=0
split_feature=1 1 0 1 1 3 0 0 3 1 1 0 1 0 3 0 1 0 1 0 1 1 0 3 3 1 1 0 1 0
split_gain=0.758861 0.79793 0.581928 0.901425 0.714664 0.827089 0.754416 0.562684 0.460185 1.43542 0.508772 0.470349 0.434366 0.960682 0.959632 2.38975 2.03953 1.28234 1.26015 1.71668 0.665117 0.756625 1.04514 0.985839 0.667678 0.598952 0.593048 0.518842 0.478411 2.03404
threshold=-2.0095150470733638 1.5639650225639345 3.3536950349807744 -0.74922999739646901 0.39720998704433447 1.5000000000000002 4.0179951190948495 0.72310000658035289 1.5000000000000002 -0.83676499128341664 -1.1673550009727476 -0.20289999991655347 -0.21179499477148053 2.5537600517272954 1.5000000000000002 2.1976850032806401 -0.89442500472068776 1.5806699991226199 -0.72773000597953785 2.4754049777984624 1.0623149871826174 0.37337499856948858 3.0576651096343999 1.5000000000000002 1.5000000000000002 0.81648501753807079 -0.51693499088287342 2.9307301044464116 0.40936499834060674 1.8640949726104739
decision_type=2 2 2 2 2 2 2 2 2 2 2 2 2 2 2 2 2 2 2 2 2 2 2 2 2 2 2 2 2 2
left_child=-1 2 7 -4 5 -5 -7 8 10 -10 -2 -11 14 28 16 -16 -9 -18 27 26 21 22 23 -15 25 -23 -20 -17 29 -14
right_child=1 -3 3 4 -6 6 -8 12 9 11 -12 -13 13 20 15 18 17 -19 19 -21 -22 24 -24 -25 -26 -27 -28 -29 -30 -31
leaf_value=0.00052423334355724497 -8.9474673362773083e-05 0.00058309947987814374 0.0014929248935684576 9.1347791753890184e-05 0.00048622502433793804 -0.0018181440495328703 0.00061139427499850717 0.00032773037241055843 0.00066595520857859925 0.00050371275530129993 0.00076932880996630258 -0.0011971728035294117 -0.00019764394358736472 -0.00012130346280364765 -0.00082417844085800316 -0.00063148652809263516 0.00021169149626012193 -0.00057011466758597168 0.0040502336527316217 0.00018594701120232788 0.00043187182724741625 -0.0008074907206852013 -0.0009515255456733747 0.0012817109860219552 -0.0015412403180006082 0.00031508324472912902 0.0016862487235727412 0.00088549545347115855 -7.7494891344816479e-05 0.00075315471585287895
leaf_weight=16830 6637 13395 3424 12009 17477 3216 1097 48868 7566 1256 13186 6065 28342 12547 38188 7460 18612 48200 1114 5435 7025 10876 6584 4305 5245 4223 1740 1789 38966 29273
leaf_count=16830 6637 13395 3424 12009 17477 3216 1097 48868 7566 1256 13186 6065 28342 12547 38188 7460 18612 48200 1114 5435 7025 10876 6584 4305 5245 4223 1740 1789 38966 29273
internal_value=-2.10989e-06 -2.403e-05 -4.48439e-05 0.000256026 0.000130723 -0.000249936 -0.0012002 -7.65249e-05 0.000229356 -0.000106776 0.00048179 -0.000905367 -0.000109829 -9.12464e-06 -0.000196421 -0.000469149 -6.50415e-05 -0.000352325 0.000303907 0.00102023 -0.000290732 -0.000406682 -9.682e-05 0.00023711 -0.000763639 -0.000493521 0.00260898 -0.000338062 0.000139011 0.000285437
internal_weight=420950 404120 390725 37223 33799 16322 4313 353502 34710 14887 19823 7321 318792 147386 171406 55726 115680 66812 17538 8289 50805 43780 23436 16852 20344 15099 2854 9249 96581 57615
internal_count=420950 404120 390725 37223 33799 16322 4313 353502 34710 14887 19823 7321 318792 147386 171406 55726 115680 66812 17538 8289 50805 43780 23436 16852 20344 15099 2854 9249 96581 57615
is_linear=0
shrinkage=0.08


Tree=46
num_leaves=31
num_cat=0
split_feature=1 1 0 0 1 0 1 0 3 0 0 1 1 0 0 1 1 0 1 3 0 1 1 0 0 3 3 3 0 0
split_gain=0.699621 0.785113 0.572043 0.492686 0.467478 0.435796 0.248913 0.263339 0.457367 0.615846 0.240542 0.237669 0.223071 0.432044 0.216197 1.944 0.694504 0.815867 0.499266 0.687037 1.72296 1.21829 0.639058 1.76343 1.32016 3.98262 1.00325 0.973028 1.17902 0.613754
threshold=-1.633090019226074 1.5049049854278567 3.9011600017547612 4.7305948734283456 1.1169049739837649 -0.52781498432159413 0.9855649769306184 2.90184497833252 1.5000000000000002 1.9327149987220766 1.754070043563843 1.2065849900245669 1.9073150157928469 3.7580599784851079 2.7932350635528569 -0.89442500472068776 0.76049000024795543 3.0926699638366704 -0.31568500399589533 1.0000000180025095e-35 1.8044949769973757 -1.1096500158309934 0.59832498431205761 1.6139550209045412 1.754070043563843 1.5000000000000002 1.0000000180025095e-35 1.0000000180025095e-35 1.4050849676132204 1.1742500066757204
decision_type=2 2 2 2 2 2 2 2 2 2 2 2 2 2 2 2 2 2 2 2 2 2 2 2 2 2 2 2 2 2
left_child=-1 2 5 10 -4 -2 14 8 -8 -10 -3 -11 -12 -14 18 -16 -17 -18 19 20 -7 -22 24 -24 27 26 -26 28 -20 -29
right_child=1 3 4 -5 -6 6 7 -9 9 11 12 -13 13 -15 15 16 17 -19 22 -21 21 -23 23 -25 25 -27 -28 29 -30 -31
leaf_value=0.00035844035652685596 0.0010216003975229533 -0.00035449747793773806 0.00069364322788077065 -0.0010884056396310324 -0.00061564430451082003 0.00050627469157778541 0.00030673237017039942 0.00056714088387801109 0.00050646246749215171 -0.0021069687721640695 0.00049128453619296268 -0.00061337867865268703 0.0016032436555847972 1.485743686951549e-05 0.0010552916868988775 -0.00045981098187651727 -0.000779848911473274 0.0011514625855628268 0.00099497222574217994 -0.00027746850733869938 0.00063643787718542565 -0.00072822963361132535 0.00093917012781763215 -0.00075524864678780433 -0.00034593740293887551 0.0014480831224287472 0.00042008888912652587 -0.00092546905497743314 -0.00050213402344277658 -0.00015028501764565119
leaf_weight=35095 2383 1309 10901 1089 2078 28296 9330 7896 1727 1486 7199 1260 3997 1510 6911 51538 2204 3837 7771 94559 5422 18377 5240 15735 24703 16536 19643 11447 5940 15239
leaf_count=35095 2383 1309 10901 1089 2078 28296 9330 7896 1727 1486 7199 1260 3997 1510 6911 51538 2204 3837 7771 94559 5422 18377 5240 15735 24703 16536 19643 11447 5940 15239
internal_value=1.64751e-05 -1.46515e-05 -3.77022e-05 0.000550718 0.00048402 -5.66444e-05 -6.38803e-05 0.000198664 -1.21234e-05 -0.000677208 0.000678082 -0.00142164 0.000784461 0.00116771 -8.09678e-05 -0.000212517 -0.000364688 0.000446842 -4.94194e-05 -0.000148946 8.4339e-05 -0.000417325 6.99711e-05 -0.000331947 0.000153209 0.000388483 -6.62711e-06 -0.000201371 0.000346383 -0.000482801
internal_weight=420658 385563 370459 15104 12979 357480 355097 21699 13803 4473 14015 2746 12706 5507 333398 64490 57579 6041 268908 146654 52095 23799 122254 20975 101279 60882 44346 40397 13711 26686
internal_count=420658 385563 370459 15104 12979 357480 355097 21699 13803 4473 14015 2746 12706 5507 333398 64490 57579 6041 268908 146654 52095 23799 122254 20975 101279 60882 44346 40397 13711 26686
is_linear=0
shrinkage=0.08


Tree=47
num_leaves=31
num_cat=0
split_feature=0 2 3 0 2 3 2 2 0 2 2 0 3 0 3 0 0 3 0 0 0 3 0 3 0 3 0 0 3 3
split_gain=0.391586 2.02695 0.540703 0.46659 0.88066 0.455882 0.348374 0.346543 0.346367 0.283251 0.202598 0.419947 1.70014 0.384413 0.304465 0.311118 0.271677 0.262451 0.256247 0.20684 0.174889 0.170472 0.144526 0.954941 0.550014 0.44563 0.853371 0.383003 0.60945 0.333276
threshold=0.74877500534057628 2.5000000000000004 1.5000000000000002 3.3536950349807744 2.5000000000000004 1.5000000000000002 1.0000000180025095e-35 1.0000000180025095e-35 3.803590059280396 1.0000000180025095e-35 1.5000000000000002 1.4660949707031252 1.5000000000000002 2.051090002059937 1.5000000000000002 2.6939949989318852 2.90184497833252 1.0000000180025095e-35 2.5764749050140385 2.3378200531005864 -0.52781498432159413 1.0000000180025095e-35 2.1875000000000004 1.0000000180025095e-35 2.5644600391387944 1.0000000180025095e-35 1.754070043563843 1.4771749973297121 1.5000000000000002 1.5000000000000002
decision_type=2 2 2 2 2 2 2 2 2 2 2 2 2 2 2 2 2 2 2 2 2 2 2 2 2 2 2 2 2 2
left_child=1 2 9 10 5 7 -4 -5 -6 -1 22 12 17 21 16 -16 18 -12 19 -15 -8 -13 25 -24 -25 26 -2 28 -27 -29
right_child=3 -3 6 4 8 -7 20 -9 -10 -11 11 13 -14 14 15 -17 -18 -19 -20 -21 -22 -23 23 24 -26 27 -28 29 -30 -31
leaf_value=0.00017069608014122918 0.00033995603496142111 0.0031045070331413844 -0.00068672898329378055 8.7580888520330579e-05 0.00087369545622474252 -0.00033517898703987545 0.0010078130196862604 0.0006387433425270911 0.0028401671465459696 0.00074636521670600896 0.0023400420347742122 0.00015228421152932428 -0.00041925604841980339 -0.00072517090838725086 0.00032205176692474573 -0.00029796908485326101 0.00019409229531011982 0.0010475474375421746 -0.0011849463215146442 0.00016056309282904232 -4.3836145960723548e-05 -0.00064493905375937464 -0.00018561342804466197 0.00055836203743395249 6.6665825437403744e-05 -6.6781309111653059e-05 -0.0002608354075121461 -0.00021449257597926029 -0.00071269765938040258 0.00019775064548095616
leaf_weight=14698 37353 1526 6177 19344 1288 9598 1127 11727 1033 8713 1400 1911 9360 3840 12848 8678 3549 3568 3407 3010 9922 16876 55817 25245 34400 19504 25434 29666 17956 21755
leaf_count=14698 37353 1526 6177 19344 1288 9598 1127 11727 1033 8713 1400 1911 9360 3840 12848 8678 3549 3568 3407 3010 9922 16876 55817 25245 34400 19504 25434 29666 17956 21755
internal_value=1.08534e-05 0.000242117 0.000134629 -1.49037e-05 0.000233237 0.000146737 -0.000205565 0.000295604 0.00174891 0.000384946 -4.66925e-05 -0.000169492 0.000215625 -0.000271451 -0.000115977 7.20963e-05 -0.000409216 0.00141178 -0.000617966 -0.000335965 6.34323e-05 -0.000563846 -1.52275e-05 5.22143e-05 0.000274778 -6.65696e-05 9.65851e-05 -0.000181825 -0.000376394 -4.00823e-05
internal_weight=420730 42163 40637 378567 42990 40669 17226 31071 2321 23411 335577 68447 14328 54119 35332 21526 13806 4968 10257 6850 11049 18787 267130 115462 59645 151668 62787 88881 37460 51421
internal_count=420730 42163 40637 378567 42990 40669 17226 31071 2321 23411 335577 68447 14328 54119 35332 21526 13806 4968 10257 6850 11049 18787 267130 115462 59645 151668 62787 88881 37460 51421
is_linear=0
shrinkage=0.08


Tree=48
num_leaves=31
num_cat=0
split_feature=1 1 2 1 2 1 1 2 3 2 1 3 2 2 2 3 1 3 1 1 3 3 1 2 1 1 3 1 1 2
split_gain=0.586355 0.598413 0.356893 0.350965 0.309899 0.259717 0.191629 0.253869 0.350324 0.396773 0.217352 0.508033 0.663195 0.393024 0.364792 0.256459 0.548944 0.229096 0.978712 0.398488 0.186555 0.180707 0.166153 0.314887 0.227421 0.211399 0.443948 0.343944 0.21378 0.237549
threshold=1.5639650225639345 -2.0095150470733638 1.0000000180025095e-35 2.5474849939346318 1.5000000000000002 1.9073150157928469 0.85454499721527111 2.5000000000000004 1.5000000000000002 1.0000000180025095e-35 -1.2418799996376035 1.5000000000000002 1.5000000000000002 1.5000000000000002 1.0000000180025095e-35 1.0000000180025095e-35 -0.82583001255989064 1.5000000000000002 -0.70668500661849964 0.67494001984596264 1.0000000180025095e-35 1.0000000180025095e-35 0.38528500497341162 2.5000000000000004 0.53973501920700084 -0.26767499744892115 1.5000000000000002 -0.38268500566482538 0.12990000098943713 2.5000000000000004
decision_type=2 2 2 2 2 2 2 2 2 2 2 2 2 2 2 2 2 2 2 2 2 2 2 2 2 2 2 2 2 2
left_child=1 2 20 4 5 -2 10 8 9 -8 11 14 -13 17 21 16 -15 -12 -19 -20 -1 -3 25 -24 -25 27 -27 -17 -28 -30
right_child=3 6 -4 -5 -6 -7 7 -9 -10 -11 13 12 -14 15 -16 22 -18 18 19 -21 -22 -23 23 24 -26 26 28 -29 29 -31
leaf_value=0.00056221983762619104 9.847979532879294e-05 0.00027751766778814051 0.00083200109022558218 -0.00056888001753114875 0.0014774350883234679 0.0009530402016133696 -2.0778795025937499e-05 0.0010073363125664169 -0.00034140788147178332 0.00062545031536287573 -7.799672838898944e-05 -0.00053989152807366707 0.00045758357623997659 0.0018905202557071576 0.00063899507685976199 -0.00028554374535706922 -0.00010541763847644349 -0.00043650019218932325 0.00038888586178884764 -0.00064675429811982693 -0.00019071303894044832 -0.00021983666593204304 -0.00033282433273768708 -0.0022771259624250082 -0.00077886441950371897 -0.00061974867819849632 0.0004401058352678527 -0.0011224793532118545 0.00016897376716810408 -0.0010369714806065296
leaf_weight=3413 5331 11790 8069 1661 2433 3972 15198 2022 9079 10136 186775 13443 6249 1045 12118 22528 5650 15155 36399 2544 5500 7748 7060 1036 1733 6102 8650 3652 3169 1560
leaf_count=3413 5331 11790 8069 1661 2433 3972 15198 2022 9079 10136 186775 13443 6249 1045 12118 22528 5650 15155 36399 2544 5500 7748 7060 1036 1733 6102 8650 3652 3169 1560
internal_value=-1.24115e-06 -1.83485e-05 0.000446552 0.000519531 0.000673575 0.000463342 -3.85484e-05 0.000136159 8.49716e-05 0.000237774 -5.65094e-05 9.56933e-05 -0.000223356 -8.22975e-05 0.000294162 -0.000261601 0.000206122 -3.60077e-05 0.000108961 0.000321231 9.76029e-05 8.02866e-05 -0.000318033 -0.000616402 -0.00133943 -0.000253805 -5.42574e-05 -0.000402293 0.000203656 -0.000228843
internal_weight=421220 407823 16982 13397 11736 9303 390841 36435 34413 25334 354406 51348 19692 303058 31656 62185 6695 240873 54098 38943 8913 19538 55490 9829 2769 45661 19481 26180 13379 4729
internal_count=421220 407823 16982 13397 11736 9303 390841 36435 34413 25334 354406 51348 19692 303058 31656 62185 6695 240873 54098 38943 8913 19538 55490 9829 2769 45661 19481 26180 13379 4729
is_linear=0
shrinkage=0.08


Tree=49
num_leaves=31
num_cat=0
split_feature=1 0 3 1 1 1 1 0 1 0 0 1 3 0 0 0 1 0 3 0 1 0 1 0 0 1 3 3 3 0
split_gain=0.526095 0.511929 0.553183 2.56829 0.766956 0.583209 0.540464 0.40566 0.39131 0.378762 0.3208 0.298411 1.30373 0.678252 0.699982 0.61135 0.361536 1.06993 0.809736 1.43988 0.754749 0.707377 0.737368 1.12715 1.01789 0.99823 1.28115 0.724283 0.641471 2.2914
threshold=1.5049049854278567 0.95693001151084911 1.5000000000000002 -0.90645498037338246 -1.2112250328063963 0.3613049983978272 -0.42075499892234797 3.803590059280396 1.0623149871826174 4.2735400199890146 0.49032500386238104 -1.3953549861907957 1.5000000000000002 2.6694550514221196 1.5806699991226199 1.5806699991226199 -0.46833999454975123 3.182019948959351 1.0000000180025095e-35 1.7434849739074709 -0.95444500446319569 2.5995650291442876 0.74236500263214122 2.9460799694061284 3.0750999450683598 0.58280000090599071 1.0000000180025095e-35 1.5000000000000002 1.5000000000000002 1.4419699907302859
decision_type=2 2 2 2 2 2 2 2 2 2 2 2 2 2 2 2 2 2 2 2 2 2 2 2 2 2 2 2 2 2
left_child=1 2 4 -4 -1 6 -5 11 -9 -2 -8 12 15 14 -14 -3 17 18 19 -13 -21 28 24 -24 25 26 -23 -26 -18 -30
right_child=9 7 3 5 -6 -7 10 8 -10 -11 -12 16 13 -15 -16 -17 21 -19 -20 20 -22 22 23 -25 27 -27 -28 -29 29 -31
leaf_value=-9.6754739446182659e-05 0.00060844150535697777 -8.5666737212404366e-06 0.00066757321137640409 -0.00060022183305486637 0.00069511120662309688 0.00035111695922969698 -0.0010794556638397397 0.000507227894521004 -0.00052268282148787719 -0.00054946026393968715 -0.0023666286426026247 0.00067136548138131637 1.1345372062906839e-06 0.0012281613303316383 -0.001201597185603479 0.00087074240309405171 -5.1217629268054203e-05 0.00082207251406584358 -0.00047661329409177543 0.00025394923600549114 -0.0007238279463155908 -0.00056751784107511962 -0.00066435919409029733 0.00064588742789939478 -0.00053184994233353622 -0.0014262670800776996 0.00055169814754634449 -0.0015494401104151768 -0.00089271825707278344 0.00067023234416931272
leaf_weight=12455 13120 8298 13144 4759 21071 1814 2243 13292 2871 2097 2769 13091 5682 1358 6807 12970 85745 5783 60367 7727 14597 11455 6457 12032 17665 3185 15273 5996 7560 29155
leaf_count=12455 13120 8298 13144 4759 21071 1814 2243 13292 2871 2097 2769 13091 5682 1358 6807 12970 85745 5783 60367 7727 14597 11455 6457 12032 17665 3185 15273 5996 7560 29155
internal_value=-1.29315e-05 -3.02564e-05 0.000189207 -9.7835e-05 0.000400931 -0.000966245 -0.00121081 -6.70614e-05 0.000324287 0.000448875 -0.00179059 -8.61596e-05 0.000134343 -0.000469776 -0.000654402 0.000527668 -0.00011231 -0.00023465 -0.000298452 5.23492e-06 -0.00038539 -4.84338e-05 -0.000247305 0.000188304 -0.000397638 -8.75035e-05 7.20282e-05 -0.00078972 6.8594e-05 0.000348405
internal_weight=420838 405621 58255 24729 33526 11585 9771 347366 16163 15217 5012 331203 35115 13847 12489 21268 296088 101565 95782 35415 22324 194523 72063 18489 53574 29913 26728 23661 122460 36715
internal_count=420838 405621 58255 24729 33526 11585 9771 347366 16163 15217 5012 331203 35115 13847 12489 21268 296088 101565 95782 35415 22324 194523 72063 18489 53574 29913 26728 23661 122460 36715
is_linear=0
shrinkage=0.08


Tree=50
num_leaves=31
num_cat=0
split_feature=0 2 3 0 2 2 3 0 3 2 2 2 3 0 3 0 0 2 2 0 2 0 2 3 0 0 3 0 0 0
split_gain=0.341705 0.520737 0.341681 0.332537 0.36055 0.288005 0.15827 0.137261 1.59539 0.770134 0.471422 0.351756 0.384713 0.692911 0.31033 0.663072 0.494554 0.455892 0.414773 0.324878 0.283192 0.472197 0.27712 0.266441 0.253611 0.212226 0.22003 0.207742 0.521171 0.193022
threshold=3.4005050659179692 2.5000000000000004 1.5000000000000002 0.28945000469684606 1.5000000000000002 1.0000000180025095e-35 1.0000000180025095e-35 1.3161599636077883 1.5000000000000002 1.0000000180025095e-35 1.5000000000000002 1.0000000180025095e-35 1.0000000180025095e-35 1.7117500305175783 1.5000000000000002 1.5697799921035769 1.9626049995422366 1.5000000000000002 1.5000000000000002 2.5537600517272954 2.5000000000000004 2.379024982452393 1.5000000000000002 1.0000000180025095e-35 2.1677299737930302 2.9772551059722905 1.5000000000000002 2.3686649799346928 2.1485450267791752 2.051090002059937
decision_type=2 2 2 2 2 2 2 2 2 2 2 2 2 2 2 2 2 2 2 2 2 2 2 2 2 2 2 2 2 2
left_child=3 2 5 4 -1 6 -2 8 9 23 -10 12 29 -14 15 17 18 -13 -16 20 21 24 -11 -5 -18 26 -15 28 -22 -9
right_child=1 -3 -4 7 -6 -7 -8 11 10 22 -12 14 13 25 16 -17 19 -19 -20 -21 27 -23 -24 -25 -26 -27 -28 -29 -30 -31
leaf_value=0.00015277413571904773 0.00025165952078671312 0.0014622169677613215 -0.0002693388846033007 0.00028811126552753932 0.0010809094778814555 0.00062442842555366859 -0.00027423922103752223 8.2476494370292195e-05 -0.00062562678628869496 0.00056268104899133138 5.3696230243389481e-05 5.492919862110777e-05 -0.00032474244393167624 0.00027340585819562215 3.6581409306316529e-05 -0.00033159148342602382 0.00058183495965099359 0.0013309692951244292 -0.00062782807290245879 -8.483133736168522e-05 -0.001097180161493172 0.0011511381090777385 0.0012627523220862312 -0.00020667624864888361 -0.0001105913476659285 -8.2552581346932445e-05 0.00067789893423328841 -0.0012415021601543477 0.0011555751561077797 -0.00018056097047761943
leaf_weight=15959 12741 2082 8939 17015 3219 10752 5140 28100 19779 14195 9766 6945 13241 27111 11678 72020 6884 2415 12397 20039 1242 4998 4857 11793 6661 6777 12610 1037 1396 48970
leaf_count=15959 12741 2082 8939 17015 3219 10752 5140 28100 19779 14195 9766 6945 13241 27111 11678 72020 6884 2415 12397 20039 1242 4998 4857 11793 6661 6777 12610 1037 1396 48970
internal_value=7.17972e-06 0.00023068 0.000162436 -1.60755e-05 0.00030856 0.000297233 0.000100487 -3.32776e-05 6.11776e-05 0.000346538 -0.000401079 -5.89745e-05 3.34536e-05 0.000185829 -0.00014458 -0.000249268 -1.61428e-05 0.000384164 -0.000305545 0.000148738 0.0003594 0.00048655 0.000741153 8.55624e-05 0.000241322 0.000331222 0.000401818 -0.000282164 9.49527e-05 -8.46566e-05
internal_weight=420758 39654 37572 381104 19178 28633 17881 361926 77405 47860 29545 284521 136809 59739 147712 81380 66332 9360 24075 42257 22218 18543 19052 28808 13545 46498 39721 3675 2638 77070
internal_count=420758 39654 37572 381104 19178 28633 17881 361926 77405 47860 29545 284521 136809 59739 147712 81380 66332 9360 24075 42257 22218 18543 19052 28808 13545 46498 39721 3675 2638 77070
is_linear=0
shrinkage=0.08


Tree=51
num_leaves=31
num_cat=0
split_feature=0 1 1 3 0 1 1 0 3 1 1 0 1 3 1 0 0 3 0 1 1 0 0 0 0 1 1 1 0 1
split_gain=0.426203 0.478542 0.944414 0.760466 0.710648 0.453432 0.41053 0.40876 0.349993 0.310272 0.277235 0.255608 0.200547 1.33595 1.11129 1.15245 0.746912 0.682729 2.38348 3.33678 1.44755 0.848594 0.80662 0.747682 0.729236 0.66465 0.503604 0.784335 1.22916 0.491256
threshold=3.4005050659179692 -0.59605500102043141 0.40936499834060674 1.0000000180025095e-35 4.0911300182342538 -2.0602149963378902 2.0427049398422246 3.7150499820709233 1.5000000000000002 0.93940499424934398 -0.077974997460842119 0.61653500795364391 -0.51693499088287342 1.5000000000000002 -0.89442500472068776 1.6139550209045412 2.2468349933624272 1.5000000000000002 1.3293550014495852 0.16129500418901446 0.088804997503757491 1.3419350385665896 3.109454989433289 2.1875000000000004 1.7012050151824953 0.85454499721527111 1.279415011405945 0.44698999822139746 2.9160000085830693 0.22573500126600268
decision_type=2 2 2 2 2 2 2 2 2 2 2 2 2 2 2 2 2 2 2 2 2 2 2 2 2 2 2 2 2 2
left_child=5 -2 3 -3 8 -1 11 -4 -5 -9 -10 -7 13 14 -13 -16 -15 21 20 22 -19 29 24 -21 -20 -23 27 28 -25 -14
right_child=1 2 7 4 -6 6 -8 9 10 -11 -12 12 17 16 15 -17 -18 18 19 23 -22 25 -24 26 -26 -27 -28 -29 -30 -31
leaf_value=0.00041216866350315398 0.0010438712937139289 0.00032114470052065644 0.00095267953323044624 -0.00072328158895143037 0.00051155725911102132 0.00018330250204190914 0.00095377429750829155 0.00071787752418290564 -0.0010546545617475826 -6.8369897343312864e-05 -0.0026540455215843545 0.00027913458972201352 0.00012986948565533871 -0.00069434058431264557 0.00034955709799800409 -0.00061766368825349452 5.0510642553218718e-05 -0.0018361183342240042 0.00036830140888436004 0.0003469975971794754 0.00016004855730871029 -0.00026128372634433061 -0.0005346284293964471 0.00095345710247406905 0.0014968443059324543 0.00022938700747705075 0.00049505278822616452 -0.0011727617369526348 -0.0018707836475822344 0.0010556642154934399
leaf_weight=15035 4397 6020 7814 3229 1821 29285 2662 5150 1247 8537 1563 51582 11520 32634 11722 24080 11707 5250 4654 10308 4173 105213 1736 3298 17235 21234 2589 8719 1407 5382
leaf_count=15035 4397 6020 7814 3229 1821 29285 2662 5150 1247 8537 1563 51582 11520 32634 11722 24080 11707 5250 4654 10308 4173 105213 1736 3298 17235 21234 2589 8719 1407 5382
internal_value=7.56881e-06 0.000256762 0.000158943 -0.00035548 -0.00087371 -1.8419e-05 -3.60884e-05 0.00049103 -0.00129142 0.000227471 -0.00194428 -4.33328e-05 -6.31778e-05 -0.000140029 4.14548e-05 -0.000300984 -0.000497683 -1.32405e-05 0.000214891 0.000435062 -0.000952111 -0.000107723 0.00112525 -0.000184433 0.0012569 -0.000178886 -0.000526529 -0.000723555 0.000108886 0.000424665
internal_weight=421203 39778 35381 13880 7860 381425 366390 21501 6039 13687 2810 363728 334443 131725 87384 35802 44341 202718 59369 49946 9423 143349 23625 26321 21889 126447 16013 13424 4705 16902
internal_count=421203 39778 35381 13880 7860 381425 366390 21501 6039 13687 2810 363728 334443 131725 87384 35802 44341 202718 59369 49946 9423 143349 23625 26321 21889 126447 16013 13424 4705 16902
is_linear=0
shrinkage=0.08


Tree=52
num_leaves=31
num_cat=0
split_feature=0 2 0 2 0 3 2 3 2 3 0 0 3 2 0 0 3 3 0 0 2 2 2 2 3 0 0 0 0 0
split_gain=0.303746 0.697574 0.26704 0.270446 0.263995 0.196604 0.169529 0.161432 0.154162 0.634563 0.716807 0.124329 0.11855 0.114459 0.0913099 0.434092 0.616058 0.241267 1.12843 0.630641 0.464745 0.265841 0.260647 0.218226 0.21747 0.203636 0.179126 0.201623 0.147951 0.159664
threshold=3.263779997825623 2.5000000000000004 0.28945000469684606 1.0000000180025095e-35 3.7580599784851079 1.5000000000000002 1.5000000000000002 1.5000000000000002 2.5000000000000004 1.5000000000000002 1.5471750497817995 0.90217000246047985 1.0000000180025095e-35 1.5000000000000002 2.5644600391387944 2.4114799499511723 1.5000000000000002 1.0000000180025095e-35 1.6802250146865847 2.0706549882888798 1.0000000180025095e-35 1.0000000180025095e-35 1.5000000000000002 1.5000000000000002 1.5000000000000002 2.497115015983582 2.7801799774169926 2.8457649946212773 2.2672750949859624 2.3894050121307377
decision_type=2 2 2 2 2 2 2 2 2 2 2 2 2 2 2 2 2 2 2 2 2 2 2 2 2 2 2 2 2 2
left_child=2 5 3 7 -3 6 12 -1 14 10 -10 -11 -2 -7 15 17 -17 18 20 -19 -4 -20 28 -22 -16 -18 -26 -28 -21 -30
right_child=1 4 8 -5 -6 13 -8 -9 9 11 -12 -13 -14 -15 24 16 25 19 21 22 23 -23 -24 -25 26 -27 27 -29 29 -31
leaf_value=0.00019310704324995966 0.00026316581257975483 0.00077660877573473158 0.000185219857626673 0.00055993997125255632 0.0024040712834152347 -0.00038473912086961406 0.00074649830273160168 -0.00050444014177010107 0.0023297102081180836 0.00029057965383535973 -3.9177103196527429e-05 -0.00062089439779746943 -5.3283111606100824e-05 0.00014248060897337997 -0.00019022191210946995 7.7650894658819308e-05 0.0014530902907578759 -0.00018985880030973821 -8.6141948546409456e-05 0.00017559265345993484 0.00061488153298445676 -0.00050700907392542025 -0.00020053240968274211 0.0014987305281586791 -0.00018829932418361076 0.00049187131524944185 0.0010742676591356717 0.00017168745870741278 0.00071055316336920385 -0.00020332213250316868
leaf_weight=6311 20386 1546 29234 9624 1086 6900 3311 3200 1101 1039 3175 12252 12058 4264 56213 16437 3278 117900 31711 14338 10663 13779 7483 2148 7206 2476 1896 9625 8439 1431
leaf_count=6311 20386 1546 29234 9624 1086 6900 3311 3200 1101 1039 3175 12252 12058 4264 56213 16437 3278 117900 31711 14338 10663 13779 7483 2148 7206 2476 1896 9625 8439 1431
internal_value=-5.24401e-06 0.000180791 -3.00937e-05 0.000260954 0.00144812 0.000109698 0.000201204 -4.15845e-05 -4.59232e-05 -0.00027692 0.000570773 -0.000549642 0.000145556 -0.000183372 -3.3783e-05 -1.13054e-05 0.000327045 -4.29693e-05 6.25207e-05 -0.000104698 0.000361291 -0.000213623 0.000212125 0.000763075 -0.000111563 0.00103947 0.000124548 0.000320224 0.000339683 0.000578055
internal_weight=420510 49551 370959 19135 2632 46919 35755 9511 351824 17567 4276 13291 32444 11164 334257 259317 22191 237126 87535 149591 42045 45490 31691 12811 74940 5754 18727 11521 24208 9870
internal_count=420510 49551 370959 19135 2632 46919 35755 9511 351824 17567 4276 13291 32444 11164 334257 259317 22191 237126 87535 149591 42045 45490 31691 12811 74940 5754 18727 11521 24208 9870
is_linear=0
shrinkage=0.08


Tree=53
num_leaves=31
num_cat=0
split_feature=0 2 3 2 0 0 2 3 0 2 2 3 0 0 2 0 2 2 0 0 0 3 0 3 0 2 0 0 0 3
split_gain=0.326999 0.656886 0.212711 0.255448 0.202325 0.193359 0.993666 0.995641 0.623921 0.327851 0.22115 0.214745 0.844758 0.237191 0.171935 0.166138 0.179301 0.159838 0.22905 0.49976 0.157145 1.13354 0.178836 0.193645 0.419443 0.204624 0.159185 0.147233 0.132136 0.131026
threshold=3.263779997825623 2.5000000000000004 1.0000000180025095e-35 1.0000000180025095e-35 3.7580599784851079 1.1449899673461916 2.5000000000000004 1.5000000000000002 0.52245500683784496 1.0000000180025095e-35 1.5000000000000002 1.5000000000000002 1.5126999616622927 1.9327149987220766 1.0000000180025095e-35 0.81698501110076915 1.5000000000000002 1.0000000180025095e-35 2.379024982452393 2.2772949934005742 1.4660949707031252 1.5000000000000002 2.0606150627136235 1.5000000000000002 2.7932350635528569 2.5000000000000004 2.3378200531005864 3.0249400138854985 1.0965049862861636 1.0000000180025095e-35
decision_type=2 2 2 2 2 2 2 2 2 2 2 2 2 2 2 2 2 2 2 2 2 2 2 2 2 2 2 2 2 2
left_child=5 2 14 -4 -3 6 7 9 -8 29 11 -7 -13 -14 -2 -9 28 18 19 -15 21 -12 -22 26 -25 27 -24 -26 -17 -1
right_child=1 4 3 -5 -6 10 8 15 -10 -11 20 12 13 17 -16 16 -18 -19 -20 -21 22 -23 23 24 25 -27 -28 -29 -30 -31
leaf_value=0.00024506397928473247 0.00017550966837329916 0.00083064755174705983 -0.00037777968441108061 0.00015317686479398917 0.0022586980037035648 -6.2098368585954171e-05 0.0031153950074751841 -0.00019585720243608495 0.00069407919765098445 0.0005436296144769962 0.0014472970352286546 -0.00052591951960635026 -6.4326527118312327e-06 0.0006263786910412723 0.00069295368527187262 -0.0006546838348292657 -3.8777278287461697e-05 0.00025816594360737006 0.00031321104932763018 0.0025603956491990843 -0.00043918484833842242 -0.00057346884186938707 -0.00081422598126992222 0.00026023108684986393 -0.00063845704638079747 -0.0011937552768920929 -0.00019609133767033531 0.00032380212756865859 -0.0015845769008973531 -0.00010925247689147736
leaf_weight=15854 15878 1519 8918 16582 1091 181695 1018 19096 2058 16924 2753 10374 12919 4022 5545 6262 2702 18229 6167 1086 18907 5009 3719 14281 2277 2006 9420 1840 1159 11543
leaf_count=15854 15878 1519 8918 16582 1091 181695 1018 19096 2058 16924 2753 10374 12919 4022 5545 6262 2702 18229 6167 1086 18907 5009 3719 14281 2277 2006 9420 1840 1159 11543
internal_value=-7.56144e-07 0.000192318 0.000123609 -3.25122e-05 0.00142758 -2.65117e-05 8.67103e-05 2.77877e-05 0.00149541 0.000266793 -5.59467e-05 -2.08297e-05 0.000121192 0.000279435 0.000309442 -0.000334749 -0.000596753 0.000404608 0.000641371 0.00103757 -0.000192708 0.00014325 -0.000242426 -0.00013152 2.27267e-05 -0.000531217 -0.000371055 -0.000208397 -0.000799913 9.57821e-05
internal_weight=420853 49533 46923 25500 2610 371320 76616 73540 3076 44321 294704 234492 52797 42423 21423 29219 10123 29504 11275 5108 60212 7762 52450 33543 20404 6123 13139 4117 7421 27397
internal_count=420853 49533 46923 25500 2610 371320 76616 73540 3076 44321 294704 234492 52797 42423 21423 29219 10123 29504 11275 5108 60212 7762 52450 33543 20404 6123 13139 4117 7421 27397
is_linear=0
shrinkage=0.08


Tree=54
num_leaves=31
num_cat=0
split_feature=1 0 1 0 0 1 0 1 0 0 3 3 0 1 0 0 1 0 3 0 1 1 0 1 3 1 1 3 1 0
split_gain=0.378525 0.570108 0.378357 0.342993 0.264061 0.236499 0.221084 0.211075 0.336826 0.32333 0.496564 0.307815 0.287412 0.239009 1.31631 0.748948 0.524672 0.379885 0.858501 1.22263 2.93918 1.98934 1.73655 0.864751 0.691817 0.925004 0.700264 0.618229 0.861439 1.84808
threshold=1.9073150157928469 3.9545550346374516 -2.1792600154876705 2.2672750949859624 3.7580599784851079 -3.0355050563812251 -0.86175999045371998 0.91752499341964733 3.0412049293518071 2.0412049293518071 1.5000000000000002 1.5000000000000002 2.7430649995803837 0.38528500497341162 1.6361750364303591 3.263779997825623 0.56772500276565563 2.1976850032806401 1.0000000180025095e-35 3.1450550556182866 -0.77027499675750721 -0.30637000501155848 2.5418000221252446 -1.1386899948120115 1.5000000000000002 -0.57613500952720631 0.18228500336408618 1.5000000000000002 -0.097654998302459703 1.5585249662399294
decision_type=2 2 2 2 2 2 2 2 2 2 2 2 2 2 2 2 2 2 2 2 2 2 2 2 2 2 2 2 2 2
left_child=2 3 5 -2 6 -1 -4 13 9 -9 -11 -10 -12 17 -15 -16 -17 27 23 20 -20 -21 24 -19 25 -22 -26 -8 -29 -30
right_child=1 -3 4 -5 -6 -7 7 8 11 10 12 -13 -14 14 15 16 -18 18 19 21 22 -23 -24 -25 26 -27 -28 28 29 -31
leaf_value=-0.00045480836490358544 -0.00021507278659196451 -0.00063825170046211707 0.00093396890666450018 0.0013919571169098194 0.00025703659126273082 0.00057277132184434774 -3.141327948538331e-06 0.00040117860235536532 0.00028698500395348805 6.2997909453589457e-05 -0.0013553411635670199 0.0013639884914990906 7.1038623549883785e-05 0.00060583744225911769 -0.00056659032267499909 -0.0005811380106888602 0.00093371860943640373 0.00079405437208063538 -0.00048456286753197222 0.0006521031292112667 -0.00097809401137317247 -0.0014087687776542391 0.00033191055617597608 -0.00031844839709586746 0.0023424458851578744 0.0013064010250789008 0.00021473196972993775 -0.00043939069519146815 -0.00064602641401029931 0.0013763840359791487
leaf_weight=1669 1094 1779 1468 3811 19342 10156 124063 7934 6493 10815 3138 2300 1270 9831 35352 2307 4001 5046 15653 5554 1336 6513 20343 39287 6286 7515 1175 54463 6053 5537
leaf_count=1669 1094 1779 1468 3811 19342 10156 124063 7934 6493 10815 3138 2300 1270 9831 35352 2307 4001 5046 15653 5554 1336 6513 20343 39287 6286 7515 1175 54463 6053 5537
internal_value=-8.66866e-06 0.000588571 -1.82901e-05 0.00103353 -3.13752e-05 0.000427737 -4.59126e-05 -4.96756e-05 0.000147167 -1.28932e-05 -0.000228701 0.000568699 -0.000944383 -6.76284e-05 -0.000226816 -0.000423307 0.000379696 -4.01984e-05 7.90869e-05 0.000265654 0.000433108 -0.000460225 0.000824986 -0.000191823 0.00143991 0.000961572 0.00200736 -0.000108405 -0.000306116 0.000320159
internal_weight=421584 6684 414900 4905 403075 11825 383733 382265 31950 23157 15223 8793 4408 350315 51491 41660 6308 298824 108708 64375 52308 12067 36655 44333 16312 8851 7461 190116 66053 11590
internal_count=421584 6684 414900 4905 403075 11825 383733 382265 31950 23157 15223 8793 4408 350315 51491 41660 6308 298824 108708 64375 52308 12067 36655 44333 16312 8851 7461 190116 66053 11590
is_linear=0
shrinkage=0.08


Tree=55
num_leaves=31
num_cat=0
split_feature=1 1 1 2 2 1 1 2 3 2 2 1 2 3 1 1 3 1 3 1 2 1 1 1 1 1 3 3 1 3
split_gain=0.358575 0.35715 0.321825 0.315996 0.274596 0.176169 0.114045 0.932467 0.62104 0.521933 0.303305 0.728551 0.203836 0.298145 0.23704 0.26284 0.176979 0.17462 0.321738 0.641714 0.214802 0.372677 0.459004 0.534165 0.202504 0.171444 0.167566 0.161104 0.159344 0.149774
threshold=-2.1166150569915767 1.5049049854278567 2.5474849939346318 1.5000000000000002 1.5000000000000002 2.0427049398422246 -1.029929995536804 2.5000000000000004 1.5000000000000002 1.0000000180025095e-35 1.5000000000000002 0.79767498373985302 2.5000000000000004 1.5000000000000002 -0.029110000468790528 -0.78155499696731556 1.0000000180025095e-35 -0.57613500952720631 1.0000000180025095e-35 0.59832498431205761 1.0000000180025095e-35 -0.33462999761104578 -0.048845000565052026 -0.010024999734014271 0.62764999270439159 -0.077974997460842119 1.5000000000000002 1.0000000180025095e-35 -0.1457250043749809 1.5000000000000002
decision_type=2 2 2 2 2 2 2 2 2 2 2 2 2 2 2 2 2 2 2 2 2 2 2 2 2 2 2 2 2 2
left_child=4 6 3 5 -1 -3 7 8 9 16 17 12 -12 -14 15 -15 -2 27 24 20 -20 26 25 -24 -19 28 -22 -8 -23 -25
right_child=1 2 -4 -5 -6 -7 10 -9 -10 -11 11 -13 13 14 -16 -17 -18 18 19 -21 21 22 23 29 -26 -27 -28 -29 -30 -31
leaf_value=0.00025881970033137083 0.00012674347244868761 0.0001155743029816314 -0.00068941236570155978 0.0012556268471663429 0.0012745126549621813 0.00087296237592268753 2.5931858271415431e-05 0.0013835806781600055 -0.00030068385166465264 0.00051267772655624671 -0.00021593697288749191 0.0004903305606726797 7.710805594930924e-05 -0.0014924242626052785 -0.0012112922182417076 -0.00019296501639697034 -0.00026858184869748783 -0.00014593077067141829 0.00037601138691051533 -0.00023077565544491401 0.0002242176188977478 -0.00052515183824815824 0.0016855944444133884 -0.00011990593043405692 0.00013779818428531079 -0.0013915367861479552 0.00090248916285460949 -0.00025035057663682958 0.00021318384207954369 0.00033209809758122822
leaf_weight=11525 18567 7997 1628 2812 1999 2606 23692 3272 27366 18335 41833 8485 3488 1245 4569 4985 11888 69477 37707 24475 4790 7269 1444 10144 20955 1093 4541 31423 2519 8729
leaf_count=11525 18567 7997 1628 2812 1999 2606 23692 3272 27366 18335 41833 8485 3488 1245 4569 4985 11888 69477 37707 24475 4790 7269 1444 10144 20955 1093 4541 31423 2519 8729
internal_value=3.68945e-06 -9.76573e-06 0.000372775 0.000501678 0.000408951 0.000301725 -2.44348e-05 6.1173e-05 4.35654e-06 0.000175452 -4.61685e-05 -0.000200577 -0.000305038 -0.00056593 -0.000773627 -0.000452648 -2.75703e-05 -5.98627e-06 2.98548e-05 0.000126739 0.000238583 0.000110723 -2.19473e-05 0.000202616 -8.01848e-05 -0.000441252 0.000554303 -0.000131586 -0.000335137 8.91516e-05
internal_weight=420858 407334 15043 13415 13524 10603 392291 79428 76156 48790 312863 64605 56120 14287 10799 6230 30455 248258 193143 102711 78236 40529 31198 20317 90432 10881 9331 55115 9788 18873
internal_count=420858 407334 15043 13415 13524 10603 392291 79428 76156 48790 312863 64605 56120 14287 10799 6230 30455 248258 193143 102711 78236 40529 31198 20317 90432 10881 9331 55115 9788 18873
is_linear=0
shrinkage=0.08


Tree=56
num_leaves=31
num_cat=0
split_feature=1 2 1 1 2 1 1 2 3 2 2 1 3 2 1 3 3 1 1 1 1 1 1 2 1 3 1 1 1 2
split_gain=0.360786 0.312707 0.243915 0.310474 0.245441 0.133464 0.125359 0.547751 0.670136 0.384167 0.373504 0.66878 0.274334 0.194959 0.191907 0.323103 0.179649 0.407275 0.565016 0.276029 0.217678 0.342193 0.163751 0.160661 0.175341 0.152981 0.220864 0.16606 0.149082 0.180001
threshold=-2.0602149963378902 1.5000000000000002 1.5639650225639345 2.5474849939346318 1.5000000000000002 2.0427049398422246 -0.88323998451232899 2.5000000000000004 1.0000000180025095e-35 1.0000000180025095e-35 1.5000000000000002 0.79767498373985302 1.5000000000000002 1.0000000180025095e-35 -0.78155499696731556 1.5000000000000002 1.0000000180025095e-35 0.59832498431205761 -0.57613500952720631 0.61281502246856701 -0.048845000565052026 0.05931499972939492 -1.3588299751281736 1.0000000180025095e-35 0.19293499737977984 1.5000000000000002 -1.3767949938774107 -0.94235497713088978 -0.26767499744892115 1.0000000180025095e-35
decision_type=2 2 2 2 2 2 2 2 2 2 2 2 2 2 2 2 2 2 2 2 2 2 2 2 2 2 2 2 2 2
left_child=1 -1 6 4 5 -4 7 8 9 -2 16 14 -9 -10 15 -12 19 18 -18 23 28 -22 -14 24 -8 -15 -27 -28 -20 -30
right_child=2 -3 3 -5 -6 -7 10 12 13 -11 11 -13 22 25 -16 -17 17 -19 20 -21 21 -23 -24 -25 -26 26 27 -29 29 -31
leaf_value=0.0002348672686903338 0.00013314399040849923 0.0012503410671433335 9.1108615054552152e-05 -0.00071240047697845518 0.0011790994861754344 0.00076024562723140375 -2.0676135237823107e-06 0.0021030145040495042 -0.00031060541917899451 0.00073487598271913595 0.00016236181483953368 0.00042289270195904549 0.0013274244864144829 0.00018945863175490112 -0.00029457063265442019 -0.0015710480375539348 -0.00022235067032187034 -0.0002246568467226806 0.0002338685782792244 0.0001745816691348551 0.00085658006280154718 0.00025500931809300235 0.00014952013176485905 -0.00032843489233676492 -0.00031176387361402764 0.0001392034757543922 -0.00048427243747187698 0.00034835611491994023 0.00019367245860559633 -0.0003411319664882932
leaf_weight=12916 23331 2284 6720 1623 2458 2664 47994 1003 25100 9578 1069 8762 1204 13767 49066 1932 21964 25021 23353 22180 7507 31217 2027 22002 15472 9659 10971 1782 7803 8325
leaf_count=12916 23331 2284 6720 1623 2458 2664 47994 1003 25100 9578 1069 8762 1204 13767 49066 1932 21964 25021 23353 22180 7507 31217 2027 22002 15472 9659 10971 1782 7803 8325
internal_value=4.80417e-06 0.000387456 -9.53745e-06 0.000325254 0.000467469 0.000281068 -2.10348e-05 5.71022e-05 1.70881e-05 0.000308275 -4.72222e-05 -0.000223737 0.000947241 -0.00013929 -0.000332554 -0.000953582 -1.10759e-06 6.40543e-05 0.000136171 -7.68881e-05 0.000236862 0.000371629 0.000588454 -0.000142148 -7.75666e-05 -2.04356e-05 -0.000149367 -0.000367928 0.000104679 -8.23845e-05
internal_weight=420754 15200 405554 13465 11842 9384 392089 98422 94188 32909 293667 60829 4234 61279 52067 3001 232838 125190 100169 107648 78205 38724 3231 85468 63466 36179 22412 12753 39481 16128
internal_count=420754 15200 405554 13465 11842 9384 392089 98422 94188 32909 293667 60829 4234 61279 52067 3001 232838 125190 100169 107648 78205 38724 3231 85468 63466 36179 22412 12753 39481 16128
is_linear=0
shrinkage=0.08


Tree=57
num_leaves=31
num_cat=0
split_feature=1 1 1 2 2 1 3 2 1 3 2 2 1 3 3 2 2 1 1 3 1 2 1 2 1 1 2 2 1 2
split_gain=0.243033 0.336185 0.220923 0.178807 0.0950914 0.0904825 0.0846041 0.102667 0.0616951 0.367739 0.591126 0.229834 0.209635 0.19582 0.176969 0.136074 0.132828 0.175906 0.155763 0.0986837 0.315604 0.306155 0.244948 0.557094 0.237053 0.259714 0.205219 0.182361 0.173589 0.319442
threshold=1.9073150157928469 2.5474849939346318 -2.0095150470733638 1.5000000000000002 1.5000000000000002 -3.0355050563812251 1.0000000180025095e-35 1.0000000180025095e-35 -0.8487350046634673 1.5000000000000002 1.5000000000000002 2.5000000000000004 -0.57613500952720631 1.0000000180025095e-35 1.0000000180025095e-35 1.0000000180025095e-35 2.5000000000000004 -1.323590040206909 -0.89442500472068776 1.5000000000000002 0.15037500113248828 1.0000000180025095e-35 1.2065849900245669 1.5000000000000002 0.59832498431205761 0.55336499214172374 2.5000000000000004 2.5000000000000004 -0.15559999644756314 1.0000000180025095e-35
decision_type=2 2 2 2 2 2 2 2 2 2 2 2 2 2 2 2 2 2 2 2 2 2 2 2 2 2 2 2 2 2
left_child=2 4 3 5 -2 -1 -7 -8 9 10 14 -12 13 -10 -4 -16 18 -18 -11 28 21 -21 24 -24 25 26 -22 -23 29 -14
right_child=1 -3 8 -5 -6 6 7 -9 12 16 11 -13 19 -15 15 -17 17 -19 -20 20 22 27 23 -25 -26 -27 -28 -29 -30 -31
leaf_value=-0.00043300200357380866 0.00063664039080921708 -0.00050562617717959555 0.00019620398038338739 0.00089243332881554032 0.0015074386778265603 0.00054281437968549753 -0.00014990426818905483 0.00039657141230859522 2.6056263453377765e-05 -0.00025480788231392837 0.00067181646382387329 0.0019738017328371459 3.1246346218704918e-06 -0.00032724291630536551 -0.00023836354775695834 0.00013525884166855511 0.0010563197809167709 -0.00014125604377399154 0.00048812456131586617 0.00066611163458361032 3.853690216531588e-05 0.0002052239640113586 -0.00032806885876105434 0.0012131577983857712 -0.00042960637837397545 0.0010463118202482852 -0.00077579131094552103 -0.00032932109436070852 1.1136291291029989e-05 -0.00040423502959535196
leaf_weight=1437 3969 1648 32670 2582 1006 3980 4833 4039 15888 31494 5369 1035 30117 27280 15126 10618 1274 2045 1916 8257 13747 23748 3299 2754 13876 1430 2314 4933 127617 20849
leaf_count=1437 3969 1648 32670 2582 1006 3980 4833 4039 15888 31494 5369 1035 30117 27280 15126 10618 1274 2045 1916 8257 13747 23748 3299 2754 13876 1430 2314 4933 127617 20849
internal_value=3.89223e-06 0.00048468 -3.78944e-06 0.000279753 0.000812725 0.000169042 0.000236357 9.88801e-05 -1.5819e-05 3.79898e-05 0.000152589 0.00088224 -3.42721e-05 -0.000197211 7.25969e-05 -8.42646e-05 -0.000164251 0.000318434 -0.000212202 -6.46427e-06 7.09746e-05 0.000236862 -9.27758e-05 0.00037316 -0.000182689 1.3196e-05 -7.8788e-05 0.000113285 -3.87081e-05 -0.000163517
internal_weight=421150 6623 414527 16871 4975 14289 12852 8872 397656 101547 64818 6404 296109 43168 58414 25744 36729 3319 33410 252941 74358 36938 37420 6053 31367 17491 16061 28681 178583 50966
internal_count=421150 6623 414527 16871 4975 14289 12852 8872 397656 101547 64818 6404 296109 43168 58414 25744 36729 3319 33410 252941 74358 36938 37420 6053 31367 17491 16061 28681 178583 50966
is_linear=0
shrinkage=0.08


Tree=58
num_leaves=31
num_cat=0
split_feature=1 0 2 1 1 0 1 2 0 1 0 1 0 2 0 1 1 2 1 0 0 1 2 2 0 0 0 2 1 1
split_gain=0.216823 0.237635 0.59953 0.409889 0.491396 0.303196 0.299047 0.200905 0.171787 0.16287 0.467173 0.37678 0.996588 0.682381 0.579274 0.782826 0.379224 0.710903 0.356404 0.598818 0.498371 0.34748 0.4342 0.423192 0.277526 0.26912 0.392953 1.00981 0.56191 0.294713
threshold=-2.1792600154876705 3.3771350383758549 2.5000000000000004 -0.62649500370025624 0.43486499786376959 5.082170009613038 2.2294049263000493 1.5000000000000002 3.7150499820709233 -0.048845000565052026 2.5644600391387944 0.67494001984596264 1.8640949726104739 1.5000000000000002 1.9327149987220766 -0.010024999734014271 1.2065849900245669 1.5000000000000002 0.21464500576257708 2.4649250507354741 2.2370949983596806 1.0623149871826174 1.5000000000000002 1.5000000000000002 2.9460799694061284 2.1976850032806401 0.90217000246047985 2.5000000000000004 -0.45909999310970301 -0.46833999454975123
decision_type=2 2 2 2 2 2 2 2 2 2 2 2 2 2 2 2 2 2 2 2 2 2 2 2 2 2 2 2 2 2
left_child=7 6 3 -3 8 -6 9 -1 -5 25 11 14 13 -13 -11 -16 17 -14 19 -17 -20 22 -12 -23 -25 26 27 28 -2 -27
right_child=1 2 -4 4 5 -7 -8 -9 -10 10 21 12 16 -15 15 18 -18 -19 20 -21 -22 23 -24 24 -26 29 -28 -29 -30 -31
leaf_value=0.00020966236789846264 0.00015373103902688364 0.00087040379121794929 0.001479217891770639 -0.00061215699061955035 0.00035343845228998457 -0.00095895981937057497 0.0010789732298692259 0.0011327690241159873 -6.2158874734790037e-05 4.0229342051260983e-05 -0.0001272887518675214 0.00018145116005334065 -0.00042172903342630304 0.0017657440178638665 0.0021162229717669716 0.00052990641403411669 6.5754941173968101e-05 -0.0019812691249307059 0.0006610768324216619 0.0022465066076769709 -0.00023314847224781222 -2.0209929676601391e-05 -0.00079003168418349367 0.00032835197196289266 0.0020909100811313205 -6.5266174997399596e-05 -0.00019575287319789137 0.0020755214290010017 -0.00064360636262702044 0.00027100903674385119
leaf_weight=10034 31878 4075 2164 7152 19157 1197 1579 1776 7390 33611 29157 9034 8532 2155 1867 8307 5210 2396 7525 1542 8488 7997 8080 1138 1149 43040 119377 1580 6877 27234
leaf_count=10034 31878 4075 2164 7152 19157 1197 1579 1776 7390 33611 29157 9034 8532 2155 1867 8307 5210 2396 7525 1542 8488 7997 8080 1138 1149 43040 119377 1580 6877 27234
internal_value=1.05441e-05 7.83461e-07 0.000183138 0.000111168 2.25082e-05 0.000276258 -1.96138e-05 0.00034848 -0.000332657 -2.4351e-05 4.49833e-05 0.000153456 -9.36188e-05 0.000486586 0.000263528 0.000534194 -0.000495894 -0.000763663 0.000419986 0.000798664 0.000187075 -0.000157411 -0.000271096 0.00025423 0.00121387 -6.54079e-05 -0.000122812 9.30676e-05 1.22451e-05 6.5054e-05
internal_weight=420698 408888 41135 38971 34896 20354 367753 11810 14542 366174 136188 88667 27327 11189 61340 27729 16138 10928 25862 9849 16013 47521 37237 10284 2287 229986 159712 40335 38755 70274
internal_count=420698 408888 41135 38971 34896 20354 367753 11810 14542 366174 136188 88667 27327 11189 61340 27729 16138 10928 25862 9849 16013 47521 37237 10284 2287 229986 159712 40335 38755 70274
is_linear=0
shrinkage=0.08


Tree=59
num_leaves=31
num_cat=0
split_feature=1 0 1 1 1 0 0 1 2 2 2 0 2 0 2 2 1 2 1 1 0 0 1 2 2 1 1 1 0 0
split_gain=0.259419 0.271109 0.455331 0.488948 0.388725 0.37152 0.28093 0.257682 0.238451 0.234005 0.207418 0.186394 0.181042 0.167349 0.235936 0.161139 0.152715 0.151102 0.856936 1.06175 0.885135 0.884591 0.795759 0.672523 0.407405 0.373963 0.28722 0.46189 0.36765 0.32315
threshold=-2.1166150569915767 3.3771350383758549 -0.51693499088287342 0.45975999534130102 2.0427049398422246 4.1758649349212655 3.7580599784851079 0.93940499424934398 1.0000000180025095e-35 1.0000000180025095e-35 1.0000000180025095e-35 2.4754049777984624 1.0000000180025095e-35 0.19200500100851062 1.0000000180025095e-35 1.5000000000000002 1.5639650225639345 1.5000000000000002 -1.1961200237274168 1.0095850229263308 1.4660949707031252 2.5537600517272954 0.258779987692833 2.5000000000000004 2.5000000000000004 -0.93010500073432911 -0.71717000007629383 0.16129500418901446 2.4649250507354741 2.1390650272369389
decision_type=2 2 2 2 2 2 2 2 2 2 2 2 2 2 2 2 2 2 2 2 2 2 2 2 2 2 2 2 2 2
left_child=10 4 9 5 13 -4 15 12 -7 -3 -1 -6 -8 14 -2 16 -5 -15 21 20 22 -19 25 -21 26 -20 -22 29 -29 -28
right_child=1 2 3 6 11 8 7 -9 -10 -11 -12 -13 -14 17 -16 -17 -18 18 19 23 24 -23 -24 -25 -26 -27 27 28 -30 -31
leaf_value=3.955077679255614e-05 -0.00010403269610487622 0.00037039881279640768 -0.00046750596371117234 0.00030509774070178766 8.6943819046524394e-05 -0.00015844144245963503 6.6729406734490019e-05 -0.00018757278554098908 0.0013239479978941354 0.0014487173431835354 0.00066774165504654469 0.0014772871065162525 0.0011104997658441895 -3.1067521893860816e-05 0.00056681984561486154 0.001325122074279476 0.0012549105441703229 0.00026997441128814132 0.00087376598214444811 0.00030646007519387656 -0.00091166558189972522 0.0027199469152196006 0.0016667687741045531 0.0024394304305093801 -0.00096412937451830633 -0.00028618104591717131 -0.00044513924996640689 -0.00025098984421085239 -0.001191800201926244 0.00029625369287445417
leaf_weight=7069 6734 2733 12094 5570 1011 1437 2158 8111 1344 2436 6418 1584 2097 278731 6687 1880 1345 8625 2206 3770 5799 1059 2005 1263 11135 9186 6421 5638 5030 9088
leaf_count=7069 6734 2733 12094 5570 1011 1437 2158 8111 1344 2436 6418 1584 2097 278731 6687 1880 1345 8625 2206 3770 5799 1059 2005 1263 11135 9186 6421 5638 5030 9088
internal_value=-6.70365e-06 -1.81374e-05 0.000176407 7.56878e-05 -4.00413e-05 -0.000275786 0.000322754 7.69301e-05 0.000557967 0.000878579 0.000338485 0.000935616 0.000581133 -4.70088e-05 0.000230219 0.000668389 0.000489841 -5.76406e-05 -0.000161631 -0.000271708 -0.000370877 0.000537893 0.000197099 0.000841716 -0.000547379 -6.15635e-05 -0.000402254 -0.000289404 -0.000694585 -1.06961e-05
internal_weight=420664 407177 41205 36036 365972 14875 21161 12366 2781 5169 13487 2595 4255 363377 13421 8795 6915 349956 71225 61541 56508 9684 13397 5033 43111 11392 31976 26177 10668 15509
internal_count=420664 407177 41205 36036 365972 14875 21161 12366 2781 5169 13487 2595 4255 363377 13421 8795 6915 349956 71225 61541 56508 9684 13397 5033 43111 11392 31976 26177 10668 15509
is_linear=0
shrinkage=0.08


Tree=60
num_leaves=31
num_cat=0
split_feature=0 2 0 0 2 3 2 0 0 0 0 3 3 0 2 0 0 3 2 2 3 3 2 2 0 2 2 3 0 0
split_gain=0.187523 0.299978 0.222708 0.158279 0.19195 0.138424 0.148829 0.128181 0.0935276 0.0909309 0.388268 0.559882 0.397871 0.74888 0.326645 0.150668 0.139762 0.360979 0.445208 0.215142 0.175475 0.157389 0.172284 0.162213 0.152334 0.185873 0.139712 0.141558 0.135929 0.131825
threshold=3.3771350383758549 2.5000000000000004 3.803590059280396 0.19200500100851062 1.5000000000000002 1.5000000000000002 1.0000000180025095e-35 3.7150499820709233 4.533104896545411 2.5644600391387944 2.2468349933624272 1.0000000180025095e-35 1.0000000180025095e-35 1.6585099697113039 1.0000000180025095e-35 2.6109099388122563 1.7330700159072878 1.5000000000000002 2.5000000000000004 1.0000000180025095e-35 1.5000000000000002 1.5000000000000002 2.5000000000000004 1.5000000000000002 1.3025850057601931 1.0000000180025095e-35 1.5000000000000002 1.5000000000000002 1.8540149927139284 2.4754049777984624
decision_type=2 2 2 2 2 2 2 2 2 2 2 2 2 2 2 2 2 2 2 2 2 2 2 2 2 2 2 2 2 2
left_child=3 5 -3 4 -1 6 8 -7 -2 10 12 -12 13 14 -5 -11 17 18 24 20 -18 23 -23 -21 25 -14 27 29 -22 -13
right_child=1 2 -4 9 -6 7 -8 -9 -10 15 11 26 16 -15 -16 -17 19 -19 -20 21 28 22 -24 -25 -26 -27 -28 -29 -30 -31
leaf_value=0.00010491960921556637 0.00012174821733677342 0.0003314128916372585 0.001942329406546747 0.00017533735879554245 0.00085614542398568228 0.00018316319377911967 0.00042378237853115303 -0.00041378079891596218 -0.00042584335805378077 -0.00046616667193313555 -0.00013556976810779044 0.00051527538864680543 -0.0001431823515018721 -0.00017153948808489979 0.00065872908506578584 -7.0542471132255594e-05 1.9909567039072952e-05 -0.00033181007609534236 0.0014914576764598845 -0.0001576913490681765 0.0012009253443843913 0.00010525835442210018 -0.00051514135440946639 -0.00072588966784369242 -0.00023188342943495342 0.00031089210366317093 0.00015299847226314274 0.00078717494259371746 0.00032862087764454163 -6.8772761849893838e-05
leaf_weight=13142 16341 1204 1010 29015 2609 4023 11214 5382 2274 6667 19763 9303 11946 36394 12935 81135 12401 50985 1217 9851 1511 16983 3446 4774 18510 11159 9196 8163 4698 3369
leaf_count=13142 16341 1204 1010 29015 2609 4023 11214 5382 2274 6667 19763 9303 11946 36394 12935 81135 12401 50985 1217 9851 1511 16983 3446 4774 18510 11159 9196 8163 4698 3369
internal_value=-1.26246e-06 0.000160299 0.00106629 -1.89231e-05 0.000229353 0.000109173 0.00019355 -0.000158437 5.48547e-05 -2.96836e-05 -7.09763e-06 0.00019511 -5.16841e-05 9.40093e-05 0.000324388 -0.000100583 -0.000129079 -0.000187979 -1.67695e-05 -2.61075e-05 0.000193732 -0.000142819 6.0823e-07 -0.000343167 -6.08765e-05 7.61216e-05 0.000412727 0.000527364 0.000540902 0.000359999
internal_weight=420620 41448 2214 379172 15751 39234 29829 9405 18615 363421 275619 49794 225825 78344 41950 87802 147481 93817 42832 53664 18610 35054 20429 14625 41615 23105 30031 20835 6209 12672
internal_count=420620 41448 2214 379172 15751 39234 29829 9405 18615 363421 275619 49794 225825 78344 41950 87802 147481 93817 42832 53664 18610 35054 20429 14625 41615 23105 30031 20835 6209 12672
is_linear=0
shrinkage=0.08


Tree=61
num_leaves=31
num_cat=0
split_feature=0 1 1 2 0 1 1 2 1 0 2 1 2 0 0 2 1 0 0 1 0 1 2 2 2 1 0 1 0 0
split_gain=0.1481 0.85809 1.00694 0.701891 0.545876 0.399662 0.280474 0.224041 0.54029 0.308475 0.21345 0.208313 0.208178 0.248546 0.199662 0.17454 0.164022 0.175359 0.238379 0.130813 1.03446 0.625242 0.707841 0.455994 0.357373 0.294503 0.436886 1.10062 0.591928 0.424685
threshold=3.2023100852966313 -0.64591500163078297 0.45975999534130102 1.5000000000000002 3.803590059280396 2.5474849939346318 2.2294049263000493 1.5000000000000002 1.2065849900245669 3.803590059280396 1.5000000000000002 -1.846029996871948 1.5000000000000002 0.77192500233650219 -0.52781498432159413 1.0000000180025095e-35 1.7078699469566347 4.1758649349212655 3.6017649173736577 0.59832498431205761 1.7012050151824953 1.0623149871826174 2.5000000000000004 1.5000000000000002 1.0000000180025095e-35 -0.23081000149250028 2.051090002059937 0.2476649954915047 2.5418000221252446 2.2370949983596806
decision_type=2 2 2 2 2 2 2 2 2 2 2 2 2 2 2 2 2 2 2 2 2 2 2 2 2 2 2 2 2 2
left_child=6 3 4 -2 -3 7 11 16 -9 -10 -6 12 -1 -14 15 -13 -4 18 -18 25 23 22 24 -21 -22 -16 -27 28 -28 -29
right_child=1 2 5 -5 10 -7 -8 8 9 -11 -12 14 13 -15 19 -17 17 -19 -20 20 21 -23 -24 -25 -26 26 27 29 -30 -31
leaf_value=9.9861173868652818e-05 0.00059088377376198867 -0.00066188924018020844 0.00017674891008165314 0.0027580389826628105 -2.2303096382441541e-05 -0.0012151843862546108 0.0011059842054537037 0.0014976968546415697 0.00080520933992223476 -0.0011256637185256726 0.0011034582209602077 3.3950005383746187e-06 -0.00017006232162740381 0.0012227391997027726 -8.9684912221581412e-05 0.0013093447254263408 0.00033934346906840801 -4.1113773145927838e-05 0.0020511951477268564 0.00029742776869528674 -0.00018275971614485138 2.3234239992875634e-05 -0.0023840922125198537 0.0016762921796599157 -0.00082840039315939834 -9.2681513477608769e-05 0.00085357814453751782 0.00056355617130839021 0.00018565209933930253 -0.0003820390521729974
leaf_weight=19356 5086 15241 16928 1178 5461 1022 1401 3286 1081 1038 1343 1319 1233 2448 183678 1301 1000 1040 1086 8171 10876 16657 1368 1890 11073 50223 16792 3676 17179 17562
leaf_count=19356 5086 15241 16928 1178 5461 1022 1401 3286 1081 1038 1343 1319 1233 2448 183678 1301 1000 1040 1086 8171 10876 16657 1368 1890 11073 50223 16792 3676 17179 17562
internal_value=-5.4192e-06 0.000117251 3.50302e-06 0.000998436 -0.000395904 0.000336003 -2.37727e-05 0.000398272 0.000855398 -0.000140636 0.000199904 -2.81115e-05 0.000204735 0.000756202 -4.38067e-05 0.000651884 0.000275067 0.00080748 0.00123056 -4.91812e-05 -0.000168612 -0.000351103 -0.000618519 0.000556453 -0.000508477 -2.85117e-05 7.80609e-05 0.000233383 0.000515811 -0.00021837
internal_weight=420993 54790 48526 6264 22045 26481 366203 25459 5405 2119 6804 364802 23037 3681 341765 2620 20054 3126 2086 339145 50035 39974 23317 10061 21949 289110 105432 55209 33971 21238
internal_count=420993 54790 48526 6264 22045 26481 366203 25459 5405 2119 6804 364802 23037 3681 341765 2620 20054 3126 2086 339145 50035 39974 23317 10061 21949 289110 105432 55209 33971 21238
is_linear=0
shrinkage=0.08


Tree=62
num_leaves=31
num_cat=0
split_feature=1 1 2 1 1 3 2 1 1 1 2 3 3 2 1 1 1 1 3 2 1 1 2 1 2 3 1 1 1 1
split_gain=0.131286 0.151161 0.124688 0.110958 0.184248 0.0735229 0.0710454 0.0593706 0.0551671 0.0514583 0.296886 0.336726 0.169513 0.127097 0.122907 0.111827 0.0688139 0.115027 0.260459 0.248665 0.270929 0.430325 0.202096 0.17786 0.201175 0.151166 0.16026 0.142667 0.103816 0.0945096
threshold=-2.1792600154876705 -3.0355050563812251 1.5000000000000002 1.9073150157928469 2.5474849939346318 1.5000000000000002 1.5000000000000002 -2.3357450962066646 2.2294049263000493 -1.1525099873542783 1.0000000180025095e-35 1.5000000000000002 1.5000000000000002 2.5000000000000004 -1.3767949938774107 -1.3767949938774107 -0.17487499862909314 0.15037500113248828 1.5000000000000002 1.0000000180025095e-35 0.098845001310110106 0.069035001099109664 1.0000000180025095e-35 0.03870500065386296 2.5000000000000004 1.0000000180025095e-35 -0.12706499546766278 0.17137499898672107 -0.038644999265670769 -0.048845000565052026
decision_type=2 2 2 2 2 2 2 2 2 2 2 2 2 2 2 2 2 2 2 2 2 2 2 2 2 2 2 2 2 2
left_child=1 -1 5 9 6 -3 8 -7 -5 10 11 -2 -12 14 -14 -13 -11 18 22 -20 21 23 -18 24 29 26 -24 -19 -28 -21
right_child=3 2 -4 4 -6 7 -8 -9 -10 16 12 15 13 -15 -16 -17 17 27 19 20 -22 -23 25 -25 -26 -27 28 -29 -30 -31
leaf_value=-0.00044614351472017547 2.4343074830751103e-05 0.00046290710294030529 0.001050649219948572 0.00020191634719166976 -0.00040631306591900772 0.0002065530624893869 0.001157613439737607 -0.00049347989351824963 0.00084120045977472053 -6.3219699250328381e-05 0.0004147439066363313 -0.00077990505739684564 0.00013412533121638398 0.00065443094720462963 -0.00034161191609744629 -0.00011191746368213198 0.00014941788089171601 -0.00055301171926763347 0.00098068079391094463 4.8076495121089248e-05 0.0011067518996348449 -0.0014348616477292003 0.00040968926504840832 0.0011916592998571709 -0.00073505791861651142 -2.030696799354465e-05 -0.0011895692721839402 -1.8216894236583562e-05 -0.00044764344701151711 0.00065275366429043814
leaf_weight=1643 25198 4974 1514 2662 1677 2495 1023 1125 1279 153417 15557 5387 10456 1992 5206 2284 22464 3276 3447 4161 1848 1108 1002 1092 1495 9578 1795 125243 3685 2746
leaf_count=1643 25198 4974 1514 2662 1677 2495 1023 1125 1279 153417 15557 5387 10456 1992 5206 2284 22464 3276 3447 4161 1848 1108 1002 1092 1495 9578 1795 125243 3685 2746
internal_value=1.89879e-06 0.000265539 0.00038122 -5.67444e-06 0.000318664 0.000263287 0.000563585 -1.09986e-05 0.000409388 -1.10267e-05 5.35141e-05 -0.000116936 0.000222209 5.25439e-05 -2.40082e-05 -0.000581015 -2.37062e-05 9.43058e-06 0.000106915 0.000379364 0.000212879 5.70705e-05 -5.51114e-06 0.000231187 0.000106355 -0.000222219 -0.00052057 -3.1849e-05 -0.000690665 0.000288477
internal_weight=420829 11751 10108 409078 6641 8594 4964 3620 3941 402437 66080 32869 33211 17654 15662 7671 336357 182940 54421 15897 12450 10602 38524 9494 8402 16060 6482 128519 5480 6907
internal_count=420829 11751 10108 409078 6641 8594 4964 3620 3941 402437 66080 32869 33211 17654 15662 7671 336357 182940 54421 15897 12450 10602 38524 9494 8402 16060 6482 128519 5480 6907
is_linear=0
shrinkage=0.08


Tree=63
num_leaves=31
num_cat=0
split_feature=1 0 3 0 0 3 3 1 1 1 1 0 0 3 0 3 0 1 1 0 1 0 3 0 0 0 1 1 0 0
split_gain=0.15501 0.561224 0.199702 1.04226 0.946683 0.720309 0.580668 0.318961 0.180397 0.162126 0.263043 0.724309 0.226502 0.662661 1.04994 0.611688 0.92274 1.00445 0.444533 0.317202 0.290445 0.408622 0.288482 0.33899 0.30551 0.272652 0.22668 0.25603 0.570555 0.213356
threshold=-1.1386899948120115 2.6939949989318852 1.0000000180025095e-35 1.4542349576950075 1.1449899673461916 1.5000000000000002 1.5000000000000002 -2.4311149120330806 -1.5131099820137022 -0.12706499546766278 -0.10734499990940093 1.9626049995422366 2.1976850032806401 1.0000000180025095e-35 1.6585099697113039 1.5000000000000002 2.4754049777984624 -0.74922999739646901 -0.51693499088287342 3.3080149888992314 -0.57613500952720631 3.0926699638366704 1.0000000180025095e-35 2.2772949934005742 2.7430649995803837 2.3686649799346928 -0.20170500129461286 -0.46833999454975123 3.2855800390243535 3.2855800390243535
decision_type=2 2 2 2 2 2 2 2 2 2 2 2 2 2 2 2 2 2 2 2 2 2 2 2 2 2 2 2 2 2
left_child=1 2 3 -1 6 8 -4 -7 -6 12 11 -11 13 14 -2 19 17 -17 -19 20 21 -14 23 -22 -24 -25 27 29 -29 -18
right_child=9 -3 4 -5 5 7 -8 -9 -10 10 -12 -13 15 -15 -16 16 26 18 -20 -21 22 -23 24 25 -26 -27 -28 28 -30 -31
leaf_value=-0.00029289032721307193 0.00048464193065233412 0.00079586585893990118 -0.00016713900404217424 0.0007920624946583019 0.00040350391267475049 0.00050335620260189137 0.00068217683744971368 -0.0008107608676909666 -0.00020181647089037588 -0.0006036121411891306 1.0354277230758875e-05 0.0017677020059688117 -0.00060684708471107852 -0.00031249555442089253 -0.00040222192840618296 -0.00025287137151931607 -0.00036262394681932836 0.0033270268039835051 0.0014377599143438184 0.00035925463783479576 0.0010507487102835015 0.00073423939711492127 0.00070110778204935927 -0.0015448860092500819 -0.00028427528426902901 -0.00027396608052437883 -0.00097557856264709586 0.0012767670494373449 -0.0009014928145921723 0.00069971027646731506
leaf_weight=11797 20693 6707 8553 10905 6239 1283 12956 15029 6366 1470 177467 1877 14593 64835 14551 1714 5333 1242 2225 7212 1100 1615 5378 1229 3219 8930 1228 2852 1054 1565
leaf_count=11797 20693 6707 8553 10905 6239 1283 12956 15029 6366 1470 177467 1877 14593 64835 14551 1714 5333 1242 2225 7212 1100 1615 5378 1229 3219 8930 1228 2852 1054 1565
internal_value=-4.87834e-06 9.5477e-05 3.12402e-05 0.000228271 -5.7464e-05 -0.000356414 0.000344449 -0.000707401 9.77943e-05 -2.83473e-05 2.36055e-05 0.000726223 -8.68508e-05 -0.00016072 0.000118487 3.53656e-05 0.000438743 0.00133136 0.00211456 -0.000125078 -0.000221933 -0.000473218 -1.68152e-05 -0.000283272 0.000332148 -0.000427717 5.43824e-05 0.000171449 0.000688983 -0.000121604
internal_weight=421217 79835 73128 22702 50426 28917 21509 16312 12605 341382 180814 3347 160568 100079 35244 60489 17213 5181 3467 43276 36064 16208 19856 11259 8597 10159 12032 10804 3906 6898
internal_count=421217 79835 73128 22702 50426 28917 21509 16312 12605 341382 180814 3347 160568 100079 35244 60489 17213 5181 3467 43276 36064 16208 19856 11259 8597 10159 12032 10804 3906 6898
is_linear=0
shrinkage=0.08


Tree=64
num_leaves=31
num_cat=0
split_feature=1 1 1 2 2 3 3 1 1 3 1 2 3 1 1 2 2 1 2 3 2 2 1 1 2 1 1 1 1 1
split_gain=0.121905 0.243736 0.108974 0.445371 0.245226 0.220895 0.185044 0.150011 0.101659 0.161557 0.142391 0.216073 0.13067 0.334967 0.254064 0.307371 0.247869 1.13647 0.200336 0.196191 0.281535 0.236778 0.33087 0.309634 0.16735 0.15907 0.17129 0.141088 0.189688 0.123686
threshold=2.5474849939346318 1.9073150157928469 -1.1386899948120115 2.5000000000000004 1.0000000180025095e-35 1.5000000000000002 1.5000000000000002 -1.1961200237274168 -0.50727000832557667 1.0000000180025095e-35 -0.77027499675750721 1.5000000000000002 1.0000000180025095e-35 0.62764999270439159 0.4721399992704392 1.0000000180025095e-35 2.5000000000000004 0.79767498373985302 1.0000000180025095e-35 1.5000000000000002 1.5000000000000002 2.5000000000000004 0.2476649954915047 -0.26767499744892115 1.0000000180025095e-35 -0.32477499544620508 -0.097654998302459703 0.19293499737977984 -0.38268500566482538 -0.35404001176357264
decision_type=2 2 2 2 2 2 2 2 2 2 2 2 2 2 2 2 2 2 2 2 2 2 2 2 2 2 2 2 2 2
left_child=1 2 3 4 5 -1 -6 -8 9 10 11 -4 13 24 15 -14 -16 -18 -15 20 29 25 23 -23 27 -21 -27 28 -10 -17
right_child=-2 -3 8 -5 6 -7 7 -9 12 -11 -12 -13 14 18 16 19 17 -19 -20 21 -22 22 -24 -25 -26 26 -28 -29 -30 -31
leaf_value=1.9234438645012409e-05 -0.00068096341958126581 0.00056361641066044463 0.00013636469584145708 0.0010364356415596982 0.00038597908571888658 -0.00041576918890871118 8.9349600447938252e-05 -0.00076400981929540383 -0.00039141087609395684 -0.00016890929313193443 -0.00012360844999243967 0.0013461802214896307 0.00033400493272864784 4.0543505156413967e-05 -0.00014533648338277839 0.00051116367338314745 -0.0010024489197210842 0.0015967442711699747 0.00053457714334401217 0.00060693850775954763 -0.00049256549019083154 -0.00090324162747239386 -0.0014453347307908546 0.00042439729711302518 -0.00034480126139766414 -0.00016045093992047999 0.00029897075869058677 -0.0002680152642252861 0.00011263459364798265 -4.3291103726813586e-05
leaf_weight=29996 1649 4997 17118 3033 17452 9949 17774 1424 5824 59456 16139 1000 32214 18144 45534 3101 1883 2514 7394 6214 9163 1659 1270 3488 20860 7621 16308 16023 26615 15179
leaf_count=29996 1649 4997 17118 3033 17452 9949 17774 1424 5824 59456 16139 1000 32214 18144 45534 3101 1883 2514 7394 6214 9163 1659 1270 3488 20860 7621 16308 16023 26615 15179
internal_value=5.53405e-06 8.23357e-06 1.53572e-06 8.56512e-05 4.80022e-05 -8.91108e-05 0.000197442 2.60522e-05 -1.84748e-05 -8.91778e-05 4.92032e-05 0.000203139 9.01715e-06 -6.40996e-05 5.64749e-05 0.000132459 -8.99471e-05 0.000483649 0.000183581 3.10174e-05 -0.000130648 0.000152368 -0.000288882 -3.53217e-06 -0.000155344 0.000246304 0.000152652 -7.37942e-05 2.21398e-05 5.0766e-05
internal_weight=420995 419346 414349 79628 76595 39945 36650 19198 334721 93713 34257 18118 241008 94860 146148 96217 49931 4397 25538 64003 27443 36560 6417 5147 69322 30143 23929 48462 32439 18280
internal_count=420995 419346 414349 79628 76595 39945 36650 19198 334721 93713 34257 18118 241008 94860 146148 96217 49931 4397 25538 64003 27443 36560 6417 5147 69322 30143 23929 48462 32439 18280
is_linear=0
shrinkage=0.08


Tree=65
num_leaves=31
num_cat=0
split_feature=2 1 1 1 1 1 1 1 1 3 1 1 1 1 2 3 1 1 1 3 3 1 1 1 2 1 3 1 1 3
split_gain=0.25228 0.567413 0.672146 0.122448 0.312559 0.129204 0.271476 0.174147 0.33545 0.470459 0.105407 0.0755138 0.10321 0.0720947 0.0650037 0.0641127 0.061764 0.0564232 0.0556971 0.24668 0.128327 0.0475182 0.0465227 0.0451263 0.0338238 0.263772 0.332843 0.275501 0.25395 0.219252
threshold=2.5000000000000004 -1.0036150217056272 0.96156498789787304 -0.69619500637054432 -0.83676499128341664 -0.27762499451637263 -0.16489500552415845 0.028725000098347667 0.15037500113248828 1.5000000000000002 0.38528500497341162 -2.1166150569915767 -3.0355050563812251 -1.4718450307846067 1.0000000180025095e-35 1.0000000180025095e-35 -0.39229500293731684 -1.1961200237274168 1.9073150157928469 1.5000000000000002 1.0000000180025095e-35 -0.51693499088287342 2.2294049263000493 0.65902999043464672 1.0000000180025095e-35 0.87480500340461742 1.5000000000000002 -1.1961200237274168 1.1455050110816958 1.0000000180025095e-35
decision_type=2 2 2 2 2 2 2 2 2 2 2 2 2 2 2 2 2 2 2 2 2 2 2 2 2 2 2 2 2 2
left_child=11 13 3 4 -3 16 -7 -8 -9 -10 -11 12 -1 -2 15 -14 21 -15 24 20 22 -5 -20 -12 28 27 -27 -26 -13 -30
right_child=1 2 -4 5 -6 6 7 8 9 10 23 18 14 17 -16 -17 -18 -19 19 -21 -22 -23 -24 -25 25 26 -28 -29 29 -31
leaf_value=-0.00040160486656765727 0.000761165369957116 -0.00048520472322095191 0.0013883507380102575 -0.00068294663636849591 0.0014517858812603383 0.0011928207923779155 -0.00088192460933384789 0.0012981648609899426 0.0011089887157548124 -0.0001168548551955932 -0.0012762607394795353 3.7935597454449488e-05 0.00042021717286888833 0.0018602146923875755 0.00047694254613274396 -0.00010889890458735084 -0.001117267554964288 0.0010513130686489076 -0.00014219454775933171 -0.00052438436200901069 0.0010683611582844724 4.2279540537918717e-06 0.00054160656294599172 -0.00060555966735324437 0.0001666852685984338 0.00052304085825835328 -0.00015001424943506331 -0.0001099407708163094 -6.1769717784386871e-05 -0.00078549701285697408
leaf_weight=1651 1601 1094 2224 1510 1040 1024 1807 1072 1236 1399 1444 182243 2399 1133 5409 3767 1043 1076 1298 1924 1852 1123 1250 1156 27557 11453 7978 140629 6586 4516
leaf_count=1651 1601 1094 2224 1510 1040 1024 1807 1072 1236 1399 1444 182243 2399 1133 5409 3767 1043 1076 1298 1924 1852 1123 1250 1156 27557 11453 7978 140629 6586 4516
internal_value=1.63188e-05 0.000286727 9.07669e-05 -0.000102291 0.000458783 -0.00019573 -3.46108e-05 -0.000189515 8.8656e-06 -0.000255151 -0.000676776 2.15269e-06 0.000190126 0.00116994 0.000274528 9.69638e-05 -0.000596249 0.0014662 -4.26671e-06 0.000231203 0.000561601 -0.00038986 0.000193265 -0.000978057 -8.17552e-06 -3.23742e-05 0.000246697 -6.4616e-05 1.53062e-05 -0.000356163
internal_weight=421494 20982 17172 14948 2134 12814 9138 8114 6307 5235 3999 400512 13226 3810 11575 6166 3676 2209 387286 6324 4400 2633 2548 2600 380962 187617 19431 168186 193345 11102
internal_count=421494 20982 17172 14948 2134 12814 9138 8114 6307 5235 3999 400512 13226 3810 11575 6166 3676 2209 387286 6324 4400 2633 2548 2600 380962 187617 19431 168186 193345 11102
is_linear=0
shrinkage=0.08


Tree=66
num_leaves=31
num_cat=0
split_feature=0 2 3 2 0 0 0 2 2 0 2 0 0 3 3 0 0 2 2 0 3 0 0 0 0 0 0 0 0 3
split_gain=0.0933915 0.330212 0.257239 0.181418 0.109828 0.0991904 0.0969165 0.088759 0.0874619 0.552042 0.241771 0.557875 0.130861 0.366001 0.155186 0.341359 0.243518 0.179612 0.12165 0.117367 0.115389 0.434618 0.426199 0.144894 0.11491 0.114466 0.112663 0.266403 0.187988 0.102826
threshold=3.263779997825623 2.5000000000000004 1.5000000000000002 1.5000000000000002 5.082170009613038 2.8743100166320805 3.803590059280396 1.5000000000000002 1.5000000000000002 1.204385042190552 2.5000000000000004 0.52245500683784496 2.09111499786377 1.0000000180025095e-35 1.0000000180025095e-35 1.7117500305175783 1.7639850378036501 1.0000000180025095e-35 1.0000000180025095e-35 2.0120949745178227 1.5000000000000002 2.7801799774169926 2.7193250656127934 2.7430649995803837 2.8320949077606206 1.7839150428771975 2.3071050643920903 2.1485450267791752 2.3686649799346928 1.5000000000000002
decision_type=2 2 2 2 2 2 2 2 2 2 2 2 2 2 2 2 2 2 2 2 2 2 2 2 2 2 2 2 2 2
left_child=5 2 4 -4 7 8 -3 -2 12 10 -10 -12 14 -14 15 -1 18 -17 29 -19 23 22 26 -15 -11 -18 27 -22 -28 -16
right_child=1 6 3 -5 -6 -7 -8 -9 9 24 11 -13 13 20 16 17 25 19 -20 -21 21 -23 -24 -25 -26 -27 28 -29 -30 -31
leaf_value=0.0001937114106137132 0.00014101582231609356 0.00059141194145145284 -0.00053600857444592402 0.00012663691210588999 -0.00062655864882089939 -0.00013814537852250216 0.0015899167264607822 0.00058339040462304637 0.00017026741239416235 -0.00019420141039699638 0.0025143667666804393 0.00025407727479824027 -7.3074231204820289e-05 0.00021743578467012541 -0.00013919045602444829 -5.2803107764474037e-05 0.00081891745129691483 -0.00038128970054648664 -4.9861847955696012e-05 -0.001254263415202665 0.0009721874873151675 0.0016187881587876275 -0.0011603790929869504 -0.00028884762109007218 -0.0010528142935635745 9.4831460438981119e-05 0.001314723813083094 -0.00020106658679629684 0.00039573072028327959 -0.00039456761340730853
leaf_weight=46566 31443 1633 6916 4281 1110 38174 1005 3198 11965 49697 1006 2289 43967 26060 24218 16216 1489 4476 39807 1264 1707 1701 1224 4201 1018 22678 1723 4514 8225 17298
leaf_count=46566 31443 1633 6916 4281 1110 38174 1005 3198 11965 49697 1006 2289 43967 26060 24218 16216 1489 4476 39807 1264 1707 1701 1224 4201 1018 22678 1723 4514 8225 17298
internal_value=-2.22991e-06 0.000100893 5.19566e-05 -0.000282656 0.000156755 -1.59949e-05 0.000971813 0.000181855 -2.00501e-06 -8.44973e-05 0.000337371 0.000944169 1.83531e-05 9.47836e-05 -2.26362e-05 7.11023e-05 -8.35249e-05 -0.000188937 -0.000149785 -0.000573526 0.000244317 0.000398309 0.000278949 0.000147151 -0.000211436 0.000139445 0.000387907 0.000120866 0.000554901 -0.000245596
internal_weight=421069 49586 46948 11197 35751 371483 2638 34641 333309 65975 15260 3295 267334 93322 174012 68522 105490 21956 81323 5740 49355 19094 17393 30261 50715 24167 16169 6221 9948 41516
internal_count=421069 49586 46948 11197 35751 371483 2638 34641 333309 65975 15260 3295 267334 93322 174012 68522 105490 21956 81323 5740 49355 19094 17393 30261 50715 24167 16169 6221 9948 41516
is_linear=0
shrinkage=0.08


Tree=67
num_leaves=31
num_cat=0
split_feature=1 2 3 2 1 1 2 3 2 3 2 3 1 1 1 1 1 1 1 1 1 1 1 1 1 1 1 3 3 1
split_gain=0.184746 0.504659 0.0941414 0.13325 0.110097 0.0865667 0.376064 0.202373 0.14989 0.283945 0.0928337 0.528765 0.556246 0.271006 0.158836 0.356888 0.17226 0.153462 0.0947716 0.196921 0.0777598 0.0901013 0.0757955 0.0654716 0.0552099 0.047726 0.0475197 0.313822 0.14604 0.323309
threshold=-1.5595049858093259 2.5000000000000004 1.5000000000000002 1.0000000180025095e-35 -2.7436399459838863 0.91752499341964733 1.0000000180025095e-35 1.0000000180025095e-35 2.5000000000000004 1.5000000000000002 2.5000000000000004 1.5000000000000002 -0.72773000597953785 0.019785000011324886 0.1400600001215935 -0.2494000047445297 -0.9792099893093108 -0.077974997460842119 -0.78155499696731556 -0.56571999192237843 0.3030299991369248 0.58280000090599071 1.3611999750137331 1.0095850229263308 -2.1792600154876705 -1.846029996871948 -0.57613500952720631 1.0000000180025095e-35 1.5000000000000002 0.69082999229431163
decision_type=2 2 2 2 2 2 2 2 2 2 2 2 2 2 2 2 2 2 2 2 2 2 2 2 2 2 2 2 2 2
left_child=1 2 4 25 -1 10 7 -7 9 -8 26 12 -12 -14 15 16 -13 -17 -18 -20 -16 -22 -10 -9 -6 -4 27 -2 -28 -30
right_child=5 -3 3 -5 24 6 8 23 22 -11 11 14 13 -15 20 17 18 -19 19 -21 21 -23 -24 -25 -26 -27 28 -29 29 -31
leaf_value=-0.00043267226623011087 0.00010101637938400939 0.0016855042013163286 -0.00018335784201020604 0.00012840172743841809 0.00050510198297189831 4.1549705263553217e-05 0.00048491582554315796 7.0375220975648834e-05 0.00050665309374746707 -0.00011322008766038438 0.0022058154455924365 1.1279950357272815e-06 -0.00066335888279277005 0.00083418588105584534 -0.0014986259894593074 0.0011614790485125755 -0.0015624005061689553 -5.060603524096591e-05 7.8582437843467199e-05 -0.0011602307386807801 -0.00025980295293609251 -0.0011504965688313978 0.0014172859323193783 -0.00054976029633398984 0.0001884914541755674 -0.00066344125985038662 -4.7529817305483117e-05 -0.00017159193685540943 0.00016661725236692408 -0.00051405109345201627
leaf_weight=1600 42928 1333 3786 10175 4474 12646 12076 1276 1342 8767 1007 2052 1642 1462 1010 1199 1018 1511 1333 2139 1526 1388 1037 7458 16616 2039 148593 72959 49704 4907
leaf_count=1600 42928 1333 3786 10175 4474 12646 12076 1276 1342 8767 1007 2052 1642 1462 1010 1199 1018 1511 1333 2139 1526 1388 1037 7458 16616 2039 148593 72959 49704 4907
internal_value=-8.44838e-06 0.000155057 0.000102328 -4.62789e-05 0.000207119 -2.56251e-05 7.91001e-05 -0.000162997 0.000301994 0.000233327 -3.95111e-05 -0.000220073 0.000572026 4.19924e-05 -0.000467214 -0.000286321 -0.000606113 0.000485663 -0.000883632 -0.000684615 -0.000893721 -0.000684059 0.000903596 -0.000459161 0.000255657 -0.000351408 -2.9729e-05 -7.06097e-05 -6.41475e-06 0.000105457
internal_weight=421003 40023 38690 16000 22690 380980 44602 21380 23222 20843 336378 17287 4111 3104 13176 9252 6542 2710 4490 3472 3924 2914 2379 8734 21090 5825 319091 115887 203204 54611
internal_count=421003 40023 38690 16000 22690 380980 44602 21380 23222 20843 336378 17287 4111 3104 13176 9252 6542 2710 4490 3472 3924 2914 2379 8734 21090 5825 319091 115887 203204 54611
is_linear=0
shrinkage=0.08


Tree=68
num_leaves=31
num_cat=0
split_feature=0 1 3 1 3 1 1 0 0 0 3 1 3 0 0 1 3 0 1 0 0 1 1 1 1 1 1 1 0 0
split_gain=0.0985013 0.178126 0.3333 0.170254 0.243525 0.120437 0.102799 0.295996 0.503933 0.521155 0.922573 0.432472 0.366099 0.277864 0.250109 1.42606 0.507735 0.476792 0.697342 0.665249 0.4093 0.307494 0.488561 0.239165 0.234445 0.214858 0.307749 0.214719 0.591466 0.410978
threshold=0.28945000469684606 -0.44987000524997706 1.5000000000000002 -1.0170249938964842 1.5000000000000002 -1.9633849859237669 0.83483499288558971 3.9545550346374516 2.90184497833252 2.0412049293518071 1.5000000000000002 1.3611999750137331 1.5000000000000002 4.0179951190948495 2.9307301044464116 -0.89442500472068776 1.5000000000000002 3.1631100177764897 0.34965500235557562 3.0576651096343999 3.4800549745559697 -0.23081000149250028 0.56772500276565563 1.1169049739837649 1.1742650270462038 1.9073150157928469 1.1169049739837649 0.59832498431205761 1.6254049539566042 2.1976850032806401
decision_type=2 2 2 2 2 2 2 2 2 2 2 2 2 2 2 2 2 2 2 2 2 2 2 2 2 2 2 2 2 2
left_child=1 3 -3 4 -1 -6 13 8 9 23 24 -12 25 14 27 -16 20 18 19 -18 -17 -19 -23 -8 -11 26 -10 29 -29 -2
right_child=6 2 -4 -5 5 -7 7 -9 12 10 11 -13 -14 -15 15 16 17 21 -20 -21 -22 22 -24 -25 -26 -27 -28 28 -30 -31
leaf_value=-0.00021630941510545853 -3.8522154674336796e-05 0.00043079554253006762 -0.00097160007237401399 0.00074742898650845952 4.0863123120852067e-05 0.00086538768031179378 0.000831115922929257 -0.00038377731766042842 0.00067571406338797662 -0.00027483274421076796 -0.0017682859865597311 -0.00022977513139702359 0.0011341433471432861 0.00048691008236094701 0.00093005118600057821 -0.00037103562561031315 -0.00053445614918267369 -0.0004120395391046271 -0.0018256085364840244 0.0018551229608404498 0.0002461783918738063 -0.0019649534717302653 -0.00012665313247395984 5.3861091433307016e-05 0.00043425394062980392 0.0011333530430335465 -0.00018694320579039169 0.00064534762751051328 -0.00054682240902196742 0.00017349545732171974
leaf_weight=5472 193672 2211 2129 4330 1796 3075 4861 6678 4526 5886 3199 1843 4629 7093 6426 22691 1697 2273 1114 1330 9866 3911 1212 5292 6053 1720 6374 3426 11965 83845
leaf_count=5472 193672 2211 2129 4330 1796 3075 4861 6678 4526 5886 3199 1843 4629 7093 6426 22691 1697 2273 1114 1330 9866 3911 1212 5292 6053 1720 6374 3426 11965 83845
internal_value=1.51588e-05 0.000193085 -0.000257154 0.000326258 0.000149938 0.000561375 6.73484e-06 0.000112785 0.000187499 -2.74291e-05 -0.000298531 -0.00120591 0.000525597 -8.71362e-06 -1.895e-05 -0.000183338 -0.000345597 -0.000801629 -0.000114317 0.000515475 -0.000183996 -0.00118645 -0.00153005 0.000425991 8.46699e-05 0.000302383 0.000171257 9.40328e-06 -0.000281448 2.55338e-05
internal_weight=420595 19013 4340 14673 10343 4871 401582 51061 44383 27134 16981 5042 17249 350521 343428 50520 44094 11537 4141 3027 32557 7396 5123 10153 11939 12620 10900 292908 15391 277517
internal_count=420595 19013 4340 14673 10343 4871 401582 51061 44383 27134 16981 5042 17249 350521 343428 50520 44094 11537 4141 3027 32557 7396 5123 10153 11939 12620 10900 292908 15391 277517
is_linear=0
shrinkage=0.08


Tree=69
num_leaves=31
num_cat=0
split_feature=1 1 0 0 1 1 0 3 1 0 1 0 3 1 0 1 0 1 1 0 3 1 0 0 0 3 1 0 3 0
split_gain=0.111758 0.180162 0.119031 0.155631 0.0932368 0.113002 0.079719 0.287934 0.21399 0.0777312 0.065548 0.0535278 0.0986725 0.0504826 0.390874 0.731736 0.354493 0.459799 0.378896 0.326437 0.339833 0.432041 0.322007 0.314795 0.270786 0.23944 0.230219 0.895615 2.28931 0.828175
threshold=1.7078699469566347 2.5474849939346318 3.1268450021743779 3.9545550346374516 -2.2555199861526485 -3.0355050563812251 4.1758649349212655 1.5000000000000002 0.9855649769306184 -0.86175999045371998 2.0427049398422246 2.0019650459289555 1.5000000000000002 -0.23984500020742414 3.2023100852966313 -0.75962001085281361 2.6228849887847905 0.74236500263214122 -0.087829999625682817 3.0926699638366704 1.5000000000000002 1.0623149871826174 3.6017649173736577 3.1631100177764897 0.88195499777793895 1.5000000000000002 0.69082999229431163 2.051090002059937 1.5000000000000002 1.9924100041389468
decision_type=2 2 2 2 2 2 2 2 2 2 2 2 2 2 2 2 2 2 2 2 2 2 2 2 2 2 2 2 2 2
left_child=4 2 10 -4 5 -1 9 8 -8 -6 -2 12 -7 14 24 25 26 18 23 20 -19 -22 -21 -18 -11 -16 27 -15 -29 -28
right_child=1 -3 3 -5 6 11 7 -9 -10 13 -12 -13 -14 16 15 -17 17 19 -20 22 21 -23 -24 -25 -26 -27 29 28 -30 -31
leaf_value=-0.00036770649812549201 -0.00011974466889050102 -0.00048436653999268069 0.0011361470908021335 0.00015181305805377424 0.00056707082472756687 0.00015969373583929022 0.00026883540794123769 0.0010329489687813285 -0.00078297859527593644 0.0001331072106029253 0.00053686027950759416 -9.9910233590890145e-05 0.00075963503777332845 -3.5201232332156169e-05 0.00081695786826568157 -0.00011011318835036863 0.00069349938355692785 9.9629499513705211e-05 -0.00036448678921000162 0.00074003165105370567 -0.0020209956563329735 4.3132706437224764e-05 -6.3479164108137703e-05 -0.00038227240050803187 -0.0001106219804859861 0.0020814804432258229 0.00037170704702951639 8.9158025876847366e-05 0.0015745813578472881 -0.00053580791087636567
leaf_weight=1634 2673 1691 2437 1778 1482 3646 4129 2161 1768 35640 1530 1360 3382 54264 2974 6561 4360 7200 39856 8126 1272 1325 5257 2898 160795 1414 12233 24617 9093 13580
leaf_count=1634 2673 1691 2437 1778 1482 3646 4129 2161 1768 35640 1530 1360 3382 54264 2974 6561 4360 7200 39856 8126 1272 1325 5257 2898 160795 1414 12233 24617 9093 13580
internal_value=6.37875e-06 0.000269163 0.000420531 0.000720929 -8.42968e-08 0.000240932 -6.10782e-06 0.000242978 -4.65126e-05 -1.12157e-05 0.000119276 0.000359496 0.000448396 -1.3405e-05 -4.04714e-05 0.000424732 1.70878e-05 -0.000124158 -0.000267673 0.000167539 -0.000183344 -0.000967869 0.000424403 0.000263961 -6.64012e-05 0.00122444 0.000104345 0.000165984 0.000489839 -0.000105729
internal_weight=421136 10109 8418 4215 411027 10022 401005 8058 5897 392947 4203 8388 7028 391465 207384 10949 184081 70294 47114 23180 9797 2597 13383 7258 196435 4388 113787 87974 33710 25813
internal_count=421136 10109 8418 4215 411027 10022 401005 8058 5897 392947 4203 8388 7028 391465 207384 10949 184081 70294 47114 23180 9797 2597 13383 7258 196435 4388 113787 87974 33710 25813
is_linear=0
shrinkage=0.08


Tree=70
num_leaves=31
num_cat=0
split_feature=1 2 3 2 1 2 1 3 1 1 1 1 1 1 1 1 2 1 1 1 1 1 1 1 1 3 1 1 1 1
split_gain=0.0731246 0.238605 0.237639 0.2663 0.105262 0.0870202 1.04263 0.179608 0.205734 0.227969 0.409158 0.255307 0.0845756 0.117911 0.0656465 0.135923 0.0637021 0.0773802 0.0891497 0.0699763 0.0609902 0.133584 0.0473762 0.049959 0.0397935 0.0599629 0.0398779 0.0393099 0.0642142 0.0386248
threshold=0.79767498373985302 2.5000000000000004 1.5000000000000002 1.0000000180025095e-35 0.7780749797821046 2.5000000000000004 -0.93010500073432911 1.5000000000000002 -0.73833999037742604 -0.058495000004768365 -0.2494000047445297 -0.57613500952720631 -1.6579800248146055 -1.2573850154876707 0.16129500418901446 0.38528500497341162 1.5000000000000002 1.6284399628639223 0.93940499424934398 1.1455050110816958 0.89564999938011181 1.0623149871826174 0.12990000098943713 -0.33462999761104578 0.9855649769306184 1.0000000180025095e-35 1.5049049854278567 -3.0355050563812251 -2.2555199861526485 2.0427049398422246
decision_type=2 2 2 2 2 2 2 2 2 2 2 2 2 2 2 2 2 2 2 2 2 2 2 2 2 2 2 2 2 2
left_child=4 2 3 24 5 27 12 22 -9 10 11 -10 -7 -14 -11 -16 20 18 -18 -20 -4 -22 23 -8 -2 29 -27 -1 -29 -26
right_child=1 -3 16 -5 -6 6 7 8 9 14 -12 -13 13 -15 15 -17 17 -19 19 -21 21 -23 -24 -25 25 26 -28 28 -30 -31
leaf_value=-0.00040386597366373812 0.00014266704004890841 0.00077216797299103955 -0.00087221797972563601 0.0004041859639030483 -0.00065009479545276988 0.001512395922761542 0.00012149216716841577 -0.001776062015186791 0.00038900311948906281 -0.0014129940992253915 0.00099251746075479721 -0.0011513673446213507 0.00011337155649465373 0.0011034403802689791 -0.00014900917849856477 -0.0012056774677680121 0.00044573854119247218 0.00054866161141662131 -0.00089070874373392203 -8.8391350988623488e-05 0.00031147591763312863 -0.00047295685921784885 0.00041236244557006803 -0.00064354230068718889 -4.7283465901273305e-05 -0.00048066589260198508 -2.8222798921789996e-05 0.00021094567152280915 -1.545831158638011e-05 0.00039744981902771156
leaf_weight=1630 6136 2975 1334 14828 1709 1078 1175 1025 1002 1482 1346 2202 1317 1853 1327 1887 1036 1181 1186 1683 1824 5831 1083 1021 9824 3414 1964 8213 336940 1432
leaf_count=1630 6136 2975 1334 14828 1709 1078 1175 1025 1002 1482 1346 2202 1317 1853 1327 1887 1036 1181 1186 1683 1824 5831 1083 1021 9824 3414 1964 8213 336940 1432
internal_value=-1.08334e-05 7.54919e-05 3.53817e-05 0.00014035 -2.37126e-05 -2.07764e-05 -0.000193299 -0.000536139 -0.000700708 -0.000581495 -0.000177934 -0.000669641 0.00090027 0.000692109 -0.00097251 -0.000769399 -0.000245016 -1.87552e-05 -0.000190361 -0.000420057 -0.000373036 -0.000286046 -2.06511e-05 -0.0002342 -3.14617e-05 -9.56948e-05 -0.000315438 -1.19219e-05 -1.0071e-05 9.29596e-06
internal_weight=420938 54648 51673 37598 366290 364581 17798 13550 10271 9246 4550 3204 4248 3170 4696 3214 14075 5086 3905 2869 8989 7655 3279 2196 22770 16634 5378 346783 345153 11256
internal_count=420938 54648 51673 37598 366290 364581 17798 13550 10271 9246 4550 3204 4248 3170 4696 3214 14075 5086 3905 2869 8989 7655 3279 2196 22770 16634 5378 346783 345153 11256
is_linear=0
shrinkage=0.08


Tree=71
num_leaves=31
num_cat=0
split_feature=1 1 1 1 2 3 1 1 3 1 2 3 1 2 1 2 1 2 1 3 1 1 1 2 1 2 1 1 2 1
split_gain=0.0908466 0.0887321 0.0522133 0.0790179 0.0785767 0.0795042 0.0340522 0.413555 0.131257 0.103114 0.101907 0.0938757 0.235017 0.222737 0.0930465 0.0886848 0.080146 0.0788741 0.0597911 0.0474308 0.0340587 0.0985533 0.0463972 0.134636 0.0725523 0.267 0.0926591 0.202032 0.0844036 0.319248
threshold=2.5474849939346318 2.2294049263000493 -3.0355050563812251 -2.1166150569915767 1.5000000000000002 1.5000000000000002 -0.048845000565052026 -0.019685000181198117 1.0000000180025095e-35 -0.077974997460842119 1.0000000180025095e-35 1.0000000180025095e-35 -0.77027499675750721 1.0000000180025095e-35 -0.27762499451637263 1.5000000000000002 -0.12706499546766278 1.5000000000000002 -0.1457250043749809 1.5000000000000002 -0.17487499862909314 -0.16489500552415845 -0.27762499451637263 1.0000000180025095e-35 -0.50727000832557667 1.5000000000000002 -0.39229500293731684 -0.3443749994039535 2.5000000000000004 -0.69619500637054432
decision_type=2 2 2 2 2 2 2 2 2 2 2 2 2 2 2 2 2 2 2 2 2 2 2 2 2 2 2 2 2 2
left_child=1 2 -1 4 5 -4 9 8 -8 11 -11 12 13 -5 -14 -15 18 -12 20 -18 22 -22 24 -24 28 -26 -27 -28 -13 -30
right_child=-2 -3 3 6 -6 -7 7 -9 -10 10 17 16 14 15 -16 -17 19 -19 -20 -21 21 -23 23 -25 25 26 27 -29 29 -31
leaf_value=-0.00043173278803839164 -0.00057525704993379302 0.00060699906689442001 0.00032511122925782561 8.7668882562307756e-05 0.00069743634530405202 -0.00013261202919108349 0.00024461385571860884 1.8224537820545488e-05 0.0010837415257905073 1.6759869739306288e-05 -0.0010560626466614115 -8.2491774014430288e-05 -0.00013254593250369427 0.00040236631848585789 0.00011874376834459029 0.00098324521953511751 3.7202669593723574e-05 -0.00016479221306636032 -0.00048742705828837361 0.00052478594432625743 0.00082876737106138485 -0.00010642465081588673 0.00018100952993747762 -0.00040694165709978378 0.0002608197403437811 -3.0659834679368861e-05 -0.0012907853433272013 -9.3168660493643068e-05 0.00049503171098211763 -0.00083473607780789943
leaf_weight=1654 1652 1637 5785 27908 1875 4186 1957 159738 3056 2368 1612 97391 31321 9678 13493 2036 2623 1049 1953 2488 1102 2087 3797 7256 17336 3720 1554 2147 5360 1473
leaf_count=1654 1652 1637 5785 27908 1875 4186 1957 159738 3056 2368 1612 97391 31321 9678 13493 2036 2623 1049 1953 2488 1102 2087 3797 7256 17336 3720 1554 2147 5360 1473
internal_value=1.68308e-05 1.91617e-05 1.68596e-05 1.86417e-05 0.000222298 0.000132951 1.26775e-05 4.06782e-05 0.000756159 -6.56382e-06 -0.000364994 1.11563e-06 6.86128e-05 0.000210556 -5.68854e-05 0.000503328 -3.68064e-05 -0.000704713 -4.77681e-05 0.000274555 -4.17728e-05 0.000216743 -4.766e-05 -0.000204965 -3.41798e-05 8.89285e-05 -0.000312622 -0.000596032 -6.34226e-05 0.000208372
internal_weight=421292 419640 418003 416349 11846 9971 404503 164751 5013 239752 5029 234723 84436 39622 44814 11714 150287 2661 145176 5111 143223 3189 140034 11053 128981 24757 7421 3701 104224 6833
internal_count=421292 419640 418003 416349 11846 9971 404503 164751 5013 239752 5029 234723 84436 39622 44814 11714 150287 2661 145176 5111 143223 3189 140034 11053 128981 24757 7421 3701 104224 6833
is_linear=0
shrinkage=0.08


Tree=72
num_leaves=31
num_cat=0
split_feature=0 2 0 1 1 2 0 1 0 1 0 1 2 2 1 2 1 0 0 2 2 0 0 1 2 1 0 0 2 1
split_gain=0.107666 0.569122 0.444916 0.255569 0.835731 0.252451 0.239426 0.168045 0.630034 0.343934 0.39453 0.41319 0.368903 0.324288 0.258132 0.481286 0.251579 0.265721 0.381 0.214031 0.210656 0.186323 0.176502 0.159329 0.154876 0.309528 0.53785 0.449128 0.258228 0.235101
threshold=1.3161599636077883 2.5000000000000004 0.52245500683784496 0.088804997503757491 -0.43033500015735621 1.5000000000000002 1.045634984970093 -0.52572500705718983 3.0750999450683598 -1.2896999716758726 1.754070043563843 -0.90645498037338246 2.5000000000000004 2.5000000000000004 -0.82583001255989064 1.5000000000000002 -0.71717000007629383 2.8320949077606206 2.1199750900268559 1.5000000000000002 1.0000000180025095e-35 3.2216100692749028 3.4005050659179692 1.2065849900245669 1.0000000180025095e-35 1.2412949800491335 3.9011600017547612 3.5367751121521001 2.5000000000000004 0.2476649954915047
decision_type=2 2 2 2 2 2 2 2 2 2 2 2 2 2 2 2 2 2 2 2 2 2 2 2 2 2 2 2 2 2
left_child=1 3 -3 4 -1 23 -4 8 9 12 11 -11 -2 16 15 22 20 18 -18 -13 -12 -16 -10 -5 29 26 28 -27 -26 -9
right_child=7 2 6 5 -6 -7 -8 24 14 10 13 19 -14 -15 21 -17 17 -19 -20 -21 -22 -23 -24 -25 25 27 -28 -29 -30 -31
leaf_value=0.00011385361953377386 8.8078106244225e-07 0.0024663525809448311 -0.00016572492586417321 0.00029966546422806746 -0.00053220282695571697 0.001154583474869798 0.0012891321432597568 0.00021532508258714233 0.00094862457381652448 0.00044334338592154408 -0.00026643494479915077 -0.00011977807563358937 0.0014253355386216688 -0.0012864024683306617 -0.00088007760029028628 0.0023795258779977253 -0.00049447092101145276 -0.0010256642276277909 0.00040971602265872729 -0.0010190723725741607 -0.00068606602570827182 0.00032893866178679613 -1.7970735282775498e-05 -0.00075622472097369405 -8.6512756286780042e-05 0.00064086639201992317 0.00071619072759477416 -0.00041335076184958612 -0.00051265318690619827 -2.6498697487050974e-05
leaf_weight=62722 30327 1012 1539 10598 16105 2138 1367 50827 2616 8811 15779 8704 1210 2449 1085 1065 4852 1625 7741 2103 14873 3288 2248 1001 85208 8846 5037 3655 10189 52108
leaf_count=62722 30327 1012 1539 10598 16105 2138 1367 50827 2616 8811 15779 8704 1210 2449 1085 1065 4852 1625 7741 2103 14873 3288 2248 1001 85208 8846 5037 3655 10189 52108
internal_value=3.1256e-06 7.73255e-05 0.00102173 3.73512e-05 -1.8141e-05 0.000355782 0.000518649 -1.8926e-05 -0.000100009 -0.000162282 -0.000264905 3.67337e-05 5.55337e-05 -0.000389962 0.00049525 0.000839163 -0.000341034 -6.28967e-05 6.13387e-05 -0.000294777 -0.000470049 2.89655e-05 0.000501892 0.000208542 2.19312e-05 -4.27613e-05 -8.94871e-05 0.000332638 -0.000132027 9.29085e-05
internal_weight=421128 96482 3918 92564 78827 13737 2906 324646 108776 98474 66937 19618 31537 47319 10302 5929 44870 14218 12593 10807 30652 4373 4864 11599 215870 112935 100434 12501 95397 102935
internal_count=421128 96482 3918 92564 78827 13737 2906 324646 108776 98474 66937 19618 31537 47319 10302 5929 44870 14218 12593 10807 30652 4373 4864 11599 215870 112935 100434 12501 95397 102935
is_linear=0
shrinkage=0.08


Tree=73
num_leaves=31
num_cat=0
split_feature=1 1 2 1 1 1 1 1 1 3 1 3 1 2 1 2 3 3 1 1 1 1 3 1 1 1 2 1 1 1
split_gain=0.122323 0.118204 0.0758032 0.265676 0.382825 0.195154 0.108025 0.231529 0.171246 0.167807 0.0516682 0.111323 0.242161 0.141295 0.0862251 0.249175 0.204584 0.194059 0.251047 0.0910249 0.111774 0.0887239 0.0693771 0.0805129 0.691083 0.146071 0.0756079 0.233191 0.15348 0.355404
threshold=2.5474849939346318 2.0427049398422246 2.5000000000000004 1.0095850229263308 -0.71717000007629383 -0.53527498245239247 -0.058495000004768365 -0.26767499744892115 -0.38268500566482538 1.5000000000000002 -0.17487499862909314 1.0000000180025095e-35 -0.65653499960899342 1.0000000180025095e-35 0.23696500062942508 1.0000000180025095e-35 1.0000000180025095e-35 1.0000000180025095e-35 0.18228500336408618 -0.029110000468790528 0.048709999769926078 0.19293499737977984 1.5000000000000002 0.05931499972939492 0.098845001310110106 -0.048845000565052026 1.5000000000000002 0.019785000011324886 -0.048845000565052026 -0.10734499990940093
decision_type=2 2 2 2 2 2 2 2 2 2 2 2 2 2 2 2 2 2 2 2 2 2 2 2 2 2 2 2 2 2
left_child=1 2 10 4 -4 -6 7 8 -7 -8 11 12 13 -1 15 16 19 18 -17 -12 -21 -22 26 25 -25 -24 28 -28 29 -19
right_child=-2 -3 3 -5 5 6 9 -9 -10 -11 14 -13 -14 -15 -16 17 -18 22 -20 20 21 -23 23 24 -26 -27 27 -29 -30 -31
leaf_value=5.9861025468554384e-05 -0.00069429283246083735 0.00047754814393946349 0.00059670642091295847 0.0010770334545188544 -0.0010349378322637359 0.00030928799786629556 0.00043327856629558312 0.00089855754641552743 -0.0010562204303545518 -0.0004754414767677003 0.00030999519747478959 -8.1811352792476798e-05 -0.00013802670687395929 0.00035713558743079022 -2.2922610296001698e-05 -0.00057876863124221487 0.00048838133174300598 0.00041729638115235599 0.00077592891538720164 -0.00043047081948138527 0.00024845825477175606 -0.0003861415440591242 2.713832939856927e-05 -0.0017682982671449314 0.00043840589795457593 0.00073612221327450599 0.00027521815380617361 -0.0011054686589573976 0.00027471173999702716 -0.0014911905108559928
leaf_weight=35517 1636 3275 5805 1786 1524 1362 1702 1923 1034 5514 6874 139570 31419 14374 110510 6934 13481 1324 1002 3563 6319 1815 4164 1178 3967 3361 1533 1600 5398 1182
leaf_count=35517 1636 3275 5805 1786 1524 1362 1702 1923 1034 5514 6874 139570 31419 14374 110510 6934 13481 1324 1002 3563 6319 1815 4164 1178 3967 3361 1533 1600 5398 1182
internal_value=-3.88409e-06 -1.18843e-06 -4.95973e-06 0.000144461 5.61671e-05 -0.000184114 -7.17035e-05 0.000244743 -0.000280001 -0.000261106 -1.27695e-05 -3.84622e-05 3.59475e-05 0.000145508 1.98069e-05 9.39422e-05 0.00025116 -6.53074e-05 -0.000407724 7.89565e-05 -5.68186e-05 0.000106855 4.93179e-05 0.000177049 -6.68414e-05 0.000343802 -9.73121e-05 -0.000429888 3.45151e-05 -0.000482876
internal_weight=420646 419010 415735 20650 18864 13059 11535 4319 2396 7216 395085 220880 81310 49891 174205 63695 32052 31643 7936 18571 11697 8134 23707 12670 5145 7525 11037 3133 7904 2506
internal_count=420646 419010 415735 20650 18864 13059 11535 4319 2396 7216 395085 220880 81310 49891 174205 63695 32052 31643 7936 18571 11697 8134 23707 12670 5145 7525 11037 3133 7904 2506
is_linear=0
shrinkage=0.08


Tree=74
num_leaves=31
num_cat=0
split_feature=1 0 0 3 1 0 0 1 1 0 1 0 3 0 1 0 0 3 1 1 1 1 1 3 0 0 0 1 1 1
split_gain=0.0747047 0.343671 0.524947 0.37364 0.461557 0.409321 0.37036 0.341258 0.319068 0.308606 1.25815 0.641595 0.375728 0.564386 0.343852 0.307413 0.260399 1.26504 2.68022 0.445099 0.321901 0.433309 0.506834 0.310789 0.29213 0.288325 0.303534 0.595971 0.348096 0.300012
threshold=0.51161000132560741 3.1450550556182866 1.6585099697113039 1.5000000000000002 0.69082999229431163 2.5764749050140385 3.7150499820709233 2.0427049398422246 1.2412949800491335 2.9307301044464116 -0.89442500472068776 3.6753649711608891 1.5000000000000002 3.4253950119018559 0.29242499172687536 2.90184497833252 2.1976850032806401 1.5000000000000002 -0.90645498037338246 0.2476649954915047 -1.2418799996376035 -0.45909999310970301 0.2476649954915047 1.0000000180025095e-35 2.5537600517272954 2.497115015983582 2.3894050121307377 -0.23984500020742414 -0.55522501468658436 -0.26767499744892115
decision_type=2 2 2 2 2 2 2 2 2 2 2 2 2 2 2 2 2 2 2 2 2 2 2 2 2 2 2 2 2 2
left_child=9 2 8 7 5 -5 -3 -4 -2 16 -11 12 -12 14 -14 -6 -1 20 -19 25 -18 -22 23 -23 -25 26 28 -28 -20 -27
right_child=1 6 3 4 15 -7 -8 -9 -10 10 11 -13 13 -15 -16 -17 17 18 19 -21 21 22 -24 24 -26 29 27 -29 -30 -31
leaf_value=-5.3441104962548526e-05 0.00061475321477192052 0.00056349406105697805 -8.8555977804454343e-05 0.00097968611408181605 -0.00099398920454531019 -0.00091245630017498087 -3.1819454519483982e-05 0.0012859227829127729 -0.00047844500103722849 0.00076141870213219931 -0.00041426773068795937 0.00015170018157959638 -0.00042637999039559659 -0.0023452395113206089 -0.0019709186982098319 0.00019480007342585431 0.00045991236432049661 -0.00079372090735689864 0.0024557193427220607 0.00022796482437682387 -0.00046653885415409263 -4.629629787872471e-05 -0.00052308116991629024 0.0009080706041612967 7.2263381730959568e-05 0.000496585513260038 0.0012973201615651222 0.0039113396972697409 0.00086852903137106161 0.0015141063318200882
leaf_weight=208370 9509 14213 31584 2043 8575 1140 12633 1200 2083 7030 22277 10165 5145 1704 1124 1662 6179 6301 1234 2850 18069 14143 8251 5824 4952 3883 1254 1006 3121 3550
leaf_count=208370 9509 14213 31584 2043 8575 1140 12633 1200 2083 7030 22277 10165 5145 1704 1124 1662 6179 6301 1234 2850 18069 14143 8251 5824 4952 3883 1254 1006 3121 3550
internal_value=-2.03498e-05 4.68303e-05 -6.30348e-05 -0.000183799 -0.000539374 0.00030201 0.000283356 -3.82456e-05 0.000418313 -3.72514e-05 -0.00022635 -0.000398167 -0.000582941 -0.00105422 -0.000703308 -0.000800987 -6.20584e-06 0.000115883 0.000614443 0.00113953 -8.55542e-05 -0.000151333 2.0372e-05 0.000200316 0.000523984 0.00132446 0.00170864 0.00246091 0.00131826 0.000982553
internal_weight=421074 84642 57796 46204 13420 3183 26846 32784 11592 336432 47445 40415 30250 7973 6269 10237 288987 80617 23199 16898 57418 51239 33170 24919 10776 14048 6615 2260 4355 7433
internal_count=421074 84642 57796 46204 13420 3183 26846 32784 11592 336432 47445 40415 30250 7973 6269 10237 288987 80617 23199 16898 57418 51239 33170 24919 10776 14048 6615 2260 4355 7433
is_linear=0
shrinkage=0.08


Tree=75
num_leaves=31
num_cat=0
split_feature=2 0 0 0 0 0 0 0 0 0 0 0 3 0 0 2 2 0 0 3 2 0 0 0 0 2 0 0 3 0
split_gain=0.0570455 1.01438 0.374052 0.314797 0.140277 0.172064 0.130053 0.174142 0.0704618 0.0678203 0.268935 0.0925002 0.0855079 0.564557 0.427083 0.314415 0.240411 0.134086 0.202885 0.123028 0.108025 0.222862 0.244737 0.127273 0.116501 0.0990413 0.149299 0.23276 0.221833 0.0980235
threshold=2.5000000000000004 0.61653500795364391 3.6382600069046025 1.5241850018501284 1.0288449525833132 1.3161599636077883 3.1268450021743779 2.8743100166320805 5.082170009613038 2.4429149627685551 2.4540600776672368 2.432595014572144 1.5000000000000002 1.5697799921035769 1.6585099697113039 1.5000000000000002 1.5000000000000002 2.0019650459289555 2.3274550437927251 1.0000000180025095e-35 1.0000000180025095e-35 1.7220399975776675 1.8540149927139284 1.6585099697113039 1.8540149927139284 1.0000000180025095e-35 2.1390650272369389 2.2370949983596806 1.0000000180025095e-35 1.7942299842834475
decision_type=2 2 2 2 2 2 2 2 2 2 2 2 2 2 2 2 2 2 2 2 2 2 2 2 2 2 2 2 2 2
left_child=8 -2 3 4 -3 -6 7 -5 9 11 -11 12 14 -14 15 19 25 -18 -19 -1 21 -15 -23 -22 29 -16 -27 -28 -29 -25
right_child=1 2 -4 6 5 -7 -8 -9 -10 10 -12 -13 13 20 16 -17 17 18 -20 -21 23 22 -24 24 -26 26 27 28 -30 -31
leaf_value=0.00017798970032547172 0.0024038547399559042 -0.0001735503738638172 0.0012712524454833666 -0.00026306405662360416 0.0014296980523829934 0.00017816421017743177 0.00033101286633456962 -0.0011850192198671441 -0.00053786184387781576 0.0010624598284105296 3.1238309942496393e-05 -0.00063928199131419144 -0.00027571721263715341 -0.00042251566344051329 -8.9983191084197668e-06 0.0006204501844931221 -0.00015593432065850294 -0.0011123737582460482 0.0001183776375369499 -2.0533551066978075e-05 0.00056943342401032928 0.0014169873913258584 0.00032579927828236285 -8.6711304099657582e-05 0.00010242950035195834 -0.00034741107515555224 0.00058591989099475742 -0.00073649131399102928 0.00018468883801836221 -0.00076892865052499216
leaf_weight=43473 1186 1295 1367 10767 1473 1345 1931 1493 1576 1638 136230 1564 46358 1879 51671 7745 3493 3512 1134 36967 2810 1642 6615 4448 18691 16494 3370 3030 3736 1934
leaf_count=43473 1186 1295 1367 10767 1473 1345 1931 1493 1576 1638 136230 1564 46358 1879 51671 7745 3493 3512 1134 36967 2810 1642 6615 4448 18691 16494 3370 3030 3736 1934
internal_value=2.72868e-06 0.000131713 -5.27823e-06 -0.000100614 0.00051564 0.000832355 -0.000279223 -0.000375338 -3.99673e-06 -1.88504e-06 4.34902e-05 -2.58935e-05 -2.21895e-05 -8.83171e-05 9.76265e-06 0.000133629 -0.000116604 -0.000530421 -0.000811971 8.67564e-05 0.000140187 0.000363847 0.000542795 5.88824e-05 1.66354e-06 -7.359e-05 -0.000198919 4.27169e-05 -0.000227841 -0.00029345
internal_weight=420867 20857 19671 18304 4113 2818 14191 12260 400010 398434 137868 260566 259002 84377 174625 88185 86440 8139 4646 80440 38019 10136 8257 27883 25073 78301 26630 10136 6766 6382
internal_count=420867 20857 19671 18304 4113 2818 14191 12260 400010 398434 137868 260566 259002 84377 174625 88185 86440 8139 4646 80440 38019 10136 8257 27883 25073 78301 26630 10136 6766 6382
is_linear=0
shrinkage=0.08


Tree=76
num_leaves=31
num_cat=0
split_feature=0 2 1 1 0 2 1 1 1 1 2 1 0 0 1 0 1 0 0 1 1 0 1 1 2 0 1 0 0 1
split_gain=0.0994305 0.187232 0.177202 0.198852 0.126436 0.10937 0.104787 0.0827985 0.078228 0.0599592 0.130523 0.0602909 0.257022 0.255091 0.251778 1.01097 0.229413 0.436637 0.283098 0.360489 0.327086 0.291075 0.285214 0.263809 0.225641 0.24714 0.209714 0.219629 0.203799 0.459823
threshold=0.4195650070905686 1.0000000180025095e-35 -1.7753599882125852 -0.44987000524997706 -0.094705000519752489 1.5000000000000002 0.17137499898672107 -0.51693499088287342 -1.0426700115203855 -2.3357450962066646 1.0000000180025095e-35 -0.11698500066995619 2.2468349933624272 2.2370949983596806 -0.019685000181198117 2.5194399356842045 -0.38268500566482538 1.8044949769973757 1.6908349990844729 -0.55522501468658436 -0.68668499588966359 2.1007199287414555 -1.2738150358200071 -1.2112250328063963 1.0000000180025095e-35 2.0019650459289555 1.4528999924659731 4.7305948734283456 1.754070043563843 0.52623999118804943
decision_type=2 2 2 2 2 2 2 2 2 2 2 2 2 2 2 2 2 2 2 2 2 2 2 2 2 2 2 2 2 2
left_child=1 7 4 5 -3 -4 -5 -1 -7 10 -2 12 16 28 15 -15 18 -18 20 23 22 -21 -11 -20 -19 -26 -16 -28 -13 -30
right_child=9 2 3 6 -6 8 -8 -9 -10 11 -12 13 -14 14 26 -17 17 24 19 21 -22 -23 -24 -25 25 -27 27 -29 29 -31
leaf_value=4.6783178960836001e-05 -0.00012153262724091134 -0.00078027177347656884 0.00054516823092589869 -0.00036527422664466979 0.00031672703751017535 0.00079491789645699438 0.00064682541795569703 -0.00043381554046613321 0.0017519229291715203 -7.3750039169721479e-05 0.00062275601673742408 1.3264959177451023e-06 7.0509422144236815e-05 0.0018947799095260362 -0.00014775214528644245 -0.00017307858168327239 -0.0005914625755909517 0.00052756321542716741 -5.1726514886549479e-05 -2.4907060677812259e-05 -0.00027749865824583549 0.0011091753865549998 0.00028510952147846113 -0.00050004201733799619 0.00037273789115688461 -0.00078090068590274449 0.00029114924764161998 -0.00086361607958313077 0.0005214741706209674 -9.7007028659494809e-05
leaf_weight=8942 3201 1274 4244 1896 1424 1174 1000 3086 1023 26417 2851 36748 71629 2052 85764 5762 15725 4280 13295 5425 17397 1976 30585 22818 2131 2687 12289 1153 19466 12721
leaf_count=8942 3201 1274 4244 1896 1424 1174 1000 3086 1023 26417 2851 36748 71629 2052 85764 5762 15725 4280 13295 5425 17397 1976 30585 22818 2131 2687 12289 1153 19466 12721
internal_value=-1.12022e-05 0.000146696 0.000369785 0.000534798 -0.000201278 0.000782354 -1.57923e-05 -7.65231e-05 0.00124053 -2.07879e-05 0.00022909 -2.46623e-05 -5.31482e-05 1.00419e-05 -6.72661e-05 0.000369953 -0.000115203 -0.000336251 -6.86682e-05 -0.000230755 2.61317e-05 0.000277883 0.0001188 -0.000334995 0.000104858 -0.000270647 -0.000101704 0.000192098 0.000130061 0.000277037
internal_weight=420435 24063 12035 9337 2698 6441 2896 12028 2197 396372 6052 390320 214365 175955 107020 7814 142736 24823 117913 43514 74399 7401 57002 36113 9098 4818 99206 13442 68935 32187
internal_count=420435 24063 12035 9337 2698 6441 2896 12028 2197 396372 6052 390320 214365 175955 107020 7814 142736 24823 117913 43514 74399 7401 57002 36113 9098 4818 99206 13442 68935 32187
is_linear=0
shrinkage=0.08


Tree=77
num_leaves=31
num_cat=0
split_feature=0 1 3 1 3 0 1 0 3 1 0 3 0 1 0 0 0 0 1 0 1 1 0 1 0 0 1 1 0 0
split_gain=0.076278 0.200533 1.40243 0.612833 0.273709 0.149341 0.115202 0.449192 0.472099 0.354066 0.297925 0.276854 1.00731 0.776143 2.55819 1.17436 0.440244 0.62777 0.530731 0.490669 0.393121 0.358881 0.351904 0.225619 0.379043 0.3022 0.221067 0.214366 0.220754 0.243506
threshold=0.95693001151084911 -0.40219500660896296 1.5000000000000002 0.3030299991369248 1.0000000180025095e-35 0.58771499991416942 -0.50727000832557667 3.0750999450683598 1.0000000180025095e-35 -0.77027499675750721 1.429545044898987 1.5000000000000002 1.1294449567794802 0.4721399992704392 3.1450550556182866 1.7012050151824953 3.3536950349807744 2.1875000000000004 1.0891849994659426 2.9160000085830693 -0.23081000149250028 0.098845001310110106 1.1601549983024599 0.7780749797821046 2.8743100166320805 2.8882849216461186 1.0891849994659426 0.61281502246856701 3.7150499820709233 3.0750999450683598
decision_type=2 2 2 2 2 2 2 2 2 2 2 2 2 2 2 2 2 2 2 2 2 2 2 2 2 2 2 2 2 2
left_child=1 -1 4 5 -3 -4 7 8 9 -2 -11 22 21 14 15 -14 17 26 23 -20 -16 -13 -8 24 -19 -25 -15 28 29 -24
right_child=6 2 3 -5 -6 -7 11 -9 -10 10 -12 12 13 16 20 -17 -18 18 19 -21 -22 -23 27 25 -26 -27 -28 -29 -30 -31
leaf_value=0.0001775937727673927 0.00024184075355992461 0.00092740814910888952 -0.0011098821239993683 9.4296867736765898e-05 5.192368224936098e-05 -0.002017872812218836 0.00061394852620346113 0.00042736162123911003 -0.00023053915182746993 0.00059599790396492962 -0.00043699517097220853 -0.0023005891912351779 -7.6067221999469143e-05 0.00053924093386298094 7.8491497856812109e-05 0.0010123722913455383 0.00049511756688861948 -0.00016651947109697489 -0.00064863673923698528 0.0011168486388479272 -0.0014491021586243091 -0.00035345494877903598 -9.3935718739083916e-05 -0.0022505217699634156 -0.0018247213845796145 -0.0005525085302766691 -0.00042008195087051069 8.5282215008074293e-05 0.00032811473746520057 -0.00044221797358591399
leaf_weight=42617 31149 4592 2436 2139 4550 2212 5220 10673 78964 2155 10460 1353 8621 5198 1418 24021 5538 2579 2750 1590 4499 1097 87834 1927 1341 1029 2183 49109 6728 15049
leaf_count=42617 31149 4592 2436 2139 4550 2212 5220 10673 78964 2155 10460 1353 8621 5198 1418 24021 5538 2579 2750 1590 4499 1097 87834 1927 1341 1029 2183 49109 6728 15049
internal_value=2.34704e-06 8.70754e-05 -0.0001551 -0.0010263 0.000491677 -0.001542 -1.13377e-05 -7.04384e-05 -0.000113729 9.70319e-05 -0.000260531 2.30781e-05 0.000162594 0.000224782 0.000447476 0.000724907 -0.000131003 -0.000317455 -0.000694513 -1.83449e-06 -0.00108302 -0.00142875 -3.23606e-05 -0.00113172 -0.000733777 -0.00165943 0.000255512 -5.36165e-05 -0.000115847 -0.00014488
internal_weight=421031 58546 15929 6787 9142 4648 362485 133401 122728 43764 12615 229084 65144 62694 38559 32642 24135 18597 11216 4340 5917 2450 163940 6876 3920 2956 7381 158720 109611 102883
internal_count=421031 58546 15929 6787 9142 4648 362485 133401 122728 43764 12615 229084 65144 62694 38559 32642 24135 18597 11216 4340 5917 2450 163940 6876 3920 2956 7381 158720 109611 102883
is_linear=0
shrinkage=0.08


Tree=78
num_leaves=31
num_cat=0
split_feature=2 1 1 1 1 2 3 1 1 3 1 1 3 1 1 1 1 1 1 1 2 1 1 1 3 1 1 1 1 1
split_gain=0.0503315 0.204663 0.191872 0.153514 0.165502 0.093278 0.0957776 0.104999 0.0876155 0.295682 0.174641 0.153756 0.123818 0.148079 0.230456 0.153015 0.300456 0.13508 0.12456 0.118858 0.0641147 0.0597532 0.193029 0.0626523 0.079606 0.0674291 0.0634802 0.0632845 0.100551 0.0598351
threshold=1.5000000000000002 -1.0695700049400327 0.22573500126600268 0.1400600001215935 0.098845001310110106 2.5000000000000004 1.5000000000000002 -1.3588299751281736 -0.78155499696731556 1.5000000000000002 -0.72773000597953785 -0.85994499921798695 1.5000000000000002 -0.097654998302459703 -0.1457250043749809 -0.33462999761104578 -0.38268500566482538 -0.63651499152183522 -0.54500499367713917 -0.029110000468790528 2.5000000000000004 0.38528500497341162 0.42233499884605413 0.64277499914169323 1.5000000000000002 0.48443499207496649 0.69082999229431163 0.79767498373985302 0.85454499721527111 0.31440499424934393
decision_type=2 2 2 2 2 2 2 2 2 2 2 2 2 2 2 2 2 2 2 2 2 2 2 2 2 2 2 2 2 2
left_child=-1 5 3 4 8 6 7 -2 9 -3 -10 -11 17 14 15 16 18 -12 -14 -15 -20 29 -23 24 -24 -26 -25 -28 -29 -4
right_child=1 2 21 -5 -6 -7 -8 -9 10 11 12 -13 13 19 -16 -17 -18 -19 20 -21 -22 22 23 26 25 -27 27 28 -30 -31
leaf_value=-8.3621507632785383e-07 0.00020427499168667533 0.00033804504083940362 0.00019137466917010823 -0.00067528299148769319 0.00080621236094085202 0.00069999374168443456 6.3316753959823273e-05 0.0010146862667589015 0.00077738949841785047 -0.0004021862339743481 0.00057250773220836565 -0.0013647627650655264 -0.00031004523111085187 0.0010420052193291609 -0.001204264113883669 0.00042368028213576252 -0.0014069682590885826 -0.00037330109168976237 0.00057523838123125246 0.00015389643063944703 -0.00016499991036046332 -0.00092303921519670373 0.00033805585534147481 0.00085587851620168157 0.00023711464463294817 -0.0005153899539954266 -0.00017992425168464985 0.0010199422655559637 0.00021499073759029264 0.00076585602701166491
leaf_weight=336968 2517 2781 2732 2743 1374 3403 7988 1724 1639 3580 1070 1510 3689 1514 1055 4155 1093 9983 2495 2657 1070 1075 2125 1073 1107 2446 2166 1097 10494 2017
leaf_count=336968 2517 2781 2732 2743 1374 3403 7988 1724 1639 3580 1070 1510 3689 1514 1055 4155 1093 9983 2495 2657 1070 1075 2125 1073 1107 2446 2166 1097 10494 2017
internal_value=1.29994e-05 6.82566e-05 8.83924e-06 -9.64802e-05 -5.64536e-05 0.000329538 0.00022645 0.000533714 -8.74087e-05 -0.00032531 -2.58531e-05 -0.000687744 -7.15956e-05 5.94251e-05 -6.88213e-05 2.69947e-05 -0.000170469 -0.000281741 1.58413e-05 0.000476264 0.000353063 0.000178457 0.000121928 0.000176704 -4.9276e-05 -0.000280934 0.000263225 0.000217 0.000291173 0.000435369
internal_weight=421340 84372 68740 42408 39665 15632 12229 4241 38291 7871 30420 5090 28781 17728 13557 12502 8347 11053 7254 4171 3565 26332 21583 20508 5678 3553 14830 13757 11591 4749
internal_count=421340 84372 68740 42408 39665 15632 12229 4241 38291 7871 30420 5090 28781 17728 13557 12502 8347 11053 7254 4171 3565 26332 21583 20508 5678 3553 14830 13757 11591 4749
is_linear=0
shrinkage=0.08


Tree=79
num_leaves=31
num_cat=0
split_feature=1 1 0 0 2 1 2 1 0 2 2 1 0 1 0 0 1 1 0 0 2 0 0 1 0 1 0 0 0 1
split_gain=0.158143 0.100555 0.0925292 0.0594627 0.26321 0.276127 0.165994 0.0584794 0.10463 0.0611265 0.0585424 0.294224 0.441542 0.400132 0.619514 0.343647 0.418767 0.407236 0.332501 0.19036 0.254619 0.246201 0.229545 0.176613 0.193118 0.264072 0.188283 0.155773 0.123216 0.119778
threshold=2.5474849939346318 1.9073150157928469 -0.86175999045371998 4.0179951190948495 1.0000000180025095e-35 1.1169049739837649 1.5000000000000002 -2.1792600154876705 2.3686649799346928 1.0000000180025095e-35 1.5000000000000002 0.79767498373985302 1.6476950049400332 -1.0695700049400327 2.7671899795532231 1.3555600047111513 -0.048845000565052026 -0.29697500169277186 0.86028000712394725 3.3771350383758549 2.5000000000000004 3.5067849159240727 3.6753649711608891 0.56772500276565563 2.6815750598907475 0.0091149997897446173 1.8044949769973757 0.74877500534057628 1.1742500066757204 -0.78155499696731556
decision_type=2 2 2 2 2 2 2 2 2 2 2 2 2 2 2 2 2 2 2 2 2 2 2 2 2 2 2 2 2 2
left_child=1 2 -1 7 -5 6 -6 8 9 -4 -9 13 -13 14 -12 16 17 27 -18 20 29 -21 -23 24 25 26 -22 -15 -29 -17
right_child=-2 -3 3 4 5 -7 -8 10 -10 -11 11 12 -14 15 -16 19 18 -19 -20 21 23 22 -24 -25 -26 -27 -28 28 -30 -31
leaf_value=0.00055334564135416109 -0.00078325923810947215 0.00035275595087937422 5.4581002305266592e-05 -0.00020174862054858189 0.00047988074910136104 -0.00037578044993475681 0.0015130528350673362 -4.82913138463542e-06 -0.00061190925778660836 0.00044383337364598745 9.0303638371227698e-05 0.0018640329400981112 0.0001411624094600323 0.00066320286798041974 0.0020769135434079984 -0.00067833686463556842 -0.00011349198792182882 -0.0012740811985075947 0.0016038661976148126 0.0011874240078032017 -0.0014543135663553591 -0.0010829239654922013 0.00045768634786757303 -0.0017246596133679568 -0.0012309101199694025 0.00029632266417302817 -0.00039646517080232495 -0.00048342417554483668 0.00041653118045689762 -0.00020296207227103933
leaf_weight=1874 1670 5018 5432 5954 2461 1480 1671 310984 1014 4921 12690 1077 8204 2357 1091 3894 1157 1619 1917 1152 1591 1112 1396 1011 2428 2324 3332 2630 1546 26325
leaf_count=1874 1670 5018 5432 5954 2461 1480 1671 310984 1014 4921 12690 1077 8204 2357 1091 3894 1157 1619 1917 1152 1591 1112 1396 1011 2428 2324 3332 2630 1546 26325
internal_value=-6.30648e-06 -3.21468e-06 -7.52262e-06 -1.0069e-05 0.000168765 0.000561857 0.0008977 -1.52245e-05 0.000163641 0.000239601 -2.04399e-05 -8.20063e-05 0.00034109 -0.000138448 0.000247578 -0.000233801 0.000161793 -0.00013825 0.000957483 -0.000333451 -0.000382909 0.000219298 -0.000225391 -0.000718553 -0.000613419 -0.000406538 -0.000738337 0.00014323 -0.000150251 -0.000264219
internal_weight=421332 419662 414644 412770 11566 5612 4132 401204 11367 10353 389837 78853 9281 69572 13781 55791 11226 8152 3074 44565 40905 3660 2508 10686 9675 7247 4923 6533 4176 30219
internal_count=421332 419662 414644 412770 11566 5612 4132 401204 11367 10353 389837 78853 9281 69572 13781 55791 11226 8152 3074 44565 40905 3660 2508 10686 9675 7247 4923 6533 4176 30219
is_linear=0
shrinkage=0.08


Tree=80
num_leaves=31
num_cat=0
split_feature=0 1 1 0 0 0 0 3 1 0 3 1 3 0 0 0 1 1 0 1 3 1 3 0 0 1 1 1 0 0
split_gain=0.0677947 0.0625722 0.159486 0.732612 0.458244 0.157709 0.284305 0.298169 0.183405 0.580015 0.849076 0.395822 0.282608 0.272845 0.266097 0.215481 0.353487 0.256168 0.387323 0.328336 0.307921 0.177794 0.210801 0.19204 0.247222 0.170578 0.191254 0.167227 0.180714 0.16721
threshold=-0.86175999045371998 -0.038644999265670769 -0.019685000181198117 1.9327149987220766 2.6344399452209477 2.0606150627136235 1.9626049995422366 1.5000000000000002 0.15037500113248828 3.1450550556182866 1.0000000180025095e-35 0.11964499950408937 1.0000000180025095e-35 2.8457649946212773 2.6228849887847905 3.2216100692749028 2.0427049398422246 0.51161000132560741 3.4800549745559697 0.9855649769306184 1.5000000000000002 0.2476649954915047 1.5000000000000002 2.379024982452393 2.5995650291442876 0.088804997503757491 0.11964499950408937 0.069035001099109664 1.429545044898987 1.9924100041389468
decision_type=2 2 2 2 2 2 2 2 2 2 2 2 2 2 2 2 2 2 2 2 2 2 2 2 2 2 2 2 2 2
left_child=-1 -2 3 -3 -5 6 25 29 9 10 13 -12 -11 14 -7 16 21 18 -17 -19 -21 22 23 -10 -25 27 -27 28 -4 -8
right_child=1 2 5 4 -6 8 7 -9 15 12 11 -13 -14 -15 -16 17 -18 19 -20 20 -22 -23 -24 24 -26 26 -28 -29 -30 -31
leaf_value=0.00047799931349030099 -3.4347112625066677e-05 -0.0009351432638604072 -0.00056491515971768746 0.0027337380190609051 0.0003166640437906608 -0.00039995526699480215 0.0010556117523855028 0.0014978640531177539 -0.0008186746525011096 0.00015222149293574923 0.00080175405304139258 0.0023953434329729204 -0.0011640504952329384 -0.0014458995372149915 0.0011154357782309217 -0.0010303185087584615 0.00096762562265110185 0.00057118164541298719 0.00010986428536734255 -0.000246735880589026 0.00058943728627991194 -0.00024624319411644389 0.00095830541191355742 0.0013056918619623668 -0.00018750272548854276 0.00092489507683489241 9.057279362495945e-05 -0.0011297392554620858 0.00032836464487664524 -4.503809677156236e-05
leaf_weight=1835 253188 1253 2879 1008 1000 2703 1251 1837 1524 1867 5511 1218 2368 1047 1022 2960 1712 9978 5359 10642 3834 53730 1710 1017 2348 1846 37065 1267 2919 3006
leaf_count=1835 253188 1253 2879 1008 1000 2703 1251 1837 1524 1867 5511 1218 2368 1047 1022 2960 1712 9978 5359 10642 3834 53730 1710 1017 2348 1846 37065 1267 2919 3006
internal_value=-7.20096e-06 -9.32553e-06 2.88655e-05 0.000582808 0.00153002 1.77573e-05 0.000132551 0.000646006 -3.63114e-05 0.000216622 0.00051135 0.00109021 -0.000583772 -0.000304895 1.58111e-05 -7.829e-05 -0.000165945 8.76456e-05 -0.000295826 0.000218099 -2.52736e-05 -0.000198113 0.000193768 -7.36404e-05 0.000263784 6.44937e-05 0.000130154 -0.000297137 -0.000115194 0.000278409
internal_weight=420904 419069 165881 3261 2008 162620 52070 6094 110550 15736 11501 6729 4235 4772 3725 94814 62041 32773 8319 24454 14476 60329 6599 4889 3365 45976 38911 7065 5798 4257
internal_count=420904 419069 165881 3261 2008 162620 52070 6094 110550 15736 11501 6729 4235 4772 3725 94814 62041 32773 8319 24454 14476 60329 6599 4889 3365 45976 38911 7065 5798 4257
is_linear=0
shrinkage=0.08


Tree=81
num_leaves=31
num_cat=0
split_feature=0 1 2 0 2 2 0 1 1 0 1 2 0 1 0 1 0 0 0 1 0 0 1 1 2 1 1 0 1 2
split_gain=0.0437745 0.0619506 0.136515 0.154823 0.0874749 0.0760716 0.301149 0.512151 0.44562 0.329358 0.359449 0.38747 0.347497 0.398498 0.346873 0.465014 0.301297 0.218019 0.216476 0.172118 0.301723 0.239886 0.24606 0.285038 0.158818 0.821086 0.151883 0.138925 0.136789 0.131854
threshold=5.082170009613038 1.279415011405945 2.5000000000000004 2.432595014572144 1.0000000180025095e-35 1.0000000180025095e-35 1.429545044898987 0.258779987692833 -0.42075499892234797 4.1758649349212655 -1.3414850234985349 2.5000000000000004 3.182019948959351 0.43486499786376959 2.8882849216461186 -0.28711500763893122 2.6459350585937504 1.9825450181961062 2.3479599952697758 -0.94235497713088978 3.0089449882507329 1.7330700159072878 0.69082999229431163 -0.72773000597953785 2.5000000000000004 -1.2418799996376035 -0.048845000565052026 2.5880050659179692 -0.82583001255989064 1.5000000000000002
decision_type=2 2 2 2 2 2 2 2 2 2 2 2 2 2 2 2 2 2 2 2 2 2 2 2 2 2 2 2 2 2
left_child=1 5 3 4 -3 19 7 8 24 10 16 -12 13 14 15 28 -8 -17 -19 -1 21 -21 23 -23 -7 -26 -10 -15 -13 -28
right_child=-2 2 -4 -5 -6 6 9 -9 26 -11 11 12 -14 27 -16 17 -18 18 -20 20 -22 22 -24 -25 25 -27 29 -29 -30 -31
leaf_value=-0.00010448780092848437 -0.00042698839054972261 -0.00057046881272058503 0.00095290291453961921 0.00020876047468150902 3.3995953741309137e-05 0.00011007098108335825 0.00010330598447014553 0.0007900813675532709 -0.00060606337203174591 0.00073761322770289931 -0.00012097465291272871 -0.0014647707592937913 0.00038138980133226144 -0.0021063890761280567 -0.0018901569387439804 -0.0004898087217116543 0.0011448198701230069 0.001639786493803421 0.0001171079486416522 -2.4170098268736573e-05 -0.00017416519700906788 -0.00020593822846006024 -0.00016173794596971598 0.00033996628211246146 -0.00086776131740967915 0.0018068517072313986 -0.00035429786753803983 -0.00089867845570667203 -0.00053240966772795178 0.00051532169718398883
leaf_weight=52143 1613 3051 1191 15341 3078 35135 11257 6231 7863 2872 118281 1632 2079 1533 1010 1337 2111 1061 1368 43220 27009 6927 9510 52634 1243 1796 3040 1012 2630 1763
leaf_count=52143 1613 3051 1191 15341 3078 35135 11257 6231 7863 2872 118281 1632 2079 1533 1010 1337 2111 1061 1368 43220 27009 6927 9510 52634 1243 1796 3040 1012 2630 1763
internal_value=-1.10302e-05 -9.43029e-06 0.00011922 7.29732e-05 -0.000266905 -1.67793e-05 -5.06127e-05 0.000105532 2.16324e-05 -0.00011075 -0.000127517 -0.000167567 -0.000570949 -0.000741882 -0.000492881 -0.00031709 0.000267776 0.000330627 0.000782222 1.94949e-05 6.59043e-05 0.000123647 0.000216142 0.000276477 0.000158061 0.000712892 -0.000389549 -0.00162615 -0.000889428 -3.50934e-05
internal_weight=420971 419358 22661 21470 6129 396697 205254 57071 50840 148183 145311 131943 13662 11583 9038 8028 13368 3766 2429 191443 139300 112291 69071 59561 38174 3039 12666 2545 4262 4803
internal_count=420971 419358 22661 21470 6129 396697 205254 57071 50840 148183 145311 131943 13662 11583 9038 8028 13368 3766 2429 191443 139300 112291 69071 59561 38174 3039 12666 2545 4262 4803
is_linear=0
shrinkage=0.08


Tree=82
num_leaves=31
num_cat=0
split_feature=1 1 0 0 0 0 2 0 1 1 0 2 1 0 1 1 1 1 2 1 0 0 1 1 1 1 0 1 0 1
split_gain=0.0537949 0.0828722 0.0780739 0.136563 0.0715178 0.0566195 0.328572 0.270745 0.147376 0.197178 0.131575 0.123891 0.0817093 0.0777591 0.17785 0.0615573 0.0530506 0.0499629 0.0437919 0.514459 0.321972 0.303638 0.484469 0.398139 0.321505 0.515324 0.446339 0.196419 0.614584 0.262242
threshold=2.5474849939346318 1.9073150157928469 2.4004850387573247 3.7580599784851079 3.1631100177764897 0.97519999742507946 2.5000000000000004 0.52245500683784496 -0.65653499960899342 0.2476649954915047 0.86028000712394725 1.0000000180025095e-35 -0.40219500660896296 -0.094705000519752489 -1.633090019226074 0.85454499721527111 0.078519999980926528 0.45975999534130102 1.5000000000000002 -1.3767949938774107 2.3071050643920903 3.2023100852966313 1.2412949800491335 -0.61636999249458302 0.55336499214172374 1.2065849900245669 3.803590059280396 0.3258149921894074 1.6361750364303591 0.61281502246856701
decision_type=2 2 2 2 2 2 2 2 2 2 2 2 2 2 2 2 2 2 2 2 2 2 2 2 2 2 2 2 2 2
left_child=1 5 -3 4 -4 6 8 -8 11 12 15 -1 -10 14 -13 17 -14 -11 -7 20 -20 22 27 -23 26 -26 -25 -21 29 -29
right_child=-2 2 3 -5 -6 18 7 -9 9 10 -12 13 16 -15 -16 -17 -18 -19 19 21 -22 23 -24 24 25 -27 -28 28 -30 -31
leaf_value=-1.9913371289836208e-05 -0.00046707274720186285 -0.00030088159427263606 0.00046574424023396876 -0.00013540953459030474 0.0013284311116485412 -7.0128128872819102e-06 0.0019561022100925331 0.00021573068769407245 -4.0933202357425856e-05 -7.6241422136545667e-05 0.0010764016889200352 -0.00074359261560525704 -0.0005017582823984945 0.00035446356685470799 0.00046282352272560467 -0.00045520382064156951 -4.6830087376150203e-05 0.00055692083655228656 0.00030903364047842828 -0.00017868760935406202 0.0016852478061643733 0.0017523736588714201 0.00090669926817399176 -0.00085511545134192904 0.0012404480484078113 -0.00056415300788690203 0.00079614295347179057 -0.00016039665829024774 -0.00076827752331274605 0.0016653581130786322
leaf_weight=18629 1620 1033 1425 1459 1082 281915 1039 1273 5957 1517 1071 1430 8361 14468 1726 1027 2041 1682 4969 40287 1393 1024 2353 3437 2805 1585 1507 1009 11105 1005
leaf_count=18629 1620 1033 1425 1459 1082 281915 1039 1273 5957 1517 1071 1430 8361 14468 1726 1027 2041 1682 4969 40287 1393 1024 2353 3437 2805 1585 1507 1009 11105 1005
internal_value=-6.95785e-06 -5.18149e-06 0.000318599 0.000479951 0.000838073 -9.0853e-06 6.26313e-05 0.000997844 2.52932e-05 -0.000139832 0.00028439 0.000123932 -0.000277194 0.00027598 -8.38099e-05 8.36697e-05 -0.000412496 0.000256669 -2.12719e-05 -7.6734e-05 0.000610364 -0.000142849 -0.00021674 0.00025492 9.06396e-05 0.000588901 -0.000351789 -0.000266237 -0.000535092 0.000750668
internal_weight=421234 419614 4999 3966 2507 414615 60221 2312 57909 21656 5297 36253 16359 17624 3156 4226 10402 3199 354394 72479 6362 66117 55759 10358 9334 4390 4944 53406 13119 2014
internal_count=421234 419614 4999 3966 2507 414615 60221 2312 57909 21656 5297 36253 16359 17624 3156 4226 10402 3199 354394 72479 6362 66117 55759 10358 9334 4390 4944 53406 13119 2014
is_linear=0
shrinkage=0.08


Tree=83
num_leaves=31
num_cat=0
split_feature=1 1 1 3 1 2 1 2 1 2 1 1 1 1 1 1 1 2 1 1 1 3 2 1 1 1 1 2 1 1
split_gain=0.0796957 0.130616 0.132366 0.128557 0.202584 0.127561 0.080621 0.100876 0.0683848 0.246699 0.1985 0.192821 0.153968 0.14346 0.113042 0.111005 0.102469 0.101092 0.0729776 0.0696925 0.16641 0.0624402 0.249879 0.113251 0.0947344 0.0621071 0.206992 0.174555 0.124099 0.0853565
threshold=0.03870500065386296 0.05931499972939492 0.078519999980926528 1.0000000180025095e-35 -0.77027499675750721 1.0000000180025095e-35 -1.6856650114059446 1.5000000000000002 -0.010024999734014271 1.0000000180025095e-35 -0.12706499546766278 -0.32477499544620508 0.0091149997897446173 -0.50727000832557667 -0.30637000501155848 -0.49764500558376307 -0.2494000047445297 1.5000000000000002 -0.36375500261783594 -0.38268500566482538 -0.43033500015735621 1.5000000000000002 1.0000000180025095e-35 -0.10734499990940093 -0.048845000565052026 -0.23984500020742414 -0.12706499546766278 1.0000000180025095e-35 -0.038644999265670769 -0.019685000181198117
decision_type=2 2 2 2 2 2 2 2 2 2 2 2 2 2 2 2 2 2 2 2 2 2 2 2 2 2 2 2 2 2
left_child=3 -2 -3 4 5 -1 -7 -8 10 -10 11 13 -11 -5 -13 -15 -16 18 -17 20 -19 23 -23 -12 -25 -6 -27 29 -29 -28
right_child=1 2 -4 8 25 6 7 -9 9 12 21 14 -14 15 16 17 -18 19 -20 -21 -22 22 -24 24 -26 26 27 28 -30 -31
leaf_value=9.1608893857542082e-05 0.00054681113627901283 -0.00046732644110415744 4.955481230588117e-05 -7.9357759248067716e-05 -0.0001189876667459699 -8.2132843911598601e-06 0.00037930920290568253 0.0010463357812700944 0.00044623915447269285 -0.0014309865612540584 0.00084503415776133496 -0.00087758893656588203 -0.00031260177920676354 0.00096470976956633471 2.8387802911689003e-05 0.00013048301894367904 -0.00037064590057590282 -0.00042192030425789091 0.00058463786309952766 -0.00057667053609369075 0.00066548239682102939 0.0014323418908400707 0.00016709509292893134 -0.00035596127350067525 0.00033452035493611152 0.00037942902382775582 0.00024469674669900068 -0.001102622770775322 -0.00012170332100571142 -0.0003126693575559226
leaf_weight=30580 3305 3241 146482 113436 33811 2537 8244 1761 1630 1308 1036 1998 1981 1026 6008 10183 13097 2196 2912 1850 1527 1279 4563 3074 2169 7746 4998 1771 1546 2713
leaf_count=30580 3305 3241 146482 113436 33811 2537 8244 1761 1630 1308 1036 1998 1981 1026 6008 10183 13097 2196 2912 1850 1527 1279 4563 3074 2169 7746 4998 1771 1546 2713
internal_value=3.31804e-06 4.93471e-05 3.83661e-05 -2.3065e-05 5.11977e-05 0.000179727 0.000394577 0.000496714 -6.45628e-05 -0.000358533 -5.58702e-05 -8.03684e-05 -0.000757371 -4.47551e-05 -0.000305038 0.000154554 -0.000245161 0.000110027 0.000231476 -0.000175343 2.40813e-05 0.000255856 0.000444098 8.07143e-05 -7.03129e-05 -5.4202e-05 6.24737e-05 -0.000160154 -0.000645432 4.85958e-05
internal_weight=420008 153028 149723 266980 95707 43122 12542 10005 171273 4919 166354 154233 3289 133130 21103 19694 19105 18668 13095 5573 3723 12121 5842 6279 5243 52585 18774 11028 3317 7711
internal_count=420008 153028 149723 266980 95707 43122 12542 10005 171273 4919 166354 154233 3289 133130 21103 19694 19105 18668 13095 5573 3723 12121 5842 6279 5243 52585 18774 11028 3317 7711
is_linear=0
shrinkage=0.08


Tree=84
num_leaves=31
num_cat=0
split_feature=0 1 1 1 1 0 1 0 0 1 2 2 0 0 1 1 1 2 0 2 1 1 2 1 1 0 1 0 1 2
split_gain=0.0894546 0.24125 0.381654 0.185665 0.255559 0.424329 0.149285 0.858233 0.479922 0.201348 0.183342 0.169186 0.164675 0.2835 0.630127 0.212801 0.148602 0.185549 0.155587 0.169549 0.293644 0.156569 0.147207 0.147093 0.14405 0.143016 0.130516 0.131159 0.272001 0.128757
threshold=2.1976850032806401 -0.019685000181198117 -0.038644999265670769 0.2476649954915047 -0.60543000698089589 1.6908349990844729 -0.72773000597953785 2.8457649946212773 3.0576651096343999 -0.068005003035068498 1.5000000000000002 2.5000000000000004 2.6582949161529545 2.5537600517272954 -0.35404001176357264 -0.38268500566482538 1.1169049739837649 1.0000000180025095e-35 1.41738498210907 1.5000000000000002 0.53973501920700084 0.3030299991369248 1.0000000180025095e-35 -1.2896999716758726 -0.68668499588966359 2.0706549882888798 0.0091149997897446173 2.2370949983596806 0.43486499786376959 1.0000000180025095e-35
decision_type=2 2 2 2 2 2 2 2 2 2 2 2 2 2 2 2 2 2 2 2 2 2 2 2 2 2 2 2 2 2
left_child=3 2 6 4 5 -1 8 12 11 -9 -10 -2 13 -8 -15 -14 18 -18 19 -5 -21 -20 25 -7 -25 -23 -3 28 -28 -17
right_child=1 26 -4 16 -6 23 7 9 10 -11 -12 -13 15 14 -16 29 17 -19 21 20 -22 22 -24 24 -26 -27 27 -29 -30 -31
leaf_value=0.00010285236298670659 -0.00021585163892241449 -0.00063134249996586473 0.0013569251769610853 0.00028171618567587311 -0.00018050505611177204 -1.0728376984845199e-05 0.0005218154815218182 -0.00012730402523567703 0.00036828170858103535 -0.001215273741007776 0.0014014443237673341 0.00075649440227957253 0.00034253490202022031 0.00076291135399172841 -0.0011542215235484743 0.0017077122869850209 -0.00065595190697073852 0.00017338035769460023 0.0006910004215300976 0.00016219205778936183 0.0020361906420343491 6.8387110537486927e-05 -0.00020017340151855256 -0.00045263650696027066 0.00014721641149735806 0.00083146310293523125 0.0014949147200550702 -4.527940753431429e-05 -0.00019858140716309662 0.00077849882438892071
leaf_weight=83132 25549 2370 1612 8878 77676 11630 17414 19802 6037 1152 1344 1199 3217 2190 2199 1839 3266 3663 2327 1099 1043 7344 10993 17763 2994 2000 1083 97001 1381 1984
leaf_count=83132 25549 2370 1612 8878 77676 11630 17414 19802 6037 1152 1344 1199 3217 2190 2199 1839 3266 3663 2327 1099 1043 7344 10993 17763 2994 2000 1083 97001 1381 1984
internal_value=-2.60677e-06 3.85777e-05 0.000137624 -3.56119e-05 -6.82977e-05 7.15151e-06 0.000114205 0.000202535 -1.46766e-05 -0.000187118 0.000556409 -0.000172265 0.000485612 0.000376991 -0.000197621 0.000822011 0.000119874 -0.000217527 0.000189279 0.00043585 0.00107469 6.93881e-05 -1.73797e-06 -0.000238497 -0.000366113 0.000231717 -4.4618e-05 -3.06379e-05 0.00054576 0.00122548
internal_weight=421181 187373 85538 233808 193195 115519 83926 49797 34129 20954 7381 26748 28843 21803 4389 7040 40613 6929 33684 11020 2142 22664 20337 32387 20757 9344 101835 99465 2464 3823
internal_count=421181 187373 85538 233808 193195 115519 83926 49797 34129 20954 7381 26748 28843 21803 4389 7040 40613 6929 33684 11020 2142 22664 20337 32387 20757 9344 101835 99465 2464 3823
is_linear=0
shrinkage=0.08


Tree=85
num_leaves=31
num_cat=0
split_feature=0 1 2 0 1 1 0 1 1 0 1 1 0 1 0 1 0 0 0 0 1 1 1 0 1 1 0 1 0 2
split_gain=0.0605324 0.161765 0.281565 0.217778 0.253538 0.177993 0.205503 0.326305 0.176751 0.184255 0.151064 0.143628 0.224519 0.274852 0.225078 0.196107 0.874152 0.31568 0.244779 0.278395 0.237067 0.27568 0.19372 0.189528 0.179871 0.210414 0.402726 0.33749 0.168923 0.204199
threshold=2.09111499786377 0.76049000024795543 1.0000000180025095e-35 1.7012050151824953 1.0891849994659426 -0.72773000597953785 1.8143450021743777 -1.2738150358200071 0.0091149997897446173 1.6689050197601321 1.5049049854278567 0.2476649954915047 2.9460799694061284 0.55336499214172374 3.5367751121521001 -0.48770500719547266 3.109454989433289 3.109454989433289 2.5537600517272954 2.6344399452209477 -0.087829999625682817 -0.28711500763893122 -0.087829999625682817 5.082170009613038 0.28125999867916113 0.67494001984596264 2.2370949983596806 1.2065849900245669 2.3894050121307377 1.5000000000000002
decision_type=2 2 2 2 2 2 2 2 2 2 2 2 2 2 2 2 2 2 2 2 2 2 2 2 2 2 2 2 2 2
left_child=1 5 10 4 -4 6 7 -1 9 -7 -3 15 24 14 -14 17 18 -2 28 20 21 -20 -18 -15 -13 26 -26 -27 -17 -30
right_child=11 2 3 -5 -6 8 -8 -9 -10 -11 -12 12 13 23 -16 16 22 -19 19 -21 -22 -23 -24 -25 25 27 -28 -29 29 -31
leaf_value=-5.1771145101481926e-05 -9.5671605845216171e-05 4.8823683982458769e-05 0.0016248234475598029 0.00012140792131720423 0.00030573866212601624 -0.00027986023841733047 -0.00022236879380122172 0.00026830167664009165 3.2379774052454352e-05 -1.0738781467273604e-07 -0.00098958416107975344 -0.00095218056803890135 -0.0005466094583318938 0.00025318153488461409 0.00020715114060478195 0.00040199604319390283 -1.1045235611938756e-05 0.00039598137203918034 -5.1433474832675512e-05 0.00031523219924862913 0.00026658632018744993 -0.0018764808451010595 -0.00054467610481464645 -0.0007659509882027006 0.00090449049024120688 -0.00052692210814632868 -9.7535277730691913e-05 0.00011732030307421855 0.00063768816838991971 0.0016004391242944555
leaf_weight=43836 45839 5097 2037 3181 1720 43320 15295 38104 38784 23104 1088 1772 6539 30729 4141 16293 8479 10222 1020 18381 1710 1102 8949 1214 3101 14274 14908 8190 6573 1795
leaf_count=43836 45839 5097 2037 3181 1720 43320 15295 38104 38784 23104 1088 1772 6539 30729 4141 16293 8479 10222 1020 18381 1710 1102 8949 1214 3101 14274 14908 8190 6573 1795
internal_value=1.60445e-05 -1.35615e-05 0.000258632 0.000608509 0.00102093 -3.12059e-05 4.68226e-05 9.70701e-05 -0.000103321 -0.000182555 -0.000133842 4.71413e-05 -3.25593e-05 9.69825e-05 -0.000254351 0.000103338 0.000198686 -6.02503e-06 0.000378543 0.000185918 -0.000434364 -0.00099922 -0.000285056 0.000214449 -0.00016326 -0.000128719 7.50052e-05 -0.000292042 0.000552047 0.000844206
internal_weight=420797 215566 13123 6938 3757 202443 97235 81940 105208 66424 6185 205231 84868 42623 10680 120363 64302 56061 46874 22213 3832 2122 17428 31943 42245 40473 18009 22464 24661 8368
internal_count=420797 215566 13123 6938 3757 202443 97235 81940 105208 66424 6185 205231 84868 42623 10680 120363 64302 56061 46874 22213 3832 2122 17428 31943 42245 40473 18009 22464 24661 8368
is_linear=0
shrinkage=0.08


Tree=86
num_leaves=31
num_cat=0
split_feature=0 1 0 0 1 3 0 1 1 0 3 0 0 0 3 0 1 1 1 0 1 1 1 0 0 0 1 3 1 1
split_gain=0.0407803 0.0449975 0.105303 0.0325892 0.0745574 0.17717 0.0292627 0.0403974 0.0604883 0.0460329 0.0784846 0.0352713 0.0270488 0.0248065 0.289675 0.415525 1.6215 1.07397 0.434496 0.402478 0.59623 0.582585 0.360211 0.35871 0.289911 0.280158 0.476012 0.247985 0.44962 0.649344
threshold=5.082170009613038 1.7078699469566347 1.9825450181961062 4.0179951190948495 2.2294049263000493 1.5000000000000002 -0.86175999045371998 -3.0355050563812251 -2.2555199861526485 1.8838700056076052 1.5000000000000002 1.0965049862861636 0.52245500683784496 2.0808999538421635 1.5000000000000002 1.536140024662018 -0.81524500250816334 -0.90645498037338246 0.51161000132560741 1.6908349990844729 -1.2573850154876707 -1.323590040206909 0.3030299991369248 0.88195499777793895 1.5003449916839602 1.3025850057601931 -0.66677498817443837 1.5000000000000002 -1.0963900089263914 0.20373500138521197
decision_type=2 2 2 2 2 2 2 2 2 2 2 2 2 2 2 2 2 2 2 2 2 2 2 2 2 2 2 2 2 2
left_child=1 6 -3 4 5 -4 -1 -8 9 10 11 12 -9 14 19 17 -17 23 -18 21 -21 24 -19 -16 -10 -23 -27 -15 -29 -30
right_child=-2 2 3 -5 -6 -7 7 8 13 -11 -12 -13 -14 27 15 16 18 22 -20 20 -22 25 -24 -25 -26 26 -28 28 29 -31
leaf_value=0.00032919009126039847 -0.00038244739362860698 -0.00053143791602394935 -0.0001347129582947729 -2.5247265609434031e-05 0.00077437293019134621 0.00093281076883317872 -0.0003985564508839877 0.00014872163519739299 -0.00038422252262909173 -0.00015120079311856268 0.00062045344146716966 0.0003822125498578455 -0.00042678235390968265 -2.6065468207585518e-05 0.00051908334301524277 -0.00075694090167033356 0.00075575133613425491 -0.00078340872428362405 -0.00021339807649743255 0.00064085174583833598 -0.00025406811921671087 0.00039979995695300577 -4.4069243215322449e-05 -0.00017744544606959216 0.00054664204713099427 0.00054352167479315911 -0.00013976471635058899 -0.00043297524549952554 0.00052137273917282254 -7.3036449463743523e-05
leaf_weight=1875 1635 1141 3250 1699 2012 1434 1525 1033 15140 1621 3055 1349 1058 141461 9347 9167 14093 20176 3748 5459 37456 40231 5332 9584 2494 9560 20555 6821 26887 20909
leaf_count=1875 1635 1141 3250 1699 2012 1434 1525 1033 15140 1621 3055 1349 1058 141461 9347 9167 14093 20176 3748 5459 37456 40231 5332 9584 2494 9560 20555 6821 26887 20909
internal_value=1.63127e-05 1.78669e-05 0.000189661 0.000287668 0.000367066 0.000192108 1.38706e-05 1.24218e-05 1.39635e-05 0.000230173 0.000325355 6.32844e-05 -0.000142471 9.55915e-06 -1.00913e-05 -0.000139652 0.000107824 -0.000290056 0.000552154 6.06271e-05 -0.00014023 0.000158601 -0.000628863 0.000166459 -0.000252569 0.000261672 7.71444e-05 2.98374e-05 0.000174629 0.00026134
internal_weight=421107 419472 9536 8395 6696 4684 409936 408061 406536 8116 6495 3440 2091 398420 202342 71447 27008 44439 17841 130895 42915 87980 25508 18931 17634 70346 30115 196078 54617 47796
internal_count=421107 419472 9536 8395 6696 4684 409936 408061 406536 8116 6495 3440 2091 398420 202342 71447 27008 44439 17841 130895 42915 87980 25508 18931 17634 70346 30115 196078 54617 47796
is_linear=0
shrinkage=0.08


Tree=87
num_leaves=31
num_cat=0
split_feature=0 0 3 0 2 0 0 2 0 2 0 0 3 0 2 0 2 0 0 3 0 0 2 0 2 0 0 2 0 0
split_gain=0.0617407 0.2139 0.169994 0.315509 0.277984 0.237949 0.239802 0.188341 0.187621 0.13535 0.120513 0.133565 0.111105 0.297691 0.161462 0.155107 0.509079 0.732955 0.191424 0.107519 0.10544 0.213097 0.103382 0.186695 0.0865099 0.116538 0.0977868 0.196791 0.180948 0.104225
threshold=2.2468349933624272 2.2370949983596806 1.5000000000000002 1.4660949707031252 1.0000000180025095e-35 1.8044949769973757 1.8240849971771242 2.5000000000000004 -0.52781498432159413 2.5000000000000004 1.7839150428771975 1.7330700159072878 1.5000000000000002 2.379024982452393 1.0000000180025095e-35 3.1631100177764897 2.5000000000000004 3.6382600069046025 2.4114799499511723 1.0000000180025095e-35 3.0576651096343999 2.9772551059722905 1.0000000180025095e-35 2.2072451114654545 2.5000000000000004 2.5995650291442876 2.7801799774169926 1.0000000180025095e-35 2.497115015983582 2.4649250507354741
decision_type=2 2 2 2 2 2 2 2 2 2 2 2 2 2 2 2 2 2 2 2 2 2 2 2 2 2 2 2 2 2
left_child=1 2 3 4 -1 8 -7 -8 -4 19 11 -10 -2 14 -14 18 -17 -18 -15 -6 21 24 -5 -24 26 -26 28 -28 29 -20
right_child=12 -3 5 22 9 6 7 -9 10 -11 -12 -13 13 15 -16 16 17 -19 20 -21 -22 -23 23 -25 25 -27 27 -29 -30 -31
leaf_value=2.3272493785701709e-05 -5.3975012732970225e-06 -0.00094111414103584441 0.00057173759601405615 -2.8048882883079747e-06 0.00050556878627613596 0.0013047252599754802 0.00014564685436279799 -0.00055700949044380972 -0.00022915789796579527 0.001200373803964701 -0.0010703686789609046 0.00035281724873644361 0.0014034180688579383 -0.00072664997931654127 0.00043180495983623549 -0.00033951329106475216 -0.00030960798393347202 0.0025234445006449865 0.0003587159716850915 0.00018033828351331053 0.00068819752247054305 -0.00058206634797445731 -0.00022157583899996974 0.00070575869776758147 -0.00080893667622661388 0.0002230873061820822 0.0014517988539478927 0.00032445723078284645 1.5515737975673314e-05 0.0012930816041567428
leaf_weight=42712 129385 1632 1987 49539 10868 1027 18568 2811 56900 1141 1044 2641 1405 1436 4955 13039 1331 1042 2076 16207 2776 2204 33267 1450 1101 1924 1301 4159 9687 1209
leaf_count=42712 129385 1632 1987 49539 10868 1027 18568 2811 56900 1141 1044 2641 1405 1436 4955 13039 1331 1042 2076 16207 2776 2204 33267 1450 1101 1924 1301 4159 9687 1209
internal_value=-1.97048e-06 -2.83378e-05 -2.21351e-05 2.76713e-05 0.000151998 -0.00011309 0.000110621 5.32587e-05 -0.000193197 0.000346856 -0.000218284 -0.000203344 3.36406e-05 0.000135382 0.000646446 6.02897e-05 -0.000143367 0.000934404 0.000172899 0.000310887 0.00022176 0.000167036 -7.69888e-05 -0.000182845 0.000243982 -0.000152535 0.000309057 0.000593078 0.000189511 0.000702597
internal_weight=420824 241794 240162 155184 70928 84978 22406 21379 62572 28216 60585 59541 179030 49645 6360 43285 15412 2373 27873 27075 26437 23661 84256 34717 21457 3025 18432 5460 12972 3285
internal_count=420824 241794 240162 155184 70928 84978 22406 21379 62572 28216 60585 59541 179030 49645 6360 43285 15412 2373 27873 27075 26437 23661 84256 34717 21457 3025 18432 5460 12972 3285
is_linear=0
shrinkage=0.08


Tree=88
num_leaves=31
num_cat=0
split_feature=2 0 0 0 0 0 0 0 0 0 0 0 0 0 0 0 3 0 0 3 2 2 0 0 2 0 0 3 3 0
split_gain=0.0381748 0.479222 0.300081 0.312026 0.246551 0.231129 0.131458 0.126557 0.150818 0.136744 0.0656154 0.0591461 0.0836021 0.0702224 0.0561614 0.0560071 0.105584 0.207262 0.0774953 0.141513 0.0682615 0.0645445 0.0581857 0.166168 0.0626808 0.0603231 0.0404497 0.209972 0.144261 0.211997
threshold=2.5000000000000004 0.58771499991416942 3.1268450021743779 3.4521949291229252 1.4660949707031252 1.045634984970093 1.6361750364303591 2.6815750598907475 2.5418000221252446 2.9307301044464116 1.2610399723052981 2.0808999538421635 1.9626049995422366 2.1976850032806401 1.7839150428771975 2.9160000085830693 1.0000000180025095e-35 3.1631100177764897 2.8882849216461186 1.0000000180025095e-35 1.0000000180025095e-35 1.0000000180025095e-35 2.9460799694061284 2.9772551059722905 1.0000000180025095e-35 3.8518650531768803 2.0808999538421635 1.5000000000000002 1.0000000180025095e-35 1.754070043563843
decision_type=2 2 2 2 2 2 2 2 2 2 2 2 2 2 2 2 2 2 2 2 2 2 2 2 2 2 2 2 2 2
left_child=15 -2 4 -4 5 -3 -6 8 11 -9 -7 12 14 -13 -8 18 17 21 26 -20 -19 -17 -18 -24 25 -25 28 -28 29 -1
right_child=1 2 3 -5 6 10 7 9 -10 -11 -12 13 -14 -15 -16 16 22 20 19 -21 -22 -23 23 24 -26 -27 27 -29 -30 -31
leaf_value=0.00015855078567091239 0.001714270558306091 -0.00036243965165156657 0.0016239102463967096 4.6638746557735373e-05 -0.0011028364754856585 0.0013860549816959783 0.00024963768447182615 -0.001133945365113952 0.00082686735342267189 -3.7327648683153645e-06 0.0005362897485258817 -0.00096022764914945079 0.00063436510806858448 -0.00019771445724388114 -0.00050202961116361871 -0.00039272722608792442 -0.00059423641328114959 7.9579246088582107e-05 -0.00019881805298027034 0.00090210693449001267 0.00038089476429019212 4.8607598830640786e-05 0.0006180693130136358 -0.00021239257942455008 -9.3899524153732262e-05 -0.00060541013147637039 -2.4608702862241054e-05 0.00022138849830639109 -6.8624594443424266e-05 -0.00014761353908850235
leaf_weight=51408 1117 1426 1382 1915 1175 1083 1060 1697 1069 1149 1256 1063 1077 2833 1591 7430 1835 18359 1353 1669 6521 2968 1799 10596 25590 3271 84224 30158 132461 20147
leaf_count=51408 1117 1426 1382 1915 1175 1083 1060 1697 1069 1149 1256 1063 1077 2833 1591 7430 1835 18359 1353 1669 6521 2968 1799 10596 25590 3271 84224 30158 132461 20147
internal_value=-3.27988e-06 0.000102139 1.10811e-05 0.000707782 -0.00012831 0.000440329 -0.000296701 -0.000214613 -6.30194e-05 -0.000677651 0.000929747 -0.000187795 3.99941e-05 -0.000405762 -0.000201476 -8.78905e-06 -6.94292e-05 3.31967e-05 5.99631e-06 0.000409204 0.000158553 -0.000266753 -0.000153448 -0.000133842 -0.000168125 -0.000305099 2.16935e-06 4.0251e-05 -1.91812e-05 7.23473e-05
internal_weight=420682 20893 19776 3297 16479 3765 12714 11539 8693 2846 2339 7624 3728 3896 2651 399789 78369 35278 321420 3022 24880 10398 43091 41256 39457 13867 318398 114382 204016 71555
internal_count=420682 20893 19776 3297 16479 3765 12714 11539 8693 2846 2339 7624 3728 3896 2651 399789 78369 35278 321420 3022 24880 10398 43091 41256 39457 13867 318398 114382 204016 71555
is_linear=0
shrinkage=0.08


Tree=89
num_leaves=31
num_cat=0
split_feature=3 0 0 2 0 0 2 0 0 0 0 2 2 0 0 0 0 0 0 0 2 0 0 2 0 0 0 0 0 3
split_gain=0.0551078 0.497487 0.246836 0.278051 0.232377 0.181401 0.147314 0.157186 0.11803 0.117435 0.187961 0.310571 0.171544 0.187742 0.114247 0.247049 0.234024 0.115504 0.108995 0.103704 0.0947989 0.0910513 0.13819 0.135466 0.132393 0.129105 0.0857918 0.16545 0.0866932 0.0832608
threshold=1.5000000000000002 1.4771749973297121 1.5697799921035769 1.5000000000000002 0.45614500343799597 -0.34041000902652735 1.0000000180025095e-35 2.7193250656127934 2.6694550514221196 2.9772551059722905 4.1758649349212655 1.5000000000000002 2.5000000000000004 1.8044949769973757 2.3071050643920903 2.3378200531005864 2.2271099090576176 2.09111499786377 2.4649250507354741 2.7430649995803837 1.0000000180025095e-35 2.8320949077606206 2.90184497833252 2.5000000000000004 3.4253950119018559 3.0576651096343999 2.1578600406646733 2.1976850032806401 2.1296250820159917 1.0000000180025095e-35
decision_type=2 2 2 2 2 2 2 2 2 2 2 2 2 2 2 2 2 2 2 2 2 2 2 2 2 2 2 2 2 2
left_child=2 5 3 20 -5 -2 -4 8 -8 12 -11 -12 14 -14 16 -16 17 -3 -15 -20 -1 -9 -23 24 25 -24 28 -28 -19 -6
right_child=1 9 6 4 29 -7 7 21 -10 10 11 -13 13 18 15 -17 -18 26 19 -21 -22 22 23 -25 -26 -27 27 -29 -30 -31
leaf_value=6.0637346124537689e-06 0.00033767513253530322 5.6809114491095428e-05 1.1217478149737379e-05 -0.00045048065673217462 0.0011872463614186432 -0.00031526075933849582 -0.00018796122641489394 0.00035758621688299709 -0.00081923067544529052 -0.00021242048088176177 -0.00031579753678717226 0.0014113906497583496 -0.00093427609049747046 0.00021500855771673601 0.0013451367441930325 0.00022418126834403474 -0.00057270678236534154 0.0003749335248182482 -0.00084490759915257477 0.00016537996396405377 0.00020037243076344064 -0.00061010987143382208 0.00022516689537622003 -0.00083278021652501437 0.00027411332384762708 -0.00029789281943057029 -0.00035180322281897186 0.00083469232703915416 0.001252571272660091 0.00056966026221867
leaf_weight=48552 2907 27651 121849 1232 1936 43068 50181 4285 1970 17758 1398 1273 1895 4274 1337 21379 3376 1673 1601 1095 24019 2467 4724 1142 10301 8373 1783 1301 1265 5019
leaf_count=48552 2907 27651 121849 1232 1936 43068 50181 4285 1970 17758 1398 1273 1895 4274 1337 21379 3376 1673 1601 1095 24019 2467 4724 1142 10301 8373 1783 1301 1265 5019
internal_value=-1.81371e-05 -6.02594e-05 1.74731e-06 0.000120233 0.000562189 -0.000273976 -4.48628e-05 -0.000126755 -0.000211807 5.00675e-05 -0.00011831 0.000507381 0.000100188 -0.000228213 0.0001489 0.000290158 6.22907e-05 0.000125954 -3.62496e-05 -0.000434572 7.03746e-05 1.49928e-05 -3.9364e-05 1.8013e-05 5.95381e-05 -0.000109229 0.000443447 0.000148726 0.000752814 0.000741572
internal_weight=421084 135034 286050 80758 8187 45975 205292 83443 52151 89059 20429 2671 68630 8865 59765 22716 37049 33673 6970 2696 72571 31292 27007 24540 23398 13097 6022 3084 2938 6955
internal_count=421084 135034 286050 80758 8187 45975 205292 83443 52151 89059 20429 2671 68630 8865 59765 22716 37049 33673 6970 2696 72571 31292 27007 24540 23398 13097 6022 3084 2938 6955
is_linear=0
shrinkage=0.08


Tree=90
num_leaves=31
num_cat=0
split_feature=1 1 0 0 3 1 1 0 0 0 1 0 1 0 3 0 1 1 0 3 1 1 1 1 1 3 0 0 0 0
split_gain=0.0556831 0.0494657 0.190419 0.394104 0.384591 0.419797 0.395846 0.274749 0.236782 0.229654 0.210128 0.143453 0.507821 0.264087 0.303553 0.575373 0.656028 0.476691 0.264385 0.22244 0.187825 0.259531 0.184857 0.194029 0.359173 0.331093 1.14852 0.814676 0.437699 0.170107
threshold=2.5474849939346318 0.53973501920700084 3.1450550556182866 1.9430049657821657 1.5000000000000002 0.70730501413345348 1.0095850229263308 2.90184497833252 2.5537600517272954 3.6753649711608891 0.85454499721527111 2.9307301044464116 -0.75962001085281361 4.1758649349212655 1.5000000000000002 3.2855800390243535 0.15037500113248828 -0.12706499546766278 3.4800549745559697 1.0000000180025095e-35 -0.30637000501155848 0.16129500418901446 0.52623999118804943 1.0000000180025095e-35 -0.010024999734014271 1.0000000180025095e-35 1.754070043563843 1.4419699907302859 1.8240849971771242 3.0576651096343999
decision_type=2 2 2 2 2 2 2 2 2 2 2 2 2 2 2 2 2 2 2 2 2 2 2 2 2 2 2 2 2 2
left_child=1 11 3 -3 10 8 -7 -8 -6 -4 -5 22 -13 14 18 16 17 -16 29 -20 -17 -22 23 24 -1 27 -27 -25 -28 -14
right_child=-2 2 9 4 5 6 7 -9 -10 -11 -12 12 13 -15 15 20 -18 -19 19 -21 21 -23 -24 25 -26 26 28 -29 -30 -31
leaf_value=-7.4221940298183678e-06 -0.00045503869390899998 0.00029916525152660851 0.00048545149257507971 -0.00026659680139878026 0.0010776152821940868 -0.0015045417249706589 -0.00068692350837136842 0.00079564600859882218 -0.00051732936932829805 -1.6820222992413121e-07 0.00018593829349237753 0.00040535815062460283 2.2398115849591054e-05 0.00041351523103490831 -0.0001446981152688489 -0.00049209267625127066 -0.0014852208867618144 0.0019213278754550034 0.00052061058680771865 -0.00031125500682003648 -0.0022744847516687158 -0.00088501158389637418 -0.00099641011722458451 0.0009325091309797663 -0.0013180588708073386 -0.00027629664453901253 0.0021359703119955805 -0.00032121054435359345 0.00057087532628865884 -0.00051661506164986273
leaf_weight=230789 1685 16952 12626 11334 1321 3401 3862 1009 1085 12308 15613 9048 5302 3410 2087 1236 1462 1087 5053 3470 1886 1582 1155 4054 1346 13682 1210 18250 20840 12778
leaf_count=230789 1685 16952 12626 11334 1321 3401 3862 1009 1085 12308 15613 9048 5302 3410 2087 1236 1462 1087 5053 3470 1886 1582 1155 4054 1346 13682 1210 18250 20840 12778
internal_value=3.92745e-06 5.77213e-06 6.25741e-05 -2.11062e-05 -0.000165405 -0.000571719 -0.000842243 -0.000379818 0.000358366 0.000245738 -4.39951e-06 -7.52201e-06 -0.000135061 -0.000259313 -0.000323146 -0.000715513 -8.3023e-05 0.000562854 -0.000185391 0.00018193 -0.00133886 -0.00164065 1.36673e-05 1.76879e-05 -1.50217e-05 0.000148521 0.000299487 -9.33331e-05 0.00065676 -0.000358548
internal_weight=420923 419238 79511 54577 37625 10678 8272 4871 2406 24934 26947 339727 48401 39353 35943 9340 4636 3174 26603 8523 4704 3468 291326 290171 232135 58036 35732 22304 22050 18080
internal_count=420923 419238 79511 54577 37625 10678 8272 4871 2406 24934 26947 339727 48401 39353 35943 9340 4636 3174 26603 8523 4704 3468 291326 290171 232135 58036 35732 22304 22050 18080
is_linear=0
shrinkage=0.08


Tree=91
num_leaves=31
num_cat=0
split_feature=1 0 1 0 3 1 1 0 1 0 0 1 0 0 0 0 0 3 0 0 3 0 3 1 0 0 0 1 3 1
split_gain=0.0535698 0.200844 0.241802 0.20235 0.264394 0.666736 0.223682 0.181161 0.147182 0.136816 0.106605 0.106058 0.180275 0.246947 0.220873 0.153842 0.321725 0.339579 0.296343 0.220718 0.495929 0.203252 0.17438 0.153504 0.259631 0.142429 0.129447 0.203363 0.114025 0.112346
threshold=0.51161000132560741 1.7012050151824953 1.2065849900245669 2.9460799694061284 1.5000000000000002 0.69082999229431163 1.1742650270462038 1.9327149987220766 1.2412949800491335 5.082170009613038 1.2329449653625491 0.12990000098943713 2.9772551059722905 3.5367751121521001 2.8320949077606206 2.1875000000000004 1.754070043563843 1.5000000000000002 1.9430049657821657 1.4050849676132204 1.5000000000000002 0.79370999336242687 1.0000000180025095e-35 0.34965500235557562 2.3686649799346928 2.9160000085830693 1.9034000039100649 0.27009500563144689 1.5000000000000002 0.44698999822139746
decision_type=2 2 2 2 2 2 2 2 2 2 2 2 2 2 2 2 2 2 2 2 2 2 2 2 2 2 2 2 2 2
left_child=11 2 -2 4 6 -6 -3 -7 -9 -5 -4 -1 14 -14 15 16 19 26 -19 20 -13 -22 -17 24 -24 -16 -18 -28 -21 -25
right_child=1 3 10 9 5 7 -8 8 -10 -11 -12 12 13 -15 25 22 17 18 -20 28 21 -23 23 29 -26 -27 27 -29 -30 -31
leaf_value=2.7763836197494765e-06 0.00052836064894029849 -0.00012874536391954425 -0.0009925447204210435 0.00017990871635000484 0.00064336893986385077 9.3627042778919231e-05 0.00037802793466706691 -0.0012063141748647557 -0.00046564926236568988 -0.00068460573385700156 8.2931542544734124e-05 0.0005641005418359742 -0.00066848496255904235 5.1636172505332086e-05 0.0010999034002626032 -0.00061525191681750411 0.00061203492926220409 0.00015732330919068313 0.0018406787910419584 -0.00082723149398181042 -0.0015327049835583526 -0.0002096608471566902 -0.0011867629777455016 0.00072028162028548641 4.5690112396951004e-05 -4.1908737041168331e-05 -0.00078495599117998156 0.00029517046789390096 -6.6701090959997656e-05 -0.00021419933299462489
leaf_weight=282144 9900 19770 1006 32074 2747 1278 7763 4732 2695 1216 1426 4924 7682 5052 1718 6186 2096 1141 1619 3940 1216 1911 1585 2101 3531 1179 1886 2731 1856 1354
leaf_count=282144 9900 19770 1006 32074 2747 1278 7763 4732 2695 1216 1426 4924 7682 5052 1718 6186 2096 1141 1619 3940 1216 1911 1585 2101 3531 1179 1886 2731 1856 1354
internal_value=-2.50553e-06 5.43875e-05 0.000352784 3.4733e-06 -0.000120223 -0.00044326 1.41407e-05 -0.000786163 -0.000937553 0.00014833 -0.000361941 -1.68379e-05 -0.000119877 -0.000382789 -3.81691e-05 -8.94022e-05 3.85156e-05 0.00039777 0.00114477 -0.000207257 6.37436e-05 -0.000724155 -0.000291546 -5.79164e-05 -0.000336139 0.000635217 9.06463e-05 -0.000146051 -0.000583694 0.000354062
internal_weight=420459 84607 12332 72275 38985 11452 27533 8705 7427 33290 2432 335852 53708 12734 40974 38077 23320 9473 2760 13847 8051 3127 14757 8571 5116 2897 6713 4617 5796 3455
internal_count=420459 84607 12332 72275 38985 11452 27533 8705 7427 33290 2432 335852 53708 12734 40974 38077 23320 9473 2760 13847 8051 3127 14757 8571 5116 2897 6713 4617 5796 3455
is_linear=0
shrinkage=0.08


Tree=92
num_leaves=31
num_cat=0
split_feature=1 0 1 1 3 0 3 1 3 1 3 0 0 0 1 1 1 0 0 1 0 0 1 0 1 0 0 1 1 0
split_gain=0.0446395 0.0402746 0.170092 0.280541 0.458868 0.149915 0.150936 0.149479 0.266608 0.139377 0.141064 0.17915 0.110519 0.10534 0.192665 0.101477 0.0983732 0.0874557 0.0782063 0.0638333 0.227618 0.197568 0.054741 0.11427 0.246004 0.0962865 0.0600936 0.224506 0.334866 0.157638
threshold=2.5474849939346318 3.2419850826263432 -0.74922999739646901 0.39720998704433447 1.0000000180025095e-35 4.1758649349212655 1.5000000000000002 1.1455050110816958 1.5000000000000002 -1.3953549861907957 1.5000000000000002 3.5667400360107426 3.5067849159240727 3.4521949291229252 -0.22119500488042829 -0.11698500066995619 1.5049049854278567 4.0179951190948495 3.5667400360107426 0.67494001984596264 3.5067849159240727 3.5667400360107426 -1.846029996871948 -0.094705000519752489 -2.3357450962066646 -0.86175999045371998 3.0750999450683598 0.64277499914169323 -0.95444500446319569 3.1450550556182866
decision_type=2 2 2 2 2 2 2 2 2 2 2 2 2 2 2 2 2 2 2 2 2 2 2 2 2 2 2 2 2 2
left_child=1 22 9 4 12 6 15 19 16 -3 11 -11 -4 -8 -15 -6 18 -10 -9 21 -21 -5 23 24 -1 -24 -27 28 -28 -29
right_child=-2 2 3 7 5 -7 13 8 17 10 -12 -13 -14 14 -16 -17 -18 -19 -20 20 -22 -23 25 -25 -26 26 27 29 -30 -31
leaf_value=0.00040333916667570059 -0.00041414547276333205 -0.00025955963718176934 -0.00011233607641914748 -0.00037607981960469838 2.0873910136275988e-05 0.00017552753107745442 -0.00049335410406497571 -5.0385505566591629e-05 0.00097267399265325936 0.0010709769392886215 0.0015209004836925812 -0.00029562277376763118 0.00046594225939769316 -0.00042558808818926065 -0.0017931879219274549 -0.00068170436005113581 -9.6832894026016522e-06 4.6556207690705623e-05 -0.00084707481826544679 0.0010848224940134819 0.00021778132122668222 0.00054260678282635664 0.00068110430215451406 0.0001723229364720879 -0.0012312626598765387 -1.1123043228425183e-05 0.00082953896436209495 -0.00025199760882559715 -0.00055197945639715062 0.00073236223377194881
leaf_weight=1176 1660 1099 3531 2557 2416 1636 1705 1174 1775 1317 1107 1150 5275 1044 1789 2889 4048 1032 2402 2859 6014 3618 1265 20608 1181 330238 1283 1819 8998 2435
leaf_count=1176 1660 1099 3531 2557 2416 1636 1705 1174 1775 1317 1107 1150 5275 1044 1789 2889 4048 1032 2402 2859 6014 3618 1265 20608 1181 330238 1283 1819 8998 2435
internal_value=-1.09673e-07 1.52894e-06 6.85808e-05 2.16353e-05 -0.000200353 -0.000533613 -0.000651479 0.00019837 -3.4367e-05 0.000528331 0.000770606 0.000433932 0.000234066 -0.000990193 -0.00128921 -0.000361737 -0.000279778 0.000632185 -0.000585522 0.0003597 0.000497154 0.000162189 -7.63601e-06 0.000111972 -0.000415696 -1.55739e-05 -1.813e-05 -0.00017733 -0.000379575 0.000311452
internal_weight=421100 419440 50437 45764 20285 11479 9843 25479 10431 4673 3574 2467 8806 4538 2833 5305 7624 2807 3576 15048 8873 6175 369003 22965 2357 346038 344773 14535 10281 4254
internal_count=421100 419440 50437 45764 20285 11479 9843 25479 10431 4673 3574 2467 8806 4538 2833 5305 7624 2807 3576 15048 8873 6175 369003 22965 2357 346038 344773 14535 10281 4254
is_linear=0
shrinkage=0.08


Tree=93
num_leaves=31
num_cat=0
split_feature=0 1 1 1 3 3 3 1 1 0 1 0 1 3 3 1 1 0 0 1 1 1 0 0 3 1 1 0 0 0
split_gain=0.0465663 0.142574 0.139257 0.201044 1.5046 0.405338 0.19035 0.626537 0.126592 0.172356 0.164786 0.159547 0.119697 0.0853476 0.0783552 0.376592 0.291321 0.141047 0.126122 0.15511 0.129596 0.114211 0.0994622 0.0730319 0.0687903 1.16529 0.897675 1.05675 1.16029 0.735858
threshold=1.204385042190552 1.1169049739837649 0.51161000132560741 -0.53527498245239247 1.5000000000000002 1.0000000180025095e-35 1.0000000180025095e-35 -0.99174499511718739 1.0000000180025095e-35 0.90217000246047985 -0.2494000047445297 0.72310000658035289 -0.63651499152183522 1.5000000000000002 1.5000000000000002 -1.1238750219345091 -1.323590040206909 0.068055000156164183 1.0965049862861636 -1.2738150358200071 -1.6579800248146055 -1.6067100167274473 0.86028000712394725 0.83878999948501598 1.5000000000000002 -0.77027499675750721 0.33736500144004827 3.1631100177764897 1.6026250123977663 2.9616799354553227
decision_type=2 2 2 2 2 2 2 2 2 2 2 2 2 2 2 2 2 2 2 2 2 2 2 2 2 2 2 2 2 2
left_child=1 2 3 6 5 -5 7 -1 10 -10 -6 -12 14 -14 16 17 -8 21 19 20 -19 -16 -17 -22 -2 29 27 28 -27 -26
right_child=24 -3 -4 4 8 -7 12 -9 9 -11 11 -13 13 -15 15 22 -18 18 -20 -21 23 -23 -24 -25 25 26 -28 -29 -30 -31
leaf_value=-0.00044406470172476026 -2.6344158100331821e-05 -0.0008085897791220186 0.00054299375063327133 0.00078605847610544648 -0.00079152574650696102 -5.5014197778272538e-05 -0.00022954369398260033 0.00062272416317129208 -0.00097351295053834264 0.00018150791929506753 -0.00093800964523386044 -0.0022249648458840276 0.0002251325995511763 -0.00072155254741402143 -0.00020525657396470361 0.00012483846081729733 0.00048711302038930321 0.00099121691081887437 5.7376887405101565e-05 0.0016520223998507039 0.00061351633815296053 0.00077430688438326497 -0.0005020728155842965 -0.00019556213261315189 -0.00049914302307739694 -0.00027596459755166892 -0.00012142147240451385 -0.00055706652327760673 0.00083452440618886077 0.00087174762557614359
leaf_weight=10685 236152 1181 3904 7447 3617 7225 7194 5257 2167 1337 1134 1351 1096 1373 2071 4383 7328 4732 1434 1362 2018 1205 2569 1105 26745 7538 28563 5711 29936 2765
leaf_count=10685 236152 1181 3904 7447 3617 7225 7194 5257 2167 1337 1134 1351 1096 1373 2071 4383 7328 4732 1434 1362 2018 1205 2569 1105 26745 7538 28563 5711 29936 2765
internal_value=1.05257e-05 6.41401e-05 7.67105e-05 5.33993e-05 -0.000137705 0.000371885 0.000139619 -9.22827e-05 -0.000916043 -0.000532799 -0.00113612 -0.00163768 0.000237241 -0.000301315 0.000274802 0.000374062 0.000132091 0.00061411 0.000755305 0.00086389 0.000727233 0.000155053 -0.000106827 0.000327243 -2.69076e-06 5.24732e-05 0.000226522 0.000456656 0.000611146 -0.000370695
internal_weight=420585 83175 81994 78090 24278 14672 53812 15942 9606 3504 6102 2485 37870 2469 35401 20879 14522 13927 10651 9217 7855 3276 6952 3123 337410 101258 71748 43185 37474 29510
internal_count=420585 83175 81994 78090 24278 14672 53812 15942 9606 3504 6102 2485 37870 2469 35401 20879 14522 13927 10651 9217 7855 3276 6952 3123 337410 101258 71748 43185 37474 29510
is_linear=0
shrinkage=0.08


Tree=94
num_leaves=31
num_cat=0
split_feature=1 0 0 1 1 2 1 0 0 2 0 0 1 1 0 0 0 0 2 1 1 2 2 1 0 1 1 0 0 2
split_gain=0.0413363 0.104451 0.148809 0.259229 0.188292 0.446283 0.307314 0.324901 0.279796 0.269987 0.227173 0.194802 0.156479 0.147396 0.142621 0.133091 0.128602 0.123789 0.146976 0.12313 0.132088 0.12546 0.10802 0.39081 0.372607 0.101979 0.0993843 0.0979064 0.0971059 0.117303
threshold=-0.25847500562667841 3.182019948959351 1.754070043563843 -0.53527498245239247 -1.2738150358200071 2.5000000000000004 -0.72773000597953785 1.8044949769973757 2.8320949077606206 1.5000000000000002 2.4754049777984624 2.1103949546813969 -1.4718450307846067 -0.36375500261783594 2.8320949077606206 2.1578600406646733 2.6344399452209477 2.0120949745178227 1.0000000180025095e-35 -0.54500499367713917 -0.47781999409198755 1.5000000000000002 2.5000000000000004 -1.4718450307846067 0.99276000261306774 -0.95444500446319569 -0.57613500952720631 3.3536950349807744 1.4419699907302859 1.5000000000000002
decision_type=2 2 2 2 2 2 2 2 2 2 2 2 2 2 2 2 2 2 2 2 2 2 2 2 2 2 2 2 2 2
left_child=1 2 3 22 9 6 14 -8 11 -4 -7 13 -11 17 -6 -13 -17 18 26 21 -21 27 -1 -24 -25 -16 -9 -3 -5 -30
right_child=-2 19 4 28 5 10 7 8 -10 12 -12 15 -14 -15 25 16 -18 -19 -20 20 -22 -23 23 24 -26 -27 -28 -29 29 -31
leaf_value=7.8811617475278687e-05 4.3365514786090555e-05 0.00071783640799293145 -1.4937515770183152e-05 -0.00010661190193563441 -0.0003682151182535855 -0.00053229670941203045 -0.0010263482147692996 0.00013014622678933054 -0.00041742670364156405 0.0011494936438470758 -0.0018250086537567056 0.0010318794674672035 5.3853261176335517e-05 0.00045811935993686438 0.00056230022654481899 0.00015242543895074482 0.00063825312849531538 -0.000718916360823835 0.00037252848712954206 -0.0009203561320789824 0.00011249404784675004 0.0010671770441991778 -0.00077268878935586344 0.0022511565399196639 0.00030640063780994545 -0.00025537454731735924 -0.00086935018637608716 4.4898751952689916e-05 -0.00031919349956173899 -0.0012072276880958407
leaf_weight=88675 204307 2012 17109 12675 26221 2372 1745 1066 5829 2276 1374 1590 1317 2353 1936 14413 4600 2573 2694 1006 3733 1501 1077 1004 1695 1969 1581 4431 4666 1196
leaf_count=88675 204307 2012 17109 12675 26221 2372 1745 1066 5829 2276 1374 1590 1317 2353 1936 14413 4600 2573 2694 1006 3733 1501 1077 1004 1695 1969 1581 4431 4666 1196
internal_value=1.75492e-05 -6.79183e-06 -2.06408e-05 4.19094e-05 -9.52749e-05 -0.000156174 -0.000109723 4.02006e-05 9.09139e-05 0.000117458 -0.00100645 0.000186901 0.000747891 -9.77824e-05 -0.000301042 0.000328766 0.000269966 -0.000263064 -4.34591e-05 0.000215968 -0.00010676 0.000408493 9.6656e-05 0.000515711 0.00102983 0.000150008 -0.000466833 0.000255042 -0.000231133 -0.000500376
internal_weight=420996 216689 204006 110988 93018 72316 68570 38444 36699 20702 3746 30870 3593 10267 30126 20603 19013 7914 5341 12683 4739 7944 92451 3776 2699 3905 2647 6443 18537 5862
internal_count=420996 216689 204006 110988 93018 72316 68570 38444 36699 20702 3746 30870 3593 10267 30126 20603 19013 7914 5341 12683 4739 7944 92451 3776 2699 3905 2647 6443 18537 5862
is_linear=0
shrinkage=0.08


Tree=95
num_leaves=31
num_cat=0
split_feature=2 1 1 1 1 1 1 3 1 1 1 1 1 1 1 1 1 3 3 1 3 2 1 3 2 1 3 1 3 1
split_gain=0.0791966 0.379354 0.172633 0.164082 0.080135 0.174785 0.151154 0.194526 0.118884 0.090807 0.0802003 0.0476193 0.0497098 0.0459287 0.0438566 0.0341774 0.028249 0.0379293 0.0532181 0.0207605 0.130812 0.176502 0.0742909 0.0714216 0.0414771 0.0853175 0.0460566 0.0647838 0.0372269 0.357172
threshold=2.5000000000000004 0.76049000024795543 -0.90645498037338246 -0.75962001085281361 -0.068005003035068498 -0.26767499744892115 0.048709999769926078 1.5000000000000002 0.38528500497341162 0.21464500576257708 -0.38268500566482538 -1.0825649499893186 -1.6856650114059446 1.1742650270462038 2.5474849939346318 -0.51693499088287342 1.9073150157928469 1.5000000000000002 1.0000000180025095e-35 0.96156498789787304 1.5000000000000002 1.0000000180025095e-35 1.5049049854278567 1.0000000180025095e-35 1.5000000000000002 1.279415011405945 1.0000000180025095e-35 1.1455050110816958 1.5000000000000002 -0.94235497713088978
decision_type=2 2 2 2 2 2 2 2 2 2 2 2 2 2 2 2 2 2 2 2 2 2 2 2 2 2 2 2 2 2
left_child=14 2 11 -4 5 10 -6 -8 9 -9 15 12 -2 -3 16 -5 19 18 -18 28 21 23 -22 -21 26 -26 -23 -28 -1 -30
right_child=1 13 3 4 6 -7 7 8 -10 -11 -12 -13 -14 -15 -16 -17 17 -19 -20 20 22 24 -24 -25 25 -27 27 -29 29 -31
leaf_value=-2.2981393592473137e-05 0.00074896078524125723 0.0012488780235391901 -0.0011090613242584499 -0.00013913450754935564 -0.0011329485902215372 0.0007964430347228087 0.00079839969673447565 -0.00044532568228024125 -0.00082054035730591795 0.00060909992292780177 -0.00073691626851352067 0.00089486686214872754 8.2503936055229929e-05 0.00063744571461737867 -0.00043043303355144404 0.00040162853181247184 4.641986942529582e-05 -0.00016829159411446386 0.00069010028977073358 -2.8808396610373581e-05 -0.00047363721414481067 0.00043408720871379808 5.7345645511629379e-05 -0.0004082915352948587 0.0010418316991043816 6.5953384106501837e-05 -0.00041607377624969266 0.00024934327154833949 -0.00016817860453640987 0.00013757487058962847
leaf_weight=251820 1034 1650 1029 1967 1053 1855 1227 1094 1858 1001 1061 1094 2331 1502 1589 1207 1857 1373 1475 9790 6526 3043 2274 4697 1230 1074 1412 2780 37155 71520
leaf_count=251820 1034 1650 1029 1967 1053 1855 1227 1094 1858 1001 1061 1094 2331 1502 1589 1207 1857 1373 1475 9790 6526 3043 2274 4697 1230 1074 1412 2780 37155 71520
internal_value=-3.03164e-06 0.000148539 5.37445e-06 -0.000138556 -5.75167e-05 0.000148871 -0.000259169 -8.15453e-05 -0.000354678 5.84834e-05 -0.000134777 0.000436359 0.000287293 0.000957517 -1.09827e-05 6.65054e-05 -9.30819e-06 0.000185555 0.000331362 -1.16392e-05 -7.25474e-05 2.41036e-05 -0.000336426 -0.000151845 0.000291319 0.00058693 0.000197181 2.52095e-05 -6.093e-06 3.30405e-05
internal_weight=420578 20963 17811 13352 12323 6090 6233 5180 3953 2095 4235 4459 3365 3152 399615 3174 398026 4705 3332 393321 32826 24026 8800 14487 9539 2304 7235 4192 360495 108675
internal_count=420578 20963 17811 13352 12323 6090 6233 5180 3953 2095 4235 4459 3365 3152 399615 3174 398026 4705 3332 393321 32826 24026 8800 14487 9539 2304 7235 4192 360495 108675
is_linear=0
shrinkage=0.08


Tree=96
num_leaves=31
num_cat=0
split_feature=1 1 1 1 0 0 1 0 3 0 0 1 3 0 0 0 1 0 1 1 1 1 1 3 3 1 0 1 0 0
split_gain=0.0700997 0.0537155 0.0558357 0.0388592 0.139467 0.163967 0.15781 0.482271 0.380924 0.228914 0.267464 0.22322 0.219114 0.183466 0.133847 0.228256 0.258143 0.176146 0.641763 0.192289 0.161729 0.133675 0.264297 0.660033 0.228817 0.232511 0.175809 0.215351 0.162442 0.156273
threshold=2.5474849939346318 -3.0355050563812251 -2.3357450962066646 -0.048845000565052026 2.1103949546813969 2.1296250820159917 0.12990000098943713 3.0750999450683598 1.0000000180025095e-35 2.5764749050140385 2.3479599952697758 0.078519999980926528 1.5000000000000002 3.2023100852966313 2.6344399452209477 2.5537600517272954 -0.3443749994039535 2.497115015983582 -0.39229500293731684 -0.68668499588966359 -1.2738150358200071 1.0623149871826174 0.69082999229431163 1.5000000000000002 1.0000000180025095e-35 0.16129500418901446 2.7193250656127934 0.58280000090599071 2.9616799354553227 2.4649250507354741
decision_type=2 2 2 2 2 2 2 2 2 2 2 2 2 2 2 2 2 2 2 2 2 2 2 2 2 2 2 2 2 2
left_child=1 -1 -3 14 -5 -6 7 8 11 10 -10 -7 -11 21 15 17 -17 -4 19 -19 -16 22 24 28 -8 -26 -27 -28 -24 -25
right_child=-2 2 3 4 5 6 13 -9 9 12 -12 -13 -14 -15 20 16 -18 18 -20 -21 -22 -23 23 29 25 26 27 -29 -30 -31
leaf_value=-0.00044602247115090466 -0.00050623491260662649 0.00024092089417722398 -3.6517450624412631e-05 0.00013952561427774655 -0.00091512947396775815 -0.00037955013616662071 -0.00032327696465266016 -0.00042044709303702731 0.00068772364508327662 -0.00021046204360982614 0.0021245912331468021 0.00087361479611655884 0.0011766154311826349 0.0001061635310635889 0.00053801036116855048 -0.00020221228885675254 -0.0013908016683825653 0.00028213545671972902 0.0019295701676575099 -0.0010533918552100658 5.8962001870242651e-05 8.7414582483196971e-05 -0.00032112083441138232 -0.00068508802335944126 0.0011868687187032666 0.00024463037168028206 -7.0972260257062196e-05 -0.0012585156055361572 0.00049314248119032252 -0.0018103598880911823
leaf_weight=1642 1686 6735 189617 57339 1279 3252 13282 4988 1695 1601 1623 1263 1338 33167 5085 4198 1621 2090 1349 1030 39911 13886 7654 1190 1206 10296 5489 1189 1972 2349
leaf_count=1642 1686 6735 189617 57339 1279 3252 13282 4988 1695 1601 1623 1263 1338 33167 5085 4198 1621 2090 1349 1030 39911 13886 7654 1190 1206 10296 5489 1189 1972 2349
internal_value=8.57631e-06 1.06462e-05 1.24414e-05 8.69696e-06 3.85716e-05 -1.46721e-05 -3.95274e-06 0.000229896 0.000531038 0.000935155 0.00139057 -2.8997e-05 0.000421015 -4.41518e-05 -1.15599e-05 -3.96191e-05 -0.000533318 -2.48172e-05 0.000471618 -0.00015876 0.000113099 -0.000129355 -0.000196805 -0.000497772 -7.08673e-05 0.000113539 3.72789e-05 -0.000282411 -0.000154309 -0.00143198
internal_weight=421022 419336 417694 410959 166058 108719 107440 15760 10772 6257 3318 4515 2939 91680 244901 199905 5819 194086 4469 3120 44996 58513 44627 13165 31462 18180 16974 6678 9626 3539
internal_count=421022 419336 417694 410959 166058 108719 107440 15760 10772 6257 3318 4515 2939 91680 244901 199905 5819 194086 4469 3120 44996 58513 44627 13165 31462 18180 16974 6678 9626 3539
is_linear=0
shrinkage=0.08


Tree=97
num_leaves=31
num_cat=0
split_feature=3 1 1 1 1 1 1 1 1 2 1 1 1 2 1 2 2 1 1 1 1 1 1 1 1 3 3 1 1 3
split_gain=0.0192162 0.196455 0.236319 0.125739 0.0980605 0.148067 0.0848644 0.0689219 0.209898 0.147301 0.113488 0.0715579 0.0647114 0.108416 0.0842058 0.147393 0.0644194 0.0825832 0.0600958 0.0589502 0.0983133 0.066564 0.0584084 0.107426 0.136913 0.195913 0.112378 0.0734724 0.0638457 0.0723775
threshold=1.5000000000000002 -0.69619500637054432 0.16129500418901446 -2.5604400634765621 -0.63651499152183522 -0.61636999249458302 -0.71717000007629383 -0.097654998302459703 -0.16489500552415845 1.0000000180025095e-35 -0.058495000004768365 -0.12706499546766278 -0.79258999228477467 2.5000000000000004 0.0091149997897446173 1.0000000180025095e-35 1.0000000180025095e-35 -0.95444500446319569 -0.73833999037742604 -0.43033500015735621 -0.44987000524997706 -0.029110000468790528 -0.33462999761104578 -0.19260499626398084 -0.12706499546766278 1.0000000180025095e-35 1.0000000180025095e-35 -0.048845000565052026 -0.41136500239372248 1.0000000180025095e-35
decision_type=2 2 2 2 2 2 2 2 2 2 2 2 2 2 2 2 2 2 2 2 2 2 2 2 2 2 2 2 2 2
left_child=12 3 4 -2 -3 -6 18 8 -7 -9 -11 -10 13 16 15 19 -1 -18 -5 20 -14 -21 28 26 -25 27 -24 -26 -17 -30
right_child=1 2 -4 6 5 7 -8 9 11 10 -12 -13 14 -15 -16 22 17 -19 -20 21 -22 -23 23 24 25 -27 -28 -29 29 -31
leaf_value=6.7052258916894151e-06 0.00040624225908387308 0.00061100559402275662 -8.9214930113875666e-05 -0.0001699630635180693 -0.00078507692091395415 0.0001875652875915018 -0.00086441587519307458 0.00086104877281335563 -0.00078930444361556627 0.00081287604427434973 6.6380565090997011e-05 -6.2540564797691086e-05 -3.5812433285378817e-05 0.00081909459349164366 3.7272179464334871e-05 -0.00016098109130077936 0.00022520860981390989 -0.00010395720253800699 0.00042446560046637238 0.00012483177815351309 -0.00072293037317640589 -0.00029722245404592172 -0.00014725202811643765 0.00029419967605233058 -0.0012119102818791939 2.0174380219619404e-05 -0.00079286553478392268 -0.00037475180125827147 -0.00023136821309080842 0.00048537465363672271
leaf_weight=48319 2528 3155 39069 47533 1060 23786 1108 2630 1996 1552 8137 1533 22911 1235 111932 17575 23410 6162 1114 28941 1415 2607 2897 3320 1573 4064 4267 1170 1492 2279
leaf_count=48319 2528 3155 39069 47533 1060 23786 1108 2630 1996 1552 8137 1533 22911 1235 111932 17575 23410 6162 1114 28941 1415 2607 2897 3320 1573 4064 4267 1170 1492 2279
internal_value=2.13663e-06 -2.27099e-05 5.38651e-05 -0.000144154 0.000181348 0.000148037 -0.000172119 0.000172992 0.000102145 0.000330082 0.000185955 -0.000473598 1.39001e-05 7.54129e-05 -9.67668e-06 -6.52795e-05 6.36215e-05 0.000156619 -0.000156351 1.77981e-05 -7.57809e-05 8.99549e-05 -0.00018542 -0.000294709 -0.000126993 -0.000332423 -0.00053179 -0.000854828 -9.68929e-05 0.000201795
internal_weight=420770 135201 82918 52283 43849 40694 49755 39634 27315 12319 9689 3529 285569 79126 206443 94511 77891 29572 48647 55874 24326 31548 38637 17291 10127 6807 7164 2743 21346 3771
internal_count=420770 135201 82918 52283 43849 40694 49755 39634 27315 12319 9689 3529 285569 79126 206443 94511 77891 29572 48647 55874 24326 31548 38637 17291 10127 6807 7164 2743 21346 3771
is_linear=0
shrinkage=0.08


Tree=98
num_leaves=31
num_cat=0
split_feature=0 0 0 0 0 2 3 3 0 0 2 0 0 2 0 3 0 0 0 2 0 0 0 0 0 2 0 3 0 2
split_gain=0.0319963 0.0258512 0.0294591 0.0602802 0.0553876 0.0529941 0.127169 0.0641427 0.2055 0.201956 0.0455532 0.0363895 0.0612548 0.0479109 0.0380281 0.036795 0.0361718 0.0747078 0.0300199 0.0279942 0.022323 0.021756 0.0217553 0.0217169 0.165825 0.0690677 0.118337 0.0863468 0.101497 0.0884695
threshold=-0.86175999045371998 5.082170009613038 3.182019948959351 3.1631100177764897 3.2216100692749028 1.5000000000000002 1.0000000180025095e-35 1.5000000000000002 3.9545550346374516 4.1758649349212655 1.0000000180025095e-35 3.6017649173736577 3.5067849159240727 1.0000000180025095e-35 4.3845651149749765 1.5000000000000002 3.4521949291229252 3.6017649173736577 3.3771350383758549 1.0000000180025095e-35 3.3305749893188481 3.5067849159240727 3.4521949291229252 2.5537600517272954 2.5764749050140385 1.5000000000000002 2.9160000085830693 1.0000000180025095e-35 2.8599900007247929 1.0000000180025095e-35
decision_type=2 2 2 2 2 2 2 2 2 2 2 2 2 2 2 2 2 2 2 2 2 2 2 2 2 2 2 2 2 2
left_child=-1 2 3 23 19 6 10 8 21 16 18 12 -8 -13 15 -15 20 -18 -6 -4 -9 -7 -12 -2 -25 27 -27 28 -26 -29
right_child=1 -3 4 -5 5 7 11 9 -10 -11 22 13 -14 14 -16 -17 17 -19 -20 -21 -22 -23 -24 24 25 26 -28 29 -30 -31
leaf_value=0.00033379539038859549 6.4716821417842074e-06 -0.00031693304000682395 0.0006072751018615936 -0.00048713807088034995 0.00027529422436010058 0.00047449064251608574 -0.00014027477722528057 0.00015505014968146308 -0.0010374316532083877 0.0013711609077915877 0.00010739732084458265 -0.00044215158414053434 0.00036466457960588678 7.3256859592947281e-06 0.00034222480140466417 -0.00046100100634928736 -0.0005788315655310697 0.0002431358633469995 1.2050276401967308e-05 0.00014659686636595877 0.00067510887241190953 5.0278078652281481e-05 0.00047451320119544781 -0.00059365013166852811 6.6460000873854358e-05 -0.00034472195061325915 0.00012758526281832642 0.00027401442363424785 -0.00024442720965998156 -1.2368421330540041e-05
leaf_weight=1862 288699 1626 1647 1656 3543 1625 7656 1051 1018 1045 1545 4733 1924 2462 1036 1904 1016 2332 12749 1732 1062 1477 3118 3333 14633 9211 5377 13237 12430 14429
leaf_count=1862 288699 1626 1647 1656 3543 1625 7656 1051 1018 1045 1545 4733 1924 2462 1036 1904 1016 2332 12749 1732 1062 1477 3118 3333 14633 9211 5377 13237 12430 14429
internal_value=2.90193e-06 1.43254e-06 2.67191e-06 -5.57357e-06 5.74163e-05 3.67504e-05 -4.81289e-06 0.00019583 -5.11644e-05 0.000352242 0.000132401 -0.000150657 -3.88652e-05 -0.000256326 -9.35145e-05 -0.00019691 0.000157265 -6.30228e-06 6.92976e-05 0.000371142 0.000416433 0.000272504 0.000352876 -3.36664e-06 -4.24625e-05 -1.59595e-05 -0.000170634 2.52689e-05 -7.63301e-05 0.000124654
internal_weight=421168 419306 417680 363005 54675 51296 40670 10626 4120 6506 20955 19715 9580 10135 5402 4366 5461 3348 16292 3379 2113 3102 4663 361349 72650 69317 14588 54729 27063 27666
internal_count=421168 419306 417680 363005 54675 51296 40670 10626 4120 6506 20955 19715 9580 10135 5402 4366 5461 3348 16292 3379 2113 3102 4663 361349 72650 69317 14588 54729 27063 27666
is_linear=0
shrinkage=0.08


Tree=99
num_leaves=31
num_cat=0
split_feature=1 1 2 0 0 0 1 2 1 0 1 2 2 2 1 1 0 1 1 0 2 2 1 0 1 0 1 1 2 0
split_gain=0.04039 0.0534261 0.0625477 0.10071 0.0490375 0.0342353 0.228019 0.419129 0.113967 0.392936 0.289107 0.293476 0.252588 0.23442 0.118146 0.105879 0.152501 0.238481 0.298264 0.189358 0.348806 0.264056 0.194576 0.128689 0.15309 0.121475 0.112357 0.101652 0.0984561 0.0973698
threshold=-2.1792600154876705 -3.0355050563812251 1.5000000000000002 0.99276000261306774 -0.86175999045371998 2.7671899795532231 -0.95444500446319569 1.5000000000000002 0.59832498431205761 1.8337550163269045 1.2065849900245669 1.5000000000000002 1.5000000000000002 1.5000000000000002 0.42233499884605413 0.67494001984596264 2.9307301044464116 -0.51693499088287342 0.45975999534130102 3.8518650531768803 2.5000000000000004 1.5000000000000002 -0.019685000181198117 3.9545550346374516 2.2294049263000493 3.0412049293518071 1.0623149871826174 0.9855649769306184 1.0000000180025095e-35 3.2023100852966313
decision_type=2 2 2 2 2 2 2 2 2 2 2 2 2 2 2 2 2 2 2 2 2 2 2 2 2 2 2 2 2 2
left_child=1 -1 3 -3 -2 8 7 28 14 12 11 -11 -10 -12 -6 16 17 -8 -19 20 -18 -21 -22 25 -25 26 -17 29 -7 -27
right_child=4 2 -4 -5 5 6 15 -9 9 10 13 -13 -14 -15 -16 23 19 18 -20 21 22 -23 -24 24 -26 27 -28 -29 -30 -31
leaf_value=-0.00028384967224855665 0.00045526761020545141 0.00042141290283562199 0.00067195596280172519 -0.00012753020360755827 -2.1215545365627776e-05 -7.1355169849014611e-05 -0.00049802559557478071 0.0016594473633067836 3.0703686313213326e-05 -0.00034222907714845071 -0.00016365259074801149 -0.0011253638136705854 0.00092535108805958581 0.00089033865887714009 0.0002183734675006875 -0.00040679215182538294 -0.00015659889096191596 0.00053264513543144719 -0.00065771436210801089 -1.9747328515882652e-05 -0.00040044261154800531 0.0011000531590765444 -0.0019281862870725011 -3.8613560050541849e-05 -0.0010798842944952159 1.1193047147207477e-05 0.0002134902283773795 0.00016657114535719507 0.00057301102474411128 0.00074725803781137002
leaf_weight=1657 1430 3917 1561 4712 254974 4182 2701 1464 10306 13887 6208 3929 2512 1726 13890 3505 36187 8641 1596 6781 1010 1682 1131 6640 1046 1521 4004 11470 2382 4718
leaf_count=1657 1430 3917 1561 4712 254974 4182 2701 1464 10306 13887 6208 3929 2512 1726 13890 3505 36187 8641 1596 6781 1010 1682 1131 6640 1046 1521 4004 11470 2382 4718
internal_value=-8.17588e-06 0.000137447 0.000205954 0.000121654 -1.23886e-05 -1.40273e-05 2.64668e-05 0.000435468 -2.72861e-05 -0.000155891 -0.000336051 -0.000514935 0.000206032 6.56377e-05 -8.83794e-06 -8.97915e-06 -7.24603e-05 0.000170637 0.000347062 -0.000139678 -0.000215301 0.00020281 -0.00120749 0.000106255 -0.000180322 0.000193599 -7.6041e-05 0.000307932 0.000162478 0.000567813
internal_weight=421370 11847 10190 8629 409523 408093 100661 8028 307432 38568 25750 17816 12818 7934 268864 92633 59729 12938 10237 46791 38328 8463 2141 32904 7686 25218 7509 17709 6564 6239
internal_count=421370 11847 10190 8629 409523 408093 100661 8028 307432 38568 25750 17816 12818 7934 268864 92633 59729 12938 10237 46791 38328 8463 2141 32904 7686 25218 7509 17709 6564 6239
is_linear=0
shrinkage=0.08


Tree=100
num_leaves=31
num_cat=0
split_feature=3 1 2 1 1 1 1 1 2 1 1 1 1 1 1 1 1 2 1 2 1 1 1 1 1 1 1 1 2 1
split_gain=0.0279136 0.0944898 0.122843 0.0852263 0.0920423 0.088509 0.132481 0.0873343 0.126087 0.0860293 0.067993 0.0667908 0.0589608 0.0880002 0.144318 0.173218 0.0860152 0.140479 0.134829 0.107024 0.906075 0.0950037 0.186413 0.070163 0.0672621 0.144579 0.134173 0.106855 0.0616668 0.0716649
threshold=1.5000000000000002 -0.79258999228477467 1.0000000180025095e-35 0.078519999980926528 0.098845001310110106 0.10926000028848649 0.12990000098943713 0.16129500418901446 1.0000000180025095e-35 0.03870500065386296 0.11964499950408937 -2.4311149120330806 -2.3357450962066646 -0.94235497713088978 0.05931499972939492 0.028725000098347667 0.22573500126600268 2.5000000000000004 0.3258149921894074 2.5000000000000004 1.2412949800491335 0.18228500336408618 0.098845001310110106 0.15037500113248828 0.39720998704433447 0.59832498431205761 0.55336499214172374 0.51161000132560741 2.5000000000000004 -1.2573850154876707
decision_type=2 2 2 2 2 2 2 2 2 2 2 2 2 2 2 2 2 2 2 2 2 2 2 2 2 2 2 2 2 2
left_child=1 2 -1 9 -5 -6 10 8 -8 -3 -7 -4 -2 28 15 -15 17 21 -18 24 -21 22 -16 -24 -20 26 27 -26 -14 -30
right_child=12 3 11 4 5 6 7 -9 -10 -11 -12 -13 13 14 16 -17 18 -19 19 20 -22 -23 23 -25 25 -27 -28 -29 29 -31
leaf_value=2.6216171112807545e-06 0.00026244953827215411 -5.6999926196242193e-05 -0.0003981987445719726 0.0005403287527271346 -0.0006610341248922296 0.00020189775877013018 3.1634373732641923e-05 2.7430026611989681e-05 -0.00093791432348543135 -0.00041080495870867334 0.0010681521782138165 0.00023042406999767171 -0.0001839024605828182 6.0669251826667102e-05 -0.00074813723982985287 0.00096104619663227265 0.00036859797345349681 -0.0012135365911396521 -0.00057829420012426701 -0.00035752316441978768 0.0023657838728070881 -0.00074456411051085532 0.00059613305360865744 -0.00016668362630648168 0.00022600502857069352 -0.00024656185725851012 0.00093874528760628227 -0.0006394979841719715 -0.00015310881220863693 0.00062456482864444839
leaf_weight=48625 4087 98055 1123 2213 1211 1189 2029 94562 1488 4605 1132 29430 33183 49926 1603 1406 4139 1056 2426 3547 1003 1645 2022 1248 3672 18929 1253 1215 1716 1359
leaf_count=48625 4087 98055 1123 2213 1211 1189 2029 94562 1488 4605 1132 29430 33183 49926 1603 1406 4139 1056 2426 3547 1003 1645 2022 1248 3672 18929 1253 1215 1716 1359
internal_value=-6.8742e-06 7.30809e-06 8.16095e-05 -2.11834e-05 2.99242e-05 1.8808e-05 2.70081e-05 1.28713e-05 -0.00037857 -7.28705e-05 0.000624388 0.000207319 -3.67877e-05 -4.60987e-05 -5.66402e-06 8.53309e-05 -0.000112409 -0.000357566 -6.1093e-05 -0.000116593 0.000242801 -0.000218888 -4.14332e-05 0.000305003 -0.000176067 -0.000137142 0.000200187 1.08247e-05 -0.000152143 0.000190585
internal_weight=421097 285662 79178 206484 103824 101611 100400 98079 3517 102660 2321 30553 135435 131348 95090 51332 43758 7574 36184 32045 4550 6518 4873 3270 27495 25069 6140 4887 36258 3075
internal_count=421097 285662 79178 206484 103824 101611 100400 98079 3517 102660 2321 30553 135435 131348 95090 51332 43758 7574 36184 32045 4550 6518 4873 3270 27495 25069 6140 4887 36258 3075
is_linear=0
shrinkage=0.08


Tree=101
num_leaves=31
num_cat=0
split_feature=1 2 3 3 2 3 1 1 1 1 1 1 1 3 1 2 1 2 1 2 1 1 3 2 1 1 1 2 1 1
split_gain=0.0434229 0.0812541 0.0910035 0.0457786 0.0432657 0.112894 0.0696244 0.052171 0.0391823 0.0366679 0.026665 0.0199847 0.0318001 0.0233276 0.0714319 0.139506 0.0813118 0.0785896 0.057281 0.0755473 0.0791056 0.104882 0.0911508 0.0713328 0.190114 0.167696 0.0882275 0.302708 0.176837 0.148842
threshold=-1.7440350055694578 1.0000000180025095e-35 1.5000000000000002 1.0000000180025095e-35 1.5000000000000002 1.5000000000000002 -2.2555199861526485 -1.9633849859237669 -2.4311149120330806 -2.4311149120330806 -2.2555199861526485 1.7078699469566347 2.5474849939346318 1.0000000180025095e-35 -0.77027499675750721 1.0000000180025095e-35 0.62764999270439159 1.0000000180025095e-35 -1.1096500158309934 1.5000000000000002 -1.6067100167274473 -1.3414850234985349 1.5000000000000002 1.5000000000000002 0.62764999270439159 -0.048845000565052026 -0.28711500763893122 1.0000000180025095e-35 -0.25847500562667841 -0.087829999625682817
decision_type=2 2 2 2 2 2 2 2 2 2 2 2 2 2 2 2 2 2 2 2 2 2 2 2 2 2 2 2 2 2
left_child=1 2 8 -3 -5 -6 -7 -8 -1 -4 -10 13 -13 14 15 -2 -16 -18 19 -15 -21 -22 -23 24 25 26 -20 -28 -29 -30
right_child=11 3 9 4 5 6 7 -9 10 -11 -12 12 -14 18 16 -17 17 -19 23 20 21 22 -24 -25 -26 -27 27 28 29 -31
leaf_value=-0.00019518694054894916 1.0455492491179043e-05 -9.8452534187687437e-05 2.207500126338763e-05 0.00018014350263682126 -0.00023069348911690214 0.0012729648112198061 6.1742875986255531e-05 0.00084746661042925744 0.0005276095462437944 -0.00048439918806540336 0.00011716931581410266 0.00016781289062708105 -0.0002126106547443422 -0.00018603771245909279 -5.3962159034028618e-05 0.0003607658694917879 1.9785145260483212e-05 0.0003368802209730231 4.2511849349801469e-05 -0.00048872223778278307 0.00049505009308108518 0.00050957595981776592 -0.00031623038721464351 -8.2385063962280139e-05 -0.00017722938093878916 0.00019711784972107377 0.00018135472405564836 -0.0014179859007963707 -0.00018546204651344455 -0.0010742514808802636
leaf_weight=2316 24589 2239 1285 7425 1024 1038 1025 1145 1192 3176 6747 8328 1692 27112 85437 10333 17198 7054 58013 1343 3586 1177 3131 60369 25282 40129 8529 1130 6550 1478
leaf_count=2316 24589 2239 1285 7425 1024 1038 1025 1145 1192 3176 6747 8328 1692 27112 85437 10333 17198 7054 58013 1343 3586 1177 3131 60369 25282 40129 8529 1130 6550 1478
internal_value=-1.01901e-06 9.41279e-05 -3.68773e-05 0.000232864 0.000296501 0.000500648 0.000734094 0.00047633 9.43344e-05 -0.000338508 0.000178795 -7.95563e-06 0.000103574 -1.08777e-05 1.44604e-05 0.000114108 -1.72647e-05 0.000112016 -2.62845e-05 -0.000118719 7.88729e-05 0.000175437 -9.06097e-05 -9.60842e-06 2.15263e-05 6.49087e-05 -5.17609e-06 -0.000161592 -0.000480983 -0.000349093
internal_weight=421072 28612 14716 13896 11657 4232 3208 2170 10255 4461 7939 392460 10020 382440 144611 34922 109689 24252 237829 36349 9237 7894 4308 201480 141111 115829 75700 17687 9158 8028
internal_count=421072 28612 14716 13896 11657 4232 3208 2170 10255 4461 7939 392460 10020 382440 144611 34922 109689 24252 237829 36349 9237 7894 4308 201480 141111 115829 75700 17687 9158 8028
is_linear=0
shrinkage=0.08


Tree=102
num_leaves=31
num_cat=0
split_feature=0 1 1 0 1 0 3 3 0 0 3 1 1 0 0 1 0 3 1 0 1 1 3 1 0 3 0 0 1 0
split_gain=0.0605164 0.129335 0.237734 0.194575 0.151168 0.25596 0.820467 0.35638 0.61446 0.602011 0.569318 0.295035 0.275785 0.223117 0.301229 0.194386 0.187417 0.283733 0.187043 0.187434 0.176591 0.159159 0.28926 0.260537 0.24723 0.148008 0.624871 0.41603 0.32261 0.341807
threshold=1.9924100041389468 0.088804997503757491 0.069035001099109664 1.9626049995422366 -0.72773000597953785 1.8640949726104739 1.5000000000000002 1.0000000180025095e-35 1.4542349576950075 1.3933550119400027 1.5000000000000002 -0.10734499990940093 -0.038644999265670769 0.99276000261306774 1.0000000180025095e-35 -0.41136500239372248 1.8143450021743777 1.0000000180025095e-35 -0.38268500566482538 1.1449899673461916 -0.16489500552415845 -1.1961200237274168 1.5000000000000002 -0.90645498037338246 0.86028000712394725 1.5000000000000002 1.1449899673461916 1.3555600047111513 -1.3414850234985349 1.6802250146865847
decision_type=2 2 2 2 2 2 2 2 2 2 2 2 2 2 2 2 2 2 2 2 2 2 2 2 2 2 2 2 2 2
left_child=1 2 4 -3 16 7 -7 9 10 -6 18 20 -13 14 -12 -16 21 -18 -9 -20 -10 25 -23 -24 -25 27 -27 -1 29 -28
right_child=-2 3 -4 -5 5 6 -8 8 11 -11 13 12 -14 -15 15 -17 17 -19 19 -21 -22 22 23 24 -26 26 28 -29 -30 -31
leaf_value=-0.00031655475029330321 -4.6253728355689555e-05 0.00010711171221103747 -0.0010955821477539407 0.001028999727115013 0.00052996605736311186 -0.00019730327154216984 0.0016202358574227544 0.00021817386574254067 3.3363589668795684e-05 -0.00035114853778317945 -7.7128452779896961e-05 0.0018666817756618937 0.00021511972665542759 -0.00055119651261311526 -0.00095717576815190883 -0.0018895255113642818 0.00031093826959202836 -0.00057886292407066046 -7.1000942390566643e-05 -0.0010338382635394227 -0.0010764286270037585 0.00040727460649200284 0.00021752138897563082 0.00027398475647125587 -0.00095914483089645872 0.0005308839603572745 0.0001456136010945107 0.00034360342318071177 -0.0014222770402928877 -0.0013290232851888226
leaf_weight=19770 221616 39296 1300 1522 10482 5480 2239 5240 10235 9425 1220 1065 1649 5911 2649 3113 3521 6579 3266 2143 1008 21393 7188 1559 3129 12229 5349 8842 1527 1239
leaf_count=19770 221616 39296 1300 1522 10482 5480 2239 5240 10235 9425 1220 1065 1649 5911 2649 3113 3521 6579 3266 2143 1008 21393 7188 1559 3129 12229 5349 8842 1527 1239
internal_value=-1.74774e-05 1.44781e-05 -1.81785e-05 0.000141487 -9.28281e-06 -0.000102616 0.000329898 -0.000160773 -0.000306004 0.000112801 -0.00055535 0.000114579 0.000863209 -0.000912888 -0.0012191 -0.00146089 5.65531e-05 -0.000268666 -0.000122469 -0.000452469 -6.61357e-05 9.6501e-05 0.000231517 -8.50857e-05 -0.000549066 4.74802e-06 0.00016971 -0.000112545 -0.000374564 -0.00013172
internal_weight=421184 199568 158750 40818 157450 65125 7719 57406 37499 19907 23542 13957 2714 12893 6982 5762 92325 10100 10649 5409 11243 82225 33269 11876 4688 48956 20344 28612 8115 6588
internal_count=421184 199568 158750 40818 157450 65125 7719 57406 37499 19907 23542 13957 2714 12893 6982 5762 92325 10100 10649 5409 11243 82225 33269 11876 4688 48956 20344 28612 8115 6588
is_linear=0
shrinkage=0.08


Tree=103
num_leaves=31
num_cat=0
split_feature=3 0 1 1 1 0 0 0 1 1 1 0 0 0 1 1 1 1 1 0 0 1 0 1 1 0 0 1 1 0
split_gain=0.0557601 0.264181 0.55975 0.626335 0.614702 1.32336 0.378011 0.247821 0.31063 0.276433 0.315536 0.31986 0.233362 0.247195 0.206152 0.278978 0.377003 0.219437 0.202956 0.990439 0.750511 0.544557 0.559388 0.281619 0.341477 0.252249 0.228831 0.19902 0.24378 0.198898
threshold=1.5000000000000002 2.09111499786377 -1.6579800248146055 0.21464500576257708 -0.78155499696731556 2.9307301044464116 3.2216100692749028 2.7430649995803837 0.96156498789787304 0.74236500263214122 0.34965500235557562 2.4004850387573247 2.8599900007247929 4.0179951190948495 -0.58586001396179188 -0.23081000149250028 -0.15559999644756314 0.098845001310110106 -1.1238750219345091 1.1449899673461916 1.1742500066757204 -0.94235497713088978 1.6689050197601321 0.49802500009536749 -0.41136500239372248 1.4660949707031252 0.72310000658035289 -0.019685000181198117 -0.087829999625682817 3.2216100692749028
decision_type=2 2 2 2 2 2 2 2 2 2 2 2 2 2 2 2 2 2 2 2 2 2 2 2 2 2 2 2 2 2
left_child=-1 18 -3 4 6 14 -4 9 12 10 -5 -12 -9 -14 -6 -16 -17 27 19 -2 23 22 -22 24 26 -23 -20 28 -18 -7
right_child=1 2 3 7 5 29 -8 8 -10 -11 11 -13 13 -15 15 16 17 -19 20 -21 21 25 -24 -25 -26 -27 -28 -29 -30 -31
leaf_value=-2.0421249827576811e-05 0.00061660778158028143 -0.0010317263859559145 -0.0002644134091101215 -0.0010038883892942018 0.0017696372446079326 0.00033838572029628027 0.001208111027991802 0.00091291849702810268 0.00054842544164288519 -0.00086399696684829209 0.0011710667169691146 -0.00035176344281781518 -0.00057817037228849021 0.00078179659746901444 0.00055565817217184763 0.002627578150707922 0.00038902087109482768 0.0018323192886673439 4.0788632244017024e-05 -0.00038976292607981709 9.1588807306234983e-05 -0.00019966491329382558 -0.0020851777260895116 0.00032291379578729243 -0.0010510566871402107 0.00032733521464839655 -0.00074069109418051465 8.060561187142197e-05 0.0020931575359991769 -0.00050673101387601412
leaf_weight=285489 13016 2373 8558 1419 2648 2923 1283 1029 6147 4474 1763 1768 5846 1002 5290 1185 1079 1630 5024 12056 1602 7867 1430 2149 7553 22262 4588 1708 1070 4567
leaf_count=285489 13016 2373 8558 1419 2648 2923 1283 1029 6147 4474 1763 1768 5846 1002 5290 1185 1079 1630 5024 12056 1602 7867 1430 2149 7553 22262 4588 1708 1070 4567
internal_value=-3.72671e-07 4.19279e-05 0.000171448 0.000222995 0.00045349 0.000687681 -7.24361e-05 -9.09854e-05 0.000122215 -0.000408252 3.66772e-06 0.000408573 -0.000210389 -0.00037918 0.00113093 0.000989542 0.00133355 0.00105409 -5.45473e-05 0.000132689 -0.000144007 8.6888e-05 -0.000935052 -0.00054044 -0.000648529 0.00018973 -0.000332227 0.000725203 0.00123752 -0.000176921
internal_weight=420798 135309 57762 55389 31941 22100 9841 23448 14024 9424 4950 3531 7877 6848 14610 11962 6672 5487 77547 25072 52475 33161 3032 19314 17165 30129 9612 3857 2149 7490
internal_count=420798 135309 57762 55389 31941 22100 9841 23448 14024 9424 4950 3531 7877 6848 14610 11962 6672 5487 77547 25072 52475 33161 3032 19314 17165 30129 9612 3857 2149 7490
is_linear=0
shrinkage=0.08


Tree=104
num_leaves=31
num_cat=0
split_feature=1 3 0 1 0 1 0 1 0 0 1 1 1 0 0 1 1 1 1 1 1 1 0 1 1 0 3 1 3 1
split_gain=0.0342267 0.0383896 0.176591 1.05136 0.793542 0.784373 1.02364 0.497548 0.439469 0.429961 0.556632 0.283899 0.281219 0.268676 0.2141 0.20211 0.190555 0.20522 0.174499 0.177424 0.141535 0.195286 0.136614 0.712874 0.565831 0.215315 0.146185 0.198489 0.144389 0.130969
threshold=-3.0355050563812251 1.5000000000000002 1.8337550163269045 -0.93010500073432911 2.4114799499511723 0.05931499972939492 2.8457649946212773 -0.9792099893093108 1.5806699991226199 1.3933550119400027 -0.68668499588966359 -0.12706499546766278 0.3030299991369248 3.0576651096343999 3.0576651096343999 -0.71717000007629383 -0.068005003035068498 -0.77027499675750721 -1.0555550456047056 -1.4535049796104429 -1.3588299751281736 -1.7753599882125852 1.3025850057601931 -1.029929995536804 -1.2738150358200071 1.6026250123977663 1.0000000180025095e-35 -0.72773000597953785 1.0000000180025095e-35 0.10926000028848649
decision_type=2 2 2 2 2 2 2 2 2 2 2 2 2 2 2 2 2 2 2 2 2 2 2 2 2 2 2 2 2 2
left_child=-1 22 7 4 18 6 16 8 -3 12 -11 13 15 -8 -6 -9 17 -5 19 -4 21 -10 23 28 25 -24 -25 -28 -2 -7
right_child=1 2 3 5 14 29 11 9 20 10 -12 -13 -14 -15 -16 -17 -18 -19 -20 -21 -22 -23 24 26 -26 -27 27 -29 -30 -31
leaf_value=-0.00036909047827609633 -0.00042794932799527607 0.00028135730890677986 -0.0013811919489482769 0.00029382567698868419 -0.00019965228365158505 -0.00083323698075053287 -0.0013386339351875312 -0.00021103091442066144 -0.00025775751449800979 -0.0010477976282531184 0.00024520151491020059 0.00061600895311406925 3.3001605791660919e-05 -0.00016922505975575382 0.00087128620041980595 -0.00082128010894281286 0.00017807894395214982 0.0010593010153279955 -0.0019945772693402823 -0.00052922198039907591 -6.7098545802378595e-05 -0.0017495787642922431 -7.6221564704510042e-05 0.00052141906455444107 -5.3485007174508323e-05 0.00052079319480163042 0.00068523696384529783 3.5629438642942546e-05 -2.0202255413990526e-05 -3.9902477632542111e-05
leaf_weight=1634 11203 21435 3177 2681 4118 1394 1804 4616 1051 2582 12195 1829 4522 4150 1683 14032 2456 13673 1257 3082 1577 1206 5070 17156 207117 16283 3940 12758 11031 29841
leaf_count=1634 11203 21435 3177 2681 4118 1394 1804 4616 1051 2582 12195 1829 4522 4150 1683 14032 2456 13673 1257 3082 1577 1206 5070 17156 207117 16283 3940 12758 11031 29841
internal_value=-3.66285e-06 -2.2375e-06 -3.74811e-05 4.89716e-05 -0.000591882 0.000196551 0.000515866 -0.000134777 0.000140258 -0.000317924 1.92745e-05 -0.00025575 -0.000532977 -0.000523544 0.000111051 -0.000670223 0.000835137 0.000933812 -0.00113442 -0.000961673 -0.000648594 -0.00105489 1.44036e-05 0.000126278 -1.30609e-05 0.00037904 0.000357413 0.000188908 -0.000225653 -7.53085e-05
internal_weight=420553 418919 134361 71145 13317 57828 26593 63216 25269 37947 14777 7783 23170 5954 5801 18648 18810 16354 7516 6259 3834 2257 284558 56088 228470 21353 33854 16698 22234 31235
internal_count=420553 418919 134361 71145 13317 57828 26593 63216 25269 37947 14777 7783 23170 5954 5801 18648 18810 16354 7516 6259 3834 2257 284558 56088 228470 21353 33854 16698 22234 31235
is_linear=0
shrinkage=0.08


Tree=105
num_leaves=31
num_cat=0
split_feature=0 1 1 0 0 1 1 0 0 2 2 0 1 0 0 0 1 1 1 1 2 1 2 1 1 1 1 2 0 0
split_gain=0.0815118 0.112456 0.315608 0.689625 0.261746 0.184006 0.150955 0.235628 0.209945 0.171886 0.200567 0.168267 0.182442 0.146369 0.142731 0.322682 0.271444 0.237879 0.193993 0.159828 0.142811 0.12233 0.176426 0.107655 0.112765 0.171028 0.150016 0.338844 0.192341 0.189694
threshold=2.1976850032806401 0.2476649954915047 -0.47781999409198755 2.5537600517272954 3.109454989433289 -0.41136500239372248 0.42233499884605413 2.5880050659179692 2.6939949989318852 1.5000000000000002 1.0000000180025095e-35 2.3479599952697758 0.3258149921894074 3.1450550556182866 2.6582949161529545 2.8320949077606206 -0.077974997460842119 -0.2494000047445297 -0.19260499626398084 -0.33462999761104578 1.0000000180025095e-35 -1.2738150358200071 1.5000000000000002 0.17137499898672107 0.12990000098943713 0.078519999980926528 -0.1457250043749809 1.5000000000000002 2.497115015983582 2.2672750949859624
decision_type=2 2 2 2 2 2 2 2 2 2 2 2 2 2 2 2 2 2 2 2 2 2 2 2 2 2 2 2 2 2
left_child=-1 2 4 5 21 -4 7 11 -9 10 -10 -3 -13 -12 16 18 17 -5 19 -16 -20 22 -2 24 25 26 28 -28 29 -7
right_child=1 6 3 14 -6 23 -8 8 9 -11 13 12 -14 -15 15 -17 -18 -19 20 -21 -22 -23 -24 -25 -26 -27 27 -29 -30 -31
leaf_value=-2.8734729896227042e-05 -6.1852383621860803e-05 -0.00014353660387121797 -0.00017905329151694706 -0.00022369652014097481 0.00030446975509194467 0.0014974452365176438 2.0278096073108441e-05 0.00098752138391042937 -0.00035249529296636995 -0.0008757196986895968 0.0011981804764624778 -0.00044801183731831874 -0.001820432381221874 -3.6233577229235065e-06 0.00047701132263221685 -3.8170742643531898e-05 0.00028013536010719503 -0.0017335181777706585 0.00071641510760619357 0.0016899785796616676 -0.0001731601603609246 -0.0002309636819947809 0.00081737974351333773 0.0012881857964106734 -0.00018462868770269703 0.001584979596170526 0.00061995955188511162 -0.00087327746339085541 0.0018677422799817677 0.00043084608931524078
leaf_weight=233704 8334 1624 1661 1467 10377 1395 66218 1097 4051 1828 1196 1147 1349 1417 1385 26950 2245 1226 2161 1396 2481 29014 1771 1800 1006 1251 4647 1230 1026 4541
leaf_count=233704 8334 1624 1661 1467 10377 1395 66218 1097 4051 1828 1196 1147 1349 1417 1385 26950 2245 1226 2161 1396 2481 29014 1771 1800 1006 1251 4647 1230 1026 4541
internal_value=2.77809e-06 4.21002e-05 9.55862e-05 0.000222439 -5.27234e-05 0.000624397 -2.97463e-05 -0.000271377 -5.39758e-05 -0.000188517 -1.03361e-08 -0.000777363 -0.00118976 0.000546456 3.26926e-05 9.04702e-05 -0.000369492 -0.000911049 0.000557515 0.00108589 0.000240966 -0.000147475 9.22416e-05 0.000703382 0.000633652 0.000692075 0.000605073 0.000307439 0.000856322 0.000681504
internal_weight=420995 187291 107364 57868 49496 18557 79927 13709 9589 8492 6664 4120 2496 2613 39311 34373 4938 2693 7423 2781 4642 39119 10105 16896 15096 14090 12839 5877 6962 5936
internal_count=420995 187291 107364 57868 49496 18557 79927 13709 9589 8492 6664 4120 2496 2613 39311 34373 4938 2693 7423 2781 4642 39119 10105 16896 15096 14090 12839 5877 6962 5936
is_linear=0
shrinkage=0.08


Tree=106
num_leaves=31
num_cat=0
split_feature=2 0 0 3 0 0 0 0 0 0 0 0 0 0 0 0 3 2 0 3 0 2 0 0 2 0 0 0 0 2
split_gain=0.056173 0.423611 0.173417 0.251478 0.34369 0.163581 0.164771 0.129587 0.134435 0.123809 0.0884055 0.0885254 0.0435541 0.132296 0.0291721 0.0240896 0.180497 0.164211 0.142366 0.112232 0.276355 0.278434 0.178396 0.0887965 0.0874959 0.0814028 0.120016 0.0811846 0.0751072 0.103416
threshold=2.5000000000000004 1.429545044898987 2.9307301044464116 1.5000000000000002 3.6382600069046025 0.58771499991416942 1.045634984970093 2.7801799774169926 2.6109099388122563 2.4649250507354741 1.8044949769973757 1.5806699991226199 2.0412049293518071 2.1976850032806401 5.082170009613038 1.7330700159072878 1.0000000180025095e-35 1.5000000000000002 1.6908349990844729 1.0000000180025095e-35 3.0750999450683598 1.0000000180025095e-35 3.1631100177764897 1.7839150428771975 1.0000000180025095e-35 2.8599900007247929 2.9160000085830693 1.8044949769973757 3.2216100692749028 1.5000000000000002
decision_type=2 2 2 2 2 2 2 2 2 2 2 2 2 2 2 2 2 2 2 2 2 2 2 2 2 2 2 2 2 2
left_child=14 5 7 -4 -5 -2 -7 8 9 10 11 -3 -12 -14 15 16 17 -1 24 22 21 25 -17 -23 -18 -21 -27 -25 -22 -30
right_child=1 2 3 4 -6 6 -8 -9 -10 -11 12 -13 13 -15 -16 19 18 -19 -20 20 28 23 -24 27 -26 26 -28 -29 29 -31
leaf_value=7.6985960813044465e-05 0.0016695644650266028 9.1777375970754447e-05 -0.0006793605419894074 0.00017407304502759549 0.00191852155375691 -0.00011249005026822139 0.00099985847922151572 -0.0010761769648267709 0.00066509811373275871 -0.00099113133551826001 0.00034472715678740405 -0.00085473534098979263 -0.00071244157336918944 0.00028379815410098315 -0.00033683506649810516 -9.2825867003104042e-05 -0.00014958430278009263 0.00074554997955436587 -0.00055249682690331034 0.00026062424868516598 -0.00036128901310583319 0.00046516082807996213 0.00015511822003659801 -0.00065022836030790318 6.371778356682266e-06 0.0012804186087959804 0.00035662210288470733 2.9251438779151086e-05 -0.000159586744247772 0.00020438780867526051
leaf_weight=47753 1102 1016 1088 2310 1052 1423 2125 1007 1216 1191 2135 1675 1416 2146 1543 80955 38751 2473 3860 36470 7031 2963 24101 1145 56725 1272 3078 65689 19636 6701
leaf_count=47753 1102 1016 1088 2310 1052 1423 2125 1007 1216 1191 2135 1675 1416 2146 1543 80955 38751 2473 3860 36470 7031 2963 24101 1145 56725 1272 3078 65689 19636 6701
internal_value=1.70214e-05 0.000144872 -4.77707e-05 0.000377809 0.000719927 0.000818169 0.000553728 -0.000208237 -0.000127273 -0.00022786 -0.000119484 -0.000497375 5.90146e-05 -0.000112237 1.0343e-05 1.16869e-05 -1.36912e-05 0.000109904 -7.61833e-05 2.69278e-05 7.28016e-05 0.000133674 -3.59448e-05 3.66099e-05 -5.69264e-05 0.000299641 0.000626753 1.76106e-05 -0.000128994 -6.69796e-05
internal_weight=421048 20902 16252 4450 3362 4650 3548 11802 10795 9579 8388 2691 5697 3562 400146 398603 149562 50226 99336 249041 143985 110617 105056 69797 95476 40820 4350 66834 33368 26337
internal_count=421048 20902 16252 4450 3362 4650 3548 11802 10795 9579 8388 2691 5697 3562 400146 398603 149562 50226 99336 249041 143985 110617 105056 69797 95476 40820 4350 66834 33368 26337
is_linear=0
shrinkage=0.08


Tree=107
num_leaves=31
num_cat=0
split_feature=1 1 2 1 1 1 1 1 2 2 2 1 1 1 1 1 3 3 3 1 1 1 1 1 1 1 1 3 1 2
split_gain=0.0325213 0.0287743 0.0333832 0.0417537 0.0209282 0.054819 0.0489062 0.048692 0.057538 0.0816102 0.0541575 0.17912 0.173856 0.0716992 0.048357 0.145108 0.118283 0.112999 0.0768436 0.155511 0.0868205 0.075726 0.0534176 0.0530283 0.0576027 0.0402793 0.108295 0.0920258 0.0658918 0.036321
threshold=-3.0355050563812251 -2.3357450962066646 1.5000000000000002 -2.4311149120330806 -0.25847500562667841 -0.40219500660896296 -0.2494000047445297 -0.37311500310897822 1.5000000000000002 1.0000000180025095e-35 1.5000000000000002 -0.26767499744892115 -0.28711500763893122 -0.3443749994039535 -0.51693499088287342 -0.53527498245239247 1.5000000000000002 1.5000000000000002 1.0000000180025095e-35 -0.54500499367713917 -0.56571999192237843 -0.49764500558376307 -0.46833999454975123 -0.46833999454975123 -0.49764500558376307 -0.32477499544620508 -0.30637000501155848 1.0000000180025095e-35 -0.29697500169277186 1.0000000180025095e-35
decision_type=2 2 2 2 2 2 2 2 2 2 2 2 2 2 2 2 2 2 2 2 2 2 2 2 2 2 2 2 2 2
left_child=-1 2 3 -2 5 14 -6 8 9 -7 11 25 13 -12 15 18 23 -17 20 -20 -3 -18 -23 24 -16 -9 27 -27 -28 -26
right_child=1 4 -4 -5 6 7 -8 10 -10 -11 12 -13 -14 -15 16 17 21 -19 19 -21 -22 22 -24 -25 29 26 28 -29 -30 -31
leaf_value=-0.00035814882647016821 -3.1744556111415231e-05 8.3873050825539457e-05 0.00058616714387327426 0.00047617838259697852 0.00045183680698893277 -0.00050646689048227734 9.7165092464125795e-06 8.0801934207313302e-05 -0.00089585813424802483 0.00022443346819576768 -0.00066139192161077662 -0.0010359957695723076 0.0010771732799424233 0.00015472053698734278 -0.00014889005518397126 -0.00022888857695297965 0.001032610839262477 -0.0012493942236438584 -6.1434142617674664e-05 0.00092834490227474895 -0.00045862811887860448 -0.00012178884838591098 0.00044601286079893937 -0.00015193651020951543 0.00015970024885631891 -7.8307195657254322e-05 0.0005043598582376563 -0.001047436069140926 -0.00014434582240895727 0.00068650942244398037
leaf_weight=1650 4429 53544 1007 1352 1614 2504 202927 6694 1007 1604 1039 1322 1037 2045 2258 2162 1020 1023 103538 1026 1957 1509 3567 8057 2103 1130 1339 1409 3983 1392
leaf_count=1650 4429 53544 1007 1352 1614 2504 202927 6694 1007 1604 1039 1322 1037 2045 2258 2162 1020 1023 103538 1026 1957 1509 3567 8057 2103 1130 1339 1409 3983 1392
internal_value=-3.67846e-06 -2.28457e-06 0.000161088 8.70432e-05 -4.97097e-06 -2.28218e-05 1.32052e-05 -0.000133664 -0.000353926 -0.000221081 -7.73262e-05 -0.000144398 0.000181084 -0.000120228 -7.62396e-06 -2.1978e-05 0.000110094 -0.000556668 -1.13387e-05 -5.17223e-05 6.47441e-05 0.000403611 0.000277216 -1.94696e-05 0.000166048 -6.34166e-05 -0.000186225 -0.000616118 1.88667e-05 0.00036952
internal_weight=421248 419598 6788 5781 412810 208269 204541 25113 5115 4108 19998 15877 4121 3084 183156 163250 19906 3185 160065 104564 55501 6096 5076 13810 5753 14555 7861 2539 5322 3495
internal_count=421248 419598 6788 5781 412810 208269 204541 25113 5115 4108 19998 15877 4121 3084 183156 163250 19906 3185 160065 104564 55501 6096 5076 13810 5753 14555 7861 2539 5322 3495
is_linear=0
shrinkage=0.08


Tree=108
num_leaves=31
num_cat=0
split_feature=2 1 1 1 2 1 3 1 2 3 1 1 1 3 1 1 1 1 1 3 1 1 1 1 1 1 3 1 1 1
split_gain=0.0333259 0.152562 0.216678 0.116697 0.0660608 0.139942 0.0744892 0.0988557 0.0649916 0.0736444 0.117971 0.0937363 0.0542671 0.0922123 0.0467858 0.0426206 0.0813409 0.242497 0.21309 0.0792094 0.0783975 0.0735904 0.196499 0.102983 0.071978 0.0751098 0.0697207 0.0492546 0.0975096 0.13484
threshold=1.5000000000000002 -0.90645498037338246 0.79767498373985302 0.85454499721527111 2.5000000000000004 -1.1673550009727476 1.5000000000000002 -1.1673550009727476 2.5000000000000004 1.5000000000000002 1.5049049854278567 1.4073449969291689 -1.5823349952697752 1.0000000180025095e-35 -1.3953549861907957 0.21464500576257708 -0.38268500566482538 -0.41136500239372248 -0.35404001176357264 1.5000000000000002 0.2476649954915047 -0.54500499367713917 -0.58586001396179188 -0.49764500558376307 -0.78155499696731556 -0.63651499152183522 1.5000000000000002 0.16129500418901446 0.088804997503757491 -0.019685000181198117
decision_type=2 2 2 2 2 2 2 2 2 2 2 2 2 2 2 2 2 2 2 2 2 2 2 2 2 2 2 2 2 2
left_child=-1 4 15 -4 6 14 12 -8 9 11 -11 -5 -2 -14 -6 16 17 21 -18 -20 -17 22 24 -23 26 -26 -3 28 29 -21
right_child=1 2 3 8 5 -7 7 -9 -10 10 -12 -13 13 -15 -16 20 18 -19 19 27 -22 23 -24 -25 25 -27 -28 -29 -30 -31
leaf_value=-9.9048834940845274e-06 -9.3239962309793882e-05 1.3949034761985982e-05 0.00095916946910665191 0.00059207439705641482 0.00030778262760148558 0.0010115763500207059 8.6482711097788295e-05 -0.00046118772173254802 0.00044174384661061969 -0.00049098267132369796 0.00037637981877771911 -0.00031848364650129677 0.001056931343624958 0.00019689115066316294 -0.0003716875911131177 0.00058216399960395583 -0.0014741187182490986 0.0010904937915240779 -0.00048922633161730582 -3.8154871207086874e-05 -0.00013142740665368822 0.00057066393837397391 -0.0012114080285454902 -0.00020143107304138399 0.00015989397689297001 -0.00047803704177048627 -0.00071465294605739277 -0.00069548537038595251 0.00050381437969055341 -0.00074664586390879118
leaf_weight=336178 1672 1304 1128 2118 1832 1555 6921 3034 2700 3177 1467 1099 1137 2675 1004 1060 1020 1012 7674 7373 13988 1721 1332 3092 4505 1601 2365 1009 1434 2242
leaf_count=336178 1672 1304 1128 2118 1832 1555 6921 3034 2700 3177 1467 1099 1137 2675 1004 1060 1020 1012 7674 7373 13988 1721 1332 3092 4505 1601 2365 1009 1434 2242
internal_value=-2.11804e-05 -6.6172e-05 -0.000125899 0.000185726 0.000127862 0.000401659 4.99916e-05 -8.04316e-05 0.000103116 -1.31921e-05 -0.00021699 0.000281007 0.000286746 0.000453414 6.72368e-05 -0.000194977 -0.000240426 -0.000110306 -0.000346593 -0.000288308 -8.11611e-05 -0.000186639 -0.000299863 7.46494e-05 -0.00017565 -7.37225e-06 -0.0004557 -0.000160439 -0.000111578 -0.000203359
internal_weight=420429 84251 64421 11689 19830 4391 15439 9955 10561 7861 4644 3217 5484 3812 2836 52732 37684 16932 20752 19732 15048 15920 11107 4813 9775 6106 3669 12058 11049 9615
internal_count=420429 84251 64421 11689 19830 4391 15439 9955 10561 7861 4644 3217 5484 3812 2836 52732 37684 16932 20752 19732 15048 15920 11107 4813 9775 6106 3669 12058 11049 9615
is_linear=0
shrinkage=0.08


Tree=109
num_leaves=31
num_cat=0
split_feature=0 0 1 0 1 0 2 1 2 1 0 1 0 1 1 0 0 2 1 1 0 0 1 0 1 1 1 1 0 1
split_gain=0.0385489 0.126706 0.138773 0.115331 0.0794165 0.210461 0.257001 0.157223 0.155865 0.118525 0.374737 0.294847 0.17654 0.155534 0.197374 0.122831 0.12197 0.217334 0.158773 0.129995 0.116677 0.102503 0.0982445 0.0976115 0.0881419 0.0877715 0.0793725 0.0787666 0.0755534 0.0650528
threshold=2.1578600406646733 2.1778850555419926 -0.12706499546766278 2.1296250820159917 -0.69619500637054432 2.8743100166320805 1.5000000000000002 -1.2738150358200071 1.5000000000000002 -0.19260499626398084 2.8320949077606206 -0.23984500020742414 3.182019948959351 -0.49764500558376307 -0.32477499544620508 2.6344399452209477 2.4114799499511723 1.0000000180025095e-35 -0.46833999454975123 -0.38268500566482538 2.4857599735260014 2.432595014572144 -1.029929995536804 2.5194399356842045 -0.56571999192237843 -0.43033500015735621 -0.74922999739646901 -0.58586001396179188 2.3585050106048588 -0.15559999644756314
decision_type=2 2 2 2 2 2 2 2 2 2 2 2 2 2 2 2 2 2 2 2 2 2 2 2 2 2 2 2 2 2
left_child=3 2 -2 -1 5 7 -7 21 -9 10 11 15 13 -12 -15 16 -6 18 -18 23 -13 -3 -8 -19 -14 27 -5 -17 -10 -11
right_child=1 4 -4 26 9 6 22 8 28 29 12 20 24 14 -16 25 17 19 -20 -21 -22 -23 -24 -25 -26 -27 -28 -29 -30 -31
leaf_value=6.0855834319766167e-06 -0.00097200028154482813 -0.00027298675195273941 7.0109113018924761e-05 -0.00011217917214546398 0.00033857421673946591 -2.5341168618190923e-05 0.0015005255058269499 -0.00028539877061504261 -0.0014557139106602674 -0.00039640362528653211 -0.00099350823213171678 0.00066246565815131458 0.00059483643186944196 0.00029673687586165856 -0.00076542656623973982 0.00082682965342731525 -0.00025428492211147151 -0.00075798637496234014 0.00088864833006829574 -0.0012838422397964853 0.0018504870841048833 0.0002634930584597427 0.00040161872972065425 0.00032933031084919607 -5.9728568946341362e-05 0.00098219822651827646 0.00061051622839300445 -6.3030080688525873e-05 -0.00063379179640345976 -2.9206131737507917e-05
leaf_weight=222248 1898 4383 1437 1362 7769 9310 1054 13002 1071 3173 2416 1089 1661 2405 2095 1056 1488 1071 1630 1132 1029 4749 1029 1043 6350 2101 3402 1603 2158 114972
leaf_count=222248 1898 4383 1437 1362 7769 9310 1054 13002 1071 3173 2416 1089 1661 2405 2095 1056 1488 1071 1630 1132 1029 4749 1029 1043 6350 2101 3402 1603 2158 114972
internal_value=-7.94957e-06 -3.41186e-05 -0.000522971 1.4434e-05 -2.55757e-05 -0.000131239 0.000154384 -0.00025954 -0.000408943 -3.69991e-07 0.000126848 0.000344589 -0.00017964 -0.000475742 -0.000197759 0.000244248 0.000125867 -0.0001338 0.000343207 -0.000591997 0.00123965 6.0039e-06 0.000957667 -0.000221529 7.59889e-05 0.000595734 0.000403902 0.00029037 -0.000906408 -3.90679e-05
internal_weight=421186 194174 3335 227012 190839 36756 11393 25363 16231 154083 35938 21011 14927 6916 4500 18893 14133 6364 3118 3246 2118 9132 2083 2114 8011 4760 4764 2659 3229 118145
internal_count=421186 194174 3335 227012 190839 36756 11393 25363 16231 154083 35938 21011 14927 6916 4500 18893 14133 6364 3118 3246 2118 9132 2083 2114 8011 4760 4764 2659 3229 118145
is_linear=0
shrinkage=0.08


Tree=110
num_leaves=31
num_cat=0
split_feature=3 0 0 0 0 0 2 2 2 0 0 2 0 2 0 0 0 0 0 2 0 0 0 0 0 2 0 0 2 0
split_gain=0.0393638 0.275902 0.160671 0.285253 0.254669 0.143596 0.172392 0.119538 0.117666 0.13486 0.103325 0.0893593 0.103816 0.107817 0.0795918 0.0755183 0.0748985 0.148566 0.0731487 0.0755404 0.122009 0.067768 0.0545812 0.176328 0.0532473 0.0524112 0.0933424 0.20186 0.0478055 0.0457334
threshold=1.5000000000000002 1.7330700159072878 1.8240849971771242 1.8737050294876101 1.8044949769973757 1.4660949707031252 1.0000000180025095e-35 1.5000000000000002 1.0000000180025095e-35 0.4195650070905686 1.8937050104141238 2.5000000000000004 3.1631100177764897 1.0000000180025095e-35 1.5697799921035769 1.2610399723052981 1.4419699907302859 1.6689050197601321 0.58771499991416942 1.5000000000000002 1.1742500066757204 2.2672750949859624 3.0750999450683598 3.0249400138854985 1.1601549983024599 2.5000000000000004 1.5585249662399294 1.5003449916839602 1.5000000000000002 4.0911300182342538
decision_type=2 2 2 2 2 2 2 2 2 2 2 2 2 2 2 2 2 2 2 2 2 2 2 2 2 2 2 2 2 2
left_child=5 8 4 7 -3 6 -1 -4 14 28 -5 12 13 -7 15 24 -11 25 -8 -20 -21 -13 23 -15 -2 26 27 -18 -10 -14
right_child=1 2 3 10 -6 11 18 -9 9 16 -12 21 29 22 -16 -17 17 -19 19 20 -22 -23 -24 -25 -26 -27 -28 -29 -30 -31
leaf_value=-1.9864322108378664e-05 -0.00025642147419656114 0.00027950363577688894 -0.00026465413655629304 0.00091770097499126657 0.0017065757664249223 -1.8341087789866728e-05 4.8986528252943919e-06 -0.0013612243215200201 0.00011924393827276959 -0.00016785586138854392 0.0001246624838556379 -1.7323523156672476e-05 0.00011204238867577656 -0.00015465917851647517 -0.00074593682465307607 0.00010543214432104664 0.0006519415705988316 -0.00046829439221872024 0.00021829415380241146 0.00022352796708520494 0.00097637913407441963 -0.00069482639626102915 -0.00052910358226164087 0.00074509130354578554 -0.00085358832928824344 -0.00024428244353659164 0.00061476038338134664 -0.00055195685194687702 0.00053612549294631325 -9.7718498805152282e-05
leaf_weight=42701 10145 3716 1563 1068 1020 101562 6739 1073 4304 23899 67914 1564 33458 64044 2009 3671 1746 2402 15935 3078 2494 2387 2330 1425 1055 1198 3600 1821 2979 8303
leaf_count=42701 10145 3716 1563 1068 1020 101562 6739 1073 4304 23899 67914 1564 33458 64044 2009 3671 1746 2402 15935 3078 2494 2387 2330 1425 1055 1198 3600 1821 2979 8303
internal_value=-3.2064e-07 3.52532e-05 0.000135573 0.00010573 0.000586854 -1.71341e-05 8.15596e-05 -0.00071102 -9.49515e-05 -2.31811e-05 0.000136941 -4.96905e-05 -4.26362e-05 -7.04932e-05 -0.00027331 -0.000209461 -8.89277e-05 8.62655e-05 0.000234888 0.000306952 0.0005605 -0.000426637 -0.000148616 -0.000135075 -0.000312672 0.000245507 0.000327377 3.73357e-05 0.000289763 7.03373e-05
internal_weight=421203 135183 76354 71618 4736 286020 70947 2636 58829 41949 68982 215073 211122 169361 16880 14871 34666 10767 28246 21507 5572 3951 67799 65469 11200 8365 7167 3567 7283 41761
internal_count=421203 135183 76354 71618 4736 286020 70947 2636 58829 41949 68982 215073 211122 169361 16880 14871 34666 10767 28246 21507 5572 3951 67799 65469 11200 8365 7167 3567 7283 41761
is_linear=0
shrinkage=0.08


Tree=111
num_leaves=31
num_cat=0
split_feature=0 0 0 2 3 0 2 3 0 0 2 0 0 2 0 0 0 0 0 0 0 0 0 2 0 2 2 0 0 0
split_gain=0.0429131 0.0747415 0.0979482 0.0813183 0.130298 0.138804 0.114793 0.0465526 0.200273 0.198334 0.149641 0.0905809 0.143426 0.183784 0.339802 0.0918135 0.0915563 0.127785 0.0801895 0.126621 0.0699915 0.0716291 0.0666507 0.153455 0.063061 0.106948 0.0623867 0.0475461 0.0430914 0.133894
threshold=2.3894050121307377 2.3378200531005864 2.3479599952697758 1.5000000000000002 1.5000000000000002 2.379024982452393 1.0000000180025095e-35 1.5000000000000002 2.6815750598907475 2.6109099388122563 2.5000000000000004 2.7430649995803837 2.8457649946212773 2.5000000000000004 3.6382600069046025 3.1268450021743779 2.8882849216461186 2.9307301044464116 2.5305349826812749 2.432595014572144 3.7580599784851079 3.9011600017547612 3.4521949291229252 1.0000000180025095e-35 2.7801799774169926 1.5000000000000002 1.5000000000000002 3.1268450021743779 2.432595014572144 2.4429149627685551
decision_type=2 2 2 2 2 2 2 2 2 2 2 2 2 2 2 2 2 2 2 2 2 2 2 2 2 2 2 2 2 2
left_child=1 -1 -3 4 5 6 -4 28 9 10 18 -10 24 16 15 -15 -14 -18 19 -9 22 -22 23 27 -13 -26 -21 -19 -2 -30
right_child=7 2 3 -5 -6 -7 -8 8 11 -11 -12 12 13 14 -16 -17 17 20 -20 26 21 -23 -24 -25 25 -27 -28 -29 29 -31
leaf_value=-1.9321875508617681e-05 0.00023471580660528769 -0.00081275504390380894 -0.00081117954598235523 -0.00067121013600267016 0.00077588715883008337 0.00059844611279165621 0.00022279622852190985 -7.9626747185685881e-05 -0.00050346624042766296 0.00095347926097004464 -0.00061148868276746354 6.7762502879329683e-05 -0.00082646622094648711 -0.00049695086220420811 0.0017071229536230854 0.00042830273816572839 0.00071877502155403281 -0.00032636710920526618 -2.5329135954926781e-05 0.00051559719090542148 -0.00097052190120364829 -0.00024106928957475714 0.00025805869439767925 1.5408958118214764e-05 0.0012752149964842146 0.00017015385845744725 0.0011956992545405928 -0.0010433140264313598 -0.00087269927635756324 -2.2213181172122743e-06
leaf_weight=257085 4752 1660 2041 1386 1137 1060 1036 1696 2241 2844 1282 1374 1166 1264 1031 1502 1157 1087 2883 2491 1115 3790 3307 7874 1192 1058 1321 1300 1143 106885
leaf_count=257085 4752 1660 2041 1386 1137 1060 1036 1696 2241 2844 1282 1374 1166 1264 1031 1502 1157 1087 2883 2491 1115 3790 3307 7874 1192 1058 1321 1300 1143 106885
internal_value=-7.39652e-06 -2.69592e-05 -0.000262949 -0.00012591 1.7394e-05 -0.000191068 -0.000463049 2.5938e-05 9.67896e-05 0.000366187 0.000193515 -1.3922e-05 2.49578e-05 -4.42789e-05 0.000467529 5.48258e-06 -0.000137727 -9.68161e-05 0.000316506 0.000495429 -0.000147898 -0.000406888 -5.42703e-05 -0.00015493 0.000494808 0.000755591 0.000751278 -0.000716828 -1.06004e-06 -1.14315e-05
internal_weight=421160 265405 8320 6660 5274 4137 3077 155755 42975 12517 9673 30458 28217 24593 3797 2766 20796 19630 8391 5508 18473 4905 13568 10261 3624 2250 3812 2387 112780 108028
internal_count=421160 265405 8320 6660 5274 4137 3077 155755 42975 12517 9673 30458 28217 24593 3797 2766 20796 19630 8391 5508 18473 4905 13568 10261 3624 2250 3812 2387 112780 108028
is_linear=0
shrinkage=0.08


Tree=112
num_leaves=31
num_cat=0
split_feature=2 0 0 0 0 0 0 0 3 0 0 0 0 0 0 2 0 0 0 3 0 0 0 3 0 0 0 0 0 0
split_gain=0.0426725 0.205028 0.0719811 0.259055 0.240119 0.127233 0.132425 0.0825572 0.15303 0.185078 0.0920904 0.13975 0.0801018 0.0640704 0.108605 0.0264403 0.0947975 0.157704 0.116321 0.0976129 0.0929047 0.0718581 0.0684601 0.153338 0.142757 0.28063 0.15642 0.298526 0.152736 0.231768
threshold=2.5000000000000004 0.90217000246047985 2.6109099388122563 2.8068499565124516 2.4754049777984624 3.2419850826263432 3.5367751121521001 2.1976850032806401 1.5000000000000002 1.6908349990844729 1.8044949769973757 1.9924100041389468 2.3274550437927251 1.5806699991226199 1.274639964103699 1.5000000000000002 1.4771749973297121 0.45614500343799597 1.536140024662018 1.0000000180025095e-35 1.1449899673461916 1.2468149662017824 3.2216100692749028 1.5000000000000002 2.5537600517272954 2.4004850387573247 2.2971749305725102 2.09111499786377 2.6582949161529545 2.7801799774169926
decision_type=2 2 2 2 2 2 2 2 2 2 2 2 2 2 2 2 2 2 2 2 2 2 2 2 2 2 2 2 2 2
left_child=15 -2 4 -4 7 -5 -7 8 9 -3 13 -12 -9 14 -10 -1 17 -17 -18 -19 -21 -22 23 -20 25 26 27 -25 -26 -30
right_child=1 2 3 5 -6 6 -8 12 10 -11 11 -13 -14 -15 -16 16 18 19 22 20 21 -23 -24 24 28 -27 -28 -29 29 -31
leaf_value=6.0317367900087838e-06 0.00088445106932222252 0.0012833010503264062 0.0011947226474939214 -0.00042996777482341058 -0.0012452401476845038 0.00104499814889687 -9.5438213767649839e-05 0.00094861274397841755 -0.00082239046720921239 -0.00022479295448972893 0.0006804847798881395 -0.00047248278608700878 1.9506026174736406e-06 -0.0009789397870318471 0.0001714847103639124 -0.00036987589519519692 -0.00087777787994317317 0.00082738707171163095 -0.00032293953720767093 0.00035628425102751605 -0.00055348192447898196 9.5268762479208024e-05 0.00012287137979913594 -0.00014926883921978306 -0.0010639807898433181 0.0010158936580944816 -0.0007726317400085338 0.00078533213327558308 0.00075278682794524478 -0.00042444319460332362
leaf_weight=336674 2001 1022 1439 2497 1040 1087 1627 1094 1327 1062 1324 1368 1199 1273 1498 3469 1228 1572 15840 6641 1538 3774 8047 7926 1334 2047 1461 3021 1462 3995
leaf_count=336674 2001 1022 1439 2497 1040 1087 1627 1094 1327 1062 1324 1368 1199 1273 1498 3469 1228 1572 15840 6641 1538 3774 8047 7926 1334 2047 1461 3021 1462 3995
internal_value=2.92635e-06 0.000114482 3.27769e-05 0.000244543 -8.25869e-05 -1.78458e-05 0.000361325 2.56928e-05 -8.48782e-05 0.000514781 -0.000268927 9.45785e-05 0.000453607 -0.000507716 -0.000295373 -2.89028e-06 -5.03027e-05 0.000111329 -0.00010955 0.000234752 0.000156812 -9.25661e-05 -8.86478e-05 -0.000134544 5.91529e-06 0.000148053 4.88141e-06 0.000108649 -0.000296632 -0.000109048
internal_weight=420887 20858 18857 6650 12207 5211 2714 11167 8874 2084 6790 2692 2293 4098 2825 400029 63355 16994 46361 13525 11953 5312 45133 37086 21246 14455 12408 10947 6791 5457
internal_count=420887 20858 18857 6650 12207 5211 2714 11167 8874 2084 6790 2692 2293 4098 2825 400029 63355 16994 46361 13525 11953 5312 45133 37086 21246 14455 12408 10947 6791 5457
is_linear=0
shrinkage=0.08


Tree=113
num_leaves=31
num_cat=0
split_feature=1 0 2 0 1 2 1 2 2 1 0 0 2 1 0 0 1 2 0 1 1 0 1 1 0 0 1 0 0 0
split_gain=0.0361327 0.148598 0.316974 0.188074 0.252086 0.263615 0.226608 0.363118 0.135001 0.142964 0.112751 0.103651 0.100001 0.0840081 0.0782649 0.139715 0.072658 0.222444 0.268134 0.237418 0.226744 0.316461 0.174119 0.104967 0.15789 0.152393 0.0931102 0.0905955 0.101143 0.155597
threshold=-0.8487350046634673 2.90184497833252 1.5000000000000002 1.7942299842834475 -1.2418799996376035 1.5000000000000002 -1.1673550009727476 1.5000000000000002 1.5000000000000002 -1.029929995536804 3.6382600069046025 -0.34041000902652735 2.5000000000000004 -1.6856650114059446 1.3686749935150149 0.90217000246047985 -0.048845000565052026 1.0000000180025095e-35 1.9034000039100649 -0.068005003035068498 -0.39229500293731684 3.0412049293518071 -0.40219500660896296 -0.19260499626398084 2.6939949989318852 2.1875000000000004 -0.25847500562667841 3.9545550346374516 2.4540600776672368 2.1976850032806401
decision_type=2 2 2 2 2 2 2 2 2 2 2 2 2 2 2 2 2 2 2 2 2 2 2 2 2 2 2 2 2 2
left_child=1 3 10 6 5 -5 12 -8 -6 -10 -3 -2 -1 -7 15 -9 17 18 22 27 -20 23 -13 26 25 -25 -22 28 29 -19
right_child=11 2 -4 4 8 13 7 14 9 -11 -12 16 -14 -15 -16 -17 -18 19 20 -21 21 -23 -24 24 -26 -27 -28 -29 -30 -31
leaf_value=1.9700187106570202e-05 0.00058728218554430101 0.00029078686677167859 0.0014302803368462385 -6.2597848870373025e-05 -0.00023122773908734631 0.001254895833197053 0.00014694863638873375 0.0012773816906104702 -0.001289956697181267 -0.0002920989964419536 -0.00056368519326389097 3.2108666534429834e-05 -0.00057794173875541372 0.00042222300069961333 0.0014279094030049779 0.00013053865512874702 1.9439161697260488e-05 -0.00014683107584595407 1.8441717134214591e-06 -0.0010822670631792817 0.00060409907105621428 -0.00018355119689511916 -0.00036630255575643771 0.00074581232262783178 0.0010956047063650268 -0.00029220010570635188 0.0012091959284637225 0.00056962960134784076 -0.00030378212609147222 0.0002546941258555318
leaf_weight=48219 1836 5395 1478 15935 14994 1188 17883 1380 1770 1911 1210 16944 1861 2233 1528 1340 167606 40201 18458 1738 4852 4311 11987 1418 1317 2503 2449 1147 18940 7298
leaf_count=48219 1836 5395 1478 15935 14994 1188 17883 1380 1770 1911 1210 16944 1861 2233 1528 1340 167606 40201 18458 1738 4852 4311 11987 1418 1317 2503 2449 1147 18940 7298
internal_value=2.65529e-06 4.01453e-05 0.000371235 1.58696e-05 -0.000128114 7.41963e-05 9.17009e-05 0.000304886 -0.000337802 -0.000771916 0.000134252 -1.19848e-05 -2.50851e-06 0.000711383 0.000969763 0.000712393 -1.5638e-05 -5.96558e-05 4.75947e-05 -0.000159039 0.000195544 0.000407728 -0.000132965 0.000611014 0.000337743 8.31892e-05 0.000807069 -0.000135298 -0.000147468 -8.51386e-05
internal_weight=421330 118325 8083 110242 38031 19356 72211 22131 18675 3681 6605 303005 50080 3421 4248 2720 301169 133563 64239 69324 35308 16850 28931 12539 5238 3921 7301 67586 66439 47499
internal_count=421330 118325 8083 110242 38031 19356 72211 22131 18675 3681 6605 303005 50080 3421 4248 2720 301169 133563 64239 69324 35308 16850 28931 12539 5238 3921 7301 67586 66439 47499
is_linear=0
shrinkage=0.08


Tree=114
num_leaves=31
num_cat=0
split_feature=2 0 1 1 0 1 0 0 1 0 0 0 1 0 1 1 0 1 0 0 0 1 1 0 0 1 2 1 1 2
split_gain=0.0529998 0.196257 0.444712 0.321686 0.301363 0.241999 0.357055 0.290069 0.566193 0.172347 0.250165 0.178913 0.413308 0.166149 0.131334 0.156448 0.0992074 0.033024 0.102923 0.152675 0.137698 0.112223 0.0889178 0.111736 0.0801076 0.079852 0.111223 0.0880738 0.0854311 0.165269
threshold=2.5000000000000004 1.2468149662017824 -1.2262849807739256 -1.3414850234985349 0.90217000246047985 0.51161000132560741 3.3536950349807744 3.4521949291229252 1.0095850229263308 1.7220399975776675 2.4754049777984624 1.9825450181961062 -0.42075499892234797 1.536140024662018 0.088804997503757491 -0.37311500310897822 2.497115015983582 0.44698999822139746 3.2216100692749028 2.1677299737930302 2.1296250820159917 2.2294049263000493 0.42233499884605413 2.7549300193786626 4.0179951190948495 0.51161000132560741 1.0000000180025095e-35 0.58280000090599071 0.89564999938011181 1.5000000000000002
decision_type=2 2 2 2 2 2 2 2 2 2 2 2 2 2 2 2 2 2 2 2 2 2 2 2 2 2 2 2 2 2
left_child=17 2 -2 -3 -4 6 9 8 16 13 11 -11 -13 -5 15 -12 -7 22 19 20 -19 25 -1 -24 -20 26 -21 -27 29 -29
right_child=1 3 4 5 -6 7 -8 -9 -10 10 14 12 -14 -15 -16 -17 -18 18 24 21 -22 -23 23 -25 -26 27 -28 28 -30 -31
leaf_value=2.0306118313202553e-05 -0.00071760151753154974 0.0013193921112888973 0.0020818571900036759 -0.00041259333379896834 0.00033029693568123805 -0.0006087040196484626 0.0011269305136234948 -0.00074477510594281044 0.0020559120263046204 -0.000491413031906662 -0.0010328986401439324 -0.00056937308959543792 0.0013079006310570517 -0.0017687686937201189 -0.0014918734808759381 0.00022561875172147773 0.00051175376155189977 2.1055227195342469e-05 0.00020644411348513605 -0.00014257488453116922 0.00087941302604429064 0.00064082631919804543 0.00081223129316199583 -0.00018674293638692478 -0.00010520150657148177 0.00021060602229069198 -0.0010733343079845315 -0.00024983194661952138 -0.0001057201895031268 -0.0010397093816402441
leaf_weight=309350 1028 1160 1334 1354 1189 1014 1097 1008 1371 1741 1294 1290 1795 1009 1024 1236 1009 25086 16759 1712 1256 1011 1980 1123 7706 3382 1580 9962 17067 2043
leaf_count=309350 1028 1160 1334 1354 1189 1014 1097 1008 1371 1741 1294 1290 1795 1009 1024 1236 1009 25086 16759 1712 1256 1011 1980 1123 7706 3382 1580 9962 17067 2043
internal_value=1.89085e-05 0.000142936 0.000684941 3.23359e-05 0.00125641 -5.95853e-05 -0.000247875 0.000446855 0.000800763 -0.000388261 -0.000218108 0.000156991 0.000522914 -0.00099168 -0.000727458 -0.000418066 -4.98598e-05 1.24119e-05 -3.10087e-05 -8.50149e-05 6.19822e-05 -0.000190361 2.45803e-05 0.000450695 0.000108282 -0.000213869 -0.000589294 -0.000175788 -0.000220737 -0.000384253
internal_weight=420970 20953 3551 17402 2523 16242 11840 4402 3394 10743 8380 4826 3085 2363 3554 2530 2023 400017 87564 63099 26342 36757 312453 3103 24465 35746 3292 32454 29072 12005
internal_count=420970 20953 3551 17402 2523 16242 11840 4402 3394 10743 8380 4826 3085 2363 3554 2530 2023 400017 87564 63099 26342 36757 312453 3103 24465 35746 3292 32454 29072 12005
is_linear=0
shrinkage=0.08


Tree=115
num_leaves=31
num_cat=0
split_feature=1 1 1 1 1 1 2 1 2 1 1 2 3 3 1 1 1 3 1 1 2 1 1 1 3 3 1 1 2 1
split_gain=0.0352194 0.0220268 0.0226415 0.107335 0.108549 0.0717462 0.0925734 0.11372 0.0862747 0.0767293 0.0659769 0.0631431 0.0892373 0.0804814 0.0673196 0.0577707 0.085494 0.0743523 0.0552089 0.0512585 0.0598192 0.0803648 0.132632 0.0736335 0.118413 0.0848345 0.0481913 0.0471398 0.0360474 0.0360279
threshold=2.5474849939346318 2.2294049263000493 0.38528500497341162 0.17137499898672107 0.15037500113248828 0.79767498373985302 1.0000000180025095e-35 0.87480500340461742 1.0000000180025095e-35 0.76049000024795543 0.74236500263214122 1.0000000180025095e-35 1.0000000180025095e-35 1.5000000000000002 0.23696500062942508 0.59832498431205761 0.51161000132560741 1.5000000000000002 0.21464500576257708 0.31440499424934393 1.5000000000000002 0.21464500576257708 0.27009500563144689 0.20373500138521197 1.0000000180025095e-35 1.5000000000000002 1.1455050110816958 0.69082999229431163 1.0000000180025095e-35 0.4721399992704392
decision_type=2 2 2 2 2 2 2 2 2 2 2 2 2 2 2 2 2 2 2 2 2 2 2 2 2 2 2 2 2 2
left_child=1 2 3 4 -1 8 7 -7 9 -4 15 12 18 14 -14 16 29 -17 -5 20 23 -22 -23 -13 -25 -26 -9 -19 -6 -10
right_child=-2 -3 5 11 28 6 -8 26 10 -11 -12 19 13 -15 -16 17 -18 27 -20 -21 21 22 -24 24 25 -27 -28 -29 -30 -31
leaf_value=-1.5484140839109357e-06 -0.00036988092637211558 0.00029428868063899322 4.9765877062431479e-05 0.00025182410161002334 -0.00018316639279891795 0.0003678766517678226 0.00013197160900853388 -2.5383109463356703e-06 -0.00020506235552200582 -0.00052593397830084097 0.00017144562738444086 0.0007951526182639404 0.00092892102777775848 -0.00017533941488228195 0.00024039787660679011 -0.00021375220325607709 9.7314016921293058e-05 -0.00049617590418861077 -0.00024221255757581956 0.00046558125584026728 -0.00057906120712080192 0.0006270007221001767 -0.00043147301311662371 0.00072640372360618715 -0.00047336412624783401 0.00031994011482527277 -0.00024694510143437835 -0.001120514542701453 -0.00071678281749025649 -0.00056063740140538073
leaf_weight=285986 1661 1613 20191 1843 1527 3127 26862 8645 6011 1599 2573 1553 1330 1846 2870 4464 5216 2279 6749 5202 1358 1717 1356 1638 1829 1633 12820 1172 1726 2618
leaf_count=285986 1661 1613 20191 1843 1527 3127 26862 8645 6011 1599 2573 1553 1330 1846 2870 4464 5216 2279 6749 5202 1358 1717 1356 1638 1829 1633 12820 1172 1726 2618
internal_value=-2.22838e-06 -7.72162e-07 -1.91147e-06 8.37053e-06 -6.77532e-06 -3.56481e-05 2.92998e-05 -8.28493e-05 -0.000108103 7.51971e-06 -0.000211642 0.000150033 2.94541e-05 0.000264924 0.00045843 -0.00025694 -0.000158381 -0.000429339 -0.000136241 0.00025841 0.00016118 -6.65498e-05 0.000159936 0.000312851 0.000165986 -9.91683e-05 -0.000148511 -0.000708209 -0.000466296 -0.000312942
internal_weight=421014 419353 417740 320163 289239 97577 51454 24592 46123 21790 24333 30924 14638 6046 4200 21760 13845 7915 8592 16286 11084 4431 3073 6653 5100 3462 21465 3451 3253 8629
internal_count=421014 419353 417740 320163 289239 97577 51454 24592 46123 21790 24333 30924 14638 6046 4200 21760 13845 7915 8592 16286 11084 4431 3073 6653 5100 3462 21465 3451 3253 8629
is_linear=0
shrinkage=0.08


Tree=116
num_leaves=31
num_cat=0
split_feature=0 0 0 3 3 0 0 0 0 2 3 0 0 0 2 0 0 0 2 0 3 0 2 0 0 3 0 0 0 0
split_gain=0.0164067 0.198703 0.123435 0.1126 0.110132 0.101155 0.0682208 0.15159 0.140464 0.168517 0.164111 0.144454 0.100223 0.0915769 0.157578 0.0616237 0.0609715 0.0588714 0.146142 0.0831043 0.0642226 0.111596 0.05622 0.0764413 0.0513034 0.0508865 0.0470481 0.0918028 0.0747346 0.0450929
threshold=2.3686649799346928 2.4540600776672368 2.3585050106048588 1.0000000180025095e-35 1.5000000000000002 2.4004850387573247 2.2370949983596806 2.1976850032806401 2.2468349933624272 1.5000000000000002 1.0000000180025095e-35 2.3175349235534672 2.1578600406646733 2.3274550437927251 1.0000000180025095e-35 2.1390650272369389 2.2772949934005742 2.0120949745178227 1.0000000180025095e-35 1.9726499915122988 1.0000000180025095e-35 1.8337550163269045 1.5000000000000002 1.1742500066757204 -0.86175999045371998 1.5000000000000002 2.051090002059937 2.1007199287414555 2.1199750900268559 2.0706549882888798
decision_type=2 2 2 2 2 2 2 2 2 2 2 2 2 2 2 2 2 2 2 2 2 2 2 2 2 2 2 2 2 2
left_child=2 3 6 -2 5 -5 7 12 -8 10 13 16 15 14 -10 17 -11 19 29 20 21 22 -1 -24 -22 -9 -20 -28 -29 -19
right_child=1 -3 -4 4 -6 -7 8 25 9 11 -12 -13 -14 -15 -16 -17 -18 18 26 -21 24 -23 23 -25 -26 -27 27 28 -30 -31
leaf_value=9.3646141152761399e-05 3.7785044038681168e-05 -1.1418432519538022e-06 -0.00069729697812816259 0.001306707253040056 0.00020477626708367125 0.00048956952221301071 -0.00086247501205194259 0.00024245364375718317 0.00020061965310263631 -0.00049333900187761999 0.00029008651004986839 9.5018275802301994e-05 -0.00030613047583661235 -0.00073173422327862329 -0.00082425140533796406 0.00035309834575317911 -0.0013122556484539006 -8.3801594343505326e-05 -0.00056296219212403323 0.00029698301006967942 0.00044821184824118504 -0.00019732562507947661 -3.6733473674356698e-05 0.00077815365475925925 -3.0801449086989173e-05 0.00072831063252784447 2.6230741292068647e-05 -0.00090533482820406299 -0.0001472214449727226 0.00025400832154624532
leaf_weight=53260 5346 145736 1646 1564 3848 2551 1604 4566 3649 1060 7825 1352 6699 1827 1303 3261 1290 4723 3532 6528 1447 8555 1242 1811 129174 1977 4462 1676 1653 5444
leaf_count=53260 5346 145736 1646 1564 3848 2551 1604 4566 3649 1060 7825 1352 6699 1827 1303 3261 1290 4723 3532 6528 1447 8555 1242 1811 129174 1977 4462 1676 1653 5444
internal_value=5.61804e-06 2.58804e-05 -6.70248e-06 0.000321779 0.00051244 0.000800141 -2.32914e-06 9.47541e-06 -0.00014463 -8.17314e-05 4.04759e-05 -0.000563826 -1.16813e-06 -0.00024765 -6.90506e-05 7.84083e-06 -0.000942872 2.80347e-06 -0.000123081 1.61947e-05 6.8183e-06 7.18858e-05 0.000112784 0.000446647 -2.5495e-05 0.000389258 -0.000320767 -0.000210969 -0.000528897 9.70814e-05
internal_weight=420611 159045 261566 13309 7963 4115 259920 240010 19910 18306 14604 3702 233467 6779 4952 226768 2350 223507 21490 202017 195489 64868 56313 3053 130621 6543 11323 7791 3329 10167
internal_count=420611 159045 261566 13309 7963 4115 259920 240010 19910 18306 14604 3702 233467 6779 4952 226768 2350 223507 21490 202017 195489 64868 56313 3053 130621 6543 11323 7791 3329 10167
is_linear=0
shrinkage=0.08


Tree=117
num_leaves=31
num_cat=0
split_feature=2 0 0 0 0 0 0 0 3 0 0 0 0 0 0 0 3 0 3 3 2 0 2 0 0 0 0 2 3 0
split_gain=0.067601 0.199822 0.184862 0.248829 0.187195 0.168986 0.144655 0.121859 0.17076 0.206169 0.0781585 0.153855 0.0717112 0.0216224 0.0212311 0.268197 0.099763 0.118152 0.139823 0.0930221 0.167007 0.0868245 0.0826764 0.0884233 0.295802 0.0822619 0.0934947 0.0801716 0.0787553 0.184254
threshold=2.5000000000000004 1.3419350385665896 2.497115015983582 2.3274550437927251 2.6582949161529545 1.1601549983024599 0.52245500683784496 2.9307301044464116 1.5000000000000002 3.6382600069046025 2.1976850032806401 2.0019650459289555 1.8044949769973757 0.90217000246047985 2.0019650459289555 2.0706549882888798 1.0000000180025095e-35 1.5241850018501284 1.5000000000000002 1.5000000000000002 1.5000000000000002 1.6254049539566042 1.0000000180025095e-35 1.7743250131607058 1.8640949726104739 1.5003449916839602 1.4771749973297121 1.0000000180025095e-35 1.5000000000000002 3.6382600069046025
decision_type=2 2 2 2 2 2 2 2 2 2 2 2 2 2 2 2 2 2 2 2 2 2 2 2 2 2 2 2 2 2
left_child=14 5 3 10 -4 6 -2 -6 -9 -10 11 12 -3 -8 16 -16 -1 18 27 -19 21 -21 23 -23 -25 26 -20 -18 -17 -30
right_child=1 2 4 -5 7 -7 13 8 9 -11 -12 -13 -14 -15 15 28 17 19 25 20 -22 22 -24 24 -26 -27 -28 -29 29 -31
leaf_value=7.9688037872462179e-05 0.0011171399858640276 -0.00016377697031357295 0.0011987007563826625 -0.0012409171117333461 -0.00042704570796403009 0.0015183740885458975 0.00022216249614953994 -0.00052142383307917251 0.00020760178745187437 0.0015557558125676059 0.00057121505187334972 -0.00081913905137685013 0.00046688104533369832 -0.00029261193291879747 -0.0004209063965653921 -4.4578535943122475e-05 -9.8294922045002854e-05 -4.8570224249328895e-05 -0.0001963244219026146 0.00071293756207380652 -0.00014470343078474432 6.5861900478555042e-05 6.0560127550037213e-05 0.0017849178978251784 0.00010777422623855506 -0.00089986468775643275 0.00058442748976472898 0.00013978713613088737 0.00012761950273899891 -0.00034496906606517014
leaf_weight=66366 1015 3274 1238 1344 1831 1024 1000 1093 2323 1056 1074 1711 1782 1093 11003 147556 18708 23192 42185 3065 6826 1846 6994 1122 1682 1035 1005 17538 44323 5994
leaf_count=66366 1015 3274 1238 1344 1831 1024 1000 1093 2323 1056 1074 1711 1782 1093 11003 147556 18708 23192 42185 3065 6826 1846 6994 1122 1682 1035 1005 17538 44323 5994
internal_value=-1.15279e-05 0.000128884 5.81211e-06 -0.000235175 0.000299336 0.000627069 0.000333409 0.000122688 0.000347769 0.000628925 -6.27835e-05 -0.000163406 5.85e-05 -4.66614e-05 -1.88417e-05 -3.64825e-05 3.93423e-07 -4.16397e-05 -9.95796e-05 6.26034e-05 0.000182331 0.000334098 0.000234378 0.000495814 0.000778871 -0.000195047 -0.000178157 1.69035e-05 -1.51061e-05 7.13225e-05
internal_weight=421298 20858 16726 9185 7541 4132 3108 6303 4472 3379 7841 6767 5056 2093 400440 208876 191564 125198 80471 44727 21535 14709 11644 4650 2804 44225 43190 36246 197873 50317
internal_count=421298 20858 16726 9185 7541 4132 3108 6303 4472 3379 7841 6767 5056 2093 400440 208876 191564 125198 80471 44727 21535 14709 11644 4650 2804 44225 43190 36246 197873 50317
is_linear=0
shrinkage=0.08


Tree=118
num_leaves=31
num_cat=0
split_feature=2 0 1 1 0 0 0 1 0 1 1 0 1 1 1 0 0 1 1 1 0 1 0 1 0 0 0 0 2 1
split_gain=0.0271672 0.211504 0.202283 0.151612 0.529414 0.416179 0.277669 0.185333 0.172665 0.14308 0.164079 0.123164 0.107647 0.103868 0.0737506 0.0701551 0.0293424 0.0819698 0.229489 0.108261 0.126365 0.0898099 0.288572 0.146186 0.238318 0.117461 0.0981746 0.0713906 0.0944182 0.230424
threshold=2.5000000000000004 0.55509498715400707 -1.4337149858474729 0.74236500263214122 3.3771350383758549 3.263779997825623 2.8068499565124516 1.1169049739837649 2.09111499786377 0.2476649954915047 -0.41136500239372248 1.204385042190552 -0.69619500637054432 -0.30637000501155848 -0.029110000468790528 1.7012050151824953 2.7671899795532231 -0.087829999625682817 -0.048845000565052026 -0.15559999644756314 3.0750999450683598 0.05931499972939492 3.1631100177764897 0.20373500138521197 2.9160000085830693 2.9460799694061284 3.7580599784851079 2.5305349826812749 1.0000000180025095e-35 0.52623999118804943
decision_type=2 2 2 2 2 2 2 2 2 2 2 2 2 2 2 2 2 2 2 2 2 2 2 2 2 2 2 2 2 2
left_child=16 -2 -3 4 6 7 8 -5 11 10 -10 -4 -13 -14 -8 -15 27 19 -19 -18 -21 22 25 24 -23 -20 -26 -1 29 -29
right_child=1 2 3 5 -6 -7 14 -9 9 -11 -12 12 13 15 -16 -17 17 18 21 20 -22 23 -24 -25 26 -27 -28 28 -30 -31
leaf_value=-1.4195495221393587e-05 0.001182760349669241 0.00094503816463769122 0.00019395525465156399 0.00037392350858617352 0.0014200669718752923 -0.00088997695623758185 -0.000665433413953623 0.0018439811925124693 -8.6879913112582161e-05 -0.0005678420400800294 0.001016529514541473 -3.0502635585984583e-05 -0.0014016457383432205 -0.00098372983442228563 -0.0015857614793155031 -0.00013720470859904002 8.2372713664818908e-05 -0.00099467675824182621 0.00042424099885554265 0.0013197429586011304 0.00018426984731687639 0.0006375453706363854 -0.00026531933526038762 1.1195937031497376e-05 -0.00084268693836965947 0.0016141039921488051 3.8993886960073142e-07 0.00016799376649639702 -0.00028452956923491279 -0.0005392293046516365
leaf_weight=273408 1054 1405 1770 1166 1251 1018 1138 1037 1637 1060 1823 1629 1260 1127 1092 1411 30556 1541 1068 1009 1658 1141 2393 50184 3778 1056 1154 11999 15217 3909
leaf_count=273408 1054 1405 1770 1166 1251 1018 1138 1037 1637 1060 1823 1629 1260 1127 1092 1411 30556 1541 1068 1009 1658 1141 2393 50184 3778 1056 1154 11999 15217 3909
internal_value=-1.04867e-05 7.84788e-05 1.97665e-05 -5.08131e-05 -0.000156477 0.000447751 -0.000297888 0.00106591 -0.000142163 0.000245354 0.000494483 -0.000385539 -0.000574539 -0.000807881 -0.00111611 -0.000513105 -1.51295e-05 2.35516e-05 -3.05552e-05 0.000125037 0.000613851 -6.10872e-06 0.000337099 -3.36656e-05 -0.000404377 0.00101581 -0.000645422 -2.72645e-05 -0.000142065 -5.78892e-06
internal_weight=420949 20878 19824 18419 15198 3221 13947 2203 11717 4520 3460 7197 5427 3798 2230 2538 400071 95538 62315 33223 2667 60774 4517 56257 6073 2124 4932 304533 31125 15908
internal_count=420949 20878 19824 18419 15198 3221 13947 2203 11717 4520 3460 7197 5427 3798 2230 2538 400071 95538 62315 33223 2667 60774 4517 56257 6073 2124 4932 304533 31125 15908
is_linear=0
shrinkage=0.08


Tree=119
num_leaves=31
num_cat=0
split_feature=1 1 1 2 1 1 1 1 3 3 1 1 3 1 1 1 3 2 1 1 3 1 2 2 1 1 1 1 1 3
split_gain=0.025304 0.0212052 0.0261679 0.0431297 0.0592249 0.052465 0.0512346 0.0569649 0.132552 0.0965732 0.0492235 0.0479355 0.0376513 0.0350778 0.070449 0.116874 0.0585112 0.0908287 0.125385 0.0769299 0.101606 0.0827498 0.0702993 0.0839616 0.121821 0.0934836 0.0723762 0.0440001 0.0893797 0.161099
threshold=-3.0355050563812251 -2.3357450962066646 -0.37311500310897822 1.0000000180025095e-35 -1.5356950163841245 -1.6067100167274473 -0.41136500239372248 -1.1096500158309934 1.5000000000000002 1.0000000180025095e-35 -0.55522501468658436 -0.56571999192237843 1.5000000000000002 -0.20170500129461286 -0.13632499426603314 -0.10734499990940093 1.5000000000000002 1.0000000180025095e-35 -0.23984500020742414 -0.26767499744892115 1.0000000180025095e-35 -0.31568500399589533 1.0000000180025095e-35 1.5000000000000002 -0.26767499744892115 -0.28711500763893122 -0.32477499544620508 -0.048845000565052026 -0.068005003035068498 1.5000000000000002
decision_type=2 2 2 2 2 2 2 2 2 2 2 2 2 2 2 2 2 2 2 2 2 2 2 2 2 2 2 2 2 2
left_child=-1 -2 3 6 5 -5 7 9 11 -3 -10 -9 -7 16 -15 -16 17 18 19 20 -4 -22 -18 25 26 -24 -25 28 29 -17
right_child=1 2 13 4 -6 12 -8 8 10 -11 -12 -13 -14 14 15 27 22 -19 -20 -21 21 -23 23 24 -26 -27 -28 -29 -30 -31
leaf_value=-0.00031051824411332875 0.00014091797637477233 1.1513548267942172e-05 -6.8852504049663605e-05 9.014701912623982e-05 -1.5097649849093888e-05 0.00015457856990041779 -0.00037151989118138737 -5.198500370270609e-06 0.00019198151619367616 -0.00024687631444052796 0.00066438020170007874 -0.00019982724583086781 0.00076877318061983457 -0.00018846830383086887 0.00039496590912674253 -0.00024419649163767536 -0.00014267214501195296 -0.0001775356289909433 0.00064405237841611387 -0.00040892533372409402 0.00013730380382803256 0.001038815303121019 0.0011162138850668967 0.00024597099288490524 0.00070766179275593354 0.00025354530471289493 -0.00064507107421954337 1.5116146564429039e-05 -0.00049772784690613008 0.00061402609580121564
leaf_weight=1682 6762 17281 4957 14034 79774 1193 3322 32036 6793 19938 1782 10839 1375 11438 5069 4720 2073 8519 2699 2041 1436 1193 1621 1105 1455 1595 1236 167741 3309 1990
leaf_count=1682 6762 17281 4957 14034 79774 1193 3322 32036 6793 19938 1782 10839 1375 11438 5069 4720 2073 8519 2699 2041 1436 1193 1621 1105 1455 1595 1236 167741 3309 1990
internal_value=-8.45978e-07 3.96179e-07 -1.907e-06 -2.38877e-05 1.35116e-05 0.000150982 -6.30698e-05 -5.15137e-05 3.02409e-06 -0.000126904 0.000290152 -5.44016e-05 0.000483441 1.65609e-05 4.14019e-06 1.619e-05 9.71799e-05 2.33355e-05 0.000162166 2.70652e-05 0.000144368 0.000546396 0.000266612 0.000387611 0.000132808 0.000688367 -0.000224481 5.38884e-06 -0.000157469 1.03285e-05
internal_weight=421008 419326 412564 188367 96376 16602 91991 88669 51450 37219 8575 42875 2568 224197 194267 182829 29930 20845 12326 9627 7586 2629 9085 7012 3796 3216 2341 177760 10019 6710
internal_count=421008 419326 412564 188367 96376 16602 91991 88669 51450 37219 8575 42875 2568 224197 194267 182829 29930 20845 12326 9627 7586 2629 9085 7012 3796 3216 2341 177760 10019 6710
is_linear=0
shrinkage=0.08


Tree=120
num_leaves=31
num_cat=0
split_feature=1 1 3 1 2 1 2 3 2 1 1 1 3 1 1 1 1 2 1 1 1 1 1 2 1 2 3 1 1 1
split_gain=0.0253703 0.115439 0.0797447 0.16537 0.157505 0.133438 0.105564 0.163031 0.134753 0.122787 0.131656 0.29007 0.0858003 0.0815064 0.089806 0.184899 0.0786398 0.132841 0.0838151 0.078382 0.17181 0.131309 0.0780241 0.16983 0.0742752 0.0731375 0.0663035 0.0621212 0.0615304 0.0607641
threshold=-0.50727000832557667 -0.53527498245239247 1.0000000180025095e-35 0.44698999822139746 2.5000000000000004 0.74236500263214122 1.0000000180025095e-35 1.5000000000000002 1.5000000000000002 0.39720998704433447 0.33736500144004827 0.3030299991369248 1.5000000000000002 0.22573500126600268 0.019785000011324886 -0.12706499546766278 1.0095850229263308 1.0000000180025095e-35 0.56772500276565563 -0.1457250043749809 -0.37311500310897822 -0.010024999734014271 -0.44005499780178065 1.5000000000000002 -0.52572500705718983 1.5000000000000002 1.5000000000000002 -0.077974997460842119 1.9073150157928469 -0.25847500562667841
decision_type=2 2 2 2 2 2 2 2 2 2 2 2 2 2 2 2 2 2 2 2 2 2 2 2 2 2 2 2 2 2
left_child=1 26 -2 6 12 -6 -4 8 19 10 11 22 28 14 15 29 17 -14 25 20 -8 27 23 -9 -3 -19 -1 -21 -5 -10
right_child=2 24 3 4 5 -7 7 9 13 -11 -12 -13 16 -15 -16 -17 -18 18 -20 21 -22 -23 -24 -25 -26 -27 -28 -29 -30 -31
leaf_value=1.624667324011581e-05 -4.8864901063799833e-05 -0.00085588965865900871 0.00022814747882369876 -4.3140912457916221e-05 -0.00018224321207155648 0.00068547951791685243 0.00033021784845704789 0.0012232863769909114 -0.00037073079503260843 0.00086607332499568539 -0.00052488398081585472 0.0014618527076420585 0.00036544626496352466 0.000128811780957745 -0.00094568660555920418 0.00045691661468764798 -0.00038901573965815784 -0.00020475346618188499 -9.161244237738306e-05 0.00025326978331095124 -0.00047786052212758426 7.9822045996750256e-07 8.3546611818354893e-05 -3.8401164056651036e-05 -0.0001924470652894979 -0.0010256128190153772 -8.8296392243898423e-05 0.0010194685005861862 0.00043355527648799251 -0.0010518317534193215
leaf_weight=107851 97438 1641 31550 25942 1786 3108 2675 1241 2455 1513 1860 1071 3112 1782 1908 1467 9995 1420 7453 1328 4545 8111 28481 1518 3159 1360 60666 1382 1857 1273
leaf_count=107851 97438 1641 31550 25942 1786 3108 2675 1241 2455 1513 1860 1071 3112 1782 1908 1467 9995 1420 7453 1328 4545 8111 28481 1518 3159 1360 60666 1382 1857 1273
internal_value=-8.93199e-06 -3.24078e-05 7.49875e-06 4.40648e-05 -6.47543e-05 0.000368816 0.000108821 4.86911e-05 -9.99212e-05 0.000160829 0.000129603 0.000167279 -0.000106247 -0.000354942 -0.000476306 -0.000303913 -0.000219337 -9.22519e-05 -0.000231444 2.56737e-05 -0.000178469 0.000161882 0.000122897 0.000529107 -0.000419262 -0.000606325 -2.13888e-05 0.000644003 -1.12971e-05 -0.000603306
internal_weight=420948 173317 247631 150193 56033 4894 94160 62610 26926 35684 34171 32311 51139 8885 7103 5195 23340 13345 10233 18041 7220 10821 31240 2759 4800 2780 168517 2710 27799 3728
internal_count=420948 173317 247631 150193 56033 4894 94160 62610 26926 35684 34171 32311 51139 8885 7103 5195 23340 13345 10233 18041 7220 10821 31240 2759 4800 2780 168517 2710 27799 3728
is_linear=0
shrinkage=0.08


Tree=121
num_leaves=31
num_cat=0
split_feature=1 1 1 3 1 1 1 3 2 1 1 1 3 1 1 1 3 1 1 1 2 1 1 1 1 1 1 1 2 1
split_gain=0.0236634 0.193289 0.142655 0.112233 0.0968316 0.149997 0.072985 0.0269837 0.0218445 0.131737 0.131433 0.151361 0.119342 0.112297 0.0988962 0.0734807 0.0732607 0.0966326 0.088355 0.0734169 0.121151 0.161961 0.115597 0.0698923 0.129584 0.118266 0.0691932 0.0664956 0.122489 0.0555706
threshold=0.0091149997897446173 0.05931499972939492 -0.010024999734014271 1.5000000000000002 0.078519999980926528 0.069035001099109664 0.088804997503757491 1.0000000180025095e-35 1.0000000180025095e-35 -0.37311500310897822 -0.83676499128341664 -0.81524500250816334 1.5000000000000002 -2.3357450962066646 -0.41136500239372248 -0.32477499544620508 1.5000000000000002 -0.038644999265670769 -0.36375500261783594 -0.2494000047445297 1.5000000000000002 -0.31568500399589533 -0.39229500293731684 -0.40219500660896296 -0.32477499544620508 -0.49764500558376307 -0.52572500705718983 -1.323590040206909 1.5000000000000002 -0.30637000501155848
decision_type=2 2 2 2 2 2 2 2 2 2 2 2 2 2 2 2 2 2 2 2 2 2 2 2 2 2 2 2 2 2
left_child=2 3 8 -2 5 -3 -6 -4 9 14 12 -12 27 -14 -1 -11 17 18 -13 20 23 22 26 25 -25 -18 -22 -10 -29 -17
right_child=1 4 7 -5 6 -7 -8 -9 10 15 11 16 13 -15 -16 29 19 -19 -20 -21 21 -23 -24 24 -26 -27 -28 28 -30 -31
leaf_value=-9.0637744158392839e-06 0.00022103288104431074 0.00011264982439740661 -0.00024827108211705789 0.00087473325964904731 0.00055991619929042101 -0.00097850422371314311 1.3068292501918202e-05 -0.00072014800919868954 4.7526444800015727e-05 0.00048356507968523105 -0.00084676345331927984 -7.0745571617802558e-05 0.00046805406089491625 -8.9591426048445008e-05 -0.00045485011778997506 -0.0003450617239547846 0.00032692301807107785 0.00047623068112319334 -0.0003199155165759677 -0.00017630206795685551 -0.00023732590248162958 0.0007110417794857259 -0.00079798547554552242 0.0011375986297014562 6.6584624776287697e-05 -0.00042033313982707348 0.00023551944739587941 0.00015971821383461334 0.00067213682298884162 0.00014732562716857013
leaf_weight=92935 5910 1639 1275 2349 1579 1587 145067 1980 13141 4065 1686 20808 2511 29040 3298 1560 6025 1495 16198 9610 5910 1435 1705 1494 1401 1749 2979 11586 4022 24590
leaf_count=92935 5910 1639 1275 2349 1579 1587 145067 1980 13141 4065 1686 20808 2511 29040 3298 1560 6025 1495 16198 9610 5910 1435 1705 1494 1401 1749 2979 11586 4022 24590
internal_value=5.73441e-06 3.01818e-05 -8.99292e-06 0.000406956 9.41892e-06 -0.000424133 1.89564e-05 -0.000535311 -2.38458e-06 2.14135e-05 -2.50452e-05 -9.76316e-05 6.22209e-05 -4.5211e-05 -2.43413e-05 0.00016714 -7.97944e-05 -0.000154336 -0.00017981 9.03613e-06 8.75056e-05 -8.65578e-05 -0.000194596 0.000283757 0.000619294 0.000158805 -7.88597e-05 0.000180124 0.000291763 0.000117952
internal_weight=420629 158131 262498 8259 149872 3226 146646 3255 259243 126448 132795 72495 60300 31551 96233 30215 70809 38501 37006 32308 22698 12029 10594 10669 2895 7774 8889 28749 15608 26150
internal_count=420629 158131 262498 8259 149872 3226 146646 3255 259243 126448 132795 72495 60300 31551 96233 30215 70809 38501 37006 32308 22698 12029 10594 10669 2895 7774 8889 28749 15608 26150
is_linear=0
shrinkage=0.08


Tree=122
num_leaves=31
num_cat=0
split_feature=1 0 1 0 1 3 1 0 1 3 1 3 0 0 0 0 1 1 1 0 1 0 0 0 0 1 1 1 3 0
split_gain=0.0447638 0.0768703 0.13558 0.0973505 0.113905 0.205759 0.0963312 0.0769743 0.332466 0.286538 0.269648 0.225578 0.171132 0.140601 0.130268 0.0913972 0.219395 0.0761117 0.0707083 0.0837549 0.0935322 0.0733265 0.126639 0.0774077 0.0633928 0.055377 0.0536836 0.0590838 0.0821872 0.0533093
threshold=0.53973501920700084 1.6585099697113039 1.2412949800491335 1.7434849739074709 0.59832498431205761 1.5000000000000002 0.61281502246856701 3.1450550556182866 0.9855649769306184 1.5000000000000002 2.0427049398422246 1.5000000000000002 1.9133349657058718 3.5067849159240727 3.3536950349807744 2.9460799694061284 0.76049000024795543 0.52623999118804943 0.81648501753807079 1.9924100041389468 1.7078699469566347 2.7549300193786626 2.4217350482940678 2.5880050659179692 3.7580599784851079 0.51161000132560741 1.5049049854278567 2.2294049263000493 1.0000000180025095e-35 2.4857599735260014
decision_type=2 2 2 2 2 2 2 2 2 2 2 2 2 2 2 2 2 2 2 2 2 2 2 2 2 2 2 2 2 2
left_child=17 2 -2 -3 5 -5 -6 9 13 10 18 14 -11 -9 -10 16 -14 25 21 -20 -21 22 -8 -24 -13 -1 -16 28 -28 -18
right_child=1 3 -4 4 6 -7 7 8 11 12 -12 24 15 -15 26 -17 29 -19 19 20 -22 -23 23 -25 -26 -27 27 -29 -30 -31
leaf_value=-9.4782291309980934e-06 0.00039080317138149141 -0.00057524001056045255 -0.00033244497702268952 9.6870767419180435e-05 -0.00068894909790861742 0.0012193074506925586 -0.00028196761358905082 0.0009182196460625102 0.00029148118603579941 0.00055755753390172348 0.0012746555693594953 0.00073259703758106172 0.000197710208019648 0.00025863511387450803 -0.00057811666425733549 7.6311692440769025e-05 -0.0010179127288982371 -0.00054959740588786268 0.0006141564383841979 0.00012804513881165124 -0.0005664592647354927 -0.00054246159338172998 0.00099715400709499873 1.6454930348590171e-05 0.00010229644353194182 0.00045638507487637427 -0.00035438507935234276 -0.0006799239604898898 0.00047675755159296072 -0.0005657367622033323
leaf_weight=335926 8803 1684 2044 3945 1236 1422 3755 3608 2167 1102 1185 2100 1765 4847 4925 1529 3542 1664 2026 14190 1360 2259 1013 1048 1988 1641 1844 1157 1297 3155
leaf_count=335926 8803 1684 2044 3945 1236 1422 3755 3608 2167 1102 1185 2100 1765 4847 4925 1529 3542 1664 2026 14190 1360 2259 1013 1048 1988 1641 1844 1157 1297 3155
internal_value=2.88432e-06 5.63195e-05 0.000254515 2.5673e-05 4.04533e-05 0.000394263 1.03589e-05 2.43311e-05 0.000136672 -4.65555e-05 9.48158e-05 -8.37039e-05 -0.000388558 0.000540099 -0.000266672 -0.000492914 -0.000595768 -9.87406e-06 4.03107e-05 0.00013034 6.73039e-05 -0.000155647 -5.40348e-06 0.000498477 0.000426081 -7.21355e-06 -0.000397813 -0.000191206 -1.11848e-05 -0.00080489
internal_weight=420227 80996 10847 70149 68465 5367 63098 61862 23933 37929 26836 15478 11093 8455 11390 9991 8462 339231 25651 17576 15550 8075 5816 2061 4088 337567 9223 4298 3141 6697
internal_count=420227 80996 10847 70149 68465 5367 63098 61862 23933 37929 26836 15478 11093 8455 11390 9991 8462 339231 25651 17576 15550 8075 5816 2061 4088 337567 9223 4298 3141 6697
is_linear=0
shrinkage=0.08


Tree=123
num_leaves=31
num_cat=0
split_feature=1 1 2 3 2 3 1 1 1 2 1 1 2 3 1 1 1 1 1 3 1 2 1 2 1 1 2 1 1 1
split_gain=0.0670806 0.0262358 0.0649131 0.0961101 0.0913615 0.0842454 0.0713816 0.0676335 0.0573456 0.056224 0.0500689 0.0736018 0.0902656 0.177534 0.0699343 0.0698362 0.0636442 0.0614487 0.0600398 0.170128 0.10044 0.111373 0.0847445 0.0699699 0.0759193 0.169907 0.0439024 0.0409761 0.120906 0.0875465
threshold=2.5474849939346318 0.74236500263214122 1.0000000180025095e-35 1.0000000180025095e-35 2.5000000000000004 1.5000000000000002 0.87480500340461742 1.5049049854278567 1.0095850229263308 1.5000000000000002 0.23696500062942508 0.03870500065386296 1.0000000180025095e-35 1.0000000180025095e-35 0.28125999867916113 0.27009500563144689 -0.010024999734014271 0.258779987692833 0.069035001099109664 1.5000000000000002 0.088804997503757491 2.5000000000000004 0.12990000098943713 1.5000000000000002 0.21464500576257708 0.18228500336408618 1.5000000000000002 0.15037500113248828 0.10926000028848649 0.19293499737977984
decision_type=2 2 2 2 2 2 2 2 2 2 2 2 2 2 2 2 2 2 2 2 2 2 2 2 2 2 2 2 2 2
left_child=1 10 -3 7 5 6 -5 -4 -6 -8 11 16 13 -13 15 17 -1 -12 19 -14 -20 22 -22 24 25 -24 -18 28 -15 -29
right_child=-2 2 3 4 8 -7 9 -9 -10 -11 14 12 18 27 -16 -17 26 -19 20 -21 21 -23 23 -25 -26 -27 -28 29 -30 -31
leaf_value=-2.1853430871046008e-05 -0.00053552351933816697 -5.9586251276865548e-05 0.00051772704327395001 -0.00028782537244279927 3.5231844151284139e-06 -0.00017244896114909338 0.00012849659380951517 -0.00011415041420876251 0.00071669514325271768 0.0006187974082928349 -0.0003943749344036846 9.0025054419640966e-06 -0.00024340631752921773 0.00040539062018554424 -6.5085863779282101e-05 -0.00079354243868590677 -0.00015339796585078517 0.00020402947065867956 -0.00068040283167609917 0.0010741819577336196 0.00042770756841192022 -0.00072575111623841642 -0.00014337157041372463 -0.00041434851326957114 -0.00051276824024245791 0.00090963065259106108 -0.00060987432129255056 -0.00013181537576962472 0.0013809571190240284 0.00079360184572467617
leaf_weight=259185 1627 27610 5097 1899 1168 11259 5562 1377 1888 2048 3219 8579 1447 2319 55923 1640 6448 1667 1649 1107 3023 1263 2638 2557 1049 1561 1705 1309 1252 1308
leaf_count=259185 1627 27610 5097 1899 1168 11259 5562 1377 1888 2048 3219 8579 1447 2319 55923 1640 6448 1667 1649 1107 3023 1263 2638 2557 1049 1561 1705 1309 1252 1308
internal_value=-2.28363e-05 -2.08443e-05 2.91418e-05 0.000109998 3.57223e-05 -2.43735e-05 0.000150953 0.000383329 0.000444122 0.000260446 -2.8866e-05 -1.52335e-05 0.000101329 0.000244584 -9.4006e-05 -0.00034183 -2.87764e-05 -0.000190212 -2.85014e-05 0.000327686 -9.47097e-05 -1.48315e-05 6.80916e-05 -7.11933e-05 9.60033e-05 0.000248087 -0.000248859 0.000571193 0.000747426 0.000330716
internal_weight=420383 418756 57908 30298 23824 20768 9509 6474 3056 7610 360848 298399 31061 14767 62449 6526 267338 4886 16294 2554 13740 12091 10828 7805 5248 4199 8153 6188 3571 2617
internal_count=420383 418756 57908 30298 23824 20768 9509 6474 3056 7610 360848 298399 31061 14767 62449 6526 267338 4886 16294 2554 13740 12091 10828 7805 5248 4199 8153 6188 3571 2617
is_linear=0
shrinkage=0.08


Tree=124
num_leaves=31
num_cat=0
split_feature=2 1 3 1 1 1 1 1 1 1 1 1 1 1 2 1 1 1 1 3 1 1 1 1 1 1 1 1 3 1
split_gain=0.0254727 0.0867754 0.318866 0.203718 0.171983 0.202154 0.123243 0.120617 0.055433 0.0848977 0.110532 0.10995 0.179645 0.0873545 0.028424 0.0609198 0.203183 0.0825167 0.0835424 0.0659151 0.10793 0.0624008 0.0767302 0.0718604 0.137898 0.071112 0.0549092 0.0412943 0.154963 0.0608558
threshold=2.5000000000000004 0.53973501920700084 1.5000000000000002 1.0095850229263308 0.38528500497341162 0.23696500062942508 -0.16489500552415845 0.028725000098347667 -0.27762499451637263 -0.58586001396179188 -0.43033500015735621 -0.77027499675750721 -0.91800001263618458 -1.4718450307846067 1.5000000000000002 -0.83676499128341664 -0.78155499696731556 -1.6067100167274473 -1.4535049796104429 1.0000000180025095e-35 -0.93010500073432911 -0.73833999037742604 -0.54500499367713917 -0.39229500293731684 -0.3443749994039535 -0.58586001396179188 -0.68668499588966359 0.21464500576257708 1.5000000000000002 0.048709999769926078
decision_type=2 2 2 2 2 2 2 2 2 2 2 2 2 2 2 2 2 2 2 2 2 2 2 2 2 2 2 2 2 2
left_child=14 4 -3 -4 5 6 8 -8 9 11 -11 12 13 -2 -1 17 -17 -16 -19 -20 -21 -18 25 -24 -25 26 -23 28 -26 -30
right_child=1 2 3 -5 -6 -7 7 -9 -10 10 -12 -13 -14 -15 15 16 21 18 19 20 -22 22 23 24 27 -27 -28 -29 29 -31
leaf_value=4.4035167377716403e-07 -0.00020647083564108472 -0.00081766003131909749 0.0002142937320181959 0.0014655831705927182 -0.00097807998712446851 0.0010841630519193436 -0.00089897036959049853 3.595966407026045e-05 0.00066646806648883216 -0.00084868080416835646 0.00016763527032562353 0.00081229034178814902 -0.00092278074211006242 0.00053828175919863467 -0.00020850733351737295 -0.0011168097405100678 0.0005388710882511088 0.00070614421659749452 0.000658565315912491 -0.00010627600304989998 0.00058540844320838128 -0.00068152553777036534 0.00026345859072253653 -0.00090198484915418391 -0.00046100535702830987 -0.00098593930552138176 -1.4679234578575275e-05 1.3792949015333309e-05 0.00019609522289996931 -0.0002963040326776503
leaf_weight=336374 1600 1054 1852 1513 1081 1154 1747 1786 1065 1311 1434 1507 1009 2724 4815 1237 1027 1682 1193 7500 1788 1173 4048 1297 6341 1031 2422 19731 6043 2188
leaf_count=336374 1600 1054 1852 1513 1081 1154 1747 1786 1065 1311 1434 1507 1009 2724 4815 1237 1027 1682 1193 7500 1788 1173 4048 1297 6341 1031 2422 19731 6043 2188
internal_value=-4.3344e-06 8.18998e-05 0.00039658 0.000776909 -2.79807e-06 6.59429e-05 -1.69046e-05 -0.000426345 0.000118922 5.80835e-05 -0.000317753 0.000208913 3.841e-05 0.000262703 -8.82779e-06 -5.79109e-05 -0.000105233 7.18035e-05 0.000182771 9.87796e-05 2.68777e-05 -7.7611e-05 -9.19112e-05 -5.5937e-05 -9.22548e-05 -0.000400235 -0.000232262 -6.16388e-05 -0.000163776 6.52035e-05
internal_weight=420727 20837 4419 3365 16418 15337 14183 3533 10650 9585 2745 6840 5333 4324 399890 63516 46538 16978 12163 10481 9288 45301 44274 39648 35600 4626 3595 34303 14572 8231
internal_count=420727 20837 4419 3365 16418 15337 14183 3533 10650 9585 2745 6840 5333 4324 399890 63516 46538 16978 12163 10481 9288 45301 44274 39648 35600 4626 3595 34303 14572 8231
is_linear=0
shrinkage=0.08


Tree=125
num_leaves=31
num_cat=0
split_feature=1 1 1 1 2 1 1 1 2 3 3 2 3 1 1 1 3 1 1 2 1 1 1 3 1 1 1 3 1 1
split_gain=0.0239798 0.121262 0.109328 0.0875297 0.0827024 0.119542 0.233312 0.0935944 0.0721494 0.0718993 0.162559 0.0625761 0.105633 0.0951272 0.0797577 0.129092 0.104488 0.0860538 0.121883 0.0627439 0.0583083 0.11448 0.0599838 0.0544062 0.0455138 0.0835645 0.0451912 0.0435639 0.0944218 0.101238
threshold=-0.17487499862909314 -0.16489500552415845 -0.44005499780178065 -0.44987000524997706 1.0000000180025095e-35 -0.41136500239372248 -0.39229500293731684 -0.3443749994039535 1.5000000000000002 1.5000000000000002 1.0000000180025095e-35 1.0000000180025095e-35 1.5000000000000002 -0.91800001263618458 -0.72773000597953785 -0.51693499088287342 1.5000000000000002 -0.78155499696731556 -0.80409500002861012 2.5000000000000004 -0.66677498817443837 -0.64591500163078297 -0.69619500637054432 1.5000000000000002 -1.029929995536804 -1.1525099873542783 -0.83676499128341664 1.5000000000000002 -1.1961200237274168 -0.94235497713088978
decision_type=2 2 2 2 2 2 2 2 2 2 2 2 2 2 2 2 2 2 2 2 2 2 2 2 2 2 2 2 2 2
left_child=2 -2 3 11 -4 8 -7 -8 -6 10 -9 12 -1 24 17 19 -17 18 27 20 22 -22 -16 -19 25 -14 -15 -13 -29 -30
right_child=1 -3 4 -5 5 6 7 9 -10 -11 -12 14 13 26 15 16 -18 23 -20 -21 21 -23 -24 -25 -26 -27 -28 28 29 -31
leaf_value=2.9137812960827876e-06 0.00068799359914868176 1.6487007563834717e-05 -1.4501668589732198e-05 0.00058098165334476365 -0.0010814260844853503 0.00072454214009885635 -0.00057542955073462243 0.00011558856316186525 -0.00021833531616323009 3.9850705217168082e-05 -0.00059507933643121447 0.00016110766109977799 -0.0003651221972759187 0.00053163571781536978 -0.00018015860291552922 -5.9436383627528315e-05 0.00060792673351640545 0.00017341401381335179 -0.00057844946035762786 -0.00063637524307301149 -0.00086182590594233491 -0.000127433789264984 0.00040155851106281012 0.00074575852695342698 -0.00077587630162292531 0.00029983360746988868 -4.9187997901716557e-05 0.00013733452802260865 -0.00031263872554281898 0.00015068109509873233
leaf_weight=71564 1737 187941 22227 1713 1573 1729 4285 3459 1023 6874 5093 30176 9842 1041 2256 3269 2777 2246 1786 1742 1567 10209 2282 2018 1345 1379 4859 19886 8120 4804
leaf_count=71564 1737 187941 22227 1713 1573 1729 4285 3459 1023 6874 5093 30176 9842 1041 2256 3269 2777 2246 1786 1742 1567 10209 2282 2018 1345 1379 4859 19886 8120 4804
internal_value=1.55517e-06 2.26364e-05 -1.57442e-05 1.17781e-05 -0.000125732 -0.000228591 -0.00016651 -0.00024467 -0.00074131 -0.000152793 -0.000307638 6.45491e-06 -4.11048e-05 -0.000211696 5.24276e-05 -7.28647e-05 0.000247091 9.61699e-05 7.32532e-05 -0.000180001 -0.00013127 -0.000225157 0.000112366 0.000444284 -0.000336115 -0.000283403 5.32929e-05 9.17325e-05 2.79269e-05 -0.000140417
internal_weight=420822 189678 231144 184881 46263 24036 21440 19711 2596 15426 8552 183168 90030 18466 93138 24102 6046 69036 64772 18056 16314 11776 4538 4264 12566 11221 5900 62986 32810 12924
internal_count=420822 189678 231144 184881 46263 24036 21440 19711 2596 15426 8552 183168 90030 18466 93138 24102 6046 69036 64772 18056 16314 11776 4538 4264 12566 11221 5900 62986 32810 12924
is_linear=0
shrinkage=0.08


Tree=126
num_leaves=31
num_cat=0
split_feature=1 0 0 1 1 0 3 0 1 0 3 0 3 3 0 0 1 1 1 0 0 3 0 0 1 0 0 0 1 0
split_gain=0.0406846 0.0852228 0.0774788 0.0781142 0.0611633 0.0482859 0.0621214 0.0433657 0.0427166 0.0350349 0.054413 0.0361264 0.270978 0.0566048 0.151033 0.142125 0.0636255 0.0341893 0.0833696 0.150707 0.206474 0.335414 0.506826 0.132045 0.11128 0.133926 0.0984173 0.0700952 0.158548 0.227784
threshold=1.1742650270462038 1.429545044898987 4.0179951190948495 2.2294049263000493 1.4528999924659731 4.3845651149749765 1.5000000000000002 3.109454989433289 2.0427049398422246 2.1007199287414555 1.5000000000000002 2.432595014572144 1.0000000180025095e-35 1.5000000000000002 3.0576651096343999 2.9160000085830693 1.4528999924659731 -0.12706499546766278 -0.019685000181198117 3.3080149888992314 2.0313251018524174 1.5000000000000002 2.5880050659179692 2.3175349235534672 -0.068005003035068498 1.4660949707031252 2.90184497833252 2.3274550437927251 -0.53527498245239247 1.8240849971771242
decision_type=2 2 2 2 2 2 2 2 2 2 2 2 2 2 2 2 2 2 2 2 2 2 2 2 2 2 2 2 2 2
left_child=5 -2 3 9 -4 17 -7 -5 -6 10 -3 12 -11 15 -15 16 -13 27 19 20 24 23 -23 -22 -19 -26 -25 28 29 -1
right_child=1 2 4 7 8 6 -8 -9 -10 11 -12 13 -14 14 -16 -17 -18 18 -20 -21 21 22 -24 26 25 -27 -28 -29 -30 -31
leaf_value=8.1880075593539805e-05 -0.00063980349452526979 0.00044654924533048273 -0.00082558968236315692 0.00080787949880813852 0.0001017448482040378 0.00010962327908458932 0.00082395184244042337 9.1994366950350884e-05 -0.00049829548106061436 0.00070598683103703316 -0.00022878457184471801 0.00065427024919977126 -0.00093949521530739977 -0.00028357399803126138 0.00071664127732342959 -0.00033995497405459122 -3.2219346885173517e-05 -0.00026615310640872763 2.8614947141502564e-05 -0.00050965547250351106 0.00085789139527244331 0.0025203138464751345 9.4148519449964183e-05 -0.0002266481195548295 -0.00016601710112781263 0.0008125587241605667 0.00057419934168491361 7.3816629870660674e-05 -0.00015434301148064845 -0.00016150613508631684
leaf_weight=97431 1616 2147 1241 1161 1737 2903 1065 1015 1349 1006 1185 1633 1763 1864 2006 6695 1835 4542 132238 1685 1712 1200 1019 3039 1765 1816 1451 63799 44598 32927
leaf_count=97431 1616 2147 1241 1161 1737 2903 1065 1015 1349 1006 1185 1633 1763 1864 2006 6695 1835 4542 132238 1685 1712 1200 1019 3039 1765 1816 1451 63799 44598 32927
internal_value=1.7025e-05 -7.57017e-05 -4.1479e-05 1.86082e-05 -0.000351289 2.36879e-05 0.000301347 0.000473953 -0.000160554 -3.06036e-05 0.000206372 -7.75982e-05 -0.000341678 -2.54897e-05 0.000234884 -0.000124638 0.000291033 2.08573e-05 5.07243e-05 0.000211112 0.000284521 0.000562095 0.00140618 0.000260092 -3.23537e-06 0.000330239 3.21558e-05 2.03465e-06 -2.41412e-05 2.04034e-05
internal_weight=421443 28253 26637 22310 4327 393190 3968 2176 3086 20134 3332 16802 2769 14033 3870 10163 3468 389222 150467 18229 16544 8421 2219 6202 8123 3581 4490 238755 174956 130358
internal_count=421443 28253 26637 22310 4327 393190 3968 2176 3086 20134 3332 16802 2769 14033 3870 10163 3468 389222 150467 18229 16544 8421 2219 6202 8123 3581 4490 238755 174956 130358
is_linear=0
shrinkage=0.08


Tree=127
num_leaves=31
num_cat=0
split_feature=3 1 1 2 1 1 1 1 2 1 1 1 1 1 1 1 1 1 1 1 1 1 1 1 1 1 1 1 1 1
split_gain=0.0335469 0.0723449 0.0594878 0.188226 0.153305 0.142884 0.12284 0.0949242 0.0828527 0.304818 0.191261 0.127374 0.0950842 0.113178 0.139131 0.122242 0.112262 0.0978888 0.136944 0.0961023 0.0833511 0.108211 0.207037 0.0773814 0.0751064 0.17076 0.0813049 0.0825837 0.100321 0.138799
threshold=1.5000000000000002 2.2294049263000493 -0.94235497713088978 2.5000000000000004 -1.5595049858093259 -1.029929995536804 -0.9792099893093108 -0.88323998451232899 1.5000000000000002 1.4073449969291689 -0.81524500250816334 1.0623149871826174 -0.75962001085281361 -0.54500499367713917 0.12990000098943713 0.03870500065386296 -0.029110000468790528 -0.097654998302459703 -0.1457250043749809 0.258779987692833 -0.19260499626398084 -0.40219500660896296 -0.35404001176357264 -0.30637000501155848 -0.43033500015735621 -0.46833999454975123 0.89564999938011181 0.62764999270439159 -0.029110000468790528 0.05931499972939492
decision_type=2 2 2 2 2 2 2 2 2 2 2 2 2 2 2 2 2 2 2 2 2 2 2 2 2 2 2 2 2 2
left_child=-1 2 3 5 -5 -2 -7 -4 11 10 -10 24 -12 -14 15 16 17 18 20 -16 21 -15 -23 -24 25 -9 27 28 -26 -30
right_child=1 -3 7 4 -6 6 -8 8 9 -11 12 -13 13 14 19 -17 -18 -19 -20 -21 -22 22 23 -25 26 -27 -28 -29 29 -31
leaf_value=1.6915994233027192e-05 -0.0001075165132017818 -0.00068330018872448577 0.00047090160015838026 0.0012920165970791478 0.00010333137766255153 -0.0010457590216381082 -9.033919826162442e-05 0.00017350251877887798 -0.0011078340199775266 0.00085471658759166819 0.00064415093767794139 -0.00031743496554626773 -0.00051415001265648816 0.00037123008310386131 -0.00070421205954932485 0.00070305827776733149 -0.00065138095369028062 0.00069733659797550549 -0.00084484881884804345 -0.00015973915008622442 0.00076903784714495583 -0.0012213384435656089 0.00064637395274623813 -0.00017996444417214149 -0.00011626105174778207 0.0011852341132861681 0.00055817518005092019 -0.00033560797389647841 0.00075422756930486931 8.8248196864746455e-05
leaf_weight=285783 33462 1081 2760 1017 2189 2041 1490 12779 1277 2057 1035 5130 4380 3221 2463 1861 1459 1495 1086 13161 1070 1048 1021 2504 12028 1165 1806 3952 2380 12638
leaf_count=285783 33462 1081 2760 1017 2189 2041 1490 12779 1277 2057 1035 5130 4380 3221 2463 1861 1459 1495 1086 13161 1070 1048 1021 2504 12028 1165 1806 3952 2380 12638
internal_value=1.38866e-06 -3.14677e-05 -2.62083e-05 -0.000107628 0.000480403 -0.00015859 -0.000642594 8.69403e-06 -5.32211e-06 -9.31994e-05 -0.000145783 6.09746e-05 -0.00011147 -0.000133964 -7.9167e-05 9.69181e-05 9.50127e-06 9.375e-05 3.06039e-06 -0.000245571 0.000106945 1.6049e-05 -0.000234123 5.93807e-05 0.0001025 0.000258031 3.63887e-05 5.98851e-06 5.59031e-05 0.00019379
internal_weight=420839 135056 133975 40199 3206 36993 3531 93776 91016 39138 37081 51878 35804 34769 30389 14765 12904 11445 9950 15624 8864 7794 4573 3525 46748 13944 32804 30998 27046 15018
internal_count=420839 135056 133975 40199 3206 36993 3531 93776 91016 39138 37081 51878 35804 34769 30389 14765 12904 11445 9950 15624 8864 7794 4573 3525 46748 13944 32804 30998 27046 15018
is_linear=0
shrinkage=0.08


Tree=128
num_leaves=31
num_cat=0
split_feature=1 0 0 1 3 0 0 1 1 0 1 0 1 3 3 0 3 3 1 1 3 3 1 1 0 1 1 1 1 0
split_gain=0.0269806 0.125397 0.123384 0.138989 0.478176 0.390909 0.188498 0.22424 0.179004 0.246089 0.27524 0.171176 0.141892 0.0971919 0.0944277 0.0942456 0.0855415 0.0841438 0.393083 0.200949 0.153221 0.112231 0.206271 0.203851 0.143847 0.156123 0.0787284 0.144799 0.100385 0.0766163
threshold=-0.30637000501155848 3.0926699638366704 1.0105999708175661 -1.0426700115203855 1.5000000000000002 1.6585099697113039 1.4419699907302859 -1.4141650199890134 -1.4929299950599668 2.432595014572144 -1.6856650114059446 2.9772551059722905 -1.3414850234985349 1.0000000180025095e-35 1.0000000180025095e-35 2.0220599174499516 1.0000000180025095e-35 1.0000000180025095e-35 -0.94235497713088978 -0.62649500370025624 1.5000000000000002 1.5000000000000002 -1.1817450523376463 -1.1238750219345091 0.068055000156164183 -1.6067100167274473 -0.32477499544620508 -0.33462999761104578 -0.31568500399589533 0.19200500100851062
decision_type=2 2 2 2 2 2 2 2 2 2 2 2 2 2 2 2 2 2 2 2 2 2 2 2 2 2 2 2 2 2
left_child=1 2 17 4 6 -6 12 16 9 10 15 26 -4 -13 -9 -7 -8 18 -1 21 -21 22 -19 24 25 -23 27 -5 -28 -25
right_child=-2 -3 3 11 5 8 7 14 -10 -11 -12 13 -14 -15 -16 -17 -18 19 -20 20 -22 23 -24 29 -26 -27 28 -29 -30 -31
leaf_value=-0.00041372438695443998 1.8074377275951088e-05 0.00020818969601909171 -0.00034289942750187659 -0.00012105389427645638 0.00010845386863652238 -0.00038036230912189082 0.00072089652110198345 0.00026708541229669372 -0.00029114589244940884 1.096132465766025e-05 -0.0021519595865254057 -0.00020937907894125326 0.00028978189336354695 -0.0012161345194547999 -0.00014815803811360471 -0.0012862516106625988 0.00031721065544107984 -0.00023831240770178086 0.00046318988054615647 0.00018398099126271721 -0.0006631131137282678 -0.00032198834218221929 0.00045837494086242345 0.00044609391180432291 0.00073028062892554037 0.0008231279547980503 -0.0011084372306757542 0.00074764716772651241 -5.5508996448567753e-05 -0.00022131879079964069
leaf_weight=8927 212665 14070 6152 80687 9545 1698 7208 7645 6725 1431 1340 1063 3594 1452 6472 1296 6292 6993 5164 2397 3179 2058 4451 1511 8145 1210 1156 1247 1162 4055
leaf_count=8927 212665 14070 6152 80687 9545 1698 7208 7645 6725 1431 1340 1063 3594 1452 6472 1296 6292 6993 5164 2397 3179 2058 4451 1511 8145 1210 1156 1247 1162 4055
internal_value=-1.97045e-06 -2.24329e-05 -3.9137e-05 -7.57082e-05 1.85784e-05 -0.000276993 0.000192893 0.000299638 -0.000571556 -0.00089866 -0.001199 -0.000140254 -0.000109588 -0.000790615 7.67152e-05 -0.000772491 0.000532749 7.20178e-05 -9.23572e-05 0.000140144 -0.000298966 0.000226288 3.26554e-05 0.000356798 0.000550378 0.000101999 -0.00012084 -0.000107833 -0.00058061 -4.01365e-05
internal_weight=420990 208325 194255 146165 59398 22035 37363 27617 12490 5765 4334 86767 9746 2515 14117 2994 13500 48090 14091 33999 5576 28423 11444 16979 11413 3268 84252 81934 2318 5566
internal_count=420990 208325 194255 146165 59398 22035 37363 27617 12490 5765 4334 86767 9746 2515 14117 2994 13500 48090 14091 33999 5576 28423 11444 16979 11413 3268 84252 81934 2318 5566
is_linear=0
shrinkage=0.08


Tree=129
num_leaves=31
num_cat=0
split_feature=1 0 1 0 3 1 0 1 0 0 1 1 0 1 0 1 0 0 0 0 3 1 0 1 1 3 0 1 0 1
split_gain=0.0219958 0.115411 0.174209 0.160515 0.192115 0.163714 0.163343 0.148411 0.131154 0.124788 0.0961548 0.0914697 0.114714 0.0812148 0.0799027 0.0675525 0.127561 0.276713 0.0890627 0.140997 0.0668922 0.0663663 0.0604908 0.0593221 0.0562788 0.106622 0.138259 0.104538 0.0984062 0.0788097
threshold=0.67494001984596264 1.6908349990844729 1.1169049739837649 2.7549300193786626 1.5000000000000002 1.2412949800491335 4.1758649349212655 0.93940499424934398 1.204385042190552 2.379024982452393 1.0095850229263308 0.81648501753807079 2.9938499927520756 0.70730501413345348 1.5003449916839602 0.59832498431205761 2.5880050659179692 3.2216100692749028 2.0706549882888798 1.41738498210907 1.0000000180025095e-35 1.5049049854278567 2.3686649799346928 0.7780749797821046 0.87480500340461742 1.5000000000000002 3.4521949291229252 1.2065849900245669 2.9460799694061284 1.7078699469566347
decision_type=2 2 2 2 2 2 2 2 2 2 2 2 2 2 2 2 2 2 2 2 2 2 2 2 2 2 2 2 2 2
left_child=15 2 14 4 5 13 11 9 -4 -6 -8 12 -5 -3 23 -1 18 -18 19 -17 -7 22 -9 -2 -13 26 27 -26 -27 -28
right_child=1 3 8 6 7 20 10 21 -10 -11 -12 24 -14 -15 -16 16 17 -19 -20 -21 -22 -23 -24 -25 25 28 29 -29 -30 -31
leaf_value=-1.0863388340611014e-05 -5.9816240170385659e-05 -0.00086233637176397508 -0.00082104490397487688 -0.00012731780085709706 0.00037247666322819865 0.00061469577472904888 0.00031155942145269364 -0.0006976208591386499 0.00024510275568687313 -0.00072236721958766491 -0.00048385350518997966 -0.0002974041203866847 0.00074514892986314769 -0.00011572340910252625 0.001077927554751446 0.00048948981996020571 -0.0012192733614812044 0.00017176376433545565 0.00047485899915529587 -0.00070434995948184787 4.6295151734078416e-05 -0.00033542245147791998 -0.001410301809272507 0.00059872765269093425 0.00054173399244980601 -0.00025483587431019984 -0.000421437204352624 3.4231248696097877e-06 0.00061429465016292224 0.00024329330369033588
leaf_weight=346828 1277 1021 1217 1334 1755 2886 1275 1893 1878 1074 4102 1897 3482 10751 1482 1022 2028 1668 1819 1664 2450 1478 1276 2784 4128 1019 4461 5239 4586 1534
leaf_count=346828 1277 1021 1217 1334 1755 2886 1275 1893 1878 1074 4102 1897 3482 10751 1482 1022 2028 1668 1819 1664 2450 1478 1276 2784 4128 1019 4461 5239 4586 1534
internal_value=-8.33146e-06 3.39747e-05 0.000306674 -6.89166e-06 -0.000161698 -1.38621e-05 0.000108235 -0.000500003 -0.000174122 -4.31693e-05 -0.000295244 0.000186613 0.000503481 -0.000180478 0.000575133 -1.62294e-05 -0.000243165 -0.0005915 4.26168e-05 -0.000250104 0.000353717 -0.000778114 -0.000984582 0.000391646 0.000119869 0.000157622 4.8652e-05 0.000240655 0.000456285 -0.000251346
internal_weight=421308 66279 8638 57641 24584 17108 33057 7476 3095 2829 5377 27680 4816 11772 5543 355029 8201 3696 4505 2686 5336 4647 3169 4061 22864 20967 15362 9367 5605 5995
internal_count=421308 66279 8638 57641 24584 17108 33057 7476 3095 2829 5377 27680 4816 11772 5543 355029 8201 3696 4505 2686 5336 4647 3169 4061 22864 20967 15362 9367 5605 5995
is_linear=0
shrinkage=0.08


Tree=130
num_leaves=31
num_cat=0
split_feature=0 0 1 1 1 1 2 1 0 1 0 1 2 1 0 2 2 1 0 1 1 0 1 0 0 1 1 0 0 1
split_gain=0.0576885 0.146991 0.0990435 0.0989671 0.138214 0.137601 0.244939 0.127025 0.171256 0.182341 0.114512 0.147516 0.269893 0.115388 0.109242 0.0910416 0.0836767 0.183996 0.0704237 0.0688331 0.154916 0.112048 0.0673622 0.064039 0.0670886 0.0607168 0.0512292 0.154807 0.14351 0.434282
threshold=2.9160000085830693 2.9460799694061284 -0.32477499544620508 -0.55522501468658436 0.51161000132560741 1.1742650270462038 2.5000000000000004 0.088804997503757491 3.1450550556182866 -0.183615006506443 3.3536950349807744 0.3613049983978272 1.0000000180025095e-35 0.28125999867916113 3.7150499820709233 1.0000000180025095e-35 1.5000000000000002 -0.93010500073432911 4.533104896545411 -0.30637000501155848 -0.45909999310970301 3.5667400360107426 -0.62649500370025624 3.109454989433289 3.3536950349807744 -1.0963900089263914 -0.30637000501155848 2.8882849216461186 2.8882849216461186 0.39720998704433447
decision_type=2 2 2 2 2 2 2 2 2 2 2 2 2 2 2 2 2 2 2 2 2 2 2 2 2 2 2 2 2 2
left_child=26 2 -2 16 7 6 -6 8 9 15 11 13 -13 -9 19 -5 22 -18 -7 20 -10 -21 23 -3 -25 -26 27 -1 -28 -30
right_child=1 3 -4 4 5 18 -8 10 14 -11 -12 12 -14 -15 -16 -17 17 -19 -20 21 -22 -23 -24 24 25 -27 28 -29 29 -31
leaf_value=5.2624176924278745e-06 7.7420918016054966e-05 -0.00032390720621428481 -0.00085303715457959539 0.00036777149746329655 0.00012019553001828918 -6.2446101731229646e-05 0.0013296807086393401 -0.0005736439470004649 -0.00083558762316796476 0.00083202125914627145 -0.00014455615692666605 -0.00020609279827487459 -0.0018962190688106711 0.00032640011412905448 0.00014278798746755994 -0.00053703116616974429 0.0013458286468991574 -6.8425729374798686e-05 -0.00056589790043490675 -0.00034442771043806912 0.00037550908699397105 -0.0012390926377578895 0.00065608144325187551 0.00044306341941011997 -0.00048396034908768185 0.00017387707845321093 5.3034311752989669e-05 -0.0009660848014796515 0.0018365477012178097 -0.00042904251056430316
leaf_weight=187210 1066 2634 2338 1378 17863 12361 1140 3237 1025 2546 7838 1151 1274 1269 4210 1472 1131 1228 2077 5010 1985 1091 1161 2764 1442 2380 147382 1056 1088 1078
leaf_count=187210 1066 2634 2338 1378 17863 12361 1140 3237 1025 2546 7838 1151 1274 1269 4210 1472 1131 1228 2077 5010 1985 1091 1161 2764 1442 2380 147382 1056 1088 1078
internal_value=1.28929e-05 -4.68336e-05 -0.000561654 -2.48364e-05 -6.37391e-05 5.1303e-05 0.000192753 -0.000178627 -4.02192e-05 0.000339994 -0.000354033 -0.000590922 -0.00109402 -0.000320169 -0.000194234 -9.95511e-05 0.000179531 0.000609625 -0.000134871 -0.000349964 -3.69076e-05 -0.000504415 8.17959e-05 9.48073e-06 0.000142816 -7.4318e-05 2.75801e-05 -1.85951e-07 6.25348e-05 0.000708982
internal_weight=420885 83071 3404 79667 66927 33441 19003 33486 18717 5396 14769 6931 2425 4506 13321 2850 12740 2359 14438 9111 3010 6101 10381 9220 6586 3822 337814 188266 149548 2166
internal_count=420885 83071 3404 79667 66927 33441 19003 33486 18717 5396 14769 6931 2425 4506 13321 2850 12740 2359 14438 9111 3010 6101 10381 9220 6586 3822 337814 188266 149548 2166
is_linear=0
shrinkage=0.08


Tree=131
num_leaves=31
num_cat=0
split_feature=1 1 1 3 1 2 3 1 1 2 1 1 1 2 1 3 1 1 1 2 1 1 1 1 1 1 1 1 1 1
split_gain=0.0374134 0.115667 0.106327 0.156831 0.0864105 0.0331513 0.0313884 0.0454542 0.14288 0.0551951 0.0394821 0.0613063 0.0496118 0.054789 0.05404 0.0417275 0.245079 0.180978 0.117949 0.108864 0.157049 0.170738 0.0708294 0.0508036 0.0508646 0.0622942 0.0729622 0.0436194 0.0381899 0.051571
threshold=-0.048845000565052026 -0.077974997460842119 -0.019685000181198117 1.0000000180025095e-35 -0.038644999265670769 1.0000000180025095e-35 1.0000000180025095e-35 -0.17487499862909314 -0.16489500552415845 1.0000000180025095e-35 -0.23984500020742414 -0.23081000149250028 -0.48770500719547266 2.5000000000000004 -0.49764500558376307 1.5000000000000002 -0.26767499744892115 -0.26767499744892115 -0.32477499544620508 1.0000000180025095e-35 -0.36375500261783594 -0.43033500015735621 -0.28711500763893122 -0.44987000524997706 -0.32477499544620508 -0.3443749994039535 -0.38268500566482538 -0.46833999454975123 -0.56571999192237843 -0.58586001396179188
decision_type=2 2 2 2 2 2 2 2 2 2 2 2 2 2 2 2 2 2 2 2 2 2 2 2 2 2 2 2 2 2
left_child=1 6 3 -2 -5 -3 28 10 -9 -10 12 -12 14 15 -8 17 18 22 19 -17 21 -21 23 27 25 26 -25 -14 29 -1
right_child=2 5 -4 4 -6 -7 7 8 9 -11 11 -13 13 -15 -16 16 -18 -19 -20 20 -22 -23 -24 24 -26 -27 -28 -29 -30 -31
leaf_value=7.6672890727456014e-05 -0.00014336687825102591 -0.00016279468122737184 3.9448860258690386e-05 0.0001967524448661151 0.0010890631804466324 -0.00057416220171843614 -3.100537929689018e-05 0.0010148510643341565 0.00032730693658455039 -9.0932979319684472e-05 -0.00078293970478153204 -0.0001105458965747885 7.014892477359656e-05 -0.00029913714561810708 -0.00060727131152906583 -0.00024619146437640657 0.0012593177577640213 -0.00082404573611322867 -0.00037186023053753314 0.00074644707046194055 0.0011917539939020876 -0.0002794531004166073 0.00076715326433318784 0.00036989618204378064 -0.00019831156470676568 0.00082811852348283854 -0.00023095284476582352 -0.00066835797553911603 -2.0894673343650968e-05 0.00059784574652568692
leaf_weight=54188 1964 2396 162948 1074 1966 2630 114924 1096 3024 6079 1016 5951 1041 2187 1051 2019 1312 1442 2562 1942 1346 2231 1007 3571 2050 1034 2028 1007 32471 1243
leaf_count=54188 1964 2396 162948 1074 1966 2630 114924 1096 3024 6079 1016 5951 1041 2187 1051 2019 1312 1442 2562 1942 1346 2231 1007 3571 2050 1034 2028 1007 32471 1243
internal_value=2.13348e-05 1.89334e-06 5.06035e-05 0.000413836 0.000773819 -0.000378055 9.59895e-06 -1.15093e-05 0.000151904 4.80056e-05 -2.26411e-05 -0.000208601 -1.35654e-05 8.45807e-05 -3.62277e-05 0.000118705 0.000230696 2.17375e-05 9.70767e-05 0.000256458 0.000440341 0.000197973 0.000125641 6.54414e-05 0.000149978 0.000257621 0.000152264 -0.000292974 4.80012e-05 8.83598e-05
internal_weight=420800 252848 167952 5004 3040 5026 247822 159920 10199 9103 149721 6967 142754 26779 115975 24592 11412 13180 10100 7538 5519 4173 11738 10731 8683 6633 5599 2048 87902 55431
internal_count=420800 252848 167952 5004 3040 5026 247822 159920 10199 9103 149721 6967 142754 26779 115975 24592 11412 13180 10100 7538 5519 4173 11738 10731 8683 6633 5599 2048 87902 55431
is_linear=0
shrinkage=0.08


Tree=132
num_leaves=31
num_cat=0
split_feature=0 0 0 2 3 0 2 0 3 2 2 0 3 0 0 0 0 0 0 0 0 0 0 0 0 3 2 0 3 0
split_gain=0.0179024 0.0131264 0.0198109 0.0131821 0.0225108 0.0123235 0.012137 0.00903217 0.0429653 0.128426 0.0221113 0.249162 0.117311 0.0886722 0.244502 0.0516886 0.154571 0.113161 0.0806063 0.0548598 0.110666 0.0292114 0.0276468 0.0273758 0.0686669 0.015261 0.0139075 0.074921 0.153513 0.219425
threshold=-0.86175999045371998 -0.094705000519752489 1.0000000180025095e-35 1.0000000180025095e-35 1.5000000000000002 5.082170009613038 1.5000000000000002 4.1758649349212655 1.5000000000000002 1.5000000000000002 2.5000000000000004 3.5367751121521001 1.5000000000000002 2.6228849887847905 2.1199750900268559 2.5995650291442876 2.8068499565124516 3.1268450021743779 2.3585050106048588 0.90217000246047985 1.6585099697113039 1.3419350385665896 1.5471750497817995 1.8737050294876101 2.1199750900268559 1.0000000180025095e-35 1.5000000000000002 1.7942299842834475 1.5000000000000002 1.7220399975776675
decision_type=2 2 2 2 2 2 2 2 2 2 2 2 2 2 2 2 2 2 2 2 2 2 2 2 2 2 2 2 2 2
left_child=-1 3 -3 4 -2 7 -5 10 25 -10 26 12 13 14 22 18 -17 -18 19 -14 21 -21 -12 -22 -25 -9 -4 28 -28 -30
right_child=1 2 5 6 -6 -7 -8 8 9 -11 11 -13 15 -15 -16 16 17 -19 -20 20 23 -23 -24 24 -26 -27 27 -29 29 -31
leaf_value=0.00025009675340412186 -6.4038361442924756e-05 0.00026558202415488728 -3.6975671028724993e-06 0.000101281187943964 -0.00047458643240585536 -0.00021814735498458412 -0.00020709378420404344 7.9484691010636989e-05 -0.00020209596318582736 0.0010286627500571918 0.00086308922305468382 -0.0012150510758441259 0.00035350413913163014 0.0009145791502759089 -0.00085919378869893923 0.00091419440032293399 -0.0006908137579018078 0.00034631422655331633 -0.00078064987954220915 -0.00032767762508149098 0.00034150895005721055 -0.00080787826497058946 0.00030414027924974925 -0.00043482562500310912 0.00030078906886779041 -0.00017877209619657168 0.00042217683087737799 -3.0902998105936222e-05 -9.7175103213911448e-05 0.001096188621022162
leaf_weight=1821 2339 1798 319583 2480 1347 1659 1218 3578 1131 1043 1192 1172 1289 1246 1092 1125 1428 1274 1407 1621 1371 1622 1079 1706 1550 2479 8489 37773 13156 1066
leaf_count=1821 2339 1798 319583 2480 1347 1659 1218 3578 1131 1043 1192 1172 1289 1246 1092 1125 1428 1274 1407 1621 1371 1622 1079 1706 1550 2479 8489 37773 13156 1066
internal_value=-1.96467e-07 -1.28344e-06 6.11638e-07 -0.000107004 -0.000214068 -5.49983e-07 -2.87421e-07 3.33784e-07 8.32882e-05 0.000388374 -1.37218e-06 -8.29873e-05 -1.31642e-05 0.000338098 0.000124511 -0.000125647 0.000126258 -0.000201805 -0.000216887 -0.000130283 -0.00020952 -0.000567852 0.000597521 4.16294e-05 -8.46405e-05 -2.62143e-05 2.95996e-06 3.81367e-05 0.000152964 -7.72737e-06
internal_weight=421134 419313 411929 7384 3686 410131 3698 408472 8231 2174 400241 20174 19002 4609 3363 14393 3827 2702 10566 9159 7870 3243 2271 4627 3256 6057 380067 60484 22711 14222
internal_count=421134 419313 411929 7384 3686 410131 3698 408472 8231 2174 400241 20174 19002 4609 3363 14393 3827 2702 10566 9159 7870 3243 2271 4627 3256 6057 380067 60484 22711 14222
is_linear=0
shrinkage=0.08


Tree=133
num_leaves=31
num_cat=0
split_feature=2 1 1 3 1 1 1 1 1 1 1 1 1 1 1 1 3 1 1 1 1 1 1 1 1 3 2 1 1 1
split_gain=0.0444503 0.115939 0.276228 0.125716 0.223664 0.178149 0.160272 0.120446 0.168148 0.130082 0.0649893 0.121593 0.0316816 0.0241455 0.0382677 0.021938 0.0584093 0.028693 0.0309242 0.0267385 0.12771 0.114952 0.0752982 0.0676991 0.0728604 0.110011 0.0672383 0.0574223 0.0830648 0.0564593
threshold=2.5000000000000004 0.028725000098347667 -0.16489500552415845 1.5000000000000002 1.2412949800491335 0.56772500276565563 0.31440499424934393 -0.27762499451637263 -0.71717000007629383 -1.0555550456047056 0.79767498373985302 0.56772500276565563 -1.4929299950599668 -0.53527498245239247 -0.39229500293731684 1.7959049940109255 1.5000000000000002 2.2294049263000493 2.5474849939346318 0.17137499898672107 0.21464500576257708 0.22573500126600268 0.23696500062942508 -0.010024999734014271 -0.029110000468790528 1.0000000180025095e-35 1.0000000180025095e-35 0.28125999867916113 0.29242499172687536 0.19293499737977984
decision_type=2 2 2 2 2 2 2 2 2 2 2 2 2 2 2 2 2 2 2 2 2 2 2 2 2 2 2 2 2 2
left_child=15 2 7 5 6 -3 -5 8 9 12 11 -8 -2 -10 -15 19 17 -17 -19 23 26 -22 -23 24 -1 -26 -21 -24 -29 -28
right_child=1 3 -4 4 -6 -7 10 -9 13 -11 -12 -13 -14 14 -16 16 -18 18 -20 20 21 22 27 -25 25 -27 29 28 -30 -31
leaf_value=1.0038740175313665e-06 -0.00028334610659692906 0.00054648574034161287 -0.00095977248259164016 0.00093577097197613407 0.0016078469532979825 -0.00094324735476192245 0.00026005003058068621 0.00093871607523836385 -0.00062536881759740444 0.00077046512681821307 0.00049122041352473356 -0.00088176277662921018 0.00020462453622621931 7.4591425601782242e-05 -0.00057876925498775978 -0.00013056615902132124 -0.00045920092242315456 0.00054680390370342492 -5.7378660354961934e-05 0.00013408460793332141 -0.00066875497046263877 0.00057416061694194175 -0.00021750544181100629 -0.00012579954773994997 -0.00017196394361941648 0.00079466829397099382 0.00031037023456226433 0.00062439963807262163 2.5587313285139754e-05 0.0010016945891165262
leaf_weight=244498 1489 1031 1766 1808 1023 1024 1412 1039 1523 2307 1225 1034 1989 1292 1032 3428 2386 1072 1097 3163 1536 1593 6138 27788 1293 1806 1488 1505 99485 1537
leaf_count=244498 1489 1031 1766 1808 1023 1024 1412 1039 1523 2307 1225 1034 1989 1292 1032 3428 2386 1072 1097 3163 1536 1593 6138 27788 1293 1806 1488 1505 99485 1537
internal_value=9.47407e-06 0.00012294 -3.30005e-05 0.000349589 0.000521977 -0.000195844 0.000319231 0.000120376 3.21018e-05 0.000304677 1.55797e-05 -0.00022263 -4.28526e-06 -0.000377789 -0.000215541 3.51601e-06 -0.000127772 1.35159e-05 0.000241231 6.19083e-06 3.83288e-05 1.8481e-05 2.81902e-05 -7.39856e-06 5.88968e-06 0.000391359 0.000391976 2.00716e-05 3.45111e-05 0.000661632
internal_weight=420807 20994 12437 8557 6502 2055 5479 10671 9632 5785 3671 2446 3478 3847 2324 399813 7983 5597 2169 391830 116445 110257 108721 275385 247597 3099 6188 107128 100990 3025
internal_count=420807 20994 12437 8557 6502 2055 5479 10671 9632 5785 3671 2446 3478 3847 2324 399813 7983 5597 2169 391830 116445 110257 108721 275385 247597 3099 6188 107128 100990 3025
is_linear=0
shrinkage=0.08


Tree=134
num_leaves=31
num_cat=0
split_feature=0 0 0 1 1 1 1 1 0 0 1 3 3 0 0 1 0 0 0 0 1 1 1 3 0 1 0 0 1 1
split_gain=0.0131137 0.0992399 0.0883348 0.284906 0.42334 0.139978 0.0567982 0.180112 0.207457 0.0892902 0.128292 0.0946314 0.0844142 0.113343 0.113092 0.0761415 0.0760682 0.0608508 0.0590368 0.0530977 0.0527235 0.0458289 0.0441873 0.226695 0.5539 0.242122 0.236263 0.220368 0.175312 0.174427
threshold=2.2271099090576176 2.2468349933624272 2.1976850032806401 -0.1457250043749809 -0.64591500163078297 0.33736500144004827 -0.81524500250816334 -0.99174499511718739 3.0750999450683598 2.4114799499511723 -1.0825649499893186 1.0000000180025095e-35 1.5000000000000002 2.9938499927520756 2.6582949161529545 -0.75962001085281361 3.3771350383758549 2.4540600776672368 2.3175349235534672 2.90184497833252 -0.72773000597953785 0.019785000011324886 -0.019685000181198117 1.0000000180025095e-35 2.4754049777984624 -0.12706499546766278 2.4857599735260014 3.3080149888992314 0.0091149997897446173 -0.30637000501155848
decision_type=2 2 2 2 2 2 2 2 2 2 2 2 2 2 2 2 2 2 2 2 2 2 2 2 2 2 2 2 2 2
left_child=2 21 -1 4 -4 -5 7 9 17 11 12 -3 16 14 -14 -8 -11 -9 -13 -12 -17 -2 23 26 25 -25 -22 -26 -24 -29
right_child=1 6 3 5 -6 -7 15 8 -10 10 19 18 13 -15 -16 20 -18 -19 -20 -21 22 -23 28 24 27 -27 -28 29 -30 -31
leaf_value=3.4070704445769015e-08 -0.00069068931185382659 0.00019237795031064016 5.8455856646129448e-05 -0.0010288191581096886 0.0020941472362117825 0.00026102945179143556 0.00043147493394950226 -0.00032358836845708595 0.00029888330706189301 0.00024259635363588718 0.00031036234688591253 -0.00018520744130447894 -0.00010534012179957759 0.00030256488560189608 -0.0010787208601164245 -0.0004510252057562583 -0.00047200047226717955 -0.00087976847003854385 -0.00090159308725728713 0.0010532390711561897 -0.00061902270000724216 -7.8277217654123846e-05 -0.00072100046546945938 0.00062755467476146285 0.00015939559655137156 0.001923433631913711 1.5930602569861573e-05 1.8161297124212534e-05 -1.1250240183318484e-05 -0.000886821684345628
leaf_weight=233991 2038 1593 1597 1008 1107 1156 2641 1895 1773 7152 1487 1363 1644 1440 1427 1654 1100 3751 1601 1051 4955 1269 2280 5866 16119 1095 15429 2759 96376 2694
leaf_count=233991 2038 1593 1597 1008 1107 1156 2641 1895 1773 7152 1487 1363 1644 1440 1427 1654 1100 3751 1601 1051 4955 1269 2280 5866 16119 1095 15429 2759 96376 2694
internal_value=-5.28424e-06 -2.14333e-05 7.05122e-06 0.000344346 0.000891855 -0.000339787 -1.3417e-05 -0.000119706 -0.000456031 5.94527e-06 9.85224e-05 -0.0003049 -4.77723e-06 -0.000283046 -0.00055764 5.67357e-06 0.00014734 -0.000693094 -0.000572162 0.000617992 -1.86221e-06 -0.000455688 3.17202e-06 6.534e-05 0.000210903 0.000831403 -0.000138416 1.06762e-05 -2.7653e-05 -0.000428936
internal_weight=421311 182452 238859 4868 2704 2164 179145 27277 7419 19858 15301 4557 12763 4511 3071 151868 8252 5646 2964 2538 149227 3307 147573 48917 28533 6961 20384 21572 98656 5453
internal_count=421311 182452 238859 4868 2704 2164 179145 27277 7419 19858 15301 4557 12763 4511 3071 151868 8252 5646 2964 2538 149227 3307 147573 48917 28533 6961 20384 21572 98656 5453
is_linear=0
shrinkage=0.08


Tree=135
num_leaves=31
num_cat=0
split_feature=1 1 0 0 3 1 1 0 0 3 3 0 1 0 1 1 3 1 0 1 0 1 0 0 0 0 0 0 0 1
split_gain=0.0457141 0.0876133 0.077394 0.0708391 0.261344 0.378413 0.237798 0.282478 0.260814 0.3328 0.249642 0.459103 0.24194 0.191938 0.147186 0.137617 0.372401 0.179029 0.0991203 0.0918574 0.1371 0.157449 0.0857185 0.201737 0.0849764 0.0848164 0.114037 0.0845741 0.0749023 0.103837
threshold=-0.66677498817443837 -0.64591500163078297 1.5241850018501284 1.6689050197601321 1.0000000180025095e-35 -1.4337149858474729 -0.90645498037338246 1.8044949769973757 2.9938499927520756 1.5000000000000002 1.5000000000000002 2.7671899795532231 -1.2573850154876707 1.4893950223922732 -1.6067100167274473 -1.2573850154876707 1.5000000000000002 -1.3767949938774107 -0.20289999991655347 -1.1961200237274168 2.3686649799346928 -1.3588299751281736 0.83878999948501598 0.67432001233100902 1.8143450021743777 2.6344399452209477 2.3585050106048588 2.0220599174499516 2.0412049293518071 -0.74922999739646901
decision_type=2 2 2 2 2 2 2 2 2 2 2 2 2 2 2 2 2 2 2 2 2 2 2 2 2 2 2 2 2 2
left_child=3 2 -2 13 5 -5 8 -8 9 12 25 28 -6 15 -11 16 -1 18 -18 20 21 -16 23 -20 -7 26 27 -9 -12 -30
right_child=1 -3 -4 4 6 24 7 10 -10 14 11 -13 -14 -15 19 -17 17 -19 22 -21 -22 -23 -24 -25 -26 -27 -28 -29 29 -31
leaf_value=-0.00029033622525488525 0.00012450335956781523 -1.3077560079685306e-05 -0.00069226821256931762 0.00074397702741307522 0.00029166006899991099 0.00046571197262525464 -0.00095049926872061233 -0.00059736313790264997 0.0003734829965311895 -0.00098693827879688437 0.00058087671632196423 -0.00050677322899584233 -0.00041724814948739734 0.00039481597883045546 -0.00095305397515331382 0.00016296171994245931 -0.00023878276177708474 -0.00046880506540283813 0.00039046732339998005 -0.00067228542261831242 0.0004274740975875941 0.00012647826806492675 0.00020679330722363912 0.0015428862885114223 -4.9156510722105742e-05 0.00032109519528787363 -0.0010357564614078846 0.00032354588337694853 0.00095897350578413496 0.0019587133598559605
leaf_weight=20605 1106 270929 2259 5892 6574 2330 1336 1064 3653 4462 1233 1571 5799 11274 1943 30429 1670 2032 4462 5222 1568 1558 5908 1243 17168 2037 1032 1595 1807 1052
leaf_count=20605 1106 270929 2259 5892 6574 2330 1336 1064 3653 4462 1233 1571 5799 11274 1943 30429 1670 2032 4462 5222 1568 1558 5908 1243 17168 2037 1032 1595 1807 1052
internal_value=1.15482e-06 -1.81164e-05 -0.000423814 3.72319e-05 -2.18123e-05 0.000182147 -0.000140842 0.000150018 -0.000261112 -0.000346571 0.000279093 0.00065575 -4.05923e-05 8.9638e-05 -0.000603189 3.77822e-05 -6.82614e-05 0.000230521 0.000337502 -0.000436802 -0.00019421 -0.000472645 0.000420374 0.000641555 1.237e-05 -9.32906e-05 -0.000321983 -4.49563e-05 0.00110207 0.00132684
internal_weight=420813 274294 3365 146519 68896 25390 43506 12727 30779 27126 11391 5663 12373 77623 14753 66349 35920 15315 13283 10291 5069 3501 11613 5705 19498 5728 3691 2659 4092 2859
internal_count=420813 274294 3365 146519 68896 25390 43506 12727 30779 27126 11391 5663 12373 77623 14753 66349 35920 15315 13283 10291 5069 3501 11613 5705 19498 5728 3691 2659 4092 2859
is_linear=0
shrinkage=0.08


Tree=136
num_leaves=31
num_cat=0
split_feature=3 0 0 0 0 2 0 2 0 0 0 0 0 0 0 2 0 2 0 0 0 0 0 0 0 0 0 0 0 0
split_gain=0.0343868 0.098943 0.0925477 0.0861003 0.0463181 0.137006 0.0837083 0.070281 0.0690454 0.0513334 0.126444 0.184543 0.115651 0.0828366 0.0937654 0.0494034 0.050214 0.046158 0.158557 0.188881 0.133733 0.106365 0.196834 0.0746165 0.0581543 0.144616 0.120978 0.0530425 0.0511462 0.039738
threshold=1.5000000000000002 1.5585249662399294 1.5806699991226199 -0.52781498432159413 4.1758649349212655 1.5000000000000002 3.7580599784851079 2.5000000000000004 3.3080149888992314 3.1631100177764897 2.7801799774169926 2.7306900024414067 2.8320949077606206 3.0576651096343999 3.109454989433289 1.5000000000000002 2.9160000085830693 1.0000000180025095e-35 1.7220399975776675 1.8143450021743777 1.6476950049400332 2.379024982452393 2.2772949934005742 2.5764749050140385 2.4114799499511723 2.5537600517272954 2.6109099388122563 2.6582949161529545 2.4649250507354741 3.3771350383758549
decision_type=2 2 2 2 2 2 2 2 2 2 2 2 2 2 2 2 2 2 2 2 2 2 2 2 2 2 2 2 2 2
left_child=-1 3 -3 -2 6 -6 7 9 -9 10 11 17 -12 15 -15 16 -14 18 -4 -20 -19 22 -21 -23 -22 28 -27 -28 -26 -11
right_child=1 2 4 -5 5 -7 -8 8 -10 29 12 -13 13 14 -16 -17 -18 20 19 21 24 23 -24 -25 25 26 27 -29 -30 -31
leaf_value=2.0023567162404265e-05 0.00039305811022629055 0.00075057549345488943 -0.00052364357465109566 -0.00013972690315855563 -0.00020460679547432337 0.0009607474677666161 -0.00040386939737923223 -0.00023776505203705042 0.00045010583104988615 -0.00032865262387645931 0.00098312167815394098 -0.00081574393953412873 0.00060333679719226164 0.0010980040390821985 9.1216118999258176e-05 -0.00024265500885445359 -1.1605061419272123e-06 0.00062060825399198817 0.0012700775458774469 0.00017284383537339681 -9.5419745219948524e-05 -0.00052199470453102208 0.0013652093815643672 0.00028375678066999764 0.00013557371573277526 -0.00074562891898402649 0.00053081125283692984 -0.00015129544804918941 0.0007135434092194788 2.6030467145725317e-05
leaf_weight=285778 2023 1106 1741 48036 1364 1226 3107 9647 1034 3780 1508 1621 1456 1246 1128 2177 2221 2129 1146 5452 24879 1864 1058 1215 1605 1529 1235 1783 2516 4346
leaf_count=285778 2023 1106 1741 48036 1364 1226 3107 9647 1034 3780 1508 1621 1456 1246 1128 2177 2221 2129 1146 5452 24879 1864 1058 1215 1605 1529 1235 1783 2516 4346
internal_value=4.29801e-06 -2.89472e-05 2.35405e-05 -0.000118196 1.39693e-05 0.000347024 3.37513e-06 1.95316e-05 -0.000171174 4.9648e-05 7.54024e-05 2.38272e-05 0.000339069 0.000221029 0.000619631 5.93818e-05 0.000238205 5.20907e-05 0.000184542 0.000299396 5.77205e-06 0.000183387 0.000366626 -0.000204038 -3.32474e-05 0.0001452 -0.000165884 0.00012783 0.000488442 -0.000138959
internal_weight=420956 135178 85119 50059 84013 2590 81423 78316 10681 67635 59509 49773 9736 8228 2374 5854 3677 48152 12476 10735 35676 9589 6510 3079 33547 8668 4547 3018 4121 8126
internal_count=420956 135178 85119 50059 84013 2590 81423 78316 10681 67635 59509 49773 9736 8228 2374 5854 3677 48152 12476 10735 35676 9589 6510 3079 33547 8668 4547 3018 4121 8126
is_linear=0
shrinkage=0.08


Tree=137
num_leaves=31
num_cat=0
split_feature=0 0 3 0 0 2 0 3 0 0 0 0 0 0 0 0 0 0 3 3 0 2 0 3 2 0 0 0 0 0
split_gain=0.0327346 0.121739 0.0964392 0.083695 0.127281 0.14555 0.120934 0.187663 0.128243 0.105266 0.134157 0.0933458 0.061306 0.135666 0.110368 0.163134 0.0982946 0.0571595 0.0468041 0.0439323 0.0408287 0.105114 0.13374 0.0700417 0.0655181 0.0523465 0.146322 0.0520382 0.041424 0.0599891
threshold=2.6939949989318852 2.3894050121307377 1.5000000000000002 2.4540600776672368 2.4857599735260014 1.0000000180025095e-35 2.5085849761962895 1.0000000180025095e-35 2.5644600391387944 2.4429149627685551 2.432595014572144 2.6582949161529545 2.4857599735260014 2.432595014572144 2.6109099388122563 2.5764749050140385 2.5418000221252446 2.6459350585937504 1.0000000180025095e-35 1.0000000180025095e-35 2.8882849216461186 1.5000000000000002 2.8457649946212773 1.5000000000000002 1.0000000180025095e-35 2.7549300193786626 2.7932350635528569 2.8743100166320805 2.7801799774169926 2.7932350635528569
decision_type=2 2 2 2 2 2 2 2 2 2 2 2 2 2 2 2 2 2 2 2 2 2 2 2 2 2 2 2 2 2
left_child=1 -1 3 9 19 6 -6 11 -9 10 -3 -8 13 -4 15 16 -14 -16 -7 -5 21 23 25 27 -25 -23 -27 28 -2 -30
right_child=20 2 12 4 5 18 7 8 -10 -11 -12 -13 14 -15 17 -17 -18 -19 -20 -21 -22 22 -24 24 -26 26 -28 -29 29 -31
leaf_value=-5.3855672803400008e-07 -1.4476315011463634e-05 0.0003540960545337455 7.6917077919967972e-05 -0.00070017283044113631 0.00093374891068504981 4.1709879684177908e-05 -0.00020531989718955722 0.0013266902126822053 0.0003080881124335516 0.00097974473662385789 -0.00061767469349174734 0.00051974548141160259 -5.4143369878973424e-05 0.00098548031202996692 0.00094123111188471596 -0.00073430044137590394 0.00078628173653940206 0.00027032004158687522 -0.00033531002095977316 -0.00013057306219183524 -4.5518820390003585e-06 -0.00057939455735017578 -0.0012465901742943109 0.00070089085341840899 9.0212970032011303e-06 0.00072322716838190716 -0.00054004698343221649 0.00042607268256933932 -0.0008366154642792861 -0.00018900296342082884
leaf_weight=265196 7372 4758 1916 1956 1443 3578 6188 1144 2564 1239 1124 1392 2427 2332 1462 1481 1407 1830 5127 1556 86062 1670 1055 1430 2261 1031 1362 1081 1069 6372
leaf_count=265196 7372 4758 1916 1956 1443 3578 6188 1144 2564 1239 1124 1392 2427 2332 1462 1481 1407 1830 5127 1556 86062 1670 1055 1430 2261 1031 1362 1081 1069 6372
internal_value=6.75765e-06 2.00913e-05 0.000141874 6.76622e-05 -1.38564e-06 7.1755e-05 0.000244131 0.000155974 0.000622349 0.000309567 0.000168399 -7.2168e-05 0.000327007 0.000575686 0.000204271 -2.11865e-05 0.000254276 0.000568276 -0.000180344 -0.00044781 -3.05739e-05 -0.000121231 -0.000444048 -3.68717e-05 0.000277072 -0.00023566 4.22199e-06 -0.000109778 -0.000148882 -0.000282041
internal_weight=420885 310120 44924 32069 24948 21436 12731 11288 3708 7121 5882 7580 12855 4248 8607 5315 3834 3292 8705 3512 110765 24703 5118 19585 3691 4063 2393 15894 14813 7441
internal_count=420885 310120 44924 32069 24948 21436 12731 11288 3708 7121 5882 7580 12855 4248 8607 5315 3834 3292 8705 3512 110765 24703 5118 19585 3691 4063 2393 15894 14813 7441
is_linear=0
shrinkage=0.08


Tree=138
num_leaves=31
num_cat=0
split_feature=3 0 1 1 1 0 1 0 0 0 0 0 1 0 0 0 1 0 0 1 0 1 0 0 1 0 1 1 0 0
split_gain=0.0241908 0.156816 0.649315 0.59795 0.492203 0.828886 0.277716 0.193671 0.259914 0.193489 0.167363 0.161335 0.162214 0.518922 0.193931 0.161283 0.195543 0.146193 0.144682 0.272094 0.451124 0.316445 0.219608 0.476276 0.341216 0.16963 0.170753 0.480249 0.37564 0.206963
threshold=1.5000000000000002 1.5241850018501284 -0.90645498037338246 -0.91800001263618458 0.34965500235557562 3.2216100692749028 0.3030299991369248 1.5806699991226199 2.4114799499511723 3.4005050659179692 1.6802250146865847 2.2072451114654545 0.69082999229431163 1.9626049995422366 1.9327149987220766 1.1135549545288088 -0.45909999310970301 2.2971749305725102 2.5537600517272954 -0.048845000565052026 2.8599900007247929 -0.16489500552415845 2.7932350635528569 2.6459350585937504 -0.54500499367713917 2.4649250507354741 -0.16489500552415845 -0.23081000149250028 2.28746509552002 1.8240849971771242
decision_type=2 2 2 2 2 2 2 2 2 2 2 2 2 2 2 2 2 2 2 2 2 2 2 2 2 2 2 2 2 2
left_child=-1 2 -2 7 5 10 15 -3 -9 11 -5 12 13 -6 -14 16 -4 -13 25 21 -21 22 23 -20 -24 26 27 -12 29 -28
right_child=1 3 6 4 9 -7 -8 8 -10 -11 18 17 14 -15 -16 -17 -18 -19 19 20 -22 -23 24 -25 -26 -27 28 -29 -30 -31
leaf_value=-4.9183949849663924e-06 0.00023354360652629025 0.00075671856498601628 -0.0003292379340765563 2.0766862651188825e-05 -0.00029619657193605346 -0.00051813163360590702 0.00015058490917991828 -0.00057381066745882444 7.2700398489528422e-05 0.00034420648707212851 0.00065582262621031507 -0.001232314280820888 0.00032803363962742067 0.0018414310398679658 -0.00079955623778270703 -0.0002186609768640814 -0.00097719685899641182 -0.00026425499714975665 -0.00045525455864797352 5.5047233180777242e-05 0.0018468499705049653 -0.0012235767528448952 -0.0011299404762344155 0.0017222590949949716 0.00053708838396653122 0.0014148244142055545 0.0015009374386870276 0.0024067137711485638 -0.00072836405164075646 0.00037255144089844502
leaf_weight=285632 22593 1055 5533 3829 1785 5681 5487 11958 5965 5805 11323 1088 2058 1226 1857 8243 6462 12123 1103 1908 1701 1068 1365 1541 1852 1922 1345 1100 1675 4592
leaf_count=285632 22593 1055 5533 3829 1785 5681 5487 11958 5965 5805 11323 1088 2058 1226 1857 8243 6462 12123 1103 1908 1701 1068 1365 1541 1852 1922 1345 1100 1675 4592
internal_value=8.27912e-06 3.61522e-05 -7.93914e-05 0.000100378 0.000211267 0.000380478 -0.000354227 -0.00029664 -0.000358644 -6.27169e-05 0.000521019 -0.000180023 0.000132717 0.000574189 -0.000206816 -0.000491093 -0.000678309 -0.00034398 0.000579966 0.000336299 0.000899563 4.29203e-05 0.000273703 0.000813864 -0.000170246 0.000696911 0.00062804 0.000810856 0.000329678 0.000628182
internal_weight=420875 135243 48318 86925 67947 42005 25725 18978 17923 25942 36324 20137 6926 3011 3915 20238 11995 13211 32495 10538 3609 6929 5861 2644 3217 21957 20035 12423 7612 5937
internal_count=420875 135243 48318 86925 67947 42005 25725 18978 17923 25942 36324 20137 6926 3011 3915 20238 11995 13211 32495 10538 3609 6929 5861 2644 3217 21957 20035 12423 7612 5937
is_linear=0
shrinkage=0.08


Tree=139
num_leaves=31
num_cat=0
split_feature=0 0 1 1 0 1 1 0 0 1 0 1 0 1 1 1 2 1 1 1 1 0 1 1 1 1 1 0 0 0
split_gain=0.0471809 0.12544 0.171174 0.255165 0.367555 0.386766 0.238241 0.342874 0.233243 0.222849 0.177186 0.160371 0.146101 0.119917 0.105644 0.134745 0.216392 0.0972115 0.239916 0.0933327 0.0911292 0.17181 0.123984 0.078283 0.132166 0.363169 0.323867 0.135598 0.119605 0.117553
threshold=2.3894050121307377 2.6582949161529545 -0.45909999310970301 0.15037500113248828 2.5085849761962895 -0.2494000047445297 -0.25847500562667841 2.4649250507354741 2.6109099388122563 -0.077974997460842119 2.5418000221252446 -0.61636999249458302 2.5764749050140385 -0.72773000597953785 -1.922450006008148 -1.4718450307846067 1.0000000180025095e-35 0.258779987692833 0.38528500497341162 -0.91800001263618458 0.67494001984596264 2.4754049777984624 1.2412949800491335 -0.44005499780178065 0.088804997503757491 0.069035001099109664 0.11964499950408937 2.3585050106048588 1.754070043563843 2.2072451114654545
decision_type=2 2 2 2 2 2 2 2 2 2 2 2 2 2 2 2 2 2 2 2 2 2 2 2 2 2 2 2 2 2
left_child=23 2 8 4 6 -6 -4 -8 11 -7 17 13 -11 19 -3 16 -16 -5 -19 -2 21 -20 -22 -1 25 27 28 29 -26 -25
right_child=1 14 3 10 5 9 7 -9 -10 12 -12 -13 -14 -15 15 -17 -18 18 20 -21 22 -23 -24 24 26 -27 -28 -29 -30 -31
leaf_value=1.8660477933217797e-05 -3.0457630030780279e-05 -0.00078731824861000212 0.00028935430374585396 0.00055172774471499574 0.0010681067243038316 -0.00098183394130160512 0.00084510281280386959 0.0025118636509357055 0.00071334471856005172 0.00093901148617475606 0.00037444116266011545 -0.00082482171876430393 -0.00035609704087603378 0.0005927276202643486 -0.00011553449699489205 -1.2414818106081923e-05 0.0014755162859850424 -0.0012970073366056075 0.00090230956981892968 -0.00065985817106301058 -0.00062491153216075689 -0.00046604019747205274 0.00030668586247944665 -0.0001438276383823447 0.00035592361156001586 -0.0012615258484595482 -2.7816965023512411e-05 -0.00098453223491488571 0.0014144689165512692 0.00023368030024656803
leaf_weight=144810 5879 1102 1689 1044 1943 1759 2173 1241 2048 1003 6692 2216 1255 1480 1184 112356 1017 1226 1368 2028 2679 1029 1388 47707 1430 1845 60866 1138 1308 5936
leaf_count=144810 5879 1102 1689 1044 1943 1759 2173 1241 2048 1003 6692 2216 1255 1480 1184 112356 1017 1226 1368 2028 2679 1029 1388 47707 1430 1845 60866 1138 1308 5936
internal_value=-4.18699e-07 3.45185e-05 0.000156369 0.000274965 0.000568161 0.000141479 0.0010665 0.00145098 -7.37595e-05 -0.000306726 6.46946e-05 -0.000212688 0.000219188 -6.81811e-05 -7.77023e-06 -2.71237e-07 0.000619631 -0.000172634 -0.000270973 -0.000191887 -7.63697e-05 0.000314895 -0.000306973 -2.09559e-05 -6.86716e-05 -0.000157567 1.04709e-05 -0.000120386 0.000861613 -0.000102054
internal_weight=420839 155799 40140 26489 11063 5960 5103 3414 13651 4017 15426 11603 2258 9387 115659 114557 2201 8734 7690 7907 6464 2397 4067 265040 120230 56626 63604 54781 2738 53643
internal_count=420839 155799 40140 26489 11063 5960 5103 3414 13651 4017 15426 11603 2258 9387 115659 114557 2201 8734 7690 7907 6464 2397 4067 265040 120230 56626 63604 54781 2738 53643
is_linear=0
shrinkage=0.08


Tree=140
num_leaves=31
num_cat=0
split_feature=0 2 0 0 2 2 2 0 0 0 0 0 3 0 0 2 0 0 0 0 0 3 2 0 0 0 0 0 3 0
split_gain=0.0147003 0.146052 0.124134 0.110579 0.144192 0.11586 0.0803014 0.0842788 0.145707 0.119702 0.111516 0.0966327 0.081918 0.125655 0.121422 0.185249 0.108468 0.117311 0.104312 0.10194 0.0983117 0.0646318 0.0803397 0.0642571 0.055746 0.143647 0.10535 0.0505055 0.0500272 0.102665
threshold=1.7330700159072878 1.0000000180025095e-35 1.6585099697113039 1.7839150428771975 1.5000000000000002 1.0000000180025095e-35 2.5000000000000004 2.2772949934005742 2.1296250820159917 2.5995650291442876 2.4649250507354741 1.9327149987220766 1.0000000180025095e-35 3.1631100177764897 2.9772551059722905 1.0000000180025095e-35 1.8540149927139284 1.9430049657821657 2.8188049793243413 2.9460799694061284 2.7671899795532231 1.5000000000000002 1.5000000000000002 2.9160000085830693 1.9626049995422366 2.0220599174499516 1.922779977321625 1.9626049995422366 1.5000000000000002 0.4195650070905686
decision_type=2 2 2 2 2 2 2 2 2 2 2 2 2 2 2 2 2 2 2 2 2 2 2 2 2 2 2 2 2 2
left_child=1 -1 28 4 5 -2 12 8 11 10 -9 -8 13 -5 15 18 -17 21 20 27 24 -18 -23 -20 26 -26 -14 -19 -3 -30
right_child=3 2 -4 6 -6 -7 7 9 -10 -11 -12 -13 14 -15 -16 16 17 19 23 -21 -22 22 -24 -25 25 -27 -28 -29 29 -31
leaf_value=-8.0139800133608742e-05 0.00042773646824102024 0.00017123055994930093 -0.00027398732363181422 -7.205055880327182e-05 0.0009958280577096381 -0.00025814053819941995 0.0003396719314085313 -0.00031568162843510322 0.00083288431516982827 -0.00012702341205004914 -0.0013868459143900295 -0.00056222675405442717 0.00028461167178188228 0.00013455807601380951 -4.660696128842164e-05 -0.00036063247324853666 0.00010984448235256886 -0.00050198385049296729 0.00093564775115123633 0.00077032263880768182 -0.00048153786086332055 0.0010538071681795399 0.00021891697664679484 0.00022351658222183484 -0.00044808804940559162 0.00024795359759390858 0.0010655357533409233 2.4069412220138811e-05 0.00031183700281705673 -2.2000430733717505e-05
leaf_weight=75273 3943 35795 6043 77661 1622 2626 1330 1465 1300 6771 1081 1775 5095 24873 39517 4122 2369 1195 2231 1160 1238 1605 1365 1274 2064 23538 1412 51782 7245 31655
leaf_count=75273 3943 35795 6043 77661 1622 2626 1330 1465 1300 6771 1081 1775 5095 24873 39517 4122 2369 1195 2231 1160 1238 1605 1365 1274 2064 23538 1412 51782 7245 31655
internal_value=1.95003e-05 2.54134e-08 7.47644e-05 3.09909e-05 0.000320342 0.000153553 2.17409e-05 -0.000166533 0.000121807 -0.000302858 -0.000770485 -0.000175906 3.23944e-05 -2.19308e-05 7.21908e-05 0.000118926 3.62267e-05 6.37311e-05 0.000261645 2.84476e-05 0.00021801 0.000421503 0.000670095 0.000676802 0.000244982 0.00019184 0.00045407 1.22033e-05 0.000102979 4.01757e-05
internal_weight=420425 156011 80738 264414 8191 6569 256223 13722 4405 9317 2546 3105 242501 102534 139967 100450 63598 59476 36852 54137 33347 5339 2970 3505 32109 25602 6507 52977 74695 38900
internal_count=420425 156011 80738 264414 8191 6569 256223 13722 4405 9317 2546 3105 242501 102534 139967 100450 63598 59476 36852 54137 33347 5339 2970 3505 32109 25602 6507 52977 74695 38900
is_linear=0
shrinkage=0.08


Tree=141
num_leaves=31
num_cat=0
split_feature=1 0 0 1 3 0 1 0 1 1 1 0 0 1 1 1 0 0 0 1 0 1 1 1 0 3 0 1 0 1
split_gain=0.0272381 0.0743774 0.0801333 0.0264407 0.0177179 0.0753593 0.158963 0.136451 0.412409 0.191565 0.115541 0.488355 0.270641 0.268416 0.150345 0.147552 0.0837619 0.0699196 0.0689666 0.0674923 0.0656649 0.301688 0.279796 0.268832 0.761824 0.522879 0.399773 0.303534 0.339124 0.32944
threshold=1.9073150157928469 2.4114799499511723 3.7580599784851079 2.2294049263000493 1.0000000180025095e-35 3.1631100177764897 0.87480500340461742 2.0606150627136235 -1.2418799996376035 1.0891849994659426 -1.2418799996376035 1.5126999616622927 1.4050849676132204 -0.81524500250816334 0.96156498789787304 -0.9792099893093108 3.3771350383758549 1.045634984970093 2.09111499786377 1.5049049854278567 1.7330700159072878 -0.81524500250816334 -0.90645498037338246 0.59832498431205761 3.0926699638366704 1.5000000000000002 3.1450550556182866 -0.15559999644756314 2.2174350023269658 -0.010024999734014271
decision_type=2 2 2 2 2 2 2 2 2 2 2 2 2 2 2 2 2 2 2 2 2 2 2 2 2 2 2 2 2 2
left_child=4 -2 3 -3 5 7 -7 10 -9 18 11 -1 15 -14 -15 17 -8 -12 -10 -11 22 -22 -6 24 25 27 -25 28 -23 -29
right_child=1 2 -4 -5 20 6 16 8 9 19 12 -13 13 14 -16 -17 -18 -19 -20 -21 21 23 -24 26 -26 -27 -28 29 -30 -31
leaf_value=-0.00041665354920215387 -0.00038760713543808836 0.00033413006830544748 -8.0530564564036298e-05 0.00079965147023411431 8.5418223529173443e-05 0.00027189072386789461 0.00036344015180896728 0.00061492093048018436 -0.00070960880627112411 0.00054398021086317328 -0.00040080817989120903 0.00055210803803116258 0.00046128421522249256 -0.00019339242210182693 0.00059844675440774546 0.00041844525456146634 -0.00035823482453389377 0.00031441416848596726 -0.00018292208000046043 -0.00012867896156349906 -0.00019741160305258119 -0.00057267073336256897 -0.00017782383109153768 -0.00031829934161649114 -0.00030770548708007167 0.00050619752640536212 0.00026009234765081077 0.00090396908940187069 0.00013378528266370018 0.00010833551653853381
leaf_weight=10923 1280 1680 2184 1459 45159 17484 1312 4831 1644 3181 2318 4791 5801 23667 1641 19622 4777 1405 49507 1364 33108 7706 60408 21974 18465 32229 11731 4280 9982 15016
leaf_count=10923 1280 1680 2184 1459 45159 17484 1312 4831 1644 3181 2318 4791 5801 23667 1641 19622 4777 1405 49507 1364 33108 7706 60408 21974 18465 32229 11731 4280 9982 15016
internal_value=-1.27398e-06 0.000159929 0.000291593 0.000550503 -3.84303e-06 1.76364e-05 0.000149293 -6.11009e-06 -9.41225e-05 -0.000155624 6.98096e-05 -0.00012129 0.000124956 -2.95431e-05 -0.000142049 0.000330838 -0.000202735 -0.000130895 -0.00019985 0.000342108 -1.65847e-05 1.66455e-05 -6.52153e-05 7.5031e-05 0.000148848 0.000270649 -0.000116991 6.5385e-05 -0.000173991 0.000284813
internal_weight=420929 6603 5323 3139 414326 154268 23573 130695 60527 55696 70168 15714 54454 31109 25308 23345 6089 3723 51151 4545 260058 154491 105567 121383 87678 69213 33705 36984 17688 19296
internal_count=420929 6603 5323 3139 414326 154268 23573 130695 60527 55696 70168 15714 54454 31109 25308 23345 6089 3723 51151 4545 260058 154491 105567 121383 87678 69213 33705 36984 17688 19296
is_linear=0
shrinkage=0.08


Tree=142
num_leaves=31
num_cat=0
split_feature=1 0 1 1 3 0 0 0 0 1 3 1 0 0 1 1 1 1 0 1 3 1 0 1 1 0 1 1 0 0
split_gain=0.0324254 0.0628612 0.124279 0.092433 0.195409 0.0794754 0.05343 0.0629475 0.15257 0.220905 0.498723 0.397817 0.313032 0.181585 0.650119 0.299692 0.166234 0.293938 0.152155 0.144442 0.123983 0.122121 0.137694 0.101817 0.122999 0.1156 0.149674 0.0998876 0.0972015 0.0696119
threshold=0.65902999043464672 1.9133349657058718 1.0891849994659426 0.79767498373985302 1.5000000000000002 1.204385042190552 4.1758649349212655 2.5537600517272954 2.2971749305725102 -0.57613500952720631 1.0000000180025095e-35 0.29242499172687536 2.4004850387573247 2.4004850387573247 -0.22119500488042829 -0.22119500488042829 0.088804997503757491 -0.42075499892234797 2.4754049777984624 0.0091149997897446173 1.5000000000000002 -0.048845000565052026 2.4217350482940678 -0.95444500446319569 -2.0095150470733638 2.5880050659179692 -0.077974997460842119 0.4721399992704392 2.5995650291442876 2.6109099388122563
decision_type=2 2 2 2 2 2 2 2 2 2 2 2 2 2 2 2 2 2 2 2 2 2 2 2 2 2 2 2 2 2
left_child=6 2 3 -2 -5 -4 7 8 -1 -10 16 13 -13 14 -12 18 17 -11 -15 -16 -17 22 -19 24 -9 26 -25 -18 -27 -30
right_child=1 -3 5 4 -6 -7 -8 23 9 10 11 12 -14 15 19 20 27 21 -20 -21 -22 -23 -24 25 -26 28 -28 -29 29 -31
leaf_value=-1.9581256696408105e-05 7.7229015308751244e-05 1.1050666139958111e-05 -0.00065039301078189716 0.00023541056547235313 0.0013094783459718657 8.4179988328701209e-05 0.00026327387417759062 -0.00069636756682074641 -0.00010258898208081828 -0.0010033362812806913 0.0017086373268788337 0.00085031399844064158 -0.00080171374141291263 0.0011425882827230665 -0.0010692668809668788 0.0012532229358038307 -0.00082608579582882846 -0.00033138097175761577 -0.00022489131721760154 0.0002210104643968314 0.0022586313368508559 0.0012304505002838754 0.00077718222837871098 -0.0010874280669545832 0.00021340814774959839 0.00064850117915620409 5.5818070301354575e-06 9.0402189175670496e-05 -0.00074414086302533448 -9.1160269252479214e-05
leaf_weight=228981 3279 55179 1289 2938 1718 3508 4445 1038 12460 1090 1645 1228 1825 1075 1052 1706 2555 1456 1010 1176 1454 1029 1413 1724 11357 1125 1499 1084 1061 68737
leaf_count=228981 3279 55179 1289 2938 1718 3508 4445 1038 12460 1090 1645 1228 1825 1075 1052 1706 2555 1456 1010 1176 1454 1029 1413 1724 11357 1125 1499 1084 1061 68737
internal_value=-2.60375e-06 4.80226e-05 0.000208255 0.00040259 0.000631727 -0.000113207 -1.23372e-05 -1.58497e-05 3.67418e-06 0.000163788 0.000323373 0.000653192 -0.000137223 0.000917848 0.000502388 0.00122463 -0.000141937 0.000158012 0.000480164 -0.000388223 0.00171584 0.000482761 0.000214593 -7.50114e-05 0.00013722 -0.00011049 -0.000579075 -0.000553079 -8.91961e-05 -0.000101086
internal_weight=421136 67911 12732 7935 4656 4797 353225 348780 262239 33258 20798 12171 3053 9118 3873 5245 8627 4988 2085 2228 3160 3898 2869 86541 12395 74146 3223 3639 70923 69798
internal_count=421136 67911 12732 7935 4656 4797 353225 348780 262239 33258 20798 12171 3053 9118 3873 5245 8627 4988 2085 2228 3160 3898 2869 86541 12395 74146 3223 3639 70923 69798
is_linear=0
shrinkage=0.08


Tree=143
num_leaves=31
num_cat=0
split_feature=2 1 1 1 1 1 1 1 1 1 1 1 1 1 1 1 3 1 1 2 3 2 1 1 1 1 2 1 1 1
split_gain=0.0261204 0.0481771 0.279985 0.106916 0.210954 0.0932949 0.0458348 0.0784038 0.0430375 0.112368 0.121602 0.11505 0.0511927 0.0437116 0.0236845 0.0131805 0.0334368 0.0577056 0.0333014 0.047785 0.0670924 0.0247378 0.031007 0.0215892 0.0336023 0.021193 0.0863781 0.293065 0.0803564 0.08122
threshold=2.5000000000000004 -0.20170500129461286 0.028725000098347667 0.2476649954915047 0.42233499884605413 1.1455050110816958 0.79767498373985302 0.59832498431205761 -0.43033500015735621 -0.56571999192237843 -0.77027499675750721 -0.91800001263618458 -1.2573850154876707 -1.633090019226074 -0.087829999625682817 -1.7440350055694578 1.5000000000000002 -2.7436399459838863 -1.323590040206909 1.0000000180025095e-35 1.5000000000000002 1.0000000180025095e-35 -2.4311149120330806 -1.922450006008148 -2.0602149963378902 -0.2494000047445297 1.5000000000000002 -0.21179499477148053 0.64277499914169323 0.048709999769926078
decision_type=2 2 2 2 2 2 2 2 2 2 2 2 2 2 2 2 2 2 2 2 2 2 2 2 2 2 2 2 2 2
left_child=15 8 14 -4 -5 6 7 -6 9 10 11 12 13 -2 -3 16 17 -1 19 20 -17 22 -18 24 -23 -20 -27 -28 29 -29
right_child=1 2 3 4 5 -7 -8 -9 -10 -11 -12 -13 -14 -15 -16 18 21 -19 25 -21 -22 23 -24 -25 -26 26 27 28 -30 -31
leaf_value=-0.00032373290062218541 0.0003557442791453767 -0.00058099244158631126 0.00071207713210641986 -0.0008659510733913285 0.00074473709674482795 -0.00025520490224307206 0.00085297175100917597 -0.00019874629597470126 0.00053657960749200334 -0.00060591137119154722 0.00084427593607417652 -0.00069435090592385421 0.00055212072845114686 -0.00032009054273742638 -0.0011106991558118731 -9.3864746061630221e-05 0.00013034123165743951 0.00017886682630120841 2.1949965884183117e-05 1.6447870922650421e-05 -0.0004858780698135135 6.0322523396805242e-05 -0.00033687874553928486 0.00025331831414137311 -0.00041723101852809031 5.710674153877233e-06 -0.0014710422627170839 2.8361046444377656e-05 7.9294462432248842e-05 -0.00031208965194877707
leaf_weight=1632 1167 1088 1861 1350 1102 1581 1339 1154 2077 1146 1672 1036 1924 1289 1073 11981 1280 14037 150628 14477 3644 4153 3137 2121 1220 159885 1023 6947 10931 12653
leaf_count=1632 1167 1088 1861 1350 1102 1581 1339 1154 2077 1146 1672 1036 1924 1289 1073 11981 1280 14037 150628 14477 3644 4153 3137 2121 1220 159885 1023 6947 10931 12653
internal_value=9.10761e-07 8.81854e-05 -3.20213e-05 0.000177196 2.46649e-05 0.000256955 0.000482191 0.000262122 0.000211155 0.000129068 0.000247901 6.37905e-05 0.000243114 1.04107e-06 -0.000844007 -3.64325e-06 4.97192e-05 0.000126519 -7.59773e-06 -8.82671e-05 -0.000185289 -5.13111e-05 -0.000201483 3.72012e-05 -4.81114e-05 -4.98803e-07 -1.81619e-05 -0.000139125 -9.44967e-05 -0.000191421
internal_weight=420608 20859 10548 8387 6526 5176 3595 2256 10311 8234 7088 5416 4380 2456 2161 399749 27580 15669 372169 30102 15625 11911 4417 7494 5373 342067 191439 31554 30531 19600
internal_count=420608 20859 10548 8387 6526 5176 3595 2256 10311 8234 7088 5416 4380 2456 2161 399749 27580 15669 372169 30102 15625 11911 4417 7494 5373 342067 191439 31554 30531 19600
is_linear=0
shrinkage=0.08


Tree=144
num_leaves=31
num_cat=0
split_feature=1 1 1 1 0 1 1 0 0 2 0 0 0 2 0 1 2 0 0 1 2 1 0 2 1 2 0 0 1 2
split_gain=0.023606 0.0175378 0.144406 0.086382 0.113961 0.117534 0.135409 0.111277 0.113975 0.202458 0.0987363 0.136517 0.0870768 0.166382 0.0761956 0.12932 0.103003 0.0785763 0.127617 0.0909209 0.318052 0.205602 0.187416 0.153576 0.149865 0.198155 0.184571 0.118258 0.081555 0.366397
threshold=2.5474849939346318 0.0091149997897446173 -0.010024999734014271 0.37337499856948858 3.0576651096343999 0.20373500138521197 0.05931499972939492 1.754070043563843 1.289004981517792 1.5000000000000002 1.5585249662399294 1.6689050197601321 3.7580599784851079 1.0000000180025095e-35 1.4771749973297121 1.2412949800491335 1.5000000000000002 3.2216100692749028 3.182019948959351 0.9855649769306184 1.5000000000000002 1.6284399628639223 3.6753649711608891 1.0000000180025095e-35 0.70730501413345348 1.0000000180025095e-35 3.5667400360107426 3.6017649173736577 1.2065849900245669 1.0000000180025095e-35
decision_type=2 2 2 2 2 2 2 2 2 2 2 2 2 2 2 2 2 2 2 2 2 2 2 2 2 2 2 2 2 2
left_child=1 2 -1 4 7 6 -6 8 9 -3 -10 -12 13 -8 15 16 -5 18 28 24 21 -21 -22 -23 26 -26 -19 -27 -16 -30
right_child=-2 3 -4 14 5 -7 12 -9 10 -11 11 -13 -14 -15 17 -17 -18 19 -20 20 22 23 -24 -25 25 27 -28 -29 29 -31
leaf_value=-6.7781083552815761e-06 -0.00030273741908320767 4.131304408426479e-06 -0.00054699469044068463 0.00014988809703060042 0.00027690783503410177 0.00014581413231612696 -0.00023238366794606252 0.00024825302257650396 -0.00049974770110411024 0.0010543828500568168 0.00051070983656773385 -0.00045135147568510552 -2.9494208300911156e-05 -0.001415086032676054 -0.00012831115398050495 -0.00053178139550380478 0.00080572709566207852 -0.00046045841384910517 -0.00085944064495711576 -0.00012913530861713895 -8.2866963253299297e-05 0.0010198554457694225 -0.0013874469000533752 -5.4480204441511341e-05 5.3669030388660695e-05 0.0015803622628907607 0.00033066977298803677 0.00053644505930055945 -0.00035743927574661833 0.0004821922542024707
leaf_weight=259389 1663 6151 3206 7807 1478 5117 1485 29351 4127 1452 2040 1757 1181 1562 48326 1448 1907 3348 1374 7075 1237 2245 1638 1372 2803 1259 4326 1549 6175 7210
leaf_count=259389 1663 6151 3206 7807 1478 5117 1485 29351 4127 1452 2040 1757 1181 1562 48326 1448 1907 3348 1374 7075 1237 2245 1638 1372 2803 1259 4326 1549 6175 7210
internal_value=-1.92495e-06 -7.32159e-07 -1.33736e-05 2.04386e-05 0.000100435 -0.000132577 -0.000382232 0.000156629 -1.65685e-05 0.000204705 -0.000228879 6.55316e-05 -0.000612651 -0.000838679 -2.36359e-05 0.000173506 0.000278639 -4.8103e-05 -9.68886e-05 6.65119e-05 -7.91589e-05 0.000121698 -0.000826137 0.000612339 0.000215275 0.000529507 -1.44823e-05 0.0010045 -7.99103e-05 9.48389e-05
internal_weight=421058 419395 262595 156800 55701 10823 5706 44878 15527 7603 7924 3797 4228 3047 101099 11162 9714 89937 63085 26852 13567 10692 2875 3617 13285 5611 7674 2808 61711 13385
internal_count=421058 419395 262595 156800 55701 10823 5706 44878 15527 7603 7924 3797 4228 3047 101099 11162 9714 89937 63085 26852 13567 10692 2875 3617 13285 5611 7674 2808 61711 13385
is_linear=0
shrinkage=0.08


Tree=145
num_leaves=31
num_cat=0
split_feature=1 1 1 0 0 0 1 3 3 1 1 0 1 1 0 0 1 0 3 3 3 1 3 3 0 3 0 0 0 3
split_gain=0.0189363 0.0181249 0.0874758 0.087295 0.116309 0.117998 0.0934931 0.15969 0.120876 0.1911 0.120749 0.111215 0.36178 0.200229 0.0977787 0.0968053 0.0923669 0.110727 0.153188 0.0857477 0.081056 0.0786971 0.0781605 0.0735615 0.0823536 0.0701171 0.152967 0.0728893 0.16092 0.068233
threshold=2.5474849939346318 0.53973501920700084 0.4721399992704392 1.7012050151824953 3.1450550556182866 3.5067849159240727 0.59832498431205761 1.5000000000000002 1.0000000180025095e-35 1.0623149871826174 0.62764999270439159 2.6109099388122563 0.67494001984596264 0.93940499424934398 2.90184497833252 2.4540600776672368 0.93940499424934398 2.5085849761962895 1.5000000000000002 1.5000000000000002 1.5000000000000002 1.2065849900245669 1.5000000000000002 1.0000000180025095e-35 3.3771350383758549 1.5000000000000002 2.3175349235534672 2.4004850387573247 1.6689050197601321 1.5000000000000002
decision_type=2 2 2 2 2 2 2 2 2 2 2 2 2 2 2 2 2 2 2 2 2 2 2 2 2 2 2 2 2 2
left_child=1 2 -1 21 6 23 7 15 9 -8 -10 12 -12 -13 19 -5 22 18 -18 -15 -16 -3 -14 24 -6 27 -27 28 -4 -23
right_child=-2 3 25 4 5 -7 8 -9 10 -11 11 13 16 14 20 -17 17 -19 -20 -21 -22 29 -24 -25 -26 26 -28 -29 -30 -31
leaf_value=3.8976328449842022e-06 -0.0002665527585512101 0.00034967338605339639 0.00037242149834420461 0.00045616600878158579 0.0003669615889779046 8.4628775825473638e-06 -0.00017367311977304305 0.0011476500337539444 -0.0010433738321757404 0.00039948754757291319 0.0013540935219844509 -0.00088658767566822058 -0.0001990079178248685 -1.5665221378813312e-05 -0.00015285866030360462 -0.00048715986932317413 -7.113925733820089e-05 0.00042683874885082843 -0.00084346109481926084 -0.00086969170579919764 0.00076931454440134703 -0.0005242365144772764 0.00042893152227694182 0.00055929706376801631 -0.00040424614587636327 -1.6607763245233127e-05 -0.001305319031479697 0.00015162606616625306 -0.00089960056815236323 0.00033586907909956872
leaf_weight=331405 1643 9185 1027 1399 2609 15735 8995 1042 1099 6352 1093 3411 2652 1628 1334 1386 3261 1043 3314 1399 1124 1405 2432 5398 1342 1242 1122 3122 1674 1018
leaf_count=331405 1643 9185 1027 1399 2609 15735 8995 1042 1099 6352 1093 3411 2652 1628 1334 1386 3261 1043 3314 1399 1124 1405 2432 5398 1342 1242 1122 3122 1674 1018
internal_value=4.5097e-06 5.57197e-06 -2.48409e-06 3.99168e-05 5.32716e-06 0.000142208 -7.45892e-05 0.000302802 -0.000111492 6.35535e-05 -0.000224415 -0.00018475 -4.25231e-05 -0.000405301 -0.000105999 -1.32953e-05 -0.000162701 -0.000338937 -0.000460413 -0.000410374 0.000268835 0.000242687 0.000101375 0.000367311 0.000105013 -0.000260813 -0.000628255 -0.00011164 -0.00041594 -0.000162871
internal_weight=420891 419248 339592 79656 68048 25084 42964 3827 39137 15347 23790 22691 13795 8896 5485 2785 12702 7618 6575 3027 2458 11608 5084 9349 3951 8187 2364 5823 2701 2423
internal_count=420891 419248 339592 79656 68048 25084 42964 3827 39137 15347 23790 22691 13795 8896 5485 2785 12702 7618 6575 3027 2458 11608 5084 9349 3951 8187 2364 5823 2701 2423
is_linear=0
shrinkage=0.08


Tree=146
num_leaves=31
num_cat=0
split_feature=0 0 0 0 1 1 1 1 1 0 3 3 0 1 1 0 0 0 1 1 0 0 1 0 0 3 0 0 1 1
split_gain=0.0460913 0.167893 0.0971605 0.0898422 0.0761419 0.114537 0.0720307 0.128849 0.0307425 0.125513 0.520375 0.197045 0.300493 0.386298 0.28576 0.342413 0.316399 0.296812 0.525776 0.237524 0.215892 0.256706 0.138357 0.133606 0.158327 0.205802 0.207469 0.316105 0.185469 0.241082
threshold=2.6344399452209477 2.6228849887847905 2.6109099388122563 2.5644600391387944 -0.077974997460842119 -0.62649500370025624 -1.922450006008148 -1.4718450307846067 -0.36375500261783594 0.88195499777793895 1.5000000000000002 1.5000000000000002 1.1742500066757204 0.23696500062942508 0.18228500336408618 2.2072451114654545 2.4649250507354741 1.9626049995422366 0.79767498373985302 0.27009500563144689 2.4857599735260014 2.4114799499511723 0.3613049983978272 1.1294449567794802 1.8240849971771242 1.0000000180025095e-35 2.0019650459289555 2.1103949546813969 1.0623149871826174 -0.183615006506443
decision_type=2 2 2 2 2 2 2 2 2 2 2 2 2 2 2 2 2 2 2 2 2 2 2 2 2 2 2 2 2 2
left_child=1 2 3 8 5 -5 -2 -8 -1 10 -10 23 13 -13 16 17 -14 19 -19 -16 21 -17 -12 -11 -25 28 -27 -28 29 -26
right_child=6 -3 -4 4 -6 -7 7 -9 9 11 22 12 14 -15 15 20 -18 18 -20 -21 -22 -23 -24 24 25 26 27 -29 -30 -31
leaf_value=-4.0463058695528813e-05 -0.00060099043717791879 -0.00082664932359665939 0.00059005804850163995 -0.00013232962180465842 -4.5629778434106677e-05 -0.001071977843155973 0.00063441159435511621 2.7875838927611323e-05 0.00021915943056360045 0.00037604815410947548 -0.0010583311405252215 -0.0012273111581165123 0.00043365473284097666 0.00049725756384358583 -0.0011217151009741573 -0.00037146705682985517 0.0018961020907090329 0.0016495103659196701 -0.0003312310344758314 0.00019095470649923915 0.00046192915752164306 -0.0017929618931912543 -0.00019511146403361498 -0.00021218842830107406 0.00036781954740613618 0.00068578171630552976 -0.00064422348889090983 0.00024928631079095367 0.00048012866970665208 -0.00031137744261515421
leaf_weight=164446 1134 1664 1657 1721 3360 1604 2286 115296 7388 4849 3970 2011 13361 1417 1008 3117 1019 2258 1383 7070 1231 1100 1696 26987 4041 4674 3114 13606 2936 19410
leaf_count=164446 1134 1664 1657 1721 3360 1604 2286 115296 7388 4849 3970 2011 13361 1417 1008 3117 1019 2258 1383 7070 1231 1100 1696 26987 4041 4674 3114 13606 2936 19410
internal_value=-8.68685e-06 -2.52841e-05 -2.08456e-05 -2.42336e-05 -0.000314212 -0.000585622 3.35483e-05 3.9668e-05 -1.7597e-05 1.18613e-05 -0.000223176 3.86361e-05 0.000196914 -0.000514442 0.000274212 5.38461e-05 0.000537287 0.000297454 0.000897144 2.71554e-05 -0.00047017 -0.000742262 -0.000799944 -3.08938e-05 -5.72856e-05 3.02045e-05 0.000214594 8.28755e-05 -0.000119294 -0.00019434
internal_weight=420814 302098 300434 298777 6685 3325 118716 117582 292092 127646 13054 114592 34975 3428 31547 17167 14380 11719 3641 8078 5448 4217 5666 79617 74768 47781 21394 16720 26387 23451
internal_count=420814 302098 300434 298777 6685 3325 118716 117582 292092 127646 13054 114592 34975 3428 31547 17167 14380 11719 3641 8078 5448 4217 5666 79617 74768 47781 21394 16720 26387 23451
is_linear=0
shrinkage=0.08


Tree=147
num_leaves=31
num_cat=0
split_feature=0 1 0 1 0 0 1 3 0 1 1 1 3 0 0 1 0 0 1 1 0 0 1 1 0 0 1 1 3 1
split_gain=0.0199519 0.0129391 0.0878127 0.0131069 0.0309347 0.0323968 0.0380676 0.0532756 0.0251933 0.0572657 0.0780984 0.113929 0.175887 0.0973742 0.159063 0.0596233 0.0470458 0.072557 0.126001 0.0468652 0.0414551 0.190371 0.130322 0.140363 0.148724 0.140795 0.240628 0.232646 0.605911 0.185557
threshold=5.082170009613038 2.2294049263000493 3.6753649711608891 1.1742650270462038 1.429545044898987 1.7330700159072878 1.2412949800491335 1.0000000180025095e-35 3.3536950349807744 -1.3059799671173093 -0.37311500310897822 0.15037500113248828 1.0000000180025095e-35 3.5367751121521001 3.9011600017547612 -0.1457250043749809 3.7150499820709233 3.5667400360107426 0.74236500263214122 0.67494001984596264 2.8068499565124516 2.8188049793243413 -0.89442500472068776 -0.39229500293731684 3.0926699638366704 2.9160000085830693 0.64277499914169323 0.44698999822139746 1.5000000000000002 0.05931499972939492
decision_type=2 2 2 2 2 2 2 2 2 2 2 2 2 2 2 2 2 2 2 2 2 2 2 2 2 2 2 2 2 2
left_child=1 3 -3 8 -5 -6 7 -7 20 -10 -11 12 15 -14 -15 -12 17 18 -13 -19 -1 -22 -23 24 -24 27 29 28 -25 -27
right_child=-2 2 -4 4 5 6 -8 -9 9 10 11 16 13 14 -16 -17 -18 19 -20 -21 21 22 23 25 -26 26 -28 -29 -30 -31
leaf_value=1.3156350949985736e-05 -0.00027173114499964428 0.00048886512803256177 -0.00041668684916985687 -0.0004027550945371287 0.00038696268128862114 9.4276594217172527e-05 -1.0419859670230621e-05 -0.00062429966906056686 -0.000516722206873359 0.00035083100851120033 -0.00021131930872444657 -0.00017394472401405207 -3.9413871242303472e-07 -0.0013132576511932631 -0.0001608467245957707 0.00047169684939347674 2.4995240106537399e-05 0.00091239544737655809 0.00065115699926490873 0.00025127103536614823 -0.00099071566646323733 0.00030777359632460884 -0.00066770899022135222 0.0001008759395272936 4.5187917576078452e-05 3.5504957486666631e-05 0.00031105788471842249 -0.00030529716687280583 0.0022426818115753328 -0.00047925971315460904
leaf_weight=312503 1658 1956 1055 1507 1141 1119 19128 1611 1009 6160 1318 3382 1441 1709 1390 2156 9052 1557 1823 1227 1387 6011 4868 3287 3044 7929 6512 2570 1138 10308
leaf_count=312503 1658 1956 1055 1507 1141 1119 19128 1611 1009 6160 1318 3382 1441 1709 1390 2156 9052 1557 1823 1227 1387 6011 4868 3287 3044 7929 6512 2570 1138 10308
internal_value=5.23867e-06 6.33387e-06 0.000171576 5.13867e-06 -5.16196e-05 -2.86116e-05 -5.03048e-05 -0.000329762 8.68892e-06 7.64538e-05 9.56278e-05 3.28837e-05 -0.000215878 -0.000543723 -0.000796365 0.000212568 0.000149871 0.000291362 0.000115039 0.000621016 2.61573e-06 -6.73884e-05 -3.93451e-05 -9.19608e-05 -0.000393435 -1.68203e-05 -0.000106391 0.000300091 0.000651695 -0.000255453
internal_weight=420956 419298 3011 416287 24506 22999 21858 2730 391781 32224 31215 25055 8014 4540 3099 3474 17041 7989 5205 2784 359557 47054 45667 39656 7912 31744 24749 6995 4425 18237
internal_count=420956 419298 3011 416287 24506 22999 21858 2730 391781 32224 31215 25055 8014 4540 3099 3474 17041 7989 5205 2784 359557 47054 45667 39656 7912 31744 24749 6995 4425 18237
is_linear=0
shrinkage=0.08


Tree=148
num_leaves=31
num_cat=0
split_feature=0 1 1 3 0 0 3 1 0 1 0 0 0 1 1 0 1 1 3 3 0 1 0 0 1 0 1 1 0 1
split_gain=0.0333255 0.0727546 0.176243 0.261377 0.339808 0.270749 0.166143 0.133785 0.132407 0.136014 0.11276 0.0979763 0.0965104 0.0926637 0.0724952 0.0693266 0.0926209 0.0608244 0.351792 0.311638 0.230933 0.168546 0.135699 0.105095 0.0922948 0.0872598 0.0814306 0.0797059 0.0652209 0.053395
threshold=1.6585099697113039 0.3030299991369248 -0.28711500763893122 1.0000000180025095e-35 1.18901002407074 1.429545044898987 1.5000000000000002 0.05931499972939492 1.5003449916839602 0.028725000098347667 0.58771499991416942 1.6254049539566042 1.2468149662017824 0.16129500418901446 0.088804997503757491 1.6026250123977663 1.2412949800491335 -1.2738150358200071 1.5000000000000002 1.5000000000000002 1.0629749894142153 -0.9792099893093108 1.429545044898987 -0.094705000519752489 -2.2555199861526485 1.3555600047111513 -1.922450006008148 -1.2112250328063963 1.4771749973297121 -1.8093249797821043
decision_type=2 2 2 2 2 2 2 2 2 2 2 2 2 2 2 2 2 2 2 2 2 2 2 2 2 2 2 2 2 2
left_child=1 2 11 4 -4 6 12 10 -7 -10 -8 17 14 -9 -5 16 -3 19 -19 25 23 22 27 26 -22 -1 -21 -20 29 -26
right_child=-2 15 3 5 -6 8 7 13 9 -11 -12 -13 -14 -15 -16 -17 -18 18 21 20 24 -23 -24 -25 28 -27 -28 -29 -30 -31
leaf_value=-0.00031825999701089235 -2.7685011369910893e-05 0.00029311739874938797 0.00071301622597787771 -0.00024985946961482024 -0.00027334732421779748 0.00082867167152055683 -0.00041304497962491179 0.00017549835073713281 -0.00054228343117559703 0.0005002586331622692 -0.0012961079836011902 0.00049818783196417765 -0.00078815690754362123 -0.00078766486131255154 0.00047212277569836064 -0.0003581401815805805 -0.00030631885198343235 0.00023325232027889505 0.00094862731279195776 -0.00051164496634433518 0.00052369674025487685 -0.00031833354197671407 -0.00063796512325842907 0.00058089483402830008 -1.5906070989063559e-05 7.6403629189629942e-05 0.00046310708128771477 0.00018150903693543927 0.00015797401194384483 -0.0006833048740567942
leaf_weight=17844 276098 13947 4029 3009 5021 1349 1267 1194 1940 1364 3433 2993 1468 1376 1264 1437 1871 37328 1094 1139 1018 15129 1095 8188 1088 4487 1058 4175 1381 2602
leaf_count=17844 276098 13947 4029 3009 5021 1349 1267 1194 1940 1364 3433 2993 1468 1376 1264 1437 1871 37328 1094 1139 1018 15129 1095 8188 1088 4487 1058 4175 1381 2602
internal_value=-1.13908e-05 1.97239e-05 -1.16624e-06 -0.000183827 0.000165775 -0.000362943 -0.000550244 -0.000804285 0.0001608 -0.000111888 -0.00105806 4.73296e-05 -0.000228545 -0.000340187 -3.62892e-05 0.000173882 0.000222214 3.35073e-05 8.47963e-05 -4.4237e-05 0.000219715 -0.000173035 0.00017238 0.000449068 -0.000171453 -0.00023896 -4.22377e-05 0.000340785 -0.000311004 -0.000486522
internal_weight=420686 144588 127333 26714 9050 17664 13011 7270 4653 3304 4700 100619 5741 2570 4273 17255 15818 97626 58821 38805 16474 21493 6364 10385 6089 22331 2197 5269 5071 3690
internal_count=420686 144588 127333 26714 9050 17664 13011 7270 4653 3304 4700 100619 5741 2570 4273 17255 15818 97626 58821 38805 16474 21493 6364 10385 6089 22331 2197 5269 5071 3690
is_linear=0
shrinkage=0.08


Tree=149
num_leaves=31
num_cat=0
split_feature=0 2 0 0 1 1 0 0 1 2 1 1 0 1 0 1 0 0 1 0 1 0 0 1 1 1 1 0 0 1
split_gain=0.038336 0.0835454 0.180168 0.0795851 0.0767722 0.133013 0.178647 0.124431 0.136524 0.0804702 0.170378 0.289013 0.343794 0.157742 0.237556 0.0873882 0.0866887 0.0758215 0.0672856 0.0555168 0.135185 0.0814651 0.0883185 0.10049 0.114963 0.111574 0.0983992 0.155644 0.17824 0.0723786
threshold=2.5418000221252446 1.0000000180025095e-35 2.5764749050140385 2.5305349826812749 -0.95444500446319569 -0.71717000007629383 3.2023100852966313 2.90184497833252 -1.3059799671173093 2.5000000000000004 0.15037500113248828 1.1455050110816958 3.3080149888992314 -0.58586001396179188 2.9307301044464116 -0.51693499088287342 3.0576651096343999 3.3771350383758549 -0.30637000501155848 2.6344399452209477 0.22573500126600268 3.0576651096343999 2.9460799694061284 -0.35404001176357264 1.279415011405945 0.45975999534130102 0.28125999867916113 2.8320949077606206 2.7306900024414067 0.70730501413345348
decision_type=2 2 2 2 2 2 2 2 2 2 2 2 2 2 2 2 2 2 2 2 2 2 2 2 2 2 2 2 2 2
left_child=3 -2 18 -1 7 6 -6 8 -4 13 16 12 -12 14 -7 -15 -11 -9 -3 20 -17 22 23 -21 25 26 27 28 -25 -24
right_child=1 2 4 -5 5 9 -8 17 -10 10 11 -13 -14 15 -16 19 -18 -19 -20 21 -22 -23 29 24 -26 -27 -28 -29 -30 -31
leaf_value=-6.8230447504321016e-06 -2.2822260652998628e-05 0.0012723022976114412 0.00055134431057532701 -0.0005626821196690621 -0.00083967000837261233 0.0016835776007532747 0.00043167494045700042 0.00097442469185894936 -0.00056100373729369953 -0.0012092055180813945 -0.00015215555926290789 -0.00096220571757547782 0.001687136714318958 -0.00056869218432182775 6.0342417085061317e-06 -0.00085039999982324205 -0.0002166350167913676 0.00013989279099806899 0.00043266506787311657 0.00084015548168141468 0.00028172912832450644 3.2486164399105949e-05 0.00081446249874674102 -0.00021348452890243195 0.00077808376126689159 -0.00033143718510297349 0.00077984420499942241 -0.00058340369039746871 0.00091777458766473458 0.00010384625590639869
leaf_weight=286972 64868 1006 1344 1658 2268 1003 1028 2103 1488 1204 1649 1102 1074 1281 1171 1273 1058 1042 1555 1248 1437 25741 2768 1820 1366 4074 1461 1734 1747 1372
leaf_count=286972 64868 1006 1344 1658 2268 1003 1028 2103 1488 1204 1649 1102 1074 1281 1171 1273 1058 1042 1555 1248 1437 25741 2768 1820 1366 4074 1461 1734 1747 1372
internal_value=6.32874e-06 4.19912e-05 0.000104354 -1.00161e-05 7.83662e-05 5.06343e-05 -0.000443146 0.00035155 -3.31097e-05 7.99149e-05 -0.000194571 0.00013091 0.000573294 0.000113671 0.000779988 8.30601e-05 -0.000744953 0.000697928 0.000762487 0.000101194 -0.000250079 0.000123163 0.000255859 0.000156405 8.64717e-05 -7.13764e-07 0.000198542 3.83302e-05 0.000340569 0.000578964
internal_weight=420915 132285 67417 288630 64856 58879 3296 5977 2832 55583 6087 3825 2723 49496 2174 47322 2262 3145 2561 46041 2710 43331 17590 13450 12202 10836 6762 5301 3567 4140
internal_count=420915 132285 67417 288630 64856 58879 3296 5977 2832 55583 6087 3825 2723 49496 2174 47322 2262 3145 2561 46041 2710 43331 17590 13450 12202 10836 6762 5301 3567 4140
is_linear=0
shrinkage=0.08


Tree=150
num_leaves=31
num_cat=0
split_feature=2 1 1 3 1 1 1 1 1 3 1 1 1 1 1 1 1 1 3 1 1 3 3 1 1 1 1 1 2 3
split_gain=0.0240637 0.301439 0.118688 0.0895213 0.0827905 0.331138 0.0791256 0.0976668 0.0755595 0.188526 0.0536595 0.0483544 0.0458796 0.0406856 0.0332251 0.0268322 0.03134 0.0836885 0.117065 0.0799319 0.0551976 0.0837393 0.0306045 0.135412 0.182053 0.0947979 0.146473 0.0561923 0.0896426 0.0837068
threshold=2.5000000000000004 -0.70668500661849964 0.72460499405860912 1.5000000000000002 -0.058495000004768365 -0.2494000047445297 0.20373500138521197 0.45975999534130102 -1.5131099820137022 1.5000000000000002 -1.1096500158309934 0.019785000011324886 -0.48770500719547266 -0.89442500472068776 1.1742650270462038 1.5639650225639345 -0.57613500952720631 -0.53527498245239247 1.5000000000000002 -0.52572500705718983 -0.56571999192237843 1.0000000180025095e-35 1.0000000180025095e-35 -0.27762499451637263 -0.183615006506443 -0.10734499990940093 -0.12706499546766278 -0.31568500399589533 1.0000000180025095e-35 1.5000000000000002
decision_type=2 2 2 2 2 2 2 2 2 2 2 2 2 2 2 2 2 2 2 2 2 2 2 2 2 2 2 2 2 2
left_child=15 8 3 11 5 12 -6 -8 -2 -10 -11 -3 -5 -12 -4 16 -1 18 20 -19 -18 -22 -21 27 -25 26 -26 -24 -29 -30
right_child=1 2 14 4 6 -7 7 -9 9 10 13 -13 -14 -15 -16 -17 17 19 -20 22 21 -23 23 24 25 -27 -28 28 29 -31
leaf_value=-1.1090191672912719e-05 -8.1679542154486264e-05 -0.00027885937734806377 0.00038438669414640373 -0.00038190448413679003 -0.0011705575360180414 0.00080089121709928308 -4.8867830041513195e-05 -0.00099663549591298716 0.0015323665655428069 0.00068971934484635458 -0.00032282775033079639 0.00038795247971310973 -0.0010069499346641226 0.000392420096074664 -0.00012260749734255299 -0.00010071123276798161 0.00058317061189513703 -0.00055480569391200946 0.00085520900946957931 -4.0707253190179832e-06 -0.0004037901701986346 0.00038496939870144597 0.00017398728810012331 -0.00032137455618289382 0.00011491862451584416 2.6641141869706468e-05 0.00092965810448538463 0.0010187190570044291 -0.00029296699112840832 0.00066636017376299126
leaf_weight=154629 1477 1624 1840 1391 1744 1315 1515 1287 1020 1308 1023 1218 1635 1013 1503 12844 1155 1500 1857 92755 1947 1545 20925 9293 5484 90397 1902 1394 1115 1218
leaf_count=154629 1477 1624 1840 1391 1744 1315 1515 1287 1020 1308 1023 1218 1635 1013 1503 12844 1155 1500 1857 92755 1947 1545 20925 9293 5484 90397 1902 1394 1115 1218
internal_value=8.67216e-06 -7.49836e-05 -0.000264061 -0.000383913 -0.000508898 -0.000259023 -0.000747505 -0.000484192 0.000412908 0.000580301 0.000289899 6.91713e-06 -0.000719627 3.30397e-05 0.000156444 1.30463e-05 1.68207e-05 3.53844e-05 0.000318309 2.72416e-05 0.000103757 -5.48115e-05 3.11308e-05 5.59176e-05 1.69989e-05 4.91568e-05 0.000324726 0.000224961 0.000511152 0.000207873
internal_weight=420873 20913 15072 11729 8887 4341 4546 2802 5841 4364 3344 2842 3026 2036 3343 399960 387116 232487 6504 225983 4647 3492 224483 131728 107076 97783 7386 24652 3727 2333
internal_count=420873 20913 15072 11729 8887 4341 4546 2802 5841 4364 3344 2842 3026 2036 3343 399960 387116 232487 6504 225983 4647 3492 224483 131728 107076 97783 7386 24652 3727 2333
is_linear=0
shrinkage=0.08


Tree=151
num_leaves=31
num_cat=0
split_feature=0 0 0 2 0 0 0 3 3 0 2 0 2 0 3 0 3 0 2 0 0 0 0 0 0 2 0 0 3 0
split_gain=0.0492106 0.130893 0.126891 0.0962652 0.0473116 0.0396212 0.127361 0.105688 0.0828 0.0583587 0.105388 0.0828714 0.238691 0.123578 0.070455 0.0573791 0.0556345 0.0502088 0.0806411 0.0791952 0.112291 0.0624371 0.0441281 0.10074 0.0661669 0.0397612 0.040051 0.0370889 0.0325572 0.0561876
threshold=2.5537600517272954 2.5880050659179692 2.5418000221252446 1.0000000180025095e-35 2.5305349826812749 2.1976850032806401 2.2271099090576176 1.0000000180025095e-35 1.5000000000000002 2.3071050643920903 2.5000000000000004 2.28746509552002 1.5000000000000002 2.2672750949859624 1.5000000000000002 2.1875000000000004 1.5000000000000002 2.4004850387573247 1.0000000180025095e-35 2.497115015983582 2.4754049777984624 2.4429149627685551 2.4857599735260014 2.5085849761962895 2.4540600776672368 1.0000000180025095e-35 2.3894050121307377 2.2772949934005742 1.0000000180025095e-35 -0.86175999045371998
decision_type=2 2 2 2 2 2 2 2 2 2 2 2 2 2 2 2 2 2 2 2 2 2 2 2 2 2 2 2 2 2
left_child=2 3 4 -2 5 15 8 22 -7 11 16 12 13 14 -9 28 17 18 -11 20 21 -19 24 -24 27 -18 -27 -8 -1 -30
right_child=1 -3 -4 -5 -6 6 7 9 -10 10 -12 -13 -14 -15 -16 -17 25 19 -20 -21 -22 -23 23 -25 -26 26 -28 -29 29 -31
leaf_value=5.2043425014618127e-05 -7.7328963083498234e-05 -2.0580395594973743e-05 0.00070473140757547706 -0.00078218716272271654 -0.00040440086554912284 0.00025432973980955002 -0.00032894360092192978 -0.00021110832945550069 0.00096848647449507426 -3.1331925555822707e-05 -0.00038728619314890635 -0.00049147942914376768 0.00085575517383372924 0.00039966976165047122 -0.0010256943276946563 -0.0004587523822968064 0.00070701238329895532 -0.00026183264877392421 0.00065004679483675917 0.00049122069190076596 -0.00092502974083114422 0.00041934180465269538 0.00067145012647888247 -0.00029650822636484138 -0.00059046745392322779 6.7969539209899996e-05 0.00046834107879654404 -2.3391345383442031e-05 0.00048472840431723895 -1.5979222440775883e-05
leaf_weight=78655 2414 125730 1735 2550 1683 3417 3295 1740 1493 2037 1739 1991 1868 1350 1115 1682 2176 1987 2447 1496 1007 1520 1395 1358 1943 2605 4141 11132 1448 152032
leaf_count=78655 2414 125730 1735 2550 1683 3417 3295 1740 1493 2037 1739 1991 1868 1350 1115 1682 2176 1987 2447 1496 1007 1520 1395 1358 1943 2605 4141 11132 1448 152032
internal_value=4.27963e-06 -3.64885e-05 2.26217e-05 -0.000439414 1.85232e-05 2.10027e-05 8.32801e-05 4.38508e-05 0.000471486 0.000139545 0.000209349 -4.35774e-05 0.000103265 -0.000231016 -0.000529239 6.81896e-06 0.000262786 0.000137921 0.000340509 -1.32281e-05 -0.000180409 3.34012e-05 -0.000102365 0.000193976 -0.000152202 0.000409653 0.000313736 -9.31768e-05 1.01924e-05 -1.12553e-05
internal_weight=421181 130694 290487 4964 288752 287069 53252 48342 4910 29219 21155 8064 6073 4205 2855 233817 19416 10494 4484 6010 4514 3507 19123 2753 16370 8922 6746 14427 232135 153480
internal_count=421181 130694 290487 4964 288752 287069 53252 48342 4910 29219 21155 8064 6073 4205 2855 233817 19416 10494 4484 6010 4514 3507 19123 2753 16370 8922 6746 14427 232135 153480
is_linear=0
shrinkage=0.08


Tree=152
num_leaves=31
num_cat=0
split_feature=2 1 1 1 1 1 1 1 1 1 1 1 1 1 3 2 1 1 2 1 3 1 3 1 1 1 1 1 1 1
split_gain=0.0441813 0.108802 0.109608 0.201408 0.139176 0.111778 0.162336 0.146974 0.107895 0.107699 0.0946547 0.0681635 0.100436 0.0921975 0.0942731 0.0669492 0.0776102 0.0751766 0.0668545 0.091795 0.0488761 0.0725462 0.0451936 0.105618 0.18994 0.103427 0.100807 0.100101 0.0612247 0.0432613
threshold=1.5000000000000002 0.61281502246856701 -0.1457250043749809 -0.183615006506443 -0.097654998302459703 -0.25847500562667841 -0.29697500169277186 -0.38268500566482538 -0.43033500015735621 -0.058495000004768365 -0.35404001176357264 -0.83676499128341664 -0.78155499696731556 -1.5823349952697752 1.5000000000000002 2.5000000000000004 -0.91800001263618458 -1.029929995536804 2.5000000000000004 -0.63651499152183522 1.5000000000000002 -2.2555199861526485 1.0000000180025095e-35 0.38528500497341162 0.31440499424934393 0.258779987692833 0.078519999980926528 0.1400600001215935 0.03870500065386296 0.69082999229431163
decision_type=2 2 2 2 2 2 2 2 2 2 2 2 2 2 2 2 2 2 2 2 2 2 2 2 2 2 2 2 2 2
left_child=-1 2 3 5 -4 6 7 8 11 -6 -9 13 -13 20 -15 16 17 -16 -14 -20 -2 -22 25 24 26 -11 28 -28 -24 -3
right_child=1 29 4 -5 9 -7 -8 10 -10 22 -12 12 18 14 15 -17 -18 -19 19 -21 21 -23 23 -25 -26 -27 27 -29 -30 -31
leaf_value=-1.1377739703703378e-05 -0.00055729105964508175 0.00048774245953089347 -0.00094743741210583446 0.00090206135548141276 0.00047981849793942739 -0.00057227555054046816 0.00080915058383286217 -0.0012316978022459798 0.00059686469074724056 -0.00044298297557037001 -0.00029029523908630391 -0.00078040744288411295 -7.7325686580170812e-06 0.00040673278273053396 0.00015134873386771891 -0.00034496801749440157 0.00074550472331412986 -0.00052909951494625079 0.00010018874203065645 -0.00081945475557961705 0.0005035798442495922 -0.00025937043559102384 -0.00017586986596881924 -0.00059217679413604959 0.00060385248082050081 0.00064600434872202168 -0.00099937683883087993 -0.00029900387919412402 0.0005000414289148663 6.7459779593148574e-05
leaf_weight=336206 1983 1770 1744 1388 1378 2732 1380 1027 1682 1144 2044 1678 8722 5311 4982 2766 1073 1313 1158 1736 1044 3380 3112 5326 1759 1090 1784 4875 1184 13698
leaf_count=336206 1983 1770 1744 1388 1378 2732 1380 1027 1682 1144 2044 1678 8722 5311 4982 2766 1073 1313 1158 1736 1044 3380 3112 5326 1759 1090 1784 4875 1184 13698
internal_value=-2.43602e-05 -7.61598e-05 -0.000119265 -4.67744e-05 -0.00025993 -7.66983e-05 -4.38992e-05 -7.34039e-05 -2.90655e-05 -0.000204553 -0.000605118 -5.9021e-05 -0.00020186 2.78772e-05 0.000133714 -9.36878e-06 0.000116618 9.42204e-06 -0.000118285 -0.00045147 -0.000227258 -7.93252e-05 -0.000251069 -0.000293101 -0.000167816 8.83492e-05 -0.00029172 -0.000486639 1.04148e-05 0.000115553
internal_weight=420469 84263 68795 45399 23396 44011 41279 39899 36828 21652 3071 35146 13294 21852 15445 10134 7368 6295 11616 2894 6407 4424 20274 18040 12714 2234 10955 6659 4296 15468
internal_count=420469 84263 68795 45399 23396 44011 41279 39899 36828 21652 3071 35146 13294 21852 15445 10134 7368 6295 11616 2894 6407 4424 20274 18040 12714 2234 10955 6659 4296 15468
is_linear=0
shrinkage=0.08


Tree=153
num_leaves=31
num_cat=0
split_feature=2 0 1 0 1 0 1 0 0 0 1 1 0 1 1 1 1 1 0 0 1 2 0 0 1 0 1 1 1 1
split_gain=0.0455882 0.165039 0.176619 0.265088 0.14719 0.568366 0.245468 0.188536 0.118205 0.150278 0.144426 0.144145 0.112651 0.106118 0.0843508 0.0619314 0.0559958 0.0306772 0.0614676 0.0715703 0.0376569 0.0214958 0.103543 0.164359 0.207319 0.139517 0.120101 0.228829 0.106271 0.38282
threshold=2.5000000000000004 0.58771499991416942 -1.2262849807739256 1.6689050197601321 0.51161000132560741 3.4521949291229252 1.0095850229263308 3.3305749893188481 2.4649250507354741 1.9825450181961062 1.0000000180025095e-35 -0.40219500660896296 2.497115015983582 -0.15559999644756314 -0.74922999739646901 0.088804997503757491 -0.32477499544620508 1.9073150157928469 4.0179951190948495 2.3274550437927251 2.2294049263000493 1.5000000000000002 3.2216100692749028 1.6585099697113039 -1.4718450307846067 1.6026250123977663 -0.15559999644756314 -0.29697500169277186 -0.16489500552415845 -0.23081000149250028
decision_type=2 2 2 2 2 2 2 2 2 2 2 2 2 2 2 2 2 2 2 2 2 2 2 2 2 2 2 2 2 2
left_child=17 -2 3 -3 7 6 12 8 9 10 11 14 -6 -11 -4 16 -10 21 19 -19 -21 -1 23 25 -25 26 27 -23 29 -26
right_child=1 2 4 -5 5 -7 -8 -9 15 13 -12 -13 -14 -15 -16 -17 -18 18 -20 20 -22 22 -24 24 28 -27 -28 -29 -30 -31
leaf_value=-1.9946434218281077e-05 0.00104322873982163 -0.00014043821862422571 -0.00067213030291747762 0.0016325442845143059 -0.00025701599871983527 -0.0013363441062430315 0.0016223298393336534 0.00080084544295154101 -0.00079979084495400031 0.00076587735318291367 0.00038834148329922714 -0.0012319178942246979 0.00089648438130025896 -0.00021216712285785009 0.00019543906756371403 -0.0011948589203642373 -2.6502761259821901e-05 -0.00026794988077929766 -0.00028290322802970345 0.00022463274828411211 0.00074284216885806746 -1.3155302440663248e-05 0.00020689264788872235 0.00054806655254639551 -0.00022584689664321991 0.00088493784969045745 0.00035015743588960412 -0.001233912513148773 -0.00040257009223693748 0.0013354838612231004
leaf_weight=331505 1114 1105 1474 1055 1169 1005 1445 1149 1321 1685 1288 1435 1010 1227 1397 1010 1097 1107 1573 1915 1689 13644 7544 2121 13482 1254 5079 1059 17337 1086
leaf_count=331505 1114 1105 1474 1055 1169 1005 1445 1149 1321 1685 1288 1435 1010 1227 1397 1010 1097 1107 1573 1915 1689 13644 7544 2121 13482 1254 5079 1059 17337 1086
internal_value=-1.92454e-05 9.56912e-05 4.25734e-05 0.000725532 -4.07142e-05 0.000346995 0.000813815 -0.000177893 -0.000272125 -0.00011229 -0.0003549 -0.000577216 0.000277649 0.000353769 -0.00024998 -0.00066873 -0.000448965 -2.52696e-05 0.000150096 0.000294675 0.000467489 -2.80658e-05 -7.10585e-05 -0.00010914 -0.000217817 6.66456e-05 1.47733e-05 -0.000101082 -0.000268732 -0.000109454
internal_weight=421381 20986 19872 2160 17712 4629 3624 13083 11934 8506 5594 4306 2179 2912 2871 3428 2418 400395 6284 4711 3604 394111 62606 55062 34026 21036 19782 14703 31905 14568
internal_count=421381 20986 19872 2160 17712 4629 3624 13083 11934 8506 5594 4306 2179 2912 2871 3428 2418 400395 6284 4711 3604 394111 62606 55062 34026 21036 19782 14703 31905 14568
is_linear=0
shrinkage=0.08


Tree=154
num_leaves=31
num_cat=0
split_feature=1 1 0 0 0 0 1 1 0 0 1 0 1 0 0 0 0 2 1 1 0 0 0 1 2 1 0 1 0 0
split_gain=0.0429331 0.0707751 0.103081 0.407432 0.148701 0.130672 0.111198 0.0712139 0.0650618 0.235608 0.334058 0.0967475 0.0858844 0.180564 0.20983 0.267095 0.153837 0.121838 0.207588 0.108904 0.087007 0.185457 0.0841549 0.155024 0.225949 0.0766638 0.0701564 0.102492 0.0671678 0.121046
threshold=-0.10734499990940093 -0.038644999265670769 1.9133349657058718 2.2468349933624272 1.6476950049400332 2.4540600776672368 -0.058495000004768365 -0.077974997460842119 2.1976850032806401 2.2271099090576176 -0.81524500250816334 2.2468349933624272 -0.46833999454975123 2.8457649946212773 2.6582949161529545 2.5537600517272954 2.4857599735260014 2.5000000000000004 -0.8487350046634673 -0.30637000501155848 2.7430649995803837 2.7932350635528569 2.1578600406646733 -1.1096500158309934 1.0000000180025095e-35 -0.13632499426603314 2.9772551059722905 -0.42075499892234797 2.2971749305725102 2.3378200531005864
decision_type=2 2 2 2 2 2 2 2 2 2 2 2 2 2 2 2 2 2 2 2 2 2 2 2 2 2 2 2 2 2
left_child=8 2 4 -4 -2 -5 7 -7 22 10 -10 -11 17 14 15 16 28 -13 -19 -17 -16 -22 -1 -24 -25 26 -15 -28 -14 -30
right_child=1 -3 3 5 -6 6 -8 -9 9 11 -12 12 13 25 20 19 -18 18 -20 -21 21 -23 23 24 -26 -27 27 -29 29 -31
leaf_value=7.0787524761240589e-06 -0.00019398248733971956 -1.1586638881942386e-05 -0.0014819889114938722 0.00072020136383607201 0.00083885858357132207 -0.00031125623855838663 -0.00087857935719615004 0.0004761681140894567 -0.00014240125103267865 -0.00050798704924785157 0.0016070495636259648 -1.8603740763620726e-05 0.00072913386344958047 -0.00051355771497384444 0.0012909056087602512 7.9412133144964731e-05 0.001091501143667519 0.0013644148172972661 -0.00021444884307323238 -0.0010026610124523046 -0.00020814244599262933 0.001301523951122498 0.00045848509653617989 3.6125965914033386e-05 -0.0014091946144815066 0.00061758092909135361 0.0007277791469505288 -0.00010486844458380773 -0.00063724517367721469 0.00030946273325918139
leaf_weight=161100 3327 166221 1709 1083 1219 1847 1309 1221 1289 1871 1525 44705 1386 2137 1799 1040 1704 1101 1033 1392 1063 1021 1042 1385 1384 1036 1079 7683 1110 3906
leaf_count=161100 3327 166221 1709 1083 1219 1847 1309 1221 1289 1871 1525 44705 1386 2137 1799 1040 1704 1101 1033 1392 1063 1021 1042 1385 1384 1036 1079 7683 1110 3906
internal_value=4.87064e-06 -2.49811e-05 -0.000215032 -0.000404002 8.29716e-05 -6.65882e-05 -0.000261263 2.12223e-06 2.67483e-05 8.7011e-05 0.000805684 6.00701e-05 7.45907e-05 0.000190114 0.000380608 0.000195369 0.000415978 9.58635e-06 0.000600138 -0.000539932 0.000883322 0.000531478 -1.711e-06 -0.000373275 -0.000686273 -4.00578e-05 -0.000102569 -2.33172e-06 0.000236176 9.9964e-05
internal_weight=420727 177936 11715 7169 4546 5460 4377 3068 242791 77880 2814 75066 73195 26356 14421 10538 8106 46839 2134 2432 3883 2084 164911 3811 2769 11935 10899 8762 6402 5016
internal_count=420727 177936 11715 7169 4546 5460 4377 3068 242791 77880 2814 75066 73195 26356 14421 10538 8106 46839 2134 2432 3883 2084 164911 3811 2769 11935 10899 8762 6402 5016
is_linear=0
shrinkage=0.08


Tree=155
num_leaves=31
num_cat=0
split_feature=0 0 1 1 1 3 1 0 0 1 3 3 0 1 1 3 1 0 1 1 1 1 0 0 0 1 0 1 1 1
split_gain=0.0207016 0.0600074 0.0804112 0.0595775 0.077055 0.135314 0.215394 0.133922 0.135423 0.328159 0.438965 0.304439 0.11441 0.0920825 0.073585 0.106961 0.0663952 0.0663369 0.0840944 0.0679168 0.0525748 0.0566257 0.0711455 0.0495889 0.0597337 0.047092 0.0521142 0.0908366 0.0499957 0.0398126
threshold=3.0750999450683598 3.0412049293518071 0.11964499950408937 2.5474849939346318 0.55336499214172374 1.0000000180025095e-35 -0.55522501468658436 4.1758649349212655 3.2855800390243535 0.33736500144004827 1.5000000000000002 1.5000000000000002 3.1631100177764897 -0.087829999625682817 0.91752499341964733 1.5000000000000002 -1.0555550456047056 3.5067849159240727 -0.56571999192237843 -0.12706499546766278 0.31440499424934393 -0.12706499546766278 3.5667400360107426 3.4800549745559697 4.0179951190948495 1.9073150157928469 3.3771350383758549 1.2065849900245669 1.5639650225639345 0.16129500418901446
decision_type=2 2 2 2 2 2 2 2 2 2 2 2 2 2 2 2 2 2 2 2 2 2 2 2 2 2 2 2 2 2
left_child=1 -1 -3 4 5 12 -7 8 9 10 -8 20 13 -2 -6 25 -14 18 -18 -20 21 -10 -23 -17 -25 26 27 -16 -28 -13
right_child=3 2 -4 -5 14 6 7 -9 11 -11 -12 29 16 -15 15 23 17 -19 19 -21 -22 22 -24 24 -26 -27 28 -29 -30 -31
leaf_value=6.0761099821097087e-06 2.551389479200759e-06 0.00073786875471024865 -4.7674848849559766e-05 -0.00063131046913612909 0.00025236807345018755 0.00018197608474104101 -0.00058636569352763293 0.00026119874630820596 -1.2060661313047891e-05 -0.0014213142492097361 0.0011031664611503491 -0.0013394088820325503 -0.00043411796551736385 -0.0010205109806123601 0.00053664054980485194 -3.4047987317076627e-05 0.00066579483218596016 0.00038222468140822582 -0.00053309335236644332 8.8343838117368575e-05 0.00022407664807404839 -0.001086985082633579 -0.00017599383782722667 0.00086636787493251006 0.00012900578603079063 0.00022108886787149281 -0.00043144858116622622 -0.00033217335422828945 6.2326020642635576e-05 -0.00083902432282538671
leaf_weight=351064 1263 1676 1660 1071 9564 5892 2116 1829 1603 1002 1840 2593 1117 1016 1425 1677 1065 6743 1676 3427 1253 1112 1083 1477 1342 1918 5922 1676 1686 1675
leaf_count=351064 1263 1676 1660 1071 9564 5892 2116 1829 1603 1002 1840 2593 1117 1016 1425 1677 1065 6743 1676 3427 1253 1112 1083 1477 1342 1918 5922 1676 1686 1675
internal_value=1.62099e-06 9.28508e-06 0.000346981 -3.94936e-05 -2.97411e-05 -0.000102449 -0.000231907 -0.000383316 -0.000465884 -0.000128092 0.000199463 -0.0006456 7.21884e-05 -0.00045354 7.462e-05 -2.46607e-05 0.000157599 0.000208791 1.91896e-05 -0.000115757 -0.000225281 -0.000373529 -0.000637507 0.000310421 0.000515343 -0.000143971 -0.000209353 6.7072e-05 -0.000322024 -0.00114303
internal_weight=420463 354400 3336 66063 64992 38305 21998 16106 14277 4958 3956 9319 16307 2279 26687 17123 14028 12911 6168 5103 5051 3798 2195 4496 2819 12627 10709 3101 7608 4268
internal_count=420463 354400 3336 66063 64992 38305 21998 16106 14277 4958 3956 9319 16307 2279 26687 17123 14028 12911 6168 5103 5051 3798 2195 4496 2819 12627 10709 3101 7608 4268
is_linear=0
shrinkage=0.08


Tree=156
num_leaves=31
num_cat=0
split_feature=0 0 3 0 2 3 2 0 0 0 0 0 0 0 0 0 2 0 0 0 0 0 0 2 0 0 0 0 0 3
split_gain=0.0205728 0.0896225 0.115623 0.0671057 0.0536747 0.0491569 0.052717 0.0615363 0.0554381 0.0750522 0.0430141 0.0427982 0.118726 0.107749 0.120717 0.10476 0.0416322 0.0704889 0.0368696 0.152117 0.0776573 0.0588461 0.0962403 0.0901864 0.0813861 0.0705068 0.0467512 0.0671321 0.0361095 0.0348736
threshold=2.0808999538421635 2.1007199287414555 1.5000000000000002 2.0019650459289555 2.5000000000000004 1.0000000180025095e-35 1.5000000000000002 1.1742500066757204 1.8044949769973757 1.9726499915122988 1.6139550209045412 2.2672750949859624 2.5644600391387944 2.8068499565124516 3.109454989433289 3.5067849159240727 1.5000000000000002 2.0313251018524174 1.8044949769973757 1.7839150428771975 1.754070043563843 1.6139550209045412 1.6026250123977663 2.5000000000000004 1.3419350385665896 1.6476950049400332 1.7434849739074709 1.7330700159072878 1.6689050197601321 1.5000000000000002
decision_type=2 2 2 2 2 2 2 2 2 2 2 2 2 2 2 2 2 2 2 2 2 2 2 2 2 2 2 2 2 2
left_child=3 2 -2 5 -3 6 8 -8 -1 -10 -9 -6 -13 -14 -15 -16 29 -18 19 20 21 22 23 -7 -25 -23 27 28 -27 -5
right_child=1 4 -4 16 11 18 7 10 9 -11 -12 12 13 14 15 -17 17 -19 -20 -21 -22 25 -24 24 -26 26 -28 -29 -30 -31
leaf_value=6.3577899409720289e-05 0.0001108105772585478 1.6127479240185351e-05 0.001129343436128212 -0.00020340188248715131 0.0002296947479261051 -6.1332187098806895e-05 -0.00011829490311017736 0.00093658407792574492 -0.00021790348449002005 0.00035852365813163276 0.00025986227845315764 -0.00071660945679672447 0.0004728084604137809 -0.00076935767109267039 0.0004922587452287024 -0.00040026622480308699 -0.00098797112814205646 -0.00015827396547773339 5.9241013288494075e-05 -0.00073328624745353638 0.00034976401039293176 -0.00053894162580610662 0.00071262592885067122 0.00047006989866371369 -0.00019466230431715138 0.00015418288158340163 -0.00061604136149069838 0.00053633398568650719 -0.00022625590036512831 0.00014273645308822094
leaf_weight=51541 2325 192613 1029 8058 1504 87571 1235 1128 9661 1700 1287 2391 1785 1836 1650 1718 1052 1738 20810 2087 3117 3195 1096 3913 1687 2133 1054 1090 6351 2423
leaf_count=51541 2325 192613 1029 8058 1504 87571 1235 1128 9661 1700 1287 2391 1785 1836 1650 1718 1052 1738 20810 2087 3117 3195 1096 3913 1687 2133 1054 1090 6351 2423
internal_value=-4.86811e-06 1.31212e-05 0.000423294 -2.22624e-05 6.36079e-06 -1.07395e-05 4.54683e-05 0.000341045 2.8317e-05 -0.00013165 0.000575946 -0.000166479 -0.000230002 -6.35296e-05 -0.000247496 3.69862e-05 -0.000196488 -0.00047112 -3.86338e-05 -5.66116e-05 -4.39125e-05 -5.5265e-05 -3.26614e-05 -4.14285e-05 0.000269819 -0.000209412 -0.000110348 -5.46767e-05 -0.000130608 -0.000123382
internal_weight=420778 206851 3354 213927 203497 200656 66552 3650 62902 11361 2415 10884 9380 6989 5204 3368 13271 2790 134104 113294 111207 108090 94267 93171 5600 13823 10628 9574 8484 10481
internal_count=420778 206851 3354 213927 203497 200656 66552 3650 62902 11361 2415 10884 9380 6989 5204 3368 13271 2790 134104 113294 111207 108090 94267 93171 5600 13823 10628 9574 8484 10481
is_linear=0
shrinkage=0.08


Tree=157
num_leaves=31
num_cat=0
split_feature=1 1 1 0 0 1 0 0 3 1 0 0 0 0 1 0 0 1 3 1 3 0 0 1 0 0 1 0 1 0
split_gain=0.0185791 0.182259 0.321563 0.244346 0.342243 0.161872 0.144834 0.0806926 0.0743591 0.101738 0.0797286 0.49565 0.1135 0.229105 0.12245 0.0911394 0.132006 0.0844782 0.062047 0.0546418 0.126412 0.0925476 0.0989296 0.0522499 0.161162 0.257326 0.113354 0.127764 0.0935762 0.0962261
threshold=0.15037500113248828 0.078519999980926528 0.069035001099109664 2.8068499565124516 2.1875000000000004 0.11964499950408937 2.5085849761962895 1.7012050151824953 1.0000000180025095e-35 0.31440499424934393 2.1296250820159917 1.9626049995422366 2.6815750598907475 2.9616799354553227 0.2476649954915047 1.3419350385665896 1.7012050151824953 0.20373500138521197 1.0000000180025095e-35 0.028725000098347667 1.5000000000000002 2.5880050659179692 1.8838700056076052 0.38528500497341162 2.1578600406646733 2.6582949161529545 0.42233499884605413 2.5995650291442876 0.45975999534130102 2.4217350482940678
decision_type=2 2 2 2 2 2 2 2 2 2 2 2 2 2 2 2 2 2 2 2 2 2 2 2 2 2 2 2 2 2
left_child=1 2 19 4 5 18 -6 -7 -2 10 11 15 14 -14 -12 -10 -17 -15 -3 -1 21 22 -21 24 -11 -26 27 -25 -28 -30
right_child=8 3 -4 -5 6 7 -8 -9 9 23 12 -13 13 17 -16 16 -18 -19 -20 20 -22 -23 -24 26 25 -27 28 -29 29 -31
leaf_value=-3.0516051331864976e-06 4.6156760793402056e-05 7.3898260751356192e-05 -0.0011292366583896157 -0.00029210585619893209 0.0017469890795107884 8.1946535646803704e-05 0.00061610411598512192 -0.0008758677538210362 3.7316796605307895e-06 -0.00027794092698790377 -0.00040030923727560125 0.0015119764104398878 0.00063909249842440522 -0.001168702256226607 -0.0013888697223914551 -0.0011213734335600027 -9.546591295222545e-05 -0.00027990571905994543 0.00081428932229740735 -0.00016508383350534735 0.0007867776275046523 -0.00046237833643845527 0.00074406462565991343 -0.00096639430620928978 0.0014698028366291751 8.3631423611277294e-06 0.00040502814806135895 0.00012788458757897174 6.8192061852704545e-05 -0.00014563477462750199
leaf_weight=266139 53567 1143 1616 3032 1624 1267 1309 1013 2482 2572 2029 1075 1484 1013 1326 1715 1509 2110 1978 1589 1870 1702 1479 1772 1251 2010 2991 1111 23487 31580
leaf_count=266139 53567 1143 1616 3032 1624 1267 1309 1013 2482 2572 2029 1075 1484 1013 1326 1715 1509 2110 1978 1589 1870 1702 1479 1772 1251 2010 2991 1111 23487 31580
internal_value=-2.61555e-06 8.94135e-06 -4.0618e-06 0.00032286 0.000546591 0.000168802 0.00124227 -0.000343609 -2.70634e-05 -7.51783e-05 -0.000265382 -6.37925e-05 -0.00043707 -0.00017931 -0.000791019 -0.000360664 -0.000641195 -0.000568203 0.000543137 2.60397e-06 0.000229286 1.07307e-05 0.000273192 -3.31833e-05 0.000195554 0.000569007 -5.50771e-05 -0.0005447 -3.07637e-05 -5.4434e-05
internal_weight=420845 285761 274395 11366 8334 5401 2933 2280 135084 81517 14743 6781 7962 4607 3355 5706 3224 3123 3121 272779 6640 4770 3068 66774 5833 3261 60941 2883 58058 55067
internal_count=420845 285761 274395 11366 8334 5401 2933 2280 135084 81517 14743 6781 7962 4607 3355 5706 3224 3123 3121 272779 6640 4770 3068 66774 5833 3261 60941 2883 58058 55067
is_linear=0
shrinkage=0.08


Tree=158
num_leaves=31
num_cat=0
split_feature=0 0 1 3 1 3 0 1 1 0 0 1 3 0 1 1 0 1 1 3 0 1 0 0 1 3 1 3 1 1
split_gain=0.0281987 0.098879 0.0585235 0.46683 0.174802 0.0885073 0.0812377 0.0422516 0.0391078 0.112933 0.103889 0.194305 0.582963 0.180923 0.146438 0.0980507 0.0889471 0.0788978 0.0773858 0.144696 0.233277 0.0756029 0.101524 0.0960863 0.0752161 0.122761 0.213185 0.106987 0.0847972 0.06881
threshold=0.92091998457908641 0.93902999162673961 -0.2494000047445297 1.5000000000000002 0.49802500009536749 1.0000000180025095e-35 0.61653500795364391 0.3613049983978272 -0.52572500705718983 1.754070043563843 3.2216100692749028 -1.2738150358200071 1.5000000000000002 2.6109099388122563 -1.4337149858474729 -1.3767949938774107 1.5126999616622927 -1.6067100167274473 -0.75962001085281361 1.0000000180025095e-35 1.3419350385665896 -1.9633849859237669 2.2772949934005742 1.9626049995422366 -1.2738150358200071 1.5000000000000002 -1.0426700115203855 1.0000000180025095e-35 -1.3767949938774107 -1.2112250328063963
decision_type=2 2 2 2 2 2 2 2 2 2 2 2 2 2 2 2 2 2 2 2 2 2 2 2 2 2 2 2 2 2
left_child=2 -2 -1 5 6 7 -5 -4 9 16 11 12 17 15 -12 21 18 -11 24 -20 -21 -14 23 -23 27 -26 -27 -3 -29 -18
right_child=1 8 3 4 -6 -7 -8 -9 -10 10 14 -13 13 -15 -16 -17 29 -19 19 20 -22 22 -24 -25 25 26 -28 28 -30 -31
leaf_value=-9.0583553322120798e-06 0.00065445397128478756 -0.00039200396557101939 0.00070478706022713492 -0.00073164796486784782 1.0343898391756693e-05 -6.030968994034728e-05 -0.001471380619267869 8.9255612988105599e-05 2.6075293166321267e-05 0.0006160020529450233 -0.00068451059349977639 -0.00020825091892660838 -0.00033852249327214981 0.00030170645102951284 0.00033517488600171957 6.5602405015286527e-05 1.9173073788897865e-05 0.00022218429371563111 0.00024776408990971301 -9.5536269142185062e-05 -0.0012933349770068814 -0.00072406164856852963 -0.00035037516091608205 -0.0017150276012901781 0.00035099688574806963 0.00047267117169696408 -0.00059886515717390016 0.00015861627891700504 -0.00048409821762023945 0.00033980080901301469
leaf_weight=43523 1513 4759 2366 2213 1341 3361 1665 1022 232730 6239 1048 48877 1595 1576 6442 1005 7297 6809 2435 2966 1603 1124 1081 1414 9202 2059 2810 9012 1538 10374
leaf_count=43523 1513 4759 2366 2213 1341 3361 1665 1022 232730 6239 1048 48877 1595 1576 6442 1005 7297 6809 2435 2966 1603 1124 1081 1414 9202 2059 2810 9012 1538 10374
internal_value=9.97203e-07 9.06447e-06 -5.21403e-05 -0.000208813 -0.000776991 0.000230559 -0.00104925 0.00051911 6.38182e-06 -2.85343e-05 -9.06221e-05 -0.000121038 8.34772e-05 -0.000463909 0.000192501 -0.000657929 6.01495e-05 0.000410491 -1.13682e-05 -0.000250324 -0.000515775 -0.00079739 -0.000999627 -0.00127616 4.55974e-05 0.000179113 -0.000145734 -7.71206e-05 6.49201e-05 0.000207402
internal_weight=420999 365508 55491 11968 5219 6749 3878 3388 363995 131265 77210 69720 20843 7795 7490 6219 54055 13048 36384 7004 4569 5214 3619 2538 29380 14071 4869 15309 10550 17671
internal_count=420999 365508 55491 11968 5219 6749 3878 3388 363995 131265 77210 69720 20843 7795 7490 6219 54055 13048 36384 7004 4569 5214 3619 2538 29380 14071 4869 15309 10550 17671
is_linear=0
shrinkage=0.08


Tree=159
num_leaves=31
num_cat=0
split_feature=0 0 3 1 3 1 1 0 1 0 0 1 1 1 3 0 1 1 0 0 0 0 1 1 1 3 1 1 1 0
split_gain=0.0297467 0.0678546 0.111809 0.0568284 0.156225 0.159757 0.101495 0.149434 0.225886 0.100707 0.15798 0.117183 0.198814 0.0942883 0.189403 0.058709 0.0864943 0.0780892 0.0564256 0.0806961 0.0509762 0.125793 0.110308 0.233961 0.0636018 0.0774277 0.0469404 0.0442981 0.131079 0.134559
threshold=2.9772551059722905 2.9460799694061284 1.0000000180025095e-35 0.64277499914169323 1.5000000000000002 -0.22119500488042829 -0.46833999454975123 3.6382600069046025 -0.8487350046634673 4.0179951190948495 3.6382600069046025 0.31440499424934393 0.019785000011324886 1.1455050110816958 1.5000000000000002 3.3771350383758549 -0.89442500472068776 -1.1096500158309934 3.1268450021743779 3.6753649711608891 3.0576651096343999 3.0926699638366704 -0.23081000149250028 0.12990000098943713 -0.45909999310970301 1.0000000180025095e-35 0.069035001099109664 -0.94235497713088978 -0.99174499511718739 2.1976850032806401
decision_type=2 2 2 2 2 2 2 2 2 2 2 2 2 2 2 2 2 2 2 2 2 2 2 2 2 2 2 2 2 2
left_child=1 27 -3 4 15 6 7 8 -6 10 11 12 -7 18 -15 16 -2 -17 -5 -20 22 -22 -18 -24 -23 26 -26 28 -1 -30
right_child=3 2 -4 13 5 9 -8 -9 -10 -11 -12 -13 -14 14 -16 17 20 -19 19 -21 21 24 23 -25 25 -27 -28 -29 29 -31
leaf_value=-1.9316190913294826e-05 0.00031449771023848652 -0.00017585896956343047 0.0007554404381179728 -0.00016755859235317077 8.208240536561372e-05 -0.00091937692324582686 0.00048928273301560694 0.00059793061407688146 -0.0012634211097701231 0.0001275366028219838 -0.0015076314455106969 -0.0010231865656819179 0.00038115298550459492 -0.00027564466803064677 0.00037030841502414701 -0.00058307013507054794 -0.00049949009069983946 0.00013551760292305665 0.00046013273452441772 2.6226596556074134e-05 -0.00096515438913550124 0.00024724434477854402 0.0013059544074349105 -0.00029483826943682182 -0.00032924655940584136 -0.00055552801451551771 0.00017026522233150719 2.0473768598158383e-05 -0.00019701917398651516 -0.0010880607266077085
leaf_weight=92585 2572 1428 1954 2289 1823 1371 1706 1032 1421 1059 1280 1780 1667 10649 3995 1030 1380 16042 6214 4911 1455 1902 1032 1347 2230 3447 2617 242873 4746 1406
leaf_count=92585 2572 1428 1954 2289 1823 1371 1706 1032 1421 1059 1280 1780 1667 10649 3995 1030 1380 16042 6214 4911 1455 1902 1032 1347 2230 3447 2617 242873 4746 1406
internal_value=-4.35879e-06 5.63571e-06 0.000362213 -4.95782e-05 -0.000102275 -0.000337542 -3.24146e-05 -0.000240557 -0.000507301 -0.000592575 -0.000717633 -0.000507753 -0.000205755 4.09354e-05 -9.94235e-05 -1.4092e-05 -0.00011497 9.21633e-05 0.000194164 0.00026859 -0.00018665 -0.000269297 6.95136e-05 0.000399579 -0.000169996 -0.000265679 -5.95494e-05 2.10553e-06 -4.30766e-05 -0.000400661
internal_weight=421243 344992 3382 76251 48193 13139 5982 4276 3244 7157 6098 4818 3038 28058 14644 35054 17982 17072 13414 11125 15410 11651 3759 2379 10196 8294 4847 341610 98737 6152
internal_count=421243 344992 3382 76251 48193 13139 5982 4276 3244 7157 6098 4818 3038 28058 14644 35054 17982 17072 13414 11125 15410 11651 3759 2379 10196 8294 4847 341610 98737 6152
is_linear=0
shrinkage=0.08


Tree=160
num_leaves=31
num_cat=0
split_feature=0 2 3 2 2 3 0 0 0 0 0 3 0 2 0 0 2 0 0 2 3 2 0 0 2 3 3 0 2 0
split_gain=0.0123441 0.0749361 0.0408582 0.224464 0.0501295 0.0335848 0.0169648 0.0724365 0.0565258 0.0538065 0.163172 0.0845609 0.0965044 0.0906398 0.0781154 0.135409 0.0693144 0.0429839 0.0427698 0.116022 0.0976102 0.248558 0.103837 0.090563 0.0870463 0.101945 0.076226 0.0728164 0.0605962 0.102603
threshold=3.9545550346374516 1.0000000180025095e-35 1.5000000000000002 1.5000000000000002 1.5000000000000002 1.0000000180025095e-35 2.6344399452209477 2.6228849887847905 2.6109099388122563 2.1578600406646733 2.09111499786377 1.5000000000000002 2.1007199287414555 1.5000000000000002 2.2468349933624272 2.2370949983596806 1.5000000000000002 2.6459350585937504 2.4649250507354741 2.5000000000000004 1.5000000000000002 1.0000000180025095e-35 2.5085849761962895 2.4429149627685551 1.5000000000000002 1.0000000180025095e-35 1.0000000180025095e-35 2.4857599735260014 1.0000000180025095e-35 2.5085849761962895
decision_type=2 2 2 2 2 2 2 2 2 2 2 2 2 2 2 2 2 2 2 2 2 2 2 2 2 2 2 2 2 2
left_child=6 5 3 -3 -4 -2 7 8 9 10 -1 12 -12 -13 15 16 -11 -8 23 20 27 -22 -23 24 25 -16 -25 -20 29 -29
right_child=1 2 4 -5 -6 -7 17 -9 -10 14 11 13 -14 -15 18 -17 -18 -19 19 -21 21 22 -24 26 -26 -27 -28 28 -30 -31
leaf_value=7.1020670182665881e-06 -0.0001146271964066915 0.00031408419223259953 -3.666559876911948e-05 -0.0010216424104440962 0.00060248017049254995 -0.00046819842028276634 0.00045387558908117833 -0.00052518863207533695 0.00047100251376091899 -4.2003177144766545e-05 -0.00050107695399623882 0.00029803968850398277 0.00029096193693794092 0.0011354892343769911 -0.00010685441291220327 -0.00091003745804713141 -0.00049444423697444487 3.4317908686634859e-05 -0.00057380420270356034 -0.00087722024365991099 -0.00071683710626315583 0.0011573985547224954 0.00027777875977884429 -2.9791192693152917e-05 -0.00026394751395578071 0.00021715829083492763 0.00074704526806459353 0.00066565441675458116 -0.00030050294865530933 -8.3661026766263736e-05
leaf_weight=216048 4948 2982 1353 1103 1872 2635 1587 1651 1665 10466 1152 1949 6773 1437 11633 1623 2733 102471 2319 1169 1322 1237 2810 1350 6424 13343 2015 1429 5153 6441
leaf_count=216048 4948 2982 1353 1103 1872 2635 1587 1651 1665 10466 1152 1949 6773 1437 11633 1623 2733 102471 2319 1169 1322 1237 2810 1350 6424 13343 2015 1429 5153 6441
internal_value=1.02351e-05 -6.12984e-05 0.000121472 -4.65783e-05 0.000334336 -0.000237489 1.28578e-05 3.26324e-06 6.16673e-06 3.57676e-06 2.26092e-05 0.000318807 0.000175829 0.000653449 -5.69715e-05 -0.000220477 -0.000135686 4.07166e-05 -1.41878e-05 -0.000101812 -5.80456e-05 0.000235538 0.000546642 4.09603e-05 -1.3087e-06 6.62438e-05 0.000435387 -0.000160786 -8.72404e-05 5.23964e-05
internal_weight=421093 14893 7310 4085 3225 7583 406200 302142 300491 298826 227359 11311 7925 3386 71467 14822 13199 104058 56645 21880 20711 5369 4047 34765 31400 24976 3365 15342 13023 7870
internal_count=421093 14893 7310 4085 3225 7583 406200 302142 300491 298826 227359 11311 7925 3386 71467 14822 13199 104058 56645 21880 20711 5369 4047 34765 31400 24976 3365 15342 13023 7870
is_linear=0
shrinkage=0.08


Tree=161
num_leaves=31
num_cat=0
split_feature=2 1 1 1 1 1 3 1 1 1 1 1 1 1 1 1 2 1 1 2 1 1 1 1 2 2 1 1 1 1
split_gain=0.0256254 0.148528 0.163309 0.129713 0.0842256 0.0821635 0.0744396 0.383788 0.0422406 0.0374362 0.0987992 0.0286234 0.0451509 0.0363187 0.0242959 0.073666 0.125477 0.0874028 0.0468207 0.0390766 0.0318571 0.214703 0.071267 0.155951 0.072855 0.0667479 0.0893422 0.128762 0.0569491 0.0427896
threshold=2.5000000000000004 0.028725000098347667 -0.90645498037338246 -0.75962001085281361 0.2476649954915047 -0.22119500488042829 1.5000000000000002 1.0095850229263308 0.51161000132560741 -1.6856650114059446 -1.2573850154876707 -0.49764500558376307 -0.35404001176357264 -0.61636999249458302 -0.10734499990940093 -0.048845000565052026 1.0000000180025095e-35 -0.068005003035068498 -0.13632499426603314 1.5000000000000002 0.15037500113248828 0.1400600001215935 0.28125999867916113 0.27009500563144689 1.5000000000000002 1.5000000000000002 0.098845001310110106 0.048709999769926078 0.29242499172687536 1.0000000180025095e-35
decision_type=2 2 2 2 2 2 2 2 2 2 2 2 2 2 2 2 2 2 2 2 2 2 2 2 2 2 2 2 2 2
left_child=14 2 9 -4 -3 11 -6 8 -8 -2 -11 13 -13 -5 18 16 -16 19 -1 -18 21 25 23 24 -22 -17 27 29 -24 -27
right_child=1 4 3 5 6 -7 7 -9 -10 10 -12 12 -14 -15 15 20 17 -19 -20 -21 22 -23 28 -25 -26 26 -28 -29 -30 -31
leaf_value=7.8617968656767359e-06 0.00072517778932852965 0.00081648283204343902 -0.0011503102509433595 -8.5151537450948043e-05 -0.0002720277075206098 -0.00058078346751462616 -0.00042264527771174306 0.0014280086272261555 0.00014230941857362771 -0.00033736870923619424 0.00053533068081524802 -0.00049784054145839694 0.00017192277726888521 0.00057191326872256618 4.9658060188277855e-05 6.3345947050096206e-05 -0.00048934742672936344 -0.0010208158358635078 0.00026054594851486213 0.000108289669642632 -3.3640521366883703e-05 0.00096732157442565487 0.00047742713677730925 -0.00093727965975627919 -0.00048419198773735775 -0.00044966948744888435 0.00040441902332431301 -0.001118269745517183 -1.3788923923832871e-05 0.00020272038323948017
leaf_weight=227451 1023 1895 1013 1153 1557 2241 1498 1505 1949 1418 2003 1328 1251 1010 4680 24567 2118 1577 4792 1046 14341 1580 1532 1577 2735 1274 1014 1219 107647 1300
leaf_count=227451 1023 1895 1013 1153 1557 2241 1498 1505 1949 1418 2003 1328 1251 1010 4680 24567 2118 1577 4792 1046 14341 1580 1532 1577 2735 1274 1014 1219 107647 1300
internal_value=8.06967e-07 8.7287e-05 -8.8237e-05 -0.000304328 0.000347106 -0.000181604 0.000210454 0.000362155 -0.000103209 0.000300571 0.000173598 7.04256e-06 -0.000172957 0.000221661 -3.69444e-06 -2.68488e-05 -0.000244198 -0.000534274 1.30756e-05 -0.000291772 -1.39531e-05 5.88666e-05 -3.15861e-05 -0.0001761 -0.000105804 1.00016e-05 -0.000262624 -0.000440947 -6.89618e-06 -0.00012018
internal_weight=421294 20844 12440 7996 8404 6983 6509 4952 3447 4444 3421 4742 2579 2163 400450 168207 9421 4741 232243 3164 158786 30954 127832 18653 17076 29374 4807 3793 109179 2574
internal_count=421294 20844 12440 7996 8404 6983 6509 4952 3447 4444 3421 4742 2579 2163 400450 168207 9421 4741 232243 3164 158786 30954 127832 18653 17076 29374 4807 3793 109179 2574
is_linear=0
shrinkage=0.08


Tree=162
num_leaves=31
num_cat=0
split_feature=2 0 1 0 1 1 0 0 0 1 1 1 0 1 1 2 1 0 1 1 0 1 0 1 1 1 0 0 2 1
split_gain=0.040689 0.0419252 0.136022 0.184331 0.151325 0.144748 0.143885 0.130703 0.111853 0.129263 0.105261 0.102747 0.0985371 0.0974088 0.0928461 0.0846575 0.0796758 0.0760498 0.0650974 0.0665592 0.0642352 0.16671 0.0808702 0.0795851 0.0811692 0.0739783 0.12168 0.146703 0.206107 0.150859
threshold=1.5000000000000002 1.4893950223922732 -0.64591500163078297 1.6585099697113039 0.31440499424934393 0.3258149921894074 3.0089449882507329 2.9460799694061284 1.6689050197601321 1.0000000180025095e-35 -0.13632499426603314 -0.67689999938011158 3.0412049293518071 -0.16489500552415845 0.28125999867916113 1.0000000180025095e-35 -0.66677498817443837 1.592010021209717 -0.45909999310970301 0.20373500138521197 2.8068499565124516 0.0091149997897446173 2.7671899795532231 -0.54500499367713917 -0.57613500952720631 -0.23984500020742414 1.9034000039100649 1.8540149927139284 1.0000000180025095e-35 -0.077974997460842119
decision_type=2 2 2 2 2 2 2 2 2 2 2 2 2 2 2 2 2 2 2 2 2 2 2 2 2 2 2 2 2 2
left_child=1 11 3 15 6 -6 7 8 9 13 -9 -1 -8 17 20 -3 -5 -4 -14 -20 22 -22 23 24 -10 -25 27 28 29 -27
right_child=-2 2 4 16 5 -7 12 10 14 -11 -12 -13 18 -15 -16 -17 -18 -19 19 -21 21 -23 -24 25 -26 26 -28 -29 -30 -31
leaf_value=1.8019091789598401e-05 5.0740915324583007e-05 4.3576034248568734e-05 0.00014355543003887329 -0.00012643015485849869 -0.00094887943555068636 -2.6189469394005635e-05 -0.00084267826174407902 0.00021557919781593215 0.00025092838848346239 0.00037799291608406463 0.0013289149900078091 -0.0001475237714770698 0.00032702076006893951 -0.00089376603877907971 0.00072349211065571935 0.00054668634387977622 -0.00069464354797696263 -0.00050640962235981005 -0.00016583443622067832 0.00026931411561994552 -0.00040875616333750425 0.00056714680989802422 0.00075026595745083385 1.4716725987517535e-05 0.0008906040407059973 -3.4195317194012586e-05 0.00013454074409913761 0.0012534176178640244 -0.00030267475771232833 0.0011745213036025855
leaf_weight=53868 84349 5227 2603 56243 1104 75700 1022 1084 4120 2329 1090 43270 2709 1455 1952 3625 1625 2067 13982 2681 3602 1626 1590 19050 1835 1015 24434 1393 1997 1894
leaf_count=53868 84349 5227 2603 56243 1104 75700 1022 1084 4120 2329 1090 43270 2709 1455 1952 3625 1625 2067 13982 2681 3602 1626 1590 19050 1835 1015 24434 1393 1997 1894
internal_value=1.06134e-06 -1.1403e-05 6.60558e-06 -9.03792e-05 4.41537e-05 -3.94524e-05 0.000111371 0.000162522 0.000144309 -0.000129307 0.000773783 -5.57218e-05 -7.70807e-05 -0.000322205 0.000180167 0.000249606 -0.000142386 -0.000144127 -3.66904e-05 -9.5821e-05 0.000163213 -0.000105233 0.000187694 0.000171646 0.000448041 0.000138584 0.000215364 0.000528878 0.000323154 0.000752779
internal_weight=420541 336192 239054 66720 172334 76804 95530 75136 72962 8454 2174 97138 20394 6125 64508 8852 57868 4670 19372 16663 62556 5228 57328 55738 5955 49783 30733 6299 4906 2909
internal_count=420541 336192 239054 66720 172334 76804 95530 75136 72962 8454 2174 97138 20394 6125 64508 8852 57868 4670 19372 16663 62556 5228 57328 55738 5955 49783 30733 6299 4906 2909
is_linear=0
shrinkage=0.08


Tree=163
num_leaves=31
num_cat=0
split_feature=1 0 0 1 1 0 1 1 1 1 0 1 1 0 0 1 0 0 3 0 0 0 1 3 1 0 1 0 0 1
split_gain=0.0258735 0.0155157 0.153589 0.0620954 0.0730672 0.0980252 0.0693746 0.0632348 0.0600271 0.119367 0.136668 0.0731703 0.122239 0.0942789 0.216238 0.0720947 0.0683612 0.0609856 0.051617 0.224376 0.105011 0.0471967 0.142916 0.205103 0.257394 0.177006 0.306844 0.152868 0.133289 0.11741
threshold=-3.0355050563812251 2.8320949077606206 2.8188049793243413 -0.77027499675750721 0.20373500138521197 2.8743100166320805 0.16129500418901446 -0.69619500637054432 -0.3443749994039535 -0.38268500566482538 3.0750999450683598 0.11964499950408937 0.088804997503757491 2.9772551059722905 3.0750999450683598 0.019785000011324886 3.2216100692749028 4.0179951190948495 1.0000000180025095e-35 3.5667400360107426 3.4800549745559697 2.4429149627685551 0.7780749797821046 1.5000000000000002 -0.78155499696731556 2.7801799774169926 -0.17487499862909314 2.4540600776672368 2.5085849761962895 1.0891849994659426
decision_type=2 2 2 2 2 2 2 2 2 2 2 2 2 2 2 2 2 2 2 2 2 2 2 2 2 2 2 2 2 2
left_child=-1 2 21 -3 5 -5 7 -7 9 10 -9 12 13 -10 -15 17 -12 18 20 -20 -16 -2 23 25 -25 27 -27 -23 -26 -24
right_child=1 3 -4 4 -6 6 -8 8 11 -11 16 -13 -14 14 15 -17 -18 -19 19 -21 -22 22 29 24 28 26 -28 -29 -30 -31
leaf_value=-0.00031668289880570059 -6.6121741599685449e-06 0.00015453102317951071 0.00078020115198480691 -0.00067998513954927603 1.067086480091749e-05 -0.00059623393048165163 -0.0006143281729137155 -0.00049800464996984555 -0.00059276052805420508 0.00088694978084256817 0.00071805188872051205 0.00037674807958572776 -0.00097231060511621397 0.00073934628570829393 -0.00047720123152980083 0.00026365983338865379 6.4816034279632475e-05 0.00022761898254536499 -0.00018380137781581134 -0.0014544254025984677 0.00044634893461192166 0.0010432528807103 -0.00055780508047497518 -0.00016669229906209873 0.0012821208684275912 0.00028147135784015376 -0.0013483222939242017 5.1718244882158559e-05 0.00049032557053892503 3.3682756185842541e-05
leaf_weight=1631 271659 10751 1652 2044 49953 1434 1635 2387 2339 1129 1364 1627 1174 1934 2037 1950 4129 1332 3199 1232 1285 1032 3750 3543 1677 1428 1533 27856 7213 5027
leaf_count=1631 271659 10751 1652 2044 49953 1434 1635 2387 2339 1129 1364 1627 1174 1934 2037 1950 4129 1332 3199 1232 1285 1032 3750 3543 1677 1428 1533 27856 7213 5027
internal_value=1.33239e-06 2.5694e-06 1.07813e-05 -2.62693e-05 -4.99209e-05 -0.000143829 -0.000107525 -7.85033e-05 -5.11256e-05 0.000117624 7.39988e-06 -0.000135077 -0.000185601 -0.000125266 -4.09525e-05 -0.000177708 0.000227025 -0.000272443 -0.000358356 -0.000537087 -0.000119958 6.8669e-06 7.5879e-05 0.000134332 0.000409897 2.67595e-05 -0.000562323 8.714e-05 0.000639689 -0.000219032
internal_weight=420936 419305 326370 92935 82184 32231 30187 28552 27118 9009 7880 18109 16482 15308 12969 11035 5493 9085 7753 4431 3322 324718 53059 44282 12433 31849 2961 28888 8890 8777
internal_count=420936 419305 326370 92935 82184 32231 30187 28552 27118 9009 7880 18109 16482 15308 12969 11035 5493 9085 7753 4431 3322 324718 53059 44282 12433 31849 2961 28888 8890 8777
is_linear=0
shrinkage=0.08


Tree=164
num_leaves=31
num_cat=0
split_feature=1 1 0 3 1 0 3 0 1 0 3 1 0 0 1 1 1 0 1 1 0 0 1 0 0 0 0 3 1 0
split_gain=0.0332099 0.138935 0.191797 0.159419 0.128207 0.2439 0.372958 0.290448 0.334057 0.334297 0.280378 0.247535 0.2452 0.219486 0.141293 0.107428 0.0936436 0.0870285 0.0837859 0.0806619 0.0795329 0.105873 0.0772718 0.0745217 0.0714697 0.0836259 0.0867037 0.151027 0.0689018 0.0929607
threshold=0.05931499972939492 0.10926000028848649 1.6802250146865847 1.5000000000000002 -0.25847500562667841 1.289004981517792 1.5000000000000002 3.4521949291229252 -0.097654998302459703 2.8188049793243413 1.5000000000000002 -0.16489500552415845 2.4429149627685551 1.6802250146865847 -0.19260499626398084 -0.019685000181198117 -0.12706499546766278 3.1631100177764897 -0.37311500310897822 -1.2896999716758726 0.97519999742507946 0.58771499991416942 -0.31568500399589533 2.0220599174499516 2.4540600776672368 2.2174350023269658 1.8937050104141238 1.5000000000000002 0.078519999980926528 2.4114799499511723
decision_type=2 2 2 2 2 2 2 2 2 2 2 2 2 2 2 2 2 2 2 2 2 2 2 2 2 2 2 2 2 2
left_child=4 2 -2 28 17 10 -7 8 11 12 -6 14 13 -10 23 -15 -13 18 -1 -19 21 -12 -20 -8 25 26 27 -24 -4 -30
right_child=1 -3 3 -5 5 6 7 -9 9 -11 20 16 -14 15 -16 -17 -18 19 22 -21 -22 -23 24 -25 -26 -27 -28 -29 29 -31
leaf_value=-1.2902779121328195e-05 0.00028835702216593276 -1.692467090312487e-05 -0.00072852845033696313 -0.0012875661757903007 9.0132092905742639e-05 5.5585253917695129e-05 -0.00014220724821073315 -0.00069029490205054389 0.00017897580491132002 0.0023996113531813842 -0.00056361768617274979 -0.00076010593221722601 -0.00025533692012211381 0.0020997697515922125 0.0015021225246013589 0.0010206802789762917 0.00022482216334433107 -0.00032708796224951932 -0.00035898711271332501 0.00026160218424984519 -0.00032238549957163944 -0.0016729647692573272 -0.00017603889597034785 0.00075167434305057181 -0.00042416796283134431 0.00077669220041491074 -0.00055627338290868103 0.00082716086938501652 0.00049216944034582467 -0.00048373342582633407
leaf_weight=185169 2152 141626 1775 1560 5801 32692 1018 1073 1026 1078 1120 1421 1026 1226 1019 1139 1093 1715 9025 11335 1313 1083 2833 1443 2185 1002 1425 1453 1064 1513
leaf_count=185169 2152 141626 1775 1560 5801 32692 1018 1073 1026 1078 1120 1421 1026 1226 1019 1139 1093 1715 9025 11335 1313 1083 2833 1443 2185 1002 1425 1453 1064 1513
internal_value=-5.07788e-06 -3.53156e-05 -0.000358311 -0.000593701 1.1642e-05 0.000121209 0.000197949 0.000568445 0.000686003 0.00113654 -0.00025153 0.00027297 0.000828283 0.00115615 0.000709932 0.00158007 -0.000331893 -1.60212e-05 -2.88892e-05 0.000184238 -0.000815235 -0.00110898 -0.00019405 0.000381918 -2.67593e-05 0.000102592 -1.5679e-05 0.000164057 -0.000344981 -8.07995e-05
internal_weight=420403 149690 8064 5912 270713 54571 45254 12562 11489 5495 9317 5994 4417 3391 3480 2365 2514 216142 203092 13050 3516 2203 17923 2461 8898 6713 5711 4286 4352 2577
internal_count=420403 149690 8064 5912 270713 54571 45254 12562 11489 5495 9317 5994 4417 3391 3480 2365 2514 216142 203092 13050 3516 2203 17923 2461 8898 6713 5711 4286 4352 2577
is_linear=0
shrinkage=0.08


Tree=165
num_leaves=31
num_cat=0
split_feature=1 1 3 2 1 2 1 1 1 2 1 2 2 1 1 1 3 1 1 1 1 1 2 3 1 1 1 2 1 3
split_gain=0.0235308 0.0942334 0.0977917 0.0997805 0.0513937 0.058967 0.128923 0.0608422 0.0795632 0.0539827 0.0476426 0.0776454 0.0562871 0.131205 0.0848716 0.18465 0.0816644 0.117257 0.113299 0.0435216 0.11319 0.183575 0.165665 0.107381 0.0803243 0.0800735 0.0678656 0.122086 0.0563268 0.0447555
threshold=-0.019685000181198117 -0.048845000565052026 1.0000000180025095e-35 1.0000000180025095e-35 0.42233499884605413 1.5000000000000002 0.028725000098347667 0.11964499950408937 0.29242499172687536 2.5000000000000004 -0.068005003035068498 1.0000000180025095e-35 2.5000000000000004 -0.2494000047445297 -1.4929299950599668 -0.93010500073432911 1.5000000000000002 -0.73833999037742604 -0.56571999192237843 0.05931499972939492 0.11964499950408937 0.15037500113248828 1.0000000180025095e-35 1.0000000180025095e-35 0.048709999769926078 0.16129500418901446 0.21464500576257708 1.0000000180025095e-35 0.098845001310110106 1.5000000000000002
decision_type=2 2 2 2 2 2 2 2 2 2 2 2 2 2 2 2 2 2 2 2 2 2 2 2 2 2 2 2 2 2
left_child=1 10 -3 -4 5 19 -7 -8 9 -9 12 -12 -1 14 -14 -16 -17 -18 -19 24 22 23 -21 -22 29 -23 27 -27 -24 -2
right_child=4 2 3 -5 -6 6 7 8 -10 -11 11 -13 13 -15 15 16 17 18 -20 20 21 25 28 -25 -26 26 -28 -29 -30 -31
leaf_value=-7.7039641827603816e-06 -7.9727736715018042e-05 -9.3096857812175219e-05 -1.5801860459637041e-05 0.0009466153616006723 2.1599255970905472e-06 -0.00088586909012060224 0.00016596148169963307 -0.00029050703352061984 3.5526052945667441e-05 -0.00085904020466841756 0.00011074157527026216 -0.00067109741386890763 -0.00048873312348406519 0.00084112775187241632 0.00069343547856853024 0.00043774276379723176 -0.0010305236199607789 0.00062702554893922461 -0.0003801404694983484 -6.2722380606561838e-05 4.7888254223023912e-05 -0.00070307575399234767 -0.00056850994546760506 0.0009011425685555702 0.00066225191047134565 -0.00011757007430571843 -0.00012680409423107054 0.0005878307007786877 -0.0012879097093463818 0.00036760573536522831
leaf_weight=238295 7226 1992 1035 2065 96077 1710 3041 4043 3793 1453 1522 1745 1506 1619 2800 1351 1006 1079 2118 4639 1779 1303 1982 2011 1390 3917 23051 2621 1074 1785
leaf_count=238295 7226 1992 1035 2065 96077 1710 3041 4043 3793 1453 1522 1745 1506 1619 2800 1351 1006 1079 2118 4639 1779 1303 1982 2011 1390 3917 23051 2621 1074 1785
internal_value=-1.1506e-05 3.51797e-06 0.000344257 0.000625292 -3.53139e-05 -8.91971e-05 -0.000234908 -0.000144628 -0.000246308 -0.000440812 -3.3388e-06 -0.000306861 6.31225e-07 0.000173663 6.40663e-05 0.000163721 -0.00010333 -0.00027725 -4.0218e-05 -5.04353e-05 -8.64258e-05 -2.48399e-05 -0.000363999 0.000500631 9.62017e-05 -8.93075e-05 -6.22792e-05 0.000165216 -0.000821336 8.8851e-06
internal_weight=421028 258133 5092 3100 162895 66818 14040 12330 9289 5496 253041 3267 249774 11479 9860 8354 5554 4203 3197 52778 42377 34682 7695 3790 10401 30892 29589 6538 3056 9011
internal_count=421028 258133 5092 3100 162895 66818 14040 12330 9289 5496 253041 3267 249774 11479 9860 8354 5554 4203 3197 52778 42377 34682 7695 3790 10401 30892 29589 6538 3056 9011
is_linear=0
shrinkage=0.08


Tree=166
num_leaves=31
num_cat=0
split_feature=0 0 1 1 3 0 0 1 3 0 1 1 1 3 1 1 3 0 1 1 1 1 0 0 1 1 0 0 0 1
split_gain=0.0335693 0.0672276 0.0556983 0.0522706 0.0664655 0.0408741 0.110383 0.140176 0.139532 0.14915 0.134365 0.21654 0.104015 0.193617 0.179641 0.277191 0.274169 0.234341 0.302312 0.41189 0.712169 0.30984 0.325296 0.203922 0.169407 0.139208 0.117 0.116497 0.116196 0.114318
threshold=2.5418000221252446 2.5537600517272954 -2.0095150470733638 -1.4929299950599668 1.5000000000000002 2.1578600406646733 2.0808999538421635 0.83483499288558971 1.5000000000000002 2.1103949546813969 -1.2738150358200071 -0.59605500102043141 -0.81524500250816334 1.0000000180025095e-35 0.2476649954915047 0.34965500235557562 1.0000000180025095e-35 2.2174350023269658 0.069035001099109664 -0.010024999734014271 -0.097654998302459703 -0.26767499744892115 2.3894050121307377 2.4217350482940678 -0.42075499892234797 -1.2418799996376035 2.379024982452393 2.2772949934005742 2.4857599735260014 0.43486499786376959
decision_type=2 2 2 2 2 2 2 2 2 2 2 2 2 2 2 2 2 2 2 2 2 2 2 2 2 2 2 2 2 2
left_child=5 -2 -3 4 -4 6 -1 8 10 -10 -8 -12 13 25 16 26 28 24 19 20 21 23 -23 27 -18 -7 -16 -19 -14 -17
right_child=1 2 3 -5 -6 12 7 -9 9 -11 11 -13 14 -15 15 29 17 18 -20 -21 -22 22 -24 -25 -26 -27 -28 -29 -30 -31
leaf_value=-3.9701177643189401e-06 0.00053567517183236756 -0.00054407710787380073 8.5552037553258324e-05 3.3428243055457873e-05 0.00089887139293577493 0.0006082405821263749 0.0010065865450498163 -0.00056714860227807741 0.0013993802130644326 0.00032921985660139361 -0.00066201495386620276 0.00029968976339799928 -0.00028318698556923982 -0.00047489300577093266 -0.0014734256705992543 0.00050322175650132045 0.0004852253534829257 0.00019461136191693186 0.0012893414384213609 -0.001225182141328261 0.0022474041072979779 -0.0014201112398467999 0.00044043232421621539 -0.00012948969205344433 -0.0008122282449109662 -0.00023729414794599436 -0.00034801919785578078 0.0010484287610169798 0.00044539901172681724 -0.00015655876743389017
leaf_weight=213843 1748 1050 1746 126552 1018 2268 1011 1259 1360 2153 2105 5200 9930 9082 1397 1899 1007 1499 2333 1043 1235 1324 1102 2393 1787 2766 1025 3219 1631 14622
leaf_count=213843 1748 1050 1746 126552 1018 2268 1011 1259 1360 2153 2105 5200 9930 9082 1397 1899 1007 1499 2333 1043 1235 1324 1102 2393 1787 2766 1025 3219 1631 14622
internal_value=9.44349e-06 4.28411e-05 3.6233e-05 4.09449e-05 0.000385103 -5.85081e-06 9.83316e-06 0.000235363 0.000320777 0.000743515 0.000142196 2.25661e-05 -6.36654e-05 -0.00025431 -6.94522e-06 -0.000197893 0.000119958 0.000324918 0.000457138 0.00029281 0.00043979 0.000205712 -0.000574967 0.00047205 -0.000344606 0.00014365 -0.000997149 0.000777154 -0.0001804 -8.07205e-05
internal_weight=420607 132114 130366 129316 2764 288493 226931 13088 11829 3513 8316 7305 61562 14116 47446 18943 28503 16942 14148 11815 10772 9537 2426 7111 2794 5034 2422 4718 11561 16521
internal_count=420607 132114 130366 129316 2764 288493 226931 13088 11829 3513 8316 7305 61562 14116 47446 18943 28503 16942 14148 11815 10772 9537 2426 7111 2794 5034 2422 4718 11561 16521
is_linear=0
shrinkage=0.08


Tree=167
num_leaves=31
num_cat=0
split_feature=2 1 1 1 3 1 1 1 1 1 2 1 1 1 1 1 1 1 1 1 3 1 1 1 1 1 1 1 1 3
split_gain=0.0330628 0.0547557 0.11181 0.0699121 0.132963 0.310415 0.0550346 0.0432034 0.118217 0.0399213 0.036843 0.0875818 0.102905 0.219234 0.0778711 0.127147 0.08124 0.0955406 0.091406 0.0715242 0.0673101 0.0848461 0.0697985 0.0614968 0.0559381 0.062616 0.0780234 0.067998 0.0639084 0.0592668
threshold=2.5000000000000004 -0.61636999249458302 -0.77027499675750721 0.53973501920700084 1.5000000000000002 0.9855649769306184 -0.9792099893093108 0.078519999980926528 0.22573500126600268 -0.43033500015735621 1.5000000000000002 -0.82583001255989064 -0.71717000007629383 -0.66677498817443837 0.2476649954915047 -0.058495000004768365 -0.21179499477148053 -0.30637000501155848 -0.54500499367713917 -0.58586001396179188 1.5000000000000002 0.37337499856948858 1.6284399628639223 0.20373500138521197 -1.922450006008148 -1.4535049796104429 -1.6067100167274473 -0.91800001263618458 -0.87138497829437245 1.5000000000000002
decision_type=2 2 2 2 2 2 2 2 2 2 2 2 2 2 2 2 2 2 2 2 2 2 2 2 2 2 2 2 2 2
left_child=10 2 6 7 -5 -6 -2 9 -9 -3 -1 24 -13 -14 15 16 17 18 19 -15 -16 -22 -23 -17 -12 26 -26 29 -29 -27
right_child=1 3 -4 4 5 -7 -8 8 -10 -11 11 12 13 14 20 23 -18 -19 -20 -21 21 22 -24 -25 25 27 -28 28 -30 -31
leaf_value=-5.2339840467439214e-07 0.00027566643809828599 -0.00033565789145555532 0.00097140805889338495 -0.00052281711912306598 -0.00020870659901863999 0.0013258102516114703 -0.00030794844379576311 -0.00097714682596342648 -4.6511470858193052e-06 0.00012875596707410969 -0.00025638472841515997 -0.0006244760590658863 0.00097502781412791173 -0.00016308605220605971 0.00016863903913211611 -0.0004036319680144068 0.00021055087343902526 -0.00064020067754632845 8.6506329100442022e-05 -0.00098486339184030618 0.00041439522505115346 -0.00031093143190033849 0.00034740285368392874 -0.0010731829077288272 0.00011989205525434999 0.00021944740558221023 0.00083965179814614354 0.00091852736144841128 2.1130426653148652e-05 -0.00021224830997829746
leaf_weight=336106 4022 1587 1227 1042 1800 1588 1392 1218 2331 4672 2587 2492 1190 1943 8136 6543 4125 2507 6390 1041 1538 8099 1181 1014 2324 3251 1647 1001 1031 5443
leaf_count=336106 4022 1587 1227 1042 1800 1588 1392 1218 2331 4672 2587 2492 1190 1943 8136 6543 4125 2507 6390 1041 1538 8099 1181 1014 2324 3251 1647 1001 1031 5443
internal_value=-5.95274e-06 9.21871e-05 0.000281883 3.70779e-06 0.000267481 0.000510542 0.000125613 -0.000115431 -0.000338407 1.10016e-05 -1.10807e-05 -6.69753e-05 -0.00012445 -9.59402e-05 -0.000125915 -0.000223018 -9.5327e-05 -0.000201526 -8.42056e-05 -0.000449772 -5.20016e-06 -0.000135941 -0.00022715 -0.000493472 8.66498e-05 0.000147032 0.000418417 4.65586e-05 0.000463204 -5.08217e-05
internal_weight=420468 20879 6641 14238 4430 3388 5414 9808 3549 6259 399589 63483 46199 43707 42517 23563 16006 11881 9374 2984 18954 10818 9280 7557 17284 14697 3971 10726 2032 8694
internal_count=420468 20879 6641 14238 4430 3388 5414 9808 3549 6259 399589 63483 46199 43707 42517 23563 16006 11881 9374 2984 18954 10818 9280 7557 17284 14697 3971 10726 2032 8694
is_linear=0
shrinkage=0.08


Tree=168
num_leaves=31
num_cat=0
split_feature=1 0 0 2 2 1 2 0 0 1 0 0 1 2 2 1 1 1 0 1 1 0 0 2 0 2 1 0 0 1
split_gain=0.036816 0.0669504 0.0885911 0.298229 0.261456 0.0731869 0.0674441 0.0997038 0.0650195 0.0451911 0.0357043 0.0320846 0.0986493 0.19832 0.065267 0.0955548 0.0771797 0.151739 0.140753 0.135802 0.11517 0.096756 0.0931137 0.158677 0.085771 0.320769 0.121507 0.108671 0.0785951 0.0733203
threshold=1.279415011405945 1.4050849676132204 3.263779997825623 1.0000000180025095e-35 1.5000000000000002 1.4073449969291689 1.0000000180025095e-35 4.2735400199890146 3.6017649173736577 1.5049049854278567 2.8882849216461186 1.6585099697113039 0.34965500235557562 1.5000000000000002 1.0000000180025095e-35 -0.41136500239372248 -1.2896999716758726 -0.72773000597953785 1.0000000180025095e-35 -1.3414850234985349 -0.16489500552415845 1.592010021209717 -0.094705000519752489 2.5000000000000004 1.3555600047111513 1.5000000000000002 0.1400600001215935 1.0629749894142153 1.5241850018501284 -0.95444500446319569
decision_type=2 2 2 2 2 2 2 2 2 2 2 2 2 2 2 2 2 2 2 2 2 2 2 2 2 2 2 2 2 2
left_child=11 -2 3 9 5 -4 7 8 -7 -3 -11 12 14 -14 15 -1 19 21 -19 22 -20 28 -16 -24 25 -22 -26 -27 29 -18
right_child=1 2 4 -5 -6 6 -8 -9 -10 10 -12 -13 13 -15 16 -17 17 18 20 -21 24 -23 23 -25 26 27 -28 -29 -30 -31
leaf_value=2.7999667548559081e-05 -0.00066475935977547223 -5.8394439053707965e-05 -0.00057128198620372945 0.00043964083855144777 -0.0010669755713676526 8.733353556324871e-05 -0.00025179788537470704 -0.00029758313707883572 0.00091418329980880067 -0.0006683070781749454 -0.00011846430732113274 7.815923012307505e-07 9.9622280845957997e-05 0.00085668199677736711 -0.00050252380638842191 -0.00019477743330451925 0.0001695814753863108 0.00079902991662427598 -0.00014482126074578835 -0.00083375420609593039 -5.4665674650583675e-05 0.0010339961369749645 0.00013802368487718608 -0.00084619671855239197 0.0002273994089010507 0.00062835724548082974 -0.00069371542086723453 0.0017002397165515463 -0.00036954007107394254 0.00052141857758105628
leaf_weight=45412 1211 2367 1284 6914 1946 1009 2252 1204 1534 2580 1069 255014 11060 2769 2054 16911 8893 1429 16979 1326 4291 1141 15023 1127 2540 1406 1434 1063 1137 6607
leaf_count=45412 1211 2367 1284 6914 1946 1009 2252 1204 1534 2580 1069 255014 11060 2769 2054 16911 8893 1429 16979 1326 4291 1141 15023 1127 2540 1406 1434 1063 1137 6607
internal_value=1.20398e-05 -8.55439e-05 -5.38894e-05 8.12519e-05 -0.000243225 -2.31207e-05 9.42053e-05 0.000302158 0.00058611 -0.000330633 -0.000507227 1.77753e-05 4.81649e-05 0.000251209 2.63599e-05 -3.24497e-05 8.1517e-05 0.000137141 2.47737e-05 -5.21186e-05 -1.51503e-05 0.000321337 4.81665e-06 6.93416e-05 0.000189963 0.000363351 -0.000104981 0.00108984 0.000272461 0.000319555
internal_weight=420986 23370 22159 12930 9229 7283 5999 3747 2543 6016 3649 397616 142602 13829 128773 62323 66450 46920 29142 19530 27713 17778 18204 16150 10734 6760 3974 2469 16637 15500
internal_count=420986 23370 22159 12930 9229 7283 5999 3747 2543 6016 3649 397616 142602 13829 128773 62323 66450 46920 29142 19530 27713 17778 18204 16150 10734 6760 3974 2469 16637 15500
is_linear=0
shrinkage=0.08


Tree=169
num_leaves=31
num_cat=0
split_feature=0 0 1 1 1 1 0 1 1 1 3 0 1 0 0 1 1 3 1 0 1 0 0 0 0 1 0 1 1 0
split_gain=0.0388546 0.186062 0.295468 0.276613 0.0614173 0.0739442 0.0751692 0.0571007 0.0562276 0.0608215 0.140362 0.131364 0.103067 0.132513 0.101956 0.188469 0.0994802 0.176251 0.332795 0.156645 0.111769 0.11026 0.506266 0.118979 0.159131 0.248444 0.180632 0.100224 0.189607 0.152761
threshold=2.0019650459289555 1.9626049995422366 -0.44987000524997706 0.51161000132560741 0.48443499207496649 1.0891849994659426 1.4893950223922732 0.088804997503757491 -2.4311149120330806 -1.2738150358200071 1.5000000000000002 2.2072451114654545 -0.81524500250816334 2.7801799774169926 2.5764749050140385 -1.4929299950599668 -0.010024999734014271 1.0000000180025095e-35 -0.038644999265670769 3.5067849159240727 0.0091149997897446173 2.7430649995803837 2.6939949989318852 2.0412049293518071 2.4754049777984624 -0.61636999249458302 2.3071050643920903 -0.57613500952720631 -0.42075499892234797 2.3894050121307377
decision_type=2 2 2 2 2 2 2 2 2 2 2 2 2 2 2 2 2 2 2 2 2 2 2 2 2 2 2 2 2 2
left_child=1 4 -3 7 -1 -6 -7 -4 -2 10 11 -10 13 -11 15 -12 17 19 21 -14 -18 22 23 -19 26 -26 -25 -28 -29 -30
right_child=8 2 3 -5 5 6 -8 -9 9 12 14 -13 16 -15 -16 -17 20 18 -20 -21 -22 -23 -24 24 25 -27 27 28 29 -31
leaf_value=4.2603632075394278e-06 -0.00060051405246179599 -0.0001329962664097809 0.0010789124308321449 -0.00017552183010822065 0.00024710677278349461 -0.00045250339257709815 0.00016396709767496422 0.0018495152997608422 0.00082298077430522092 -0.00031943609754451238 -0.00090816918037897197 0.00015100246825478834 -0.0001460208811909174 0.00010506873451961771 0.00025753797400628829 0.00031891139709478008 -0.00065881043474324392 -0.00056545112686578341 0.0012811017358762911 0.00047173997189121902 -3.970403796506072e-05 -3.4457177221900768e-05 0.0018363162237591811 0.00013223948835893571 0.00081341713704858665 -0.00041756793841656503 0.00014915665477071937 0.0018187371287329197 -3.6574384942912773e-06 0.0011807109173988526
leaf_weight=174403 1045 3028 1585 1023 14367 2255 2886 1006 2518 15140 2141 7145 25252 6829 2115 1280 1898 1380 1680 2932 111561 15491 1207 9384 1350 4711 1457 1096 1422 1367
leaf_count=174403 1045 3028 1585 1023 14367 2255 2886 1006 2518 15140 2141 7145 25252 6829 2115 1280 1898 1380 1680 2932 111561 15491 1207 9384 1350 4711 1457 1096 1422 1367
internal_value=8.10011e-06 3.35793e-05 0.000449927 0.000938331 1.93182e-05 0.000153937 -0.000106436 0.00137811 -1.50846e-05 -1.22956e-05 0.000142094 0.000326108 -2.37896e-05 -0.00018748 -0.000179099 -0.000449045 -4.0511e-06 7.19024e-05 0.000178714 -8.17548e-05 -5.00608e-05 0.000131062 0.000240758 0.00015388 0.000201634 -0.000143384 0.000343639 0.000714992 0.000927199 0.000576849
internal_weight=420954 200553 6642 3614 193911 19508 5141 2591 220401 219356 15199 9663 204157 21969 5536 3421 182188 68729 40545 28184 113459 38865 23374 22167 20787 6061 14726 5342 3885 2789
internal_count=420954 200553 6642 3614 193911 19508 5141 2591 220401 219356 15199 9663 204157 21969 5536 3421 182188 68729 40545 28184 113459 38865 23374 22167 20787 6061 14726 5342 3885 2789
is_linear=0
shrinkage=0.08


Tree=170
num_leaves=31
num_cat=0
split_feature=1 3 1 1 3 1 1 1 1 1 1 1 1 3 1 3 2 1 1 1 1 1 2 1 1 1 1 2 1 1
split_gain=0.03809 0.0231337 0.0559793 0.0488271 0.0162918 0.0362774 0.125449 0.0523297 0.0429144 0.14922 0.145767 0.0730361 0.14143 0.0725163 0.0499609 0.0452598 0.128759 0.105194 0.139615 0.0908106 0.106598 0.0803306 0.0790177 0.216156 0.0654855 0.149585 0.0289413 0.0506362 0.0926738 0.0319235
threshold=1.9073150157928469 1.0000000180025095e-35 2.2294049263000493 2.2294049263000493 1.0000000180025095e-35 0.38528500497341162 0.34965500235557562 0.42233499884605413 -0.12706499546766278 -0.16489500552415845 -0.17487499862909314 -0.10734499990940093 -0.097654998302459703 1.5000000000000002 -0.20170500129461286 1.5000000000000002 1.5000000000000002 0.23696500062942508 0.048709999769926078 0.098845001310110106 0.20373500138521197 -0.058495000004768365 1.0000000180025095e-35 -0.010024999734014271 0.18228500336408618 0.03870500065386296 0.59832498431205761 1.0000000180025095e-35 0.64277499914169323 -0.77027499675750721
decision_type=2 2 2 2 2 2 2 2 2 2 2 2 2 2 2 2 2 2 2 2 2 2 2 2 2 2 2 2 2 2
left_child=4 2 -2 -3 26 6 8 -7 9 10 14 -10 -13 -11 -6 16 17 18 22 -20 -21 -17 -14 -24 25 -18 29 28 -28 -1
right_child=1 3 -4 -5 5 7 -8 -9 11 13 -12 12 15 -15 -16 21 24 -19 19 20 -22 -23 23 -25 -26 -27 27 -29 -30 -31
leaf_value=5.6705056703075314e-05 -0.00036926607403851104 0.00057936119873464368 0.00037588949392920626 2.6749302598060965e-05 -1.5428254266551433e-05 -0.00040237089984461894 0.00051916516725242559 -5.4766208634296549e-05 0.0005213561534536176 -0.00017137859870215626 0.00091084354809882581 -0.00088875231896938924 -0.00035356240537207263 -0.00085111499384640679 -0.00035143033223396935 0.00063366168414421414 -6.2690838736940128e-05 -0.00028412652121602552 0.00085882130436125696 4.7681291910999089e-05 0.00089189497266876515 9.4692975599091239e-05 0.00075973178653883898 -0.00065041642763504859 1.9045795160216864e-05 -0.0012514497554123713 0.00066636433810081917 0.00026373418467017955 -2.6541543664738034e-05 -2.7910214253161323e-05
leaf_weight=43169 1298 2076 1283 2018 146619 2922 2932 53911 2097 2021 1080 1029 3491 1997 2888 1958 1366 4075 2094 4221 1238 18417 1785 1140 1416 1344 1328 7808 17706 84184
leaf_count=43169 1298 2076 1283 2018 146619 2922 2932 53911 2097 2021 1080 1029 3491 1997 2888 1958 1366 4075 2094 4221 1238 18417 1785 1140 1416 1344 1328 7808 17706 84184
internal_value=-8.64751e-07 0.000188718 1.1464e-06 0.00030697 -3.91969e-06 -1.61367e-05 -3.34524e-07 -7.26379e-05 -7.93989e-06 -2.80672e-05 -1.5229e-05 6.01948e-05 3.80014e-05 -0.000509217 -2.19187e-05 6.0416e-05 -1.86861e-05 7.35062e-05 0.000177834 0.000410936 0.000239133 0.000146487 -9.65773e-05 0.000210136 -0.000421865 -0.000652245 1.66836e-05 9.21773e-05 2.18024e-05 7.71926e-07
internal_weight=420911 6675 2581 4094 414236 260041 203208 56833 200276 154605 150587 45671 43574 4018 149507 42545 22170 18044 13969 7553 5459 20375 6416 2925 4126 2710 154195 26842 19034 127353
internal_count=420911 6675 2581 4094 414236 260041 203208 56833 200276 154605 150587 45671 43574 4018 149507 42545 22170 18044 13969 7553 5459 20375 6416 2925 4126 2710 154195 26842 19034 127353
is_linear=0
shrinkage=0.08


Tree=171
num_leaves=31
num_cat=0
split_feature=2 1 1 1 1 1 1 1 1 1 1 1 1 1 1 1 3 3 1 1 1 2 3 1 1 1 3 1 2 1
split_gain=0.040467 0.0528381 0.0752571 0.0561982 0.0932043 0.0943418 0.0871823 0.0769668 0.0312686 0.0607599 0.0304531 0.0305384 0.0300146 0.0269423 0.0196261 0.0162597 0.105445 0.0366304 0.0339484 0.00766481 0.0198468 0.0506946 0.0349421 0.0295116 0.0485555 0.02801 0.0195364 0.0504959 0.026086 0.03814
threshold=2.5000000000000004 1.1455050110816958 0.79767498373985302 -0.71717000007629383 0.028725000098347667 -0.097654998302459703 -0.27762499451637263 0.38528500497341162 -0.53527498245239247 -0.40219500660896296 -1.2573850154876707 -0.9792099893093108 -1.5356950163841245 0.22573500126600268 0.59832498431205761 1.9073150157928469 1.5000000000000002 1.0000000180025095e-35 2.2294049263000493 -1.846029996871948 -1.323590040206909 1.5000000000000002 1.5000000000000002 -1.4718450307846067 -1.5356950163841245 -1.3059799671173093 1.5000000000000002 -2.7436399459838863 1.0000000180025095e-35 -2.1792600154876705
decision_type=2 2 2 2 2 2 2 2 2 2 2 2 2 2 2 2 2 2 2 2 2 2 2 2 2 2 2 2 2 2
left_child=15 2 3 10 5 6 8 13 -5 -10 12 -12 -2 -6 -9 19 17 18 -17 26 21 22 -21 24 -24 -22 27 -1 -28 -30
right_child=1 -3 -4 4 7 -7 -8 14 9 -11 11 -13 -14 -15 -16 16 -18 -19 -20 20 25 -23 23 -25 -26 -27 28 -29 29 -31
leaf_value=-0.0003017705706918483 0.00034380267088535046 -0.00032262038189045169 0.00073820888040128602 -0.00053789636768847456 0.00033180434132440889 -0.00084234091732793466 0.00043262714590589299 0.00014074966913617124 0.00033345393642291853 -0.00047907979306202625 0.00073559215781115875 0.00025233749272405144 -0.00022611820455714103 0.00081828995087682675 -0.00030375521173288031 -0.00013951453202611024 -0.0003575795060239182 0.0006172007739653594 0.00044894396775850548 -3.3182008341036576e-05 0.00034068839013112832 0.00018002560629994384 -0.000205216690818916 -2.38811313906765e-05 -0.00075081648913513188 9.1614934330668966e-06 -0.00019696326435319697 0.00017800388431480005 -0.00011943634227880605 0.00027970898759953014
leaf_weight=1605 1421 1571 1340 1516 1709 1144 1701 1420 1180 1176 1571 1791 1013 1270 1151 1268 1923 1901 1242 20292 1639 5118 4935 3263 1324 334290 3780 11210 3226 2918
leaf_count=1605 1421 1571 1340 1516 1709 1144 1701 1420 1180 1176 1571 1791 1013 1270 1151 1268 1923 1901 1242 20292 1639 5118 4935 3263 1324 334290 3780 11210 3226 2918
internal_value=1.53024e-05 0.00012362 0.000159751 0.000116838 1.98428e-05 -0.000180603 -4.47648e-05 0.000262437 -0.000254487 -7.21232e-05 0.000322125 0.000478153 0.000106609 0.000539202 -5.82488e-05 9.6218e-06 0.000136779 0.000352297 0.000151667 7.57552e-06 4.81117e-06 -5.25795e-05 -9.25095e-05 -0.00021894 -0.00032063 1.0779e-05 5.26606e-05 0.000117915 -3.16034e-05 7.01317e-05
internal_weight=420908 20974 19403 18063 12267 6717 5573 5550 3872 2356 5796 3362 2434 2979 2571 399934 6334 4411 2510 393600 370861 34932 29814 9522 6259 335929 22739 12815 9924 6144
internal_count=420908 20974 19403 18063 12267 6717 5573 5550 3872 2356 5796 3362 2434 2979 2571 399934 6334 4411 2510 393600 370861 34932 29814 9522 6259 335929 22739 12815 9924 6144
is_linear=0
shrinkage=0.08


Tree=172
num_leaves=31
num_cat=0
split_feature=0 0 0 3 2 0 0 0 2 0 0 0 2 2 3 0 0 0 0 2 0 2 0 0 3 2 2 2 0 0
split_gain=0.0382829 0.0728272 0.176401 0.0960933 0.0884804 0.0753762 0.0998942 0.0724688 0.111112 0.186869 0.108101 0.104545 0.298958 0.145289 0.111447 0.0859986 0.0706459 0.0813312 0.0664352 0.0901931 0.0595595 0.116119 0.0523728 0.0459585 0.0448499 0.123248 0.103299 0.0839377 0.115159 0.17301
threshold=2.4649250507354741 1.9626049995422366 1.9532350301742556 1.0000000180025095e-35 2.5000000000000004 2.2672750949859624 2.1485450267791752 2.2468349933624272 1.5000000000000002 2.3274550437927251 2.3378200531005864 2.432595014572144 1.0000000180025095e-35 1.0000000180025095e-35 1.5000000000000002 2.2271099090576176 2.2174350023269658 2.1976850032806401 2.28746509552002 1.0000000180025095e-35 2.4857599735260014 1.0000000180025095e-35 2.0120949745178227 2.2772949934005742 1.5000000000000002 1.5000000000000002 1.5000000000000002 1.0000000180025095e-35 2.0220599174499516 2.09111499786377
decision_type=2 2 2 2 2 2 2 2 2 2 2 2 2 2 2 2 2 2 2 2 2 2 2 2 2 2 2 2 2 2
left_child=1 2 -1 16 7 6 -6 15 10 -10 18 13 -13 -12 -15 24 17 22 19 -9 21 -2 -3 -18 25 -5 27 -26 -29 -30
right_child=20 3 -4 4 5 -7 -8 8 9 -11 11 12 -14 14 -16 -17 23 -19 -20 -21 -22 -23 -24 -25 26 -27 -28 28 29 -31
leaf_value=1.425448759391835e-05 -0.00084054809929638989 0.00034651686767987229 -0.00081471996863558666 0.00015263035347134297 -0.0003144812847368872 -0.00063518268507170854 0.00069768059828578539 0.00083670129263500035 -0.00067943167927495939 0.00036551905333706818 -0.00033155109844688495 0.0017132730474146846 -0.00019659748933390485 0.00086952726079010027 -5.1138587886816821e-05 -0.00041236259390856414 -0.00037331024240280786 0.0007259316616431492 0.00089914922001980621 -6.7890791093383959e-05 -9.0185841737903237e-06 0.00011084594073006053 -2.2910485863016489e-05 -5.5046413555012061e-05 0.00042536199159798137 -0.00052458866834770562 0.00060346286373892178 0.00061731106145015307 -0.0010400245671336429 9.0667187729931241e-05
leaf_weight=192365 1604 3090 1657 11479 1641 1528 1007 1396 1752 2922 3008 1012 1089 1775 1600 1864 3863 1244 3565 1426 140818 1682 11970 11695 3082 2023 3870 1084 1358 2391
leaf_count=192365 1604 3090 1657 11479 1641 1528 1007 1396 1752 2922 3008 1012 1089 1775 1600 1864 3863 1244 3565 1426 140818 1682 11970 11695 3082 2023 3870 1084 1358 2391
internal_value=1.65624e-05 3.3973e-05 7.17482e-06 9.68181e-05 0.000165051 -0.000187753 7.04307e-05 0.000196602 0.000314065 -2.61698e-05 0.000421001 0.000233854 0.00072334 7.27375e-05 0.000433063 0.000112045 -1.21244e-05 0.000104242 0.000669593 0.000379597 -1.68751e-05 -0.000353559 5.28884e-05 -0.00013407 0.000150701 5.11629e-05 0.00026474 9.91235e-05 -0.000108918 -0.000318903
internal_weight=420860 276756 194022 82734 50872 4176 2648 46696 19545 4674 14871 8484 2101 6383 3375 27151 31862 16304 6387 2822 144104 3286 15060 15558 25287 13502 11785 7915 4833 3749
internal_count=420860 276756 194022 82734 50872 4176 2648 46696 19545 4674 14871 8484 2101 6383 3375 27151 31862 16304 6387 2822 144104 3286 15060 15558 25287 13502 11785 7915 4833 3749
is_linear=0
shrinkage=0.08


Tree=173
num_leaves=31
num_cat=0
split_feature=2 1 1 1 1 3 1 1 1 1 3 1 1 1 1 1 1 1 3 2 1 2 1 1 1 1 1 1 1 3
split_gain=0.0408955 0.0635244 0.0910305 0.0710492 0.0870195 0.0839734 0.0494011 0.0683978 0.0478655 0.0611038 0.112583 0.100802 0.0800481 0.0450995 0.0249171 0.0221021 0.0872818 0.180858 0.0978913 0.0975649 0.0670072 0.0731333 0.0860076 0.0838202 0.10254 0.0583117 0.0953061 0.0936166 0.0675477 0.0575069
threshold=2.5000000000000004 1.1455050110816958 0.67494001984596264 -0.38268500566482538 -1.4718450307846067 1.5000000000000002 0.11964499950408937 -0.12706499546766278 -1.2112250328063963 -0.51693499088287342 1.5000000000000002 -0.77027499675750721 -0.9792099893093108 0.33736500144004827 0.098845001310110106 -0.23081000149250028 0.21464500576257708 0.22573500126600268 1.0000000180025095e-35 1.0000000180025095e-35 -0.77027499675750721 1.0000000180025095e-35 -0.2494000047445297 -0.56571999192237843 -0.59605500102043141 0.10926000028848649 0.15037500113248828 0.028725000098347667 0.19293499737977984 1.5000000000000002
decision_type=2 2 2 2 2 2 2 2 2 2 2 2 2 2 2 2 2 2 2 2 2 2 2 2 2 2 2 2 2 2
left_child=15 2 3 4 -2 14 7 -7 -6 10 -10 12 -12 -8 -5 20 18 -18 19 -17 -1 -22 23 24 -23 27 -27 -20 -28 -26
right_child=1 -3 -4 5 8 6 13 -9 9 -11 11 -13 -14 -15 -16 16 17 -19 25 -21 21 22 -24 -25 29 26 28 -29 -30 -31
leaf_value=9.2707636572731097e-06 -0.00028458274320640887 -0.00037529659379395206 0.00064782450379636093 9.9018515566353911e-05 0.00086503897079429916 -0.00035016871483102362 -0.00079480549007621246 0.00036152952609470337 0.00084616797924754112 0.00079202714199387168 8.2007185862232115e-05 0.00043145559826468841 -0.00090189857840558649 -0.00018127379774341017 0.00065343596722772972 6.3753835352766273e-05 -0.00089297704799295411 -2.1152727378711465e-05 0.00018273184227206605 -0.00025610826627735244 -1.0251869057763689e-05 -0.00019568797201952276 -0.00074423740506129822 -4.6691595948404182e-05 -0.0004261734021685166 0.00065812611566051738 -7.0965181545558598e-05 -0.00014567701340181227 0.00053294256880048112 -0.0012300927394902897
leaf_weight=124801 1605 1632 2055 1077 1055 1804 1357 1659 1141 1196 1034 1525 1084 1763 1001 20369 1543 116689 24822 8714 44281 13031 1539 25689 1321 3606 3622 7157 1762 1001
leaf_count=124801 1605 1632 2055 1077 1055 1804 1357 1659 1141 1196 1034 1525 1084 1763 1001 20369 1543 116689 24822 8714 44281 13031 1539 25689 1321 3606 3622 7157 1762 1001
internal_value=-4.83174e-06 0.00010402 0.000144434 8.46413e-05 0.000246957 -7.72811e-05 -0.000217236 -9.21943e-06 0.000368225 0.000280577 0.000152714 -6.44779e-05 -0.000421559 -0.000448121 0.000366089 -1.05439e-05 9.39587e-06 -3.25306e-05 8.01582e-05 -3.20849e-05 -2.82813e-05 -8.22352e-05 -0.000157092 -0.000135075 -0.000282961 0.000159837 0.000339846 0.000109233 0.000126673 -0.000772738
internal_weight=420935 20988 19356 17301 8640 8661 6583 3463 7035 5980 4784 3643 2118 3120 2078 399947 188284 118232 70052 29083 211663 86862 42581 41042 15353 40969 8990 31979 5384 2322
internal_count=420935 20988 19356 17301 8640 8661 6583 3463 7035 5980 4784 3643 2118 3120 2078 399947 188284 118232 70052 29083 211663 86862 42581 41042 15353 40969 8990 31979 5384 2322
is_linear=0
shrinkage=0.08


Tree=174
num_leaves=31
num_cat=0
split_feature=0 0 0 2 0 0 3 0 0 0 0 0 0 0 0 3 0 3 0 2 2 0 0 0 2 0 0 0 0 0
split_gain=0.0435067 0.133346 0.105061 0.0429239 0.127327 0.0661036 0.063599 0.126415 0.0608303 0.0590559 0.173218 0.0576305 0.0522469 0.0776438 0.0621179 0.142568 0.051795 0.0474437 0.153067 0.112519 0.0848501 0.0726671 0.100454 0.0692122 0.0659081 0.0473576 0.0677459 0.0401145 0.0384341 0.0376375
threshold=1.8937050104141238 1.8838700056076052 1.9133349657058718 1.0000000180025095e-35 2.9160000085830693 2.9460799694061284 1.5000000000000002 3.1631100177764897 2.90184497833252 2.5764749050140385 2.5537600517272954 3.5667400360107426 2.7065598964691167 2.6815750598907475 2.8320949077606206 1.0000000180025095e-35 2.8599900007247929 1.5000000000000002 4.0911300182342538 2.5000000000000004 1.5000000000000002 3.9011600017547612 3.4800549745559697 3.7580599784851079 1.5000000000000002 3.0576651096343999 3.109454989433289 2.7671899795532231 2.9772551059722905 3.0576651096343999
decision_type=2 2 2 2 2 2 2 2 2 2 2 2 2 2 2 2 2 2 2 2 2 2 2 2 2 2 2 2 2 2
left_child=1 -1 -2 4 9 -6 -7 -8 16 10 -4 -9 13 -11 27 -16 -5 19 28 20 23 22 -22 25 -20 -10 -27 -14 -19 -30
right_child=2 -3 3 8 5 6 7 11 17 12 -12 -13 14 -15 15 -17 -18 18 24 -21 21 -23 -24 -25 -26 26 -28 -29 29 -31
leaf_value=9.185178064509712e-06 -0.00048513538165422763 0.00073229244480709117 4.8865341104339355e-05 -9.3072431560908015e-05 -0.00060969619202418471 -5.1997485491614349e-05 0.00031830793147370821 -0.0010142510436875636 0.00019873341130176834 0.00021852948004705597 -0.00078356733547808996 -0.00031050151405004735 0.00012093491399640377 0.00083774634097883425 -4.9545033236189856e-05 0.00083322789607426576 -0.0004620139869754514 0.00016599989685268219 1.4012915508865684e-05 -0.00068645834360150221 0.00030234766144871016 -0.00021901742452335528 0.0011376000091023743 0.00031552546819128553 0.0008497658698416316 -0.00074960134288425226 -7.0517037673392512e-05 -0.00023854188028426461 -0.00056555921506525281 -0.00017091180515880507
leaf_weight=180777 3290 1647 49744 75926 1612 35145 1179 1481 3519 7148 1653 1498 3928 1583 2944 1944 2516 1862 1038 1150 3507 1031 1250 4313 1444 1053 8776 4020 1771 12207
leaf_count=180777 3290 1647 49744 75926 1612 35145 1179 1481 3519 7148 1653 1498 3928 1583 2944 1944 2516 1862 1038 1150 3507 1031 1250 4313 1444 1053 8776 4020 1771 12207
internal_value=-1.36954e-05 1.57137e-05 -3.61869e-05 -2.99081e-05 5.36988e-06 -0.000107595 -8.70011e-05 -0.000382865 -6.30106e-05 6.87154e-05 2.20931e-05 -0.000660368 0.000179822 0.000330798 7.7129e-05 0.000301541 -0.000104906 1.35572e-05 -8.39006e-05 8.61464e-05 0.000124037 0.000389863 0.000521827 3.69184e-05 0.000500245 -5.31049e-05 -0.000143269 -6.0884e-05 -0.000175431 -0.000220913
internal_weight=420956 182424 238532 235242 113879 40915 39303 4158 121363 72964 51397 2979 21567 8731 12836 4888 78442 42921 18322 24599 23449 5788 4757 17661 2482 13348 9829 7948 15840 13978
internal_count=420956 182424 238532 235242 113879 40915 39303 4158 121363 72964 51397 2979 21567 8731 12836 4888 78442 42921 18322 24599 23449 5788 4757 17661 2482 13348 9829 7948 15840 13978
is_linear=0
shrinkage=0.08


Tree=175
num_leaves=31
num_cat=0
split_feature=0 1 2 1 1 0 0 0 1 1 1 1 0 1 1 1 0 0 0 0 1 0 2 1 0 1 0 0 1 1
split_gain=0.0446928 0.0631247 0.0483361 0.156683 0.0806541 0.0706675 0.101623 0.086277 0.130386 0.154689 0.0774032 0.061663 0.176496 0.145719 0.0749455 0.192923 0.203868 0.190425 0.136102 0.116794 0.102746 0.102188 0.138656 0.153823 0.0976978 0.0720382 0.135459 0.0588214 0.0538335 0.100135
threshold=2.4114799499511723 -2.0095150470733638 1.0000000180025095e-35 1.5639650225639345 1.1455050110816958 2.3274550437927251 2.3479599952697758 2.2772949934005742 -0.37311500310897822 0.19293499737977984 -0.72773000597953785 0.59832498431205761 1.41738498210907 0.65902999043464672 0.258779987692833 0.33736500144004827 2.1485450267791752 1.4893950223922732 1.8838700056076052 1.922779977321625 0.069035001099109664 1.4542349576950075 1.5000000000000002 0.1400600001215935 2.0220599174499516 1.0000000180025095e-35 1.4771749973297121 1.9924100041389468 -0.077974997460842119 -0.097654998302459703
decision_type=2 2 2 2 2 2 2 2 2 2 2 2 2 2 2 2 2 2 2 2 2 2 2 2 2 2 2 2 2 2
left_child=2 -2 3 5 11 7 -7 -1 -9 -10 -8 14 -13 -14 20 19 17 -17 -19 -16 25 -22 23 -23 -24 28 -27 -28 29 -4
right_child=1 -3 4 -5 -6 6 10 8 9 -11 -12 12 13 -15 15 16 -18 18 -20 -21 21 22 24 -25 -26 26 27 -29 -30 -31
leaf_value=-4.5558956791255538e-05 -0.00049011103106144855 3.8281327201659628e-05 9.097069379009312e-06 -0.00087499575635438444 0.00034157222383121301 -0.00088102407440254912 -0.00066107386234549534 -0.00020343112509846168 0.001447629159285228 0.00010039217059644785 7.4304640104680509e-05 0.00039702742045450671 -0.0011770532690340235 -0.00022627762241381769 0.00034571968752676423 0.00032437001715185571 0.00072108165144580772 -0.00096281522981427102 -4.4417484715997651e-05 0.0013310266185459225 0.00012641446977160002 -0.00079415854129534188 -0.0013972855834455539 0.00027833764861578665 -0.00036538754564467799 -0.00031020072257558775 0.0011345857503473702 0.00031255847303057575 -0.00027250089150695919 0.00077851386109503099
leaf_weight=117625 1461 150934 95106 1479 4585 1512 1258 1615 1045 1141 3370 2496 1225 6537 1946 2733 2013 2220 1931 1274 2862 1407 1297 2185 1073 1192 1178 1057 4268 1095
leaf_count=117625 1461 150934 95106 1479 4585 1512 1258 1615 1045 1141 3370 2496 1225 6537 1946 2733 2013 2220 1931 1274 2862 1407 1297 2185 1073 1192 1178 1057 4268 1095
internal_value=-1.39218e-06 3.32157e-05 -2.10184e-05 -5.63179e-05 1.15934e-05 -4.68262e-05 -0.000311618 -3.34368e-05 0.000341694 0.000744428 -0.000125589 3.94233e-07 -0.000188154 -0.000376329 1.58875e-05 0.000204945 1.29055e-05 -0.000194177 -0.000535587 0.000735559 -4.43554e-06 -0.000266518 -0.000455141 -0.000141763 -0.000930101 1.78234e-05 0.000378511 0.000745824 5.52036e-06 1.78549e-05
internal_weight=421120 152395 268725 129045 139680 127566 6140 121426 3801 2186 4628 135095 10258 7762 124837 12117 8897 6884 4151 3220 112720 8824 5962 3592 2370 103896 3427 2235 100469 96201
internal_count=421120 152395 268725 129045 139680 127566 6140 121426 3801 2186 4628 135095 10258 7762 124837 12117 8897 6884 4151 3220 112720 8824 5962 3592 2370 103896 3427 2235 100469 96201
is_linear=0
shrinkage=0.08


Tree=176
num_leaves=31
num_cat=0
split_feature=0 0 0 0 0 2 0 2 0 0 2 3 0 0 0 2 0 0 2 0 0 3 0 0 0 2 0 0 0 2
split_gain=0.0386833 0.0475187 0.0739163 0.0881482 0.0717299 0.040262 0.130107 0.0386116 0.117701 0.077683 0.0583682 0.0635821 0.0450976 0.0545211 0.0699501 0.0434621 0.0420172 0.0339074 0.031889 0.290288 0.0262779 0.0248553 0.0533243 0.0400873 0.0332184 0.0473374 0.055215 0.0314484 0.0696471 0.0234939
threshold=3.182019948959351 2.8320949077606206 2.6344399452209477 2.6459350585937504 2.6228849887847905 1.5000000000000002 2.6815750598907475 1.5000000000000002 2.8882849216461186 3.0926699638366704 2.5000000000000004 1.5000000000000002 2.90184497833252 2.9460799694061284 2.9307301044464116 1.0000000180025095e-35 2.9616799354553227 2.7549300193786626 2.5000000000000004 3.5067849159240727 4.0911300182342538 1.0000000180025095e-35 2.7932350635528569 2.7801799774169926 2.6694550514221196 1.0000000180025095e-35 2.7306900024414067 2.7065598964691167 2.7430649995803837 1.5000000000000002
decision_type=2 2 2 2 2 2 2 2 2 2 2 2 2 2 2 2 2 2 2 2 2 2 2 2 2 2 2 2 2 2
left_child=1 2 4 -4 -1 21 -7 12 -9 10 11 -10 15 14 -14 -3 -15 -8 20 -20 29 23 24 -5 -23 26 -26 -27 -29 -2
right_child=18 7 3 5 -6 6 17 8 9 -11 -12 -13 13 16 -16 -17 -18 -19 19 -21 -22 22 -24 -25 25 27 -28 28 -30 -31
leaf_value=-2.2647534314545474e-05 3.5138158567568928e-05 0.00027911515158089489 0.00069350835370805288 0.00021667524350696453 -0.00055220423967365054 0.0010782244557789376 -0.00015849885393130563 -0.00093808881463393269 -0.00016789691122465054 -0.000575690623683278 -0.00043142321470741348 0.00052423943375027064 -0.00015094153178381672 0.00036607370093363401 -0.00086392634432836627 -0.00014294951345475754 -9.8314125029689043e-05 0.00030304527584299097 0.0012113965206513757 -0.00037346420088633925 -7.8109473064078599e-05 -0.0005225605294655191 0.00031030612358170779 -0.00015238666490004685 0.00047220399795909891 -0.0006432808806410555 -0.00019620600921861162 0.00037423913089337736 -0.00050210560416137184 0.00019668505043269705
leaf_weight=300215 35467 4043 1582 6971 1646 1035 2024 1382 1533 1766 1205 1905 2599 1346 1332 2544 16943 2051 1286 1741 10860 1320 1955 2581 1594 1090 1570 1021 1345 6879
leaf_count=300215 35467 4043 1582 6971 1646 1035 2024 1382 1533 1766 1205 1905 2599 1346 1332 2544 16943 2051 1286 1741 10860 1320 1955 2581 1594 1090 1570 1021 1345 6879
internal_value=-1.44815e-05 -2.4007e-05 -1.43597e-05 0.000114698 -2.55351e-05 7.74096e-05 0.000277242 -0.000110469 -0.000268474 -0.000124082 4.76901e-05 0.000215617 -6.77352e-05 -0.000122234 -0.000392533 0.000116107 -6.4137e-05 7.38023e-05 4.72788e-05 0.000299853 3.29093e-05 2.49006e-05 -6.39608e-05 0.000116953 -0.000156113 -8.30454e-05 0.000140534 -0.000287734 -0.000123937 6.1381e-05
internal_weight=420831 364598 328000 26139 301861 24557 5110 36598 7791 6409 4643 3438 28807 22220 3931 6587 18289 4075 56233 3027 53206 19447 9895 9552 7940 6620 3164 3456 2366 42346
internal_count=420831 364598 328000 26139 301861 24557 5110 36598 7791 6409 4643 3438 28807 22220 3931 6587 18289 4075 56233 3027 53206 19447 9895 9552 7940 6620 3164 3456 2366 42346
is_linear=0
shrinkage=0.08


Tree=177
num_leaves=31
num_cat=0
split_feature=0 0 0 0 3 0 0 0 0 2 0 0 3 0 0 0 2 0 0 0 3 2 0 3 0 3 0 0 2 0
split_gain=0.0410938 0.0630443 0.130545 0.12891 0.278506 0.110913 0.0723148 0.0495447 0.0810048 0.065195 0.0433977 0.0632407 0.0425795 0.0409671 0.0719877 0.0683519 0.0642487 0.0386226 0.0564642 0.038002 0.0648555 0.0369434 0.0659096 0.0611435 0.0356394 0.0320576 0.0358427 0.0379397 0.0499339 0.0310859
threshold=2.0606150627136235 2.1976850032806401 2.2370949983596806 2.1578600406646733 1.5000000000000002 2.2468349933624272 2.1296250820159917 2.0313251018524174 2.0120949745178227 1.0000000180025095e-35 1.9133349657058718 1.8437349796295168 1.0000000180025095e-35 1.7330700159072878 1.7434849739074709 1.6908349990844729 1.0000000180025095e-35 2.1103949546813969 2.0808999538421635 1.9430049657821657 1.0000000180025095e-35 1.0000000180025095e-35 1.8044949769973757 1.5000000000000002 2.2572500705718999 1.0000000180025095e-35 1.5241850018501284 0.37776000797748571 1.5000000000000002 1.9626049995422366
decision_type=2 2 2 2 2 2 2 2 2 2 2 2 2 2 2 2 2 2 2 2 2 2 2 2 2 2 2 2 2 2
left_child=7 3 -3 6 -5 -4 12 8 10 -10 11 13 -2 15 -15 16 -1 18 -14 20 -12 23 -23 -16 -7 26 27 -18 -29 -21
right_child=1 2 5 4 -6 24 -8 -9 9 -11 19 -13 17 14 21 -17 25 -19 -20 29 -22 22 -24 -25 -26 -27 -28 28 -30 -31
leaf_value=-4.7068841624914248e-05 -0.00035007966571607216 0.00032437415363310845 -0.0006931666114748284 -0.00012512083024288588 -0.0012562037545596203 0.00033161746539867281 0.00021315250164504599 0.00025581911236873136 -1.6631509571223684e-05 -0.00073060409575615912 -6.4664412569306575e-05 -0.00018471247029961538 -0.0002473428408390632 0.00062109696361920409 0.00010112434702283526 -0.00025511979008410794 -0.00012919772683490422 -0.0003313206414057019 0.00029526021228100006 -0.00015517168824680271 0.00053878565767466534 -0.00022844585912878222 0.00022594294195108029 0.00071523329146698966 -3.6747536705775572e-05 3.3102895670991783e-05 -9.8803823568631433e-05 0.00019951947254963522 0.00066025713850639573 0.00013599324261874408
leaf_weight=72120 4426 6547 1645 4646 1990 1697 4841 5042 1556 1727 1793 11458 2023 1686 6693 6636 1667 2015 3121 3274 3129 5033 3439 1228 177697 62888 2690 8362 1836 8286
leaf_count=72120 4426 6547 1645 4646 1990 1697 4841 5042 1556 1727 1793 11458 2023 1686 6693 6636 1667 2015 3121 3274 3129 5033 3439 1228 177697 62888 2690 8362 1836 8286
internal_value=-1.69312e-05 -4.19134e-05 -2.65678e-05 -0.000166734 -0.000464309 -3.92591e-05 -4.65153e-05 8.06345e-06 1.98472e-06 -0.000392212 8.38449e-06 -2.65555e-06 -0.000155022 9.31388e-06 0.000123323 -3.88188e-06 7.26536e-06 -3.44292e-05 8.18687e-05 0.000132795 0.000318959 7.21272e-05 -4.39979e-05 0.00019633 -3.32629e-05 5.78649e-05 0.000164855 0.000224631 0.000282469 5.35301e-05
internal_weight=421191 210648 187586 23062 6636 181039 16426 210543 205501 3283 202218 185736 11585 174278 18079 156199 149563 7159 5144 16482 4922 16393 8472 7921 179394 77443 14555 11865 10198 11560
internal_count=421191 210648 187586 23062 6636 181039 16426 210543 205501 3283 202218 185736 11585 174278 18079 156199 149563 7159 5144 16482 4922 16393 8472 7921 179394 77443 14555 11865 10198 11560
is_linear=0
shrinkage=0.08


Tree=178
num_leaves=31
num_cat=0
split_feature=0 1 1 2 2 1 1 0 1 1 1 2 1 1 2 1 1 0 1 1 0 0 0 0 0 1 2 1 0 1
split_gain=0.0227509 0.0885076 0.10428 0.171655 0.0666506 0.156308 0.10669 0.109087 0.195675 0.0581138 0.0458548 0.0554785 0.0446917 0.0348322 0.118193 0.028384 0.0824174 0.111135 0.0792212 0.0673798 0.0634472 0.176562 0.0982276 0.0524054 0.106993 0.0937465 0.1399 0.107774 0.0798201 0.122725
threshold=3.5367751121521001 2.2294049263000493 1.7078699469566347 1.0000000180025095e-35 1.0000000180025095e-35 1.1742650270462038 0.15037500113248828 4.0179951190948495 -0.30637000501155848 2.2294049263000493 0.87480500340461742 1.5000000000000002 1.4073449969291689 1.9073150157928469 1.0000000180025095e-35 -0.30637000501155848 -0.32477499544620508 2.1578600406646733 -0.33462999761104578 -0.27762499451637263 2.0606150627136235 1.5806699991226199 2.5085849761962895 3.0750999450683598 2.6582949161529545 -1.2896999716758726 1.5000000000000002 -0.43033500015735621 2.5764749050140385 -0.69619500637054432
decision_type=2 2 2 2 2 2 2 2 2 2 2 2 2 2 2 2 2 2 2 2 2 2 2 2 2 2 2 2 2 2
left_child=9 2 4 -4 12 6 7 8 -6 13 11 -8 -2 15 -15 16 18 -18 23 20 21 -17 -22 24 28 -26 27 -27 -1 -30
right_child=1 -3 3 -5 5 -7 10 -9 -10 -11 -12 -13 -14 14 -16 19 17 -19 -20 -21 22 -23 -24 -25 25 26 -28 -29 29 -31
leaf_value=-1.0448442670675204e-05 -0.00023826234481998381 -0.00065966563817938546 0.0011916263470568972 -0.00020651437961256551 0.00022665096717677094 -0.00058288155961395526 0.00027759539606722616 0.00041241804807637828 -0.00098751482930387133 0.00046218272664628568 2.9265384593728231e-05 0.00083206707772263229 0.00029960074094689896 -0.00093262594247314388 0.00025280777068797646 4.9273656289110961e-05 -0.00085360340217011642 0.00012473667760189952 0.00055224356042409884 2.2439707026494232e-05 -0.00056441677046530265 0.0014259531378325824 0.00049555399083678819 0.00017892224737958961 0.00019368898920231256 -0.00028150876677360536 -0.00082047135528509098 0.00043413862675617011 -4.562258735863901e-06 0.00087283428907058622
leaf_weight=168774 13012 1514 1122 1126 1729 2110 2754 1717 1670 1793 1733 1989 1070 1033 1124 1468 1707 1316 1609 177627 1011 1004 1253 8848 2933 9124 2698 1580 2603 1678
leaf_count=168774 13012 1514 1122 1126 1729 2110 2754 1717 1670 1793 1733 1989 1070 1033 1124 1468 1707 1316 1609 177627 1011 1004 1253 8848 2933 9124 2698 1580 2603 1678
internal_value=2.48803e-06 -6.2854e-05 -3.2767e-05 0.000491312 -7.51702e-05 5.04428e-05 0.000165722 -0.000107339 -0.000369894 7.78447e-06 0.000381439 0.000510116 -0.000197394 5.68132e-06 -0.000314903 7.47634e-06 -1.31121e-05 -0.000427703 -6.84078e-06 3.038e-05 0.000328187 0.00060841 2.2219e-05 -1.13786e-05 -2.02691e-05 -0.000215983 -0.000305639 -0.000175873 -1.7953e-06 0.000339346
internal_weight=420729 31546 30032 2248 27784 13702 11592 5116 3399 389183 6476 4743 14082 387390 2157 385233 202870 3023 199847 182363 4736 2472 2264 198238 189390 16335 13402 10704 173055 4281
internal_count=420729 31546 30032 2248 27784 13702 11592 5116 3399 389183 6476 4743 14082 387390 2157 385233 202870 3023 199847 182363 4736 2472 2264 198238 189390 16335 13402 10704 173055 4281
is_linear=0
shrinkage=0.08


Tree=179
num_leaves=31
num_cat=0
split_feature=3 0 0 0 0 2 0 0 0 0 2 2 0 0 0 0 0 0 0 0 0 0 2 0 2 0 0 0 2 0
split_gain=0.0238708 0.0701548 0.159932 0.130158 0.31681 0.100572 0.124815 0.0659104 0.0546559 0.281739 0.0776229 0.0702795 0.0819671 0.0522265 0.0506415 0.0700961 0.0495912 0.0439668 0.110222 0.0507339 0.0426237 0.0418555 0.097459 0.0823623 0.0761584 0.142708 0.106948 0.0577554 0.043081 0.0421022
threshold=1.5000000000000002 1.9327149987220766 1.9133349657058718 2.1103949546813969 2.09111499786377 1.0000000180025095e-35 2.0220599174499516 1.9626049995422366 2.3071050643920903 2.3585050106048588 1.5000000000000002 1.0000000180025095e-35 2.2772949934005742 2.1976850032806401 2.1485450267791752 2.1875000000000004 -0.52781498432159413 1.8337550163269045 1.8143450021743777 1.6802250146865847 2.2370949983596806 4.1758649349212655 1.5000000000000002 3.2419850826263432 2.5000000000000004 2.9307301044464116 2.6815750598907475 3.3771350383758549 1.5000000000000002 3.7580599784851079
decision_type=2 2 2 2 2 2 2 2 2 2 2 2 2 2 2 2 2 2 2 2 2 2 2 2 2 2 2 2 2 2
left_child=-1 2 16 4 5 -3 7 -7 11 10 -10 13 14 -5 -13 -16 -2 18 19 -18 -17 23 -23 24 -11 26 -26 28 -25 -29
right_child=1 3 -4 8 -6 6 -8 -9 9 21 -12 12 -14 -15 15 20 17 -19 -20 -21 -22 22 -24 27 25 -27 -28 29 -30 -31
leaf_value=7.8934326250655398e-06 0.00031634646436812735 0.00066138300787024849 -0.001083149159739677 -0.00022110988745591657 0.00163922851092045 -0.0001808141120410249 -0.00040448723344960007 0.00054192932768199083 0.0012179381853099568 6.9178696581258394e-05 0.00031593317857471151 -0.00061363818380325192 -0.00095476033756928874 0.00054527652243875884 0.00037318786273361776 -0.00053055405171366897 -0.00011580363749186244 0.00016388612850172651 -0.00093060093969510804 0.00011435959976455733 3.302156392251549e-05 -0.00018252682503201644 0.00078575777696654968 -0.00086005679017993211 -0.0001946652602702379 0.00043386827332966295 -0.0011463499243928807 5.1390972822288985e-06 -0.00022037350740283727 -0.00036648797327152867
leaf_weight=286222 2017 1846 1021 1044 1012 1208 2849 2436 1461 26256 1049 1472 1078 1251 1521 1917 53818 4207 1014 6917 1556 1402 1266 1429 1875 1245 1266 5247 1275 3106
leaf_count=286222 2017 1846 1021 1044 1012 1208 2849 2436 1461 26256 1049 1472 1078 1251 1521 1917 53818 4207 1014 6917 1556 1402 1266 1429 1875 1245 1266 5247 1275 3106
internal_value=-5.18784e-06 -3.29097e-05 -8.93307e-05 2.60108e-05 0.00030255 0.000140334 -7.80344e-06 0.000302337 -1.95833e-05 1.63959e-05 0.000840965 -0.000191003 -0.000308931 0.000196646 -0.00020126 -7.971e-05 -7.44028e-05 -8.63523e-05 -0.000103401 -8.95908e-05 -0.000278057 -3.02529e-05 0.000276937 -4.99076e-05 1.76309e-05 -0.000290951 -0.000578248 -0.000237076 -0.000558431 -0.000133048
internal_weight=421283 135061 68994 66067 9351 8339 6493 3644 56716 46877 2510 9839 7544 2295 6466 4994 67973 65956 61749 60735 3473 44367 2668 41699 30642 4386 3141 11057 2704 8353
internal_count=421283 135061 68994 66067 9351 8339 6493 3644 56716 46877 2510 9839 7544 2295 6466 4994 67973 65956 61749 60735 3473 44367 2668 41699 30642 4386 3141 11057 2704 8353
is_linear=0
shrinkage=0.08


Tree=180
num_leaves=31
num_cat=0
split_feature=1 3 0 0 0 1 0 0 1 3 0 0 0 1 0 1 1 1 0 0 1 0 1 1 1 1 0 1 1 3
split_gain=0.0180391 0.0710786 0.572006 0.298662 0.173729 0.145857 0.123013 0.119931 0.104817 0.0972172 0.0892473 0.0829913 0.155706 0.135111 0.0986191 0.0670505 0.124212 0.0692185 0.0650289 0.0649864 0.0606501 0.0569308 0.0725125 0.0745594 0.0667697 0.114509 0.0566724 0.0562181 0.0543859 0.0540519
threshold=-0.94235497713088978 1.5000000000000002 1.1294449567794802 1.204385042190552 2.8599900007247929 -1.1238750219345091 -0.20289999991655347 3.5367751121521001 -2.4311149120330806 1.0000000180025095e-35 0.64583000540733349 2.0606150627136235 1.9626049995422366 -1.4929299950599668 2.379024982452393 -1.2896999716758726 -1.633090019226074 -1.9633849859237669 2.2271099090576176 -0.34041000902652735 -1.846029996871948 1.6689050197601321 -1.3588299751281736 -1.7440350055694578 -1.3588299751281736 -1.1961200237274168 1.3161599636077883 -1.3588299751281736 -1.7140649557113645 1.0000000180025095e-35
decision_type=2 2 2 2 2 2 2 2 2 2 2 2 2 2 2 2 2 2 2 2 2 2 2 2 2 2 2 2 2 2
left_child=1 3 5 9 8 6 20 29 -4 -1 -7 12 21 14 -13 16 17 -8 -15 -2 -3 24 23 -23 26 -26 -10 -6 -28 -5
right_child=19 2 4 7 27 10 15 -9 11 -11 -12 13 -14 18 -16 -17 -18 -19 -20 -21 -22 22 -24 -25 25 -27 28 -29 -30 -31
leaf_value=-0.00038368863309047374 0.00045437404342195842 -0.00061814874285930337 0.00025392041606170569 0.00024869338558840796 0.00069744863123035806 0.00016704433533628812 0.00039547032218375524 -0.00071448775631335383 0.00021468008162848877 -5.1013387175744896e-05 -0.00080932641433144759 -0.001189441758980914 -0.0014220884445072838 0.00049279806681143574 -0.00017270527323102539 0.0009427922633588468 4.7789114851956114e-06 0.0009627055492913057 -0.00017882460681934199 1.6194468688532726e-07 0.00024397163627751445 -0.00053967925807371403 -0.00038780639636474363 -0.001463311887275029 -0.0012055932575950501 -0.00028940527904562131 -0.00072595411487351772 -6.0064048665936162e-05 -4.3296676492605166e-05 6.4631996493463969e-05
leaf_weight=11335 2029 1047 1357 22109 1110 1237 3471 1020 1584 11154 1162 1338 1290 1283 1123 1706 3300 2282 3285 314015 1042 1017 2017 1243 1384 2365 1462 1441 1527 18974
leaf_count=11335 2029 1047 1357 22109 1110 1237 3471 1020 1584 11154 1162 1338 1290 1283 1123 1706 3300 2282 3285 314015 1042 1017 2017 1243 1384 2365 1462 1441 1527 18974
internal_value=-6.4551e-06 -3.5241e-05 -0.00011894 1.66862e-05 -0.000355807 0.000266738 0.000373658 0.000142411 -0.000427424 -0.00021869 -0.000305879 -0.000471624 -0.000584984 -0.000247631 -0.000725486 0.000482735 0.000396039 0.000620471 9.81197e-06 3.07798e-06 -0.00018812 -0.000499273 -0.000736487 -0.00104768 -0.00037736 -0.00062763 -0.000172186 0.000269548 -0.000377203 0.000163685
internal_weight=420709 104665 40073 64592 24826 15247 12848 42103 22275 22489 2399 20918 13889 7029 2461 10759 9053 5753 4568 316044 2089 12599 4277 2260 8322 3749 4573 2551 2989 41083
internal_count=420709 104665 40073 64592 24826 15247 12848 42103 22275 22489 2399 20918 13889 7029 2461 10759 9053 5753 4568 316044 2089 12599 4277 2260 8322 3749 4573 2551 2989 41083
is_linear=0
shrinkage=0.08


Tree=181
num_leaves=31
num_cat=0
split_feature=0 2 0 0 0 0 0 0 0 0 0 2 0 0 0 0 0 0 0 2 0 0 3 0 0 3 0 2 0 3
split_gain=0.0268361 0.0272553 0.142472 0.12306 0.231673 0.184385 0.0668798 0.0653065 0.0808863 0.0505496 0.031922 0.0660742 0.0317015 0.0155436 0.052325 0.0153622 0.0609937 0.0536448 0.0355898 0.0715642 0.0439013 0.0839617 0.0977507 0.0214657 0.0194908 0.0166052 0.0147177 0.0284698 0.0356257 0.255278
threshold=2.6815750598907475 2.5000000000000004 0.90217000246047985 1.8143450021743777 1.5806699991226199 1.9327149987220766 1.274639964103699 2.4649250507354741 2.2971749305725102 2.1778850555419926 2.6228849887847905 1.5000000000000002 2.6109099388122563 2.5995650291442876 2.5880050659179692 2.9616799354553227 2.9938499927520756 2.9772551059722905 3.0750999450683598 1.5000000000000002 3.0412049293518071 3.0249400138854985 1.0000000180025095e-35 2.9460799694061284 3.0926699638366704 1.0000000180025095e-35 2.9307301044464116 2.5000000000000004 2.8882849216461186 1.5000000000000002
decision_type=2 2 2 2 2 2 2 2 2 2 2 2 2 2 2 2 2 2 2 2 2 2 2 2 2 2 2 2 2 2
left_child=1 10 -3 4 6 -5 -4 8 9 -7 12 -12 13 14 -1 23 17 -17 19 20 21 22 -18 26 -20 -22 27 28 -2 -30
right_child=15 2 3 5 -6 7 -8 -9 -10 -11 11 -13 -14 -15 -16 16 18 -19 24 -21 25 -23 -24 -25 -26 -27 -28 -29 29 -31
leaf_value=-6.7991073324159753e-07 6.1270020015684071e-05 0.00051794198597522926 -0.00049852938933509731 0.0009804126728287974 -0.0012507391686338691 1.3742991800509942e-06 0.00018480224439332057 -0.00058681840490075877 0.00052375709019824473 -0.00066816307703886481 -5.8364009515350055e-05 -0.00068960573782530317 0.00036286172378876657 -0.00025673167732774739 0.00046026742659407825 1.2196967539513421e-05 -0.00034291022428112143 -0.0006218181782933368 -0.00025558515105845992 0.00064058642985005297 0.00052226750312514341 -0.00061655030296572119 0.00064295305637905923 0.00035907577550002497 2.1315269061354219e-05 0.00012030515155136687 -0.0001620010974458459 -0.00023769693870521666 -3.5884288295615859e-05 0.0013430007581829639
leaf_weight=281005 24922 1982 1733 1057 1771 2200 1946 1690 1319 1074 6431 1271 1554 1495 1585 1672 1250 1746 1669 1774 1310 1337 1327 1711 64501 1321 1683 1698 3499 1139
leaf_count=281005 24922 1982 1733 1057 1771 2200 1946 1690 1319 1074 6431 1271 1554 1495 1585 1672 1250 1746 1669 1774 1310 1337 1327 1711 64501 1321 1683 1698 3499 1139
internal_value=5.05532e-06 -7.1574e-06 -0.000113187 -0.00021099 -0.00049897 2.83719e-06 -0.000137082 -0.000161622 -5.1705e-06 -0.00021826 -1.81798e-06 -0.000162533 2.51555e-06 5.44385e-07 1.90547e-06 3.84858e-05 1.87751e-05 -0.000311674 3.39381e-05 0.000189894 6.77352e-05 -0.000102138 0.00016475 8.28007e-05 1.4331e-05 0.000320446 6.84507e-05 8.08587e-05 9.91573e-05 0.000302742
internal_weight=420672 308113 14772 12790 5450 7340 3679 6283 4593 3274 293341 7702 285639 284085 282590 112559 77907 3418 74489 8319 6545 3914 2577 34652 66170 2631 32941 31258 29560 4638
internal_count=420672 308113 14772 12790 5450 7340 3679 6283 4593 3274 293341 7702 285639 284085 282590 112559 77907 3418 74489 8319 6545 3914 2577 34652 66170 2631 32941 31258 29560 4638
is_linear=0
shrinkage=0.08


Tree=182
num_leaves=31
num_cat=0
split_feature=1 0 0 2 2 0 1 0 0 2 1 2 1 2 0 1 2 1 0 0 0 0 1 0 0 2 2 0 0 0
split_gain=0.0217308 0.0413091 0.0402665 0.0691081 0.0556162 0.0318599 0.0256867 0.100797 0.180771 0.213828 0.375444 0.14138 0.128993 0.136134 0.0995497 0.0955253 0.0628992 0.0714591 0.0604138 0.0559352 0.0526378 0.0649862 0.0568542 0.0495535 0.0457943 0.0451389 0.041998 0.0661326 0.134769 0.0418198
threshold=-2.2555199861526485 2.1976850032806401 0.37776000797748571 1.0000000180025095e-35 1.0000000180025095e-35 1.3025850057601931 -0.81524500250816334 2.7801799774169926 1.8240849971771242 2.5000000000000004 -1.3767949938774107 1.5000000000000002 -1.2896999716758726 1.5000000000000002 1.3686749935150149 -0.80409500002861012 1.5000000000000002 -1.2738150358200071 1.8737050294876101 -0.34041000902652735 3.5367751121521001 3.0576651096343999 -1.2896999716758726 2.8743100166320805 1.1294449567794802 1.5000000000000002 1.0000000180025095e-35 1.9924100041389468 2.1296250820159917 2.1390650272369389
decision_type=2 2 2 2 2 2 2 2 2 2 2 2 2 2 2 2 2 2 2 2 2 2 2 2 2 2 2 2 2 2
left_child=1 2 4 5 -1 -4 7 8 9 14 -11 20 18 -14 24 -8 -16 -18 -10 -17 21 23 -23 -9 -2 -26 -20 -28 -29 -15
right_child=6 -3 3 -5 -6 -7 15 11 12 10 -12 -13 13 29 16 19 17 -19 26 -21 -22 22 -24 -25 25 -27 27 28 -30 -31
leaf_value=0.00026768604225268079 2.5315490175219988e-05 -0.00033279024153977951 0.00025262820589947902 0.00056265892215982621 -0.00048426504709091092 -0.00024018452459248407 0.00061636527880336832 0.00028854158211752683 -0.00059508722912507298 -0.0018137981241074131 8.5640825532877599e-05 0.000815902662604513 -0.00023199015797952834 -0.00044346976419854211 0.00013238842672287732 0.00046335503711338917 0.0001183774568526323 0.0008722525226828806 -0.00011558730877422464 7.127110750834824e-06 -0.00035015327035547468 -4.8829692393529741e-05 0.00064061209086266183 -0.00031471438145724243 -9.7121612504754118e-05 -0.00056487030734974329 0.00069447461523706598 -0.00066547205961224902 0.00027499943262763549 -0.00096888585844239622
leaf_weight=1311 33349 1145 1920 3018 1211 1492 1671 1438 1085 1103 1681 1963 16178 1646 18306 1730 1528 1700 6657 294389 1601 1155 2270 2212 8816 1553 1245 1288 4015 2359
leaf_count=1311 33349 1145 1920 3018 1211 1492 1671 1438 1085 1103 1681 1963 16178 1646 18306 1730 1528 1700 6657 294389 1601 1155 2270 2212 8816 1553 1245 1288 4015 2359
internal_value=3.7162e-06 0.000119663 0.000177534 0.000283794 -9.33817e-05 3.7131e-05 8.673e-07 -3.15806e-05 -5.59061e-05 1.97151e-05 -0.000666903 0.0002028 -0.000205152 -0.000335366 4.90099e-05 1.31962e-05 0.000189803 0.0005154 -2.12399e-05 9.79251e-06 6.40814e-05 0.000157818 0.000408114 -7.70481e-05 -2.03399e-05 -0.000167178 2.59107e-05 0.000169764 4.65764e-05 -0.000752947
internal_weight=421035 10097 8952 6430 2522 3412 410938 113148 102509 68036 2784 10639 34473 20183 65252 297790 21534 3228 14290 296119 8676 7075 3425 3650 43718 10369 13205 6548 5303 4005
internal_count=421035 10097 8952 6430 2522 3412 410938 113148 102509 68036 2784 10639 34473 20183 65252 297790 21534 3228 14290 296119 8676 7075 3425 3650 43718 10369 13205 6548 5303 4005
is_linear=0
shrinkage=0.08


end of trees

feature_importances:
PlateLocSide=2098
PlateLocHeight=1897
Balls=829
Strikes=666

parameters:
[boosting: gbdt]
[objective: regression]
[metric: l2]
[tree_learner: serial]
[device_type: cpu]
[data_sample_strategy: bagging]
[data: ]
[valid: ]
[num_iterations: 600]
[learning_rate: 0.08]
[num_leaves: 31]
[num_threads: 0]
[seed: 17]
[deterministic: 0]
[force_col_wise: 0]
[force_row_wise: 0]
[histogram_pool_size: -1]
[max_depth: -1]
[min_data_in_leaf: 1000]
[min_sum_hessian_in_leaf: 0.001]
[bagging_fraction: 0.8]
[pos_bagging_fraction: 1]
[neg_bagging_fraction: 1]
[bagging_freq: 1]
[bagging_seed: 26602]
[bagging_by_query: 0]
[feature_fraction: 0.8]
[feature_fraction_bynode: 1]
[feature_fraction_seed: 18297]
[extra_trees: 0]
[extra_seed: 13015]
[early_stopping_round: 0]
[early_stopping_min_delta: 0]
[first_metric_only: 0]
[max_delta_step: 0]
[lambda_l1: 0]
[lambda_l2: 0]
[linear_lambda: 0]
[min_gain_to_split: 0]
[drop_rate: 0.1]
[max_drop: 50]
[skip_drop: 0.5]
[xgboost_dart_mode: 0]
[uniform_drop: 0]
[drop_seed: 30017]
[top_rate: 0.2]
[other_rate: 0.1]
[min_data_per_group: 100]
[max_cat_threshold: 32]
[cat_l2: 10]
[cat_smooth: 10]
[max_cat_to_onehot: 4]
[top_k: 20]
[monotone_constraints: ]
[monotone_constraints_method: basic]
[monotone_penalty: 0]
[feature_contri: ]
[forcedsplits_filename: ]
[refit_decay_rate: 0.9]
[cegb_tradeoff: 1]
[cegb_penalty_split: 0]
[cegb_penalty_feature_lazy: ]
[cegb_penalty_feature_coupled: ]
[path_smooth: 0]
[interaction_constraints: ]
[verbosity: -1]
[saved_feature_importance_type: 0]
[use_quantized_grad: 0]
[num_grad_quant_bins: 4]
[quant_train_renew_leaf: 0]
[stochastic_rounding: 1]
[linear_tree: 0]
[max_bin: 255]
[max_bin_by_feature: ]
[min_data_in_bin: 3]
[bin_construct_sample_cnt: 200000]
[data_random_seed: 94]
[is_enable_sparse: 1]
[enable_bundle: 1]
[use_missing: 1]
[zero_as_missing: 0]
[feature_pre_filter: 1]
[pre_partition: 0]
[two_round: 0]
[header: 0]
[label_column: ]
[weight_column: ]
[group_column: ]
[ignore_column: ]
[categorical_feature: ]
[forcedbins_filename: ]
[precise_float_parser: 0]
[parser_config_file: ]
[objective_seed: 20363]
[num_class: 1]
[is_unbalance: 0]
[scale_pos_weight: 1]
[sigmoid: 1]
[boost_from_average: 1]
[reg_sqrt: 0]
[alpha: 0.9]
[fair_c: 1]
[poisson_max_delta_step: 0.7]
[tweedie_variance_power: 1.5]
[lambdarank_truncation_level: 30]
[lambdarank_norm: 1]
[label_gain: ]
[lambdarank_position_bias_regularization: 0]
[eval_at: ]
[multi_error_top_k: 1]
[auc_mu_weights: ]
[num_machines: 1]
[local_listen_port: 12400]
[time_out: 120]
[machine_list_filename: ]
[machines: ]
[gpu_platform_id: -1]
[gpu_device_id: -1]
[gpu_use_dp: 0]
[num_gpu: 1]

end of parameters

pandas_categorical:[]
