tree
version=v4
num_class=1
num_tree_per_iteration=1
label_index=0
max_feature_idx=3
objective=regression
feature_names=PlateLocHeight PlateLocSide Balls Strikes
feature_infos=[-2.2845799922943115:9.0151700973510742] [-5.481259822845459:5.4882001876831055] [0:3] [0:2]
tree_sizes=3063 3073 3116 3105 3102 3091 3120 3125 3085 3103 3111 3125 3114 3086 3121 3111 3100 3153 3147 3142 3143 3128 3145 3140 3145 3145 3126 3147 3141 3139 3167 3162 3188 3165 3183 3152 3155 3165 3136 3168 3161 3147 3191 3197 3146 3197 3187 3202 3196 3190 3189 3193 3216 3194 3211 3215 3197 3191 3175 3181 3205 3195 3225 3178 3211 3181 3207 3168 3200 3192 3182 3183 3178 3211 3201 3200 3166 3173 3193 3198 3171 3144 3166 3179 3121 3169 3157 3116 3128 3163 3221 3178 3153 3201 3163 3229 3150 3230 3123 3177 3171 3176 3187 3146 3144 3159 3170 3201 3192 3188 3151 3117 3127 3166 3176 3217 3122 3150 3181 3206 3206 3216 3144 3234 3171 3176 3152 3226 3134 3118 3160 3192 3141 3191 3165 3138 3163 3183 3149 3201 3183 3154 3143 3161 3158 3174 3126 3195 3146 3138 3160 3188 3204 3189 3129 3156 3145 3143 3186 3165 3144 3158 3178 3140 3155 3181 3151 3227 3198 3167 3216 3211 3191 3221 3180 3158 3134 3124 3144 3127 3148 3208 3131 3225 3157 3162 3136 3161 3102 3166 3142 3161 3200 3154 3203 3156 3146 3210 3138 3167 3170 3191 3225 3165 3151 3183 3210 3190 3167 3137 3112 3130 3138 3184 3135 3141 3138 3175 3206 3188 3176 3135 3247 3151 3155 3185 3178 3183 3188 3176 3180 3183 3175 3183 3163 3153 3183 3177 3199 3138 3146 3162 3133 3176 3176 3163 3169

Tree=0
num_leaves=31
num_cat=0
split_feature=0 0 2 2 2 2 3 0 0 0 2 0 3 0 0 3 0 2 2 3 3 0 3 0 0 0 0 2 3 2
split_gain=295.737 298.692 80.1114 71.4385 30.2666 19.4171 18.1908 16.9817 15.2651 14.1933 13.4145 12.677 13.4034 12.0347 12.0094 10.858 9.62784 8.30208 7.86134 7.37922 7.36501 7.06229 5.69996 5.08507 4.08375 3.65399 3.62898 2.65981 2.50695 2.45021
threshold=1.3947499990463259 3.7575850486755376 2.5000000000000004 2.5000000000000004 2.5000000000000004 1.5000000000000002 1.5000000000000002 3.4258000850677495 4.1522002220153817 4.1522002220153817 1.5000000000000002 3.4707949161529545 1.5000000000000002 1.2501950263977053 1.528375029563904 1.5000000000000002 1.5460549592971804 1.5000000000000002 1.5000000000000002 1.0000000180025095e-35 1.5000000000000002 2.1062049865722661 1.5000000000000002 1.0941300392150881 0.92727002501487743 1.1279850006103518 3.1833050251007085 1.0000000180025095e-35 1.0000000180025095e-35 1.0000000180025095e-35
decision_type=2 2 2 2 2 2 2 2 2 2 2 2 2 2 2 2 2 2 2 2 2 2 2 2 2 2 2 2 2 2
left_child=2 4 5 6 11 25 10 14 -5 -8 27 12 16 15 -6 -4 -2 -11 28 -13 -10 -14 -9 -7 -17 29 -23 -3 -18 -1
right_child=1 3 13 8 7 23 9 22 20 17 -12 19 21 -15 -16 24 18 -19 -20 -21 -22 26 -24 -25 -26 -27 -28 -29 -30 -31
leaf_value=0.0051183611222561419 0.00272091206912131 0.005156129836498255 0.012420932038801543 0.0099984025783244803 0.0043286878630864672 0.0098056457757900312 0.0015547096676323386 0.0055113184848746399 0.013180052562801532 0.0042887117517670399 0.0091272144375687987 0.0036066582935724224 0.00076756310477540967 0.008828133711261699 -0.00091393582691133178 0.021468184638490834 0.00088492537113109867 0.0089638746186838075 0.00012090235118920531 0.001576946198022022 0.020261749414552509 0.0026567014541930508 0.0010516179991934844 0.0068163440239269006 0.015840892588784714 0.0043505051946404099 0.0012400875444675554 0.0064995705282661458 0.0013527898147823029 0.006580917091763375
leaf_weight=18469 18850 28690 4006 4955 2906 7881 12045 3718 1860 11870 8217 21608 22794 2540 74174 1629 227682 3057 73264 24418 1900 59112 3620 6771 1673 22176 14391 14051 108096 12156
leaf_count=18469 18850 28690 4006 4955 2906 7881 12045 3718 1860 11870 8217 21608 22794 2540 74174 1629 227682 3057 73264 24418 1900 59112 3620 6771 1673 22176 14391 14051 108096 12156
internal_value=0.00212283 0.00163179 0.00683164 0.00604586 0.00104756 0.00584759 0.00527767 -0.000366192 0.012915 0.00359766 0.00616691 0.00125686 0.00114509 0.0135718 -0.000716283 0.0152205 0.000953184 0.00524617 0.000871721 0.00252984 0.0167586 0.00199783 0.00331125 0.00842423 0.018617 0.00513258 0.00237935 0.00559778 0.00103554 0.00569889
internal_weight=818579 741278 77301 86645 654633 67453 77930 84418 8715 26972 50958 570215 524189 9848 77080 7308 427892 14927 409042 46026 3760 96297 7338 14652 3302 52801 73503 42741 335778 30625
internal_count=818579 741278 77301 86645 654633 67453 77930 84418 8715 26972 50958 570215 524189 9848 77080 7308 427892 14927 409042 46026 3760 96297 7338 14652 3302 52801 73503 42741 335778 30625
is_linear=0
shrinkage=1


Tree=1
num_leaves=31
num_cat=0
split_feature=0 0 2 2 2 2 3 0 0 0 0 2 3 0 3 0 0 2 2 0 0 3 0 0 3 0 0 0 3 3
split_gain=254.039 249.922 72.5797 60.4295 27.0763 17.5719 16.5749 16.3555 14.0634 12.8986 13.9057 12.0654 10.7563 8.81435 9.11621 16.0822 7.23543 6.93361 6.80667 5.58094 5.98353 5.38085 3.37444 3.3569 3.29753 3.18496 2.97291 2.82761 2.48921 2.46838
threshold=1.3727650046348574 3.715865015983582 2.5000000000000004 2.5000000000000004 2.5000000000000004 1.5000000000000002 1.5000000000000002 4.074855089187623 4.1130049228668222 1.5110000371932986 3.4555850028991704 1.5000000000000002 1.5000000000000002 1.528375029563904 1.5000000000000002 3.4258000850677495 1.0941300392150881 1.5000000000000002 1.5000000000000002 2.1169149875640874 2.9214450120925908 1.5000000000000002 3.9832749366760258 4.3863151073455819 1.5000000000000002 1.1618149876594546 4.074855089187623 1.1618149876594546 1.0000000180025095e-35 1.0000000180025095e-35
decision_type=2 2 2 2 2 2 2 2 2 2 2 2 2 2 2 2 2 2 2 2 2 2 2 2 2 2 2 2 2 2
left_child=2 4 5 6 13 27 11 -5 -8 -6 -11 22 28 -2 15 17 -14 29 -10 -16 -21 -9 -3 -23 -12 -7 -13 -1 -4 -15
right_child=1 3 12 7 9 25 8 21 18 10 24 26 16 14 19 -17 -18 -19 -20 20 -22 23 -24 -25 -26 -27 -28 -29 -30 -31
leaf_value=0.0032472353370175682 0.00075343903043920287 0.0022055596892149132 0.006334327510393172 0.0063145457176932845 0.0028933136796884945 0.0068904587799792924 -0.0007881597683748366 0.010174265450361366 0.0019197132205445425 -0.0028123653651473167 0.0031288960480527462 0.0048488938542695899 0.016871037166045016 -0.0011633245100514653 -0.0013829511251213795 0.00058841008614426364 0.010255312989092182 -0.0018759467106232678 0.0059959450584294695 0.00074029341539087929 -0.00061705821133123298 0.01267056082593248 0.0035944115722154118 0.018821473357289335 -0.00069362868606923035 0.0043636432142437533 0.0077928480996307748 0.0019935022048023858 0.009921619860139964 -0.00069674032986575553
leaf_weight=32923 22435 18777 2005 5011 2914 9134 12854 2244 12509 75691 2952 4564 2397 225343 20180 36368 1894 72622 3317 44041 39362 1154 27732 1118 2828 4908 4230 17704 3236 107033
leaf_count=32923 22435 18777 2005 5011 2914 9134 12854 2244 12509 75691 2952 4564 2397 225343 20180 36368 1894 72622 3317 44041 39362 1154 27732 1118 2828 4908 4230 17704 3236 107033
internal_value=-1.0828e-07 -0.000444551 0.0044639 0.00342313 -0.000999452 0.00350332 0.00273817 0.00946127 0.00117752 -0.00233649 -0.00252355 0.00354751 0.0109809 -0.000800599 -0.000864577 -0.00102309 0.0139509 -0.0011678 0.00277406 -0.000189156 9.96921e-05 0.0129529 0.00303369 0.0156973 0.00125864 0.00600728 0.00626496 0.00280881 0.00854926 -0.00101307
internal_weight=819480 745279 74201 93510 651769 64669 83983 9527 28680 84385 81471 55303 9532 567384 544949 441366 4291 404998 15826 103583 83403 4516 46509 2272 5780 14042 8794 50627 5241 332376
internal_count=819480 745279 74201 93510 651769 64669 83983 9527 28680 84385 81471 55303 9532 567384 544949 441366 4291 404998 15826 103583 83403 4516 46509 2272 5780 14042 8794 50627 5241 332376
is_linear=0
shrinkage=0.08


Tree=2
num_leaves=31
num_cat=0
split_feature=1 1 2 2 1 2 2 1 2 1 1 1 1 3 1 1 1 1 3 1 1 2 3 1 2 2 1 3 1 3
split_gain=357.192 397.558 73.9726 52.6674 29.2111 22.6502 20.9518 17.2355 14.6911 12.7271 11.1109 9.77683 8.29598 9.47958 7.94378 10.7497 11.2033 7.24584 7.69764 7.20118 6.67887 6.51907 6.38698 3.93434 3.09006 2.49486 2.39043 2.41907 2.3745 2.34258
threshold=1.2754200100898745 -1.1080900430679319 2.5000000000000004 1.5000000000000002 1.0732450485229494 2.5000000000000004 1.5000000000000002 -0.91236498951911915 2.5000000000000004 1.6224150061607363 -1.4943799972534177 -1.3896800279617307 -1.358114957809448 1.5000000000000002 -1.0146600008010862 -0.40793499350547785 0.44294500350952154 1.5011050105094912 1.5000000000000002 1.6690800189971926 0.97230499982833873 2.5000000000000004 1.0000000180025095e-35 -0.89737498760223378 1.5000000000000002 1.0000000180025095e-35 -0.19490000605583188 1.5000000000000002 -1.2712150216102598 1.0000000180025095e-35
decision_type=2 2 2 2 2 2 2 2 2 2 2 2 2 2 2 2 2 2 2 2 2 2 2 2 2 2 2 2 2 2
left_child=1 2 6 9 5 14 10 -7 19 -2 25 -8 13 29 -3 23 22 -10 -19 -5 -9 -6 24 -16 -17 -1 -24 -28 -12 -4
right_child=3 4 12 8 21 7 11 20 17 -11 28 -13 -14 -15 15 16 -18 18 -20 -21 -22 -23 26 -25 -26 -27 27 -29 -30 -31
leaf_value=0.0038559602523908529 0.0029012719541201765 0.00080085397867349622 0.0079531725212427413 0.0057094854802140702 0.00080295060552263515 0.0024304541693095779 0.0085229914786758322 -0.002890062864819899 0.0088547694657335283 0.0054897969905408775 0.0029526134997425175 0.0043780334330617583 0.0089305658212075582 0.017795558715794958 -0.00069812663970828816 -0.00083669689102083887 -0.0014892665197225664 0.010838647724657849 0.017512967518249146 0.009756693517501188 0.0013975884016600123 0.0043194895344480675 -0.00080457860695353118 -0.0019154236474791012 -0.0019497074465707996 0.0054517029116946348 -0.00032637623641113586 0.00049784244165826733 0.0015667441150642404 0.012744295783794362
leaf_weight=15980 24858 14080 1123 6917 27850 4319 8053 76497 2976 23791 15767 6649 3706 2232 19892 118161 142170 2368 2075 4743 2398 3839 31297 116580 18458 10320 57305 37838 15883 1561
leaf_count=15980 24858 14080 1123 6917 27850 4319 8053 76497 2976 23791 15767 6649 3706 2232 19892 118161 142170 2368 2075 4743 2398 3839 31297 116580 18458 10320 57305 37838 15883 1561
internal_value=-3.28158e-07 -0.00050152 0.00478265 0.00556422 -0.00114186 -0.00125943 0.00395121 -0.00249036 0.00912656 0.00416715 0.00326692 0.00664843 0.0117886 0.0139432 -0.00107513 -0.0011239 -0.000917082 0.0119096 0.0139557 0.00735579 -0.00275974 0.00122897 -0.000607845 -0.00173799 -0.000987071 0.00448212 -0.00019809 1.41232e-06 0.00225714 0.0107397
internal_weight=819686 751958 81274 67728 670684 638995 72652 83214 19079 48649 57950 14702 8622 4916 555781 541701 405229 7419 4443 11660 78895 31689 263059 136472 136619 26300 126440 95143 31650 2684
internal_count=819686 751958 81274 67728 670684 638995 72652 83214 19079 48649 57950 14702 8622 4916 555781 541701 405229 7419 4443 11660 78895 31689 263059 136472 136619 26300 126440 95143 31650 2684
is_linear=0
shrinkage=0.08


Tree=3
num_leaves=31
num_cat=0
split_feature=1 1 2 2 1 2 2 1 2 1 1 1 1 3 2 1 1 1 1 3 1 3 1 2 2 3 2 1 3 1
split_gain=299.994 336.894 63.4074 44.5869 30.5988 19.7826 17.9015 12.6207 11.2535 10.2294 8.88134 8.83479 8.68579 8.00417 6.80906 6.64413 6.58963 11.2726 8.03825 6.40459 5.68555 6.89068 5.40757 3.73153 2.6788 2.13126 2.00433 1.92756 2.2023 1.8552
threshold=1.3000449538230898 -1.0893749594688413 2.5000000000000004 1.5000000000000002 1.0908250212669375 2.5000000000000004 1.5000000000000002 -0.96281999349594105 2.5000000000000004 -1.358114957809448 -1.358114957809448 1.6690800189971926 -1.358114957809448 1.5000000000000002 2.5000000000000004 0.97230499982833873 -0.30440001189708704 0.38572500646114355 -0.96281999349594105 1.5000000000000002 1.5398749709129336 1.5000000000000002 1.7208549976348879 1.5000000000000002 1.0000000180025095e-35 1.5000000000000002 1.0000000180025095e-35 0.98798999190330516 1.5000000000000002 1.4359099864959719
decision_type=2 2 2 2 2 2 2 2 2 2 2 2 2 2 2 2 2 2 2 2 2 2 2 2 2 2 2 2 2 2
left_child=1 2 6 11 5 16 9 -7 22 24 13 29 -8 -4 -6 -9 18 19 25 23 -10 -22 -5 -18 -1 -3 -13 28 -19 -2
right_child=3 4 10 8 14 7 12 15 20 -11 -12 26 -14 -15 -16 -17 17 27 -20 -21 21 -23 -24 -25 -26 -27 -28 -29 -30 -31
leaf_value=0.0032606453473674329 0.0021593338733469801 0.00055634542594540501 0.0099249861993526353 0.0056490022098175689 0.00094610247433709997 0.0030250837914831937 0.0076996949662821437 -0.0026240333463873038 0.0085250005017746908 0.001709192195875316 0.0078918014143676621 0.0045645464675638089 0.0038393362305280659 0.016372822449968259 0.0045289909982897539 0.00131110329071658 -0.00045422507083994605 -0.0015484109599545198 -0.0015780165926872114 0.00047888144725881664 0.010083748904648877 0.016768345294895241 0.0093242215941997109 -0.0014089449273671476 0.0046872654294154775 -0.0014322763159293633 0.0061782802234018729 -0.00049710578684808372 -0.00075298012087118686 0.0035450608453276035
leaf_weight=21412 11146 15703 2646 6731 28055 2750 8562 78139 2975 25095 4095 13817 6610 2306 3862 2846 142472 116887 158194 41221 2152 1823 4137 32105 13887 4420 7655 17038 27522 13887
leaf_count=21412 11146 15703 2646 6731 28055 2750 8562 78139 2975 25095 4095 13817 6610 2306 3862 2846 142472 116887 158194 41221 2152 1823 4137 32105 13887 4420 7655 17038 27522 13887
internal_value=8.23611e-06 -0.000438109 0.00431894 0.00525302 -0.00103778 -0.00115847 0.00356118 -0.00230476 0.00865577 0.00294402 0.0106482 0.00394928 0.00601785 0.0129276 0.00137964 -0.00248574 -0.000985701 -0.000796275 -0.00138645 -0.000418023 0.0111699 0.0131494 0.00704801 -0.0006298 0.00382189 0.000119546 0.00513986 -0.00130187 -0.00139681 0.00292806
internal_weight=820150 755827 84613 64323 671214 639297 75566 83735 17818 60394 9047 46505 15172 4952 31917 80985 555562 377245 178317 215798 6950 3975 10868 174577 35299 20123 21472 161447 144409 25033
internal_count=820150 755827 84613 64323 671214 639297 75566 83735 17818 60394 9047 46505 15172 4952 31917 80985 555562 377245 178317 215798 6950 3975 10868 174577 35299 20123 21472 161447 144409 25033
is_linear=0
shrinkage=0.08


Tree=4
num_leaves=31
num_cat=0
split_feature=1 1 2 2 1 2 1 2 1 1 1 2 3 3 1 2 2 1 1 1 1 1 3 2 1 3 3 2 1 2
split_gain=257.828 287.432 54.2773 36.9618 22.0792 16.214 16.9091 14.776 10.3003 9.34813 7.35452 7.04175 7.02252 6.18854 5.83246 5.66818 5.44565 5.79045 5.1619 3.69988 8.62743 5.92513 3.729 3.1998 2.20464 3.32253 2.11739 2.02623 1.96967 1.92058
threshold=1.2754200100898745 -1.1279700398445127 2.5000000000000004 1.5000000000000002 1.1098350286483767 1.5000000000000002 -0.96281999349594105 1.5000000000000002 1.5011050105094912 1.6690800189971926 -1.5331450104713438 2.5000000000000004 1.5000000000000002 1.0000000180025095e-35 -1.4580650329589842 2.5000000000000004 2.5000000000000004 0.97230499982833873 -1.358114957809448 -0.31415499746799463 0.39493499696254736 -0.99682998657226551 1.0000000180025095e-35 2.5000000000000004 -0.40793499350547785 1.5000000000000002 1.0000000180025095e-35 2.5000000000000004 1.4359099864959719 1.0000000180025095e-35
decision_type=2 2 2 2 2 2 2 2 2 2 2 2 2 2 2 2 2 2 2 2 2 2 2 2 2 2 2 2 2 2
left_child=1 2 7 9 5 19 27 10 23 28 -1 -10 26 -13 -9 -6 24 -18 -14 21 22 -3 -21 -5 -8 -26 -4 -7 -2 -11
right_child=3 4 12 8 15 6 16 14 11 29 -12 13 18 -15 -16 -17 17 -19 -20 20 -22 -23 -24 -25 25 -27 -28 -29 -30 -31
leaf_value=0.0039091813511997701 0.0018889912310213056 0.0003596314566716932 0.0060003672154309504 0.0040758629748742295 0.00090776773788968314 0.00081210124602411121 -0.0020578033785252094 0.0074450853372952219 0.0076537859993575522 0.0042487266387460313 0.0020573562226180787 0.0062832619710875073 0.015187107225173174 0.013351469668303216 0.0041804021588079396 0.0045563043540657088 -0.0024253092142610014 0.0010304876634220611 0.009188216257881977 -0.00056213775728250286 -0.0011130818504662486 -0.0012923424399804084 0.0001922509305513817 0.0074510812048490882 -0.0015851958784831282 -0.00055232513357154347 0.0095639697804636697 0.0032841220693801609 0.003251065744123734 0.0058276228393035964
leaf_weight=24238 13405 15622 1786 4510 22430 5419 27825 6806 7020 13812 31647 1031 2311 3431 7215 3102 77807 3232 1523 99315 126993 125725 72584 2989 60162 29808 2651 3488 13779 7668
leaf_count=24238 13405 15622 1786 4510 22430 5419 27825 6806 7020 13812 31647 1031 2311 3431 7215 3102 77807 3232 1523 99315 126993 125725 72584 2989 60162 29808 2651 3488 13779 7668
internal_value=2.20599e-06 -0.000423514 0.00416816 0.00473291 -0.000956486 -0.00104741 -0.00162996 0.00344309 0.0077272 0.00356502 0.00286052 0.00923328 0.0102964 0.0117183 0.00576513 0.00135105 -0.00178272 -0.00228749 0.0128041 -0.000772511 -0.000613024 -0.00110976 -0.000243599 0.00542118 -0.00143547 -0.001243 0.00812953 0.00178015 0.0025794 0.00481237
internal_weight=819334 751689 78177 67645 673512 647980 207741 69906 18981 48664 55885 11482 8271 4462 14021 25532 198834 81039 3834 440239 298892 141347 171899 7499 117795 89970 4437 8907 27184 21480
internal_count=819334 751689 78177 67645 673512 647980 207741 69906 18981 48664 55885 11482 8271 4462 14021 25532 198834 81039 3834 440239 298892 141347 171899 7499 117795 89970 4437 8907 27184 21480
is_linear=0
shrinkage=0.08


Tree=5
num_leaves=31
num_cat=0
split_feature=1 1 0 0 2 2 2 2 2 0 1 1 0 0 2 0 0 2 2 0 0 2 1 1 1 0 0 0 1 1
split_gain=218.73 246.442 215.729 177.884 52.3211 44.7337 41.662 40.6584 32.4285 20.5226 14.3533 14.0556 14.506 13.8044 12.5916 10.5362 9.52173 9.49579 9.40577 8.73664 9.00904 8.05272 7.74607 7.57632 7.3673 15.8903 9.81401 7.20065 6.99614 6.35341
threshold=1.2527549862861636 -1.0893749594688413 1.3501800298690798 3.8010050058364873 2.5000000000000004 2.5000000000000004 2.5000000000000004 2.5000000000000004 2.5000000000000004 3.1711750030517583 1.0208449959754946 -0.40793499350547785 1.5956749916076662 3.355854988098145 1.5000000000000002 4.2329599857330331 4.2329599857330331 1.5000000000000002 1.5000000000000002 1.5110000371932986 3.5854150056838994 1.5000000000000002 -1.4943799972534177 1.7208549976348879 0.41397500038146978 3.1264350414276127 2.0004749298095708 1.0941300392150881 -1.358114957809448 -1.358114957809448
decision_type=2 2 2 2 2 2 2 2 2 2 2 2 2 2 2 2 2 2 2 2 2 2 2 2 2 2 2 2 2 2
left_child=1 5 7 4 11 14 16 17 9 23 19 12 -4 -14 22 -8 -5 -3 24 -6 -21 -18 -1 -2 25 26 -13 -9 -7 -16
right_child=8 2 3 6 10 28 15 27 -10 -11 -12 18 13 -15 29 -17 21 -19 -20 20 -22 -23 -24 -25 -26 -27 -28 -29 -30 -31
leaf_value=0.0035461681059195515 0.0015544333858051405 0.0025071961937975927 0.00073870132584279928 0.0010874897552621658 0.00045795304625308495 0.011087732009555722 0.0062934273416324271 0.011955717127598249 0.0091289308025128066 0.0053023914020556527 0.00088161835690370302 -0.0014284074252965634 -0.0028101726747104079 6.5518396509561816e-05 0.0065377097775867615 0.012982156817775372 0.002526405565032282 0.0052892253076145933 -0.0020141674878699756 -0.0044483828864516949 -3.0398833865433296e-05 0.0063823239556858244 0.0017160432642840812 0.0040216436307502143 -0.001524588411360337 -0.002174457167228935 0.00015657523369230002 0.0067638195824783979 0.006593860144213569 0.0032444729536212731
leaf_weight=26277 23636 36046 9606 31762 2630 4828 4032 3900 7765 27241 3970 34092 99472 11969 8534 2407 20069 10039 79228 63551 3098 4190 33892 12015 112155 35724 93772 3044 4100 6687
leaf_count=26277 23636 36046 9606 31762 2630 4828 4032 3900 7765 27241 3970 34092 99472 11969 8534 2407 20069 10039 79228 63551 3098 4190 33892 12015 112155 35724 93772 3044 4100 6687
internal_value=-3.56391e-06 -0.000404914 -0.000921704 -0.00134602 -0.00180605 0.00366942 0.00269946 0.0039731 0.00425137 0.00364916 -0.00379649 -0.00149977 -0.0022442 -0.00250132 0.0030353 0.00879378 0.00199899 0.00311322 -0.00124592 -0.00406456 -0.00424302 0.0031924 0.0025153 0.00238593 -0.00102518 -0.000682784 -0.000266024 0.00967978 0.00902401 0.0050909
internal_weight=819731 749074 664756 611727 549267 84318 62460 53029 70657 62892 73249 476018 121047 111441 75390 6439 56021 46085 354971 69279 66649 24259 60169 35651 275743 163588 127864 6944 8928 15221
internal_count=819731 749074 664756 611727 549267 84318 62460 53029 70657 62892 73249 476018 121047 111441 75390 6439 56021 46085 354971 69279 66649 24259 60169 35651 275743 163588 127864 6944 8928 15221
is_linear=0
shrinkage=0.08


Tree=6
num_leaves=31
num_cat=0
split_feature=1 0 1 0 0 0 3 1 1 0 1 0 0 3 1 1 3 0 0 0 1 3 1 0 1 1 1 1 0 0
split_gain=184.522 211.03 185.087 147.1 23.5062 12.9251 15.9561 12.0458 18.8501 15.2428 11.9328 11.6726 10.3451 8.69014 8.3414 7.04202 6.89702 6.42611 6.15661 9.20952 28.7345 20.7927 13.4372 6.33652 4.84006 4.40411 5.9049 3.9492 3.93499 5.31003
threshold=1.2086899876594546 1.4155600070953371 -1.1714349985122678 3.8010050058364873 3.1602449417114262 4.1130049228668222 1.5000000000000002 -1.0146600008010862 -0.40793499350547785 3.3832299709320073 1.4673249721527102 1.5956749916076662 1.1618149876594546 1.5000000000000002 -1.4580650329589842 -0.66707000136375416 1.5000000000000002 2.301554918289185 2.0004749298095708 2.8736749887466435 0.61858499050140392 1.5000000000000002 0.93994000554084789 3.3158149719238286 1.5011050105094912 0.88355499505996715 -0.60804000496864308 -0.14055000245571134 1.798830032348633 3.083110094070435
decision_type=2 2 2 2 2 2 2 2 2 2 2 2 2 2 2 2 2 2 2 2 2 2 2 2 2 2 2 2 2 2
left_child=1 12 14 7 10 6 -5 28 9 11 -2 -9 16 -13 -3 -14 -1 -15 -10 20 21 -20 -21 -24 -6 26 -8 -23 -4 -30
right_child=4 2 3 5 24 -7 25 8 18 -11 -12 13 15 17 -16 -17 -18 -19 19 22 -22 27 23 -25 -26 -27 -28 -29 29 -31
leaf_value=0.0038477505625330909 0.0010118664016591416 0.0044562904100200777 0.0027174394495773453 0.0025004965205525673 0.0041868330985516651 0.0035017344187814902 0.0028011345738383729 0.00011332368866876139 -0.002137497636058043 0.00019770240274660629 0.0036773165963384685 -0.0026978083776059147 0.0040723560864195868 -0.0061338504210384035 0.0025092080857882183 0.0015542138033901999 0.006326413099785687 -0.0034356611502095891 -0.00086055117718266934 -0.0020741214291401283 -0.0026660457490375526 3.7592651724630679e-05 -0.0010767366741258673 0.002079415107968685 0.0061399604166701288 0.0032424247035753246 -0.00314146633078173 0.0021795718758113262 -0.00097812455199885995 0.0025606250345485923
leaf_weight=37561 19147 29837 3438 19035 13906 33756 1270 7808 72960 11377 24509 82307 10953 8875 26667 20244 8884 15542 108075 128977 46341 7579 8972 7453 19517 1076 6800 20168 13277 3411
leaf_count=37561 19147 29837 3438 19035 13906 33756 1270 7808 72960 11377 24509 82307 10953 8875 26667 20244 8884 15542 108075 128977 46341 7579 8972 7453 19517 1076 6800 20168 13277 3411
internal_value=5.02541e-06 -0.000381661 -0.000842457 -0.00124916 0.00373068 0.0024458 0.00118098 -0.00166788 -0.00174131 -0.00259512 0.00250828 -0.00287255 0.00356505 -0.003091 0.00353737 0.00243831 0.00432187 -0.00441639 -0.00147291 -0.00132488 -0.000945904 -0.000359011 -0.00179968 0.000355397 0.00532734 -0.00156524 -0.00220626 0.0015945 0.000252921 -0.00025481
internal_weight=819722 742643 665001 608497 77079 61937 28181 546560 526434 125909 43656 114532 77642 106724 56504 31197 46445 24417 400525 327565 182163 135822 145402 16425 33423 9146 8070 27747 20126 16688
internal_count=819722 742643 665001 608497 77079 61937 28181 546560 526434 125909 43656 114532 77642 106724 56504 31197 46445 24417 400525 327565 182163 135822 145402 16425 33423 9146 8070 27747 20126 16688
is_linear=0
shrinkage=0.08


Tree=7
num_leaves=31
num_cat=0
split_feature=1 1 2 2 1 2 2 1 1 2 1 3 1 3 2 1 1 1 3 2 1 1 1 3 2 1 1 3 1 3
split_gain=157.479 174.182 39.2415 28.3087 22.6232 14.0561 11.139 6.55273 6.49384 5.99502 5.92156 5.29422 5.29924 4.98599 4.4023 4.08762 3.6991 3.22761 3.11562 3.00899 3.00493 2.98831 5.16802 4.15517 2.55945 2.53529 2.15178 2.04451 1.98942 1.70533
threshold=1.352235019207001 -1.0697450041770933 2.5000000000000004 1.5000000000000002 1.0908250212669375 1.5000000000000002 1.5000000000000002 -0.91236498951911915 -1.2978749871253965 2.5000000000000004 -1.3896800279617307 1.5000000000000002 -1.3896800279617307 1.0000000180025095e-35 2.5000000000000004 -0.29524999856948847 1.8437100052833559 1.6690800189971926 1.5000000000000002 2.5000000000000004 0.91235998272895824 -0.26704500615596766 0.43287500739097601 1.0000000180025095e-35 1.0000000180025095e-35 1.7208549976348879 -0.86674499511718739 1.5000000000000002 0.39493499696254736 1.0000000180025095e-35
decision_type=2 2 2 2 2 2 2 2 2 2 2 2 2 2 2 2 2 2 2 2 2 2 2 2 2 2 2 2 2 2
left_child=1 2 6 16 5 21 8 -7 24 25 -8 29 -13 -11 -6 18 -2 -15 -9 27 -21 26 23 -23 -1 -5 -3 -17 -29 -4
right_child=3 4 11 9 14 7 10 15 -10 13 -12 12 -14 17 -16 19 -18 -19 -20 20 -22 22 -24 -25 -26 -27 -28 28 -30 -31
leaf_value=0.0020804808674432492 0.0023849369351100279 -0.00024273225415854309 0.0043873704130723964 0.0045336340005141538 0.0008302431532484514 0.00071664712353448358 0.0058830405709821669 -0.0015890039527724775 0.00089651056017989021 0.0046372635481141131 0.002798655917098063 0.012932002016983121 0.0073325593843957581 0.0080944558550202911 0.0034593744268201021 -0.0012358962007018297 0.0039683674192424181 0.012218887979262754 -0.0028095723080925452 -0.0018804903537078344 0.00027864351348453757 -0.00050043949143619359 -0.0008559674748812796 0.00030099783580756509 0.0033907227496862463 0.0071457863318807463 -0.001034824566423965 0.00019196032277466726 -0.0011972201979046251 0.0074011628653834049
leaf_weight=24178 27397 26908 2019 5613 33691 8947 8045 33557 22429 1421 7891 2068 2268 2598 4637 54911 14408 2280 22265 52651 4476 98326 115850 71517 15762 4126 119115 15827 11314 2968
leaf_count=24178 27397 26908 2019 5613 33691 8947 8045 33557 22429 1421 7891 2068 2268 2598 4637 54911 14408 2280 22265 52651 4476 98326 115850 71517 15762 4126 119115 15827 11314 2968
internal_value=2.64356e-06 -0.000302984 0.00305229 0.00402685 -0.000739215 -0.000853026 0.00246814 -0.00140035 0.00198583 0.0068842 0.00435575 0.00795864 0.0100031 0.00880743 0.00114832 -0.00149749 0.00293066 0.0100222 -0.00207584 -0.00126552 -0.00171132 -0.000594461 -0.000443986 -0.000162973 0.00259756 0.00564029 -0.000888864 -0.000955144 -0.000387134 0.00618102
internal_weight=819463 761620 87628 57843 673992 635664 78305 203948 62369 16038 15936 9323 4336 6299 38328 195001 41805 4878 55822 139179 57127 431716 285693 169843 39940 9739 146023 82052 27141 4987
internal_count=819463 761620 87628 57843 673992 635664 78305 203948 62369 16038 15936 9323 4336 6299 38328 195001 41805 4878 55822 139179 57127 431716 285693 169843 39940 9739 146023 82052 27141 4987
is_linear=0
shrinkage=0.08


Tree=8
num_leaves=31
num_cat=0
split_feature=0 0 2 2 2 3 0 2 0 2 0 3 0 3 2 2 3 0 3 0 0 0 3 0 0 0 0 3 0 2
split_gain=152.725 155.273 49.4209 41.7677 22.2153 16.1897 14.8114 10.3819 10.3739 9.83744 9.36693 7.83308 6.48257 5.10299 5.0956 4.63045 5.1281 4.53256 4.10439 3.66451 3.16126 2.97199 2.66941 2.62727 2.35091 2.35023 2.33691 2.36624 2.30728 2.30361
threshold=1.4359849691390993 3.6559150218963627 2.5000000000000004 2.5000000000000004 2.5000000000000004 1.5000000000000002 3.9832749366760258 1.5000000000000002 4.2789301872253427 1.5000000000000002 1.2779699563980105 1.5000000000000002 3.3832299709320073 1.0000000180025095e-35 1.5000000000000002 1.5000000000000002 1.5000000000000002 1.5460549592971804 1.5000000000000002 1.2501950263977053 3.4258000850677495 4.3302948474884042 1.5000000000000002 0.87617999315261852 1.2501950263977053 3.9832749366760258 3.4707949161529545 1.5000000000000002 1.5796549916267397 1.0000000180025095e-35
decision_type=2 2 2 2 2 2 2 2 2 2 2 2 2 2 2 2 2 2 2 2 2 2 2 2 2 2 2 2 2 2
left_child=2 4 7 5 15 9 18 24 -7 25 11 -4 17 -8 -10 16 20 -6 -5 -9 28 -15 -14 -13 -1 -3 27 -17 -2 -27
right_child=1 3 10 6 12 8 13 19 14 -11 -12 23 22 21 -16 26 -18 -19 -20 -21 -22 -23 -24 -25 -26 29 -28 -29 -30 -31
leaf_value=0.0023243086948777211 0.00023469328787683764 0.0016739565430241255 0.007444791905652174 0.0063431693504511985 0.0010369554253927453 -0.00071463450644493678 0.0053684091079265308 0.0051066217571755154 0.0014775759112523068 0.0050078108329864972 0.0044339672031765516 0.015182528567179155 0.0018664847913598859 0.0093764006509252547 0.0056212815165418775 -0.0014451682526021286 0.00012441393214334036 -0.0024035569088989048 0.0018334825822691767 0.0024680919473508848 0.00021205164270265107 0.013521570333753979 -0.0013421243217366899 0.010738302352813745 0.0012127981473174347 0.0022576672678281577 0.00035910723954560319 -0.00067104959505759928 -0.00076519797704304099 0.0038234097509964992
leaf_weight=39610 15469 23833 4244 2609 2536 18876 1183 10979 9696 9917 2902 1435 3440 2412 2362 76077 63046 72798 2558 4860 24990 2046 3206 2093 17585 18824 6611 37841 326763 8837
leaf_count=39610 15469 23833 4244 2609 2536 18876 1183 10979 9696 9917 2902 1435 3440 2412 2362 76077 63046 72798 2558 4860 24990 2046 3206 2093 17585 18824 6611 37841 326763 8837
internal_value=-1.03052e-05 -0.000378603 0.00322763 0.00249949 -0.000847778 0.00194876 0.00720496 0.00248451 0.000456281 0.00270055 0.00831228 0.00976041 -0.00207644 0.0100393 0.00228927 -0.000664906 -0.000542139 -0.00228774 0.00411058 0.00429702 -0.000656575 0.0112788 0.000318666 0.012546 0.00198257 0.00225621 -0.00110316 -0.00118802 -0.000720003 0.00275788
internal_weight=819638 735930 83708 103153 632777 92345 10808 73034 30934 61411 10674 7772 81980 5641 12058 550797 430268 75334 5167 15839 367222 4458 6646 3528 57195 51494 120529 113918 342232 27661
internal_count=819638 735930 83708 103153 632777 92345 10808 73034 30934 61411 10674 7772 81980 5641 12058 550797 430268 75334 5167 15839 367222 4458 6646 3528 57195 51494 120529 113918 342232 27661
is_linear=0
shrinkage=0.08


Tree=9
num_leaves=31
num_cat=0
split_feature=1 1 2 2 1 1 2 2 1 1 3 1 3 1 2 2 1 2 3 1 1 2 1 3 2 2 3 1 3 1
split_gain=130.849 146.113 31.6719 25.3807 14.0829 10.1616 11.8755 8.8635 5.14883 4.35016 4.31053 3.74898 4.34491 3.73347 3.67712 3.5303 3.38371 3.2959 4.60241 2.93031 2.85127 2.73474 3.1649 2.04128 2.21445 2.005 1.79275 1.65316 2.54938 1.59805
threshold=1.3000449538230898 -1.1494199633598325 1.5000000000000002 1.5000000000000002 1.0732450485229494 -0.97958502173423756 1.5000000000000002 2.5000000000000004 1.6224150061607363 1.7208549976348879 1.5000000000000002 -0.52108499407768238 1.5000000000000002 -1.748679995536804 2.5000000000000004 2.5000000000000004 -1.3896800279617307 2.5000000000000004 1.5000000000000002 0.44294500350952154 -1.5331450104713438 2.5000000000000004 0.91235998272895824 1.5000000000000002 1.0000000180025095e-35 2.5000000000000004 1.5000000000000002 -0.28576499223709101 1.5000000000000002 0.19279000163078311
decision_type=2 2 2 2 2 2 2 2 2 2 2 2 2 2 2 2 2 2 2 2 2 2 2 2 2 2 2 2 2 2
left_child=1 2 13 9 5 15 11 20 25 -2 -9 -7 19 -1 -6 26 -12 -10 -19 -13 -4 27 -23 24 -15 -5 -3 -8 -29 -30
right_child=3 4 7 8 14 6 21 10 17 -11 16 12 -14 23 -16 -17 -18 18 -20 -21 -22 22 -24 -25 -26 -27 -28 28 29 -31
leaf_value=0.0031000418999625723 0.001829222695061914 0.00075792704903986075 0.0057649007928760156 0.0037680372479696302 0.00059693590613008464 -0.0010725536428748746 -0.0015233017654827344 0.006045891995437782 0.0061809774917053863 0.0034024534072493928 0.011892478037926835 -0.00039943598849278666 0.00021875604601690805 0.0013967699843565843 0.0031002837558489695 0.0031341950875714321 0.0069926177892786793 0.0066508137637768883 0.012603503650512125 -0.00094253306295952145 0.0034128492552645269 -0.0017950153175025922 0.00051151569321954669 0.00045282895711012164 0.0028085460106053273 0.006164249148240015 -0.00085258236207185346 -0.0011906022209758889 0.0004903977859905894 -0.00076006324939829244
leaf_weight=14873 27336 19790 5750 5667 30787 77588 36517 4228 5312 19114 2102 194103 51741 19930 4277 3423 1580 1809 1538 94557 7737 76775 4006 7804 11055 3690 5697 54329 11224 15676
leaf_count=14873 27336 19790 5750 5667 30787 77588 36517 4228 5312 19114 2102 194103 51741 19930 4277 3423 1580 1809 1538 94557 7737 76775 4006 7804 11055 3690 5697 54329 11224 15676
internal_value=5.54348e-06 -0.000289645 0.00306011 0.00346518 -0.000659127 -0.000743954 -0.000812692 0.00566256 0.00601401 0.0024766 0.00778867 -0.000570717 -0.000456333 0.00202242 0.000902287 0.000721915 0.00978988 0.00741989 0.00938617 -0.00057734 0.00441561 -0.00132216 -0.00168063 0.00160922 0.00190047 0.004713 0.000397937 -0.00107622 -0.000875239 -0.00023831
internal_weight=820015 755549 75059 64466 680490 645426 616516 21397 18016 46450 7910 417989 340401 53662 35064 28910 3682 8659 3347 288660 13487 198527 80781 38789 30985 9357 25487 117746 81229 26900
internal_count=820015 755549 75059 64466 680490 645426 616516 21397 18016 46450 7910 417989 340401 53662 35064 28910 3682 8659 3347 288660 13487 198527 80781 38789 30985 9357 25487 117746 81229 26900
is_linear=0
shrinkage=0.08


Tree=10
num_leaves=31
num_cat=0
split_feature=0 1 1 0 2 2 2 2 2 1 0 0 0 2 1 2 2 0 0 1 1 1 0 0 0 0 1 0 1 1
split_gain=123.339 133.309 119.883 104.264 39.7108 33.2279 30.7542 20.7347 20.1323 11.486 11.0949 10.769 9.74791 9.49814 9.03003 8.72092 6.57584 5.55075 5.13726 5.32674 5.00123 7.83808 13.1631 7.8661 5.48679 6.38183 4.91835 4.15835 4.11613 3.96438
threshold=1.3727650046348574 1.1880750060081484 -1.1957349777221677 3.8472249507904057 2.5000000000000004 2.5000000000000004 2.5000000000000004 1.5000000000000002 1.5000000000000002 -1.0146600008010862 3.5167798995971684 3.2669749259948735 3.1942899227142338 1.5000000000000002 1.4673249721527102 1.5000000000000002 1.5000000000000002 4.2789301872253427 1.5460549592971804 -0.32310499250888819 -0.34146000444889063 0.38572500646114355 3.1264350414276127 2.0101149082183842 1.6741399765014651 3.4116849899291997 -1.5331450104713438 1.1618149876594546 1.5011050105094912 0.75447499752044689
decision_type=2 2 2 2 2 2 2 2 2 2 2 2 2 2 2 2 2 2 2 2 2 2 2 2 2 2 2 2 2 2
left_child=4 2 8 5 13 15 16 11 -2 -7 18 28 14 -1 -9 20 -5 -8 -11 -20 24 22 23 -22 -4 -26 -10 -6 -3 -12
right_child=1 7 3 6 27 9 17 12 26 10 29 -13 -14 -15 -16 -17 -18 -19 19 -21 21 -23 -24 -25 25 -27 -28 -29 -30 -31
leaf_value=0.001906861524578831 0.0019838589841428777 0.00020333038221805332 0.00029665695830050515 0.001231431852827434 0.0092050976705364447 0.002215167270912333 0.0059285912130560194 0.001244503765550069 0.0070436233844350772 -0.00011626089224494122 -0.00060720905300407687 0.0033816726020837297 0.006873316998417086 0.0042556867043736816 0.0055320788204852372 -0.0017036257832458688 0.0035682309508356241 0.011075440338252578 -0.0046990449599483139 -0.0030594540311649665 -0.0010059770279403932 -0.0011917533421258401 -0.0017020116689449951 0.00050557911758624698 -0.0017210836981916674 0.00035430403923980227 0.0041420466331952982 0.0057107840323401176 0.0019846168501048036 0.0049793488863601448
leaf_weight=50854 39220 16314 11998 41515 6098 2718 3612 6058 6660 2978 4167 22330 9407 14066 6535 107397 9464 2133 17583 45492 29952 113030 33360 83348 93330 10555 8524 3392 16906 1010
leaf_count=50854 39220 16314 11998 41515 6098 2718 3612 6058 6660 2978 4167 22330 9407 14066 6535 107397 9464 2133 17583 45492 29952 113030 33360 83348 93330 10555 8524 3392 16906 1010
internal_value=1.66114e-05 -0.000293341 -0.000657806 -0.000976903 0.00312237 -0.00130971 0.00229058 0.0028463 0.00294141 -0.00288893 -0.00308369 0.00202307 0.00492494 0.00241577 0.00346949 -0.00106791 0.00166525 0.00783951 -0.00336321 -0.00351651 -0.000886125 -0.000691113 -0.000305272 0.000105984 -0.00132314 -0.00151022 0.00541474 0.00795613 0.00110985 0.000482693
internal_weight=820006 745596 668046 613642 74410 556918 56724 77550 54404 73948 71230 55550 22000 64920 12593 482970 50979 5745 66053 63075 375573 259690 146660 113300 115883 103885 15184 9490 33220 5177
internal_count=820006 745596 668046 613642 74410 556918 56724 77550 54404 73948 71230 55550 22000 64920 12593 482970 50979 5745 66053 63075 375573 259690 146660 113300 115883 103885 15184 9490 33220 5177
is_linear=0
shrinkage=0.08


Tree=11
num_leaves=31
num_cat=0
split_feature=0 1 1 0 2 2 2 2 2 0 1 0 0 2 1 2 2 2 0 1 0 0 1 1 0 0 0 0 0 0
split_gain=105.551 114.838 103.887 88.3797 33.7682 27.7162 25.6096 19.0225 18.1532 14.4505 9.55101 8.89805 7.92818 7.7014 7.40238 7.0176 6.32178 5.18506 4.64895 6.10121 4.32392 3.80684 3.69749 5.56404 11.7549 6.88506 5.4863 5.04862 5.64196 3.69142
threshold=1.3255900144577029 1.1880750060081484 -1.1957349777221677 3.9545400142669682 2.5000000000000004 2.5000000000000004 2.5000000000000004 2.5000000000000004 1.5000000000000002 3.5854150056838994 -0.91236498951911915 3.1490499973297124 3.2908449172973637 1.5000000000000002 1.5011050105094912 1.5000000000000002 1.5000000000000002 1.5000000000000002 1.5110000371932986 -0.32310499250888819 1.8722299933433535 3.6017599105834965 -0.26704500615596766 0.41397500038146978 3.0412950515747075 2.1062049865722661 3.5499849319458012 1.6123750209808352 3.5167798995971684 1.4934149980545046
decision_type=2 2 2 2 2 2 2 2 2 2 2 2 2 2 2 2 2 2 2 2 2 2 2 2 2 2 2 2 2 2
left_child=4 2 7 5 13 15 16 17 11 10 20 -3 14 -1 -10 22 -5 -2 -12 -20 -7 29 27 24 25 -24 -25 -4 -29 -17
right_child=1 8 3 6 -6 9 -8 -9 12 -11 18 -13 -14 -15 -16 21 -18 -19 19 -21 -22 -23 23 26 -26 -27 -28 28 -30 -31
leaf_value=0.0018588745631474934 0.001800812725715881 0.00094907149102883197 0.00044442905759846168 0.0013663734905214845 0.0077000929092021957 0.0048039943976922244 0.0081465980495657644 0.0071039871891060841 0.0015969632868237092 0.0014941243268621991 1.2333159394695431e-05 0.002981764875980124 0.0065055368234097702 0.0040749426655118867 0.005326473098544263 0.0007245944795781134 0.0039155067561702766 0.0038497946480551409 -0.0046202266678327291 -0.0028258207507618721 -0.00081393617580950738 0.00020301015715577794 -0.00073758480851634459 -0.0012463231133382265 -0.0014516240938864415 0.00064863592113893016 0.00052856983302771257 -0.0014589235527931186 0.00049104963091761993 -0.0017506325908965921
leaf_weight=46148 40029 30554 11721 34144 8625 1175 4558 5648 7103 5135 2853 25109 8432 12826 6544 4013 7615 9849 16346 46985 3455 7589 35055 98503 39914 66302 12568 112002 10376 98596
leaf_count=46148 40029 30554 11721 34144 8625 1175 4558 5648 7103 5135 2853 25109 8432 12826 6544 4013 7615 9849 16346 46985 3455 7589 35055 98503 39914 66302 12568 112002 10376 98596
internal_value=-3.43017e-06 -0.000275567 -0.000611175 -0.000908572 0.00302463 -0.00118047 0.00245271 0.00270368 0.00263592 -0.00260377 -0.00290092 0.001866 0.00457694 0.00234084 0.00338534 -0.00096281 0.00183122 0.00220541 -0.00314666 -0.00328896 0.000611781 -0.00152595 -0.000802223 -0.00062183 -0.000288738 0.000169202 -0.00104549 -0.00114168 -0.00129359 -0.00165383
internal_weight=819772 752173 674431 618905 67599 572588 46317 55526 77742 75949 70814 55663 22079 58974 13647 496639 41759 49878 66184 63331 4630 110198 386441 252342 141271 101357 111071 134099 122378 102609
internal_count=819772 752173 674431 618905 67599 572588 46317 55526 77742 75949 70814 55663 22079 58974 13647 496639 41759 49878 66184 63331 4630 110198 386441 252342 141271 101357 111071 134099 122378 102609
is_linear=0
shrinkage=0.08


Tree=12
num_leaves=31
num_cat=0
split_feature=0 1 1 0 2 2 2 2 2 1 1 1 0 0 0 0 1 1 0 0 2 2 1 1 1 2 2 0 0 0
split_gain=90.2653 96.6383 82.9959 81.8032 27.8538 27.6837 22.8073 14.9177 14.742 8.18594 8.08235 7.87509 7.71235 7.63916 7.12067 6.62062 6.50318 6.25647 12.9567 9.6767 6.0794 5.70193 5.59905 4.55015 4.52796 4.25409 4.21793 4.09923 4.86585 3.93067
threshold=1.4359849691390993 1.3000449538230898 -1.1714349985122678 3.715865015983582 2.5000000000000004 2.5000000000000004 2.5000000000000004 2.5000000000000004 2.5000000000000004 -0.40793499350547785 -0.91236498951911915 1.0208449959754946 3.0940248966217045 4.074855089187623 4.1522002220153817 1.2228899598121645 -0.91236498951911915 0.49272499978542333 3.1264350414276127 2.0004749298095708 1.0000000180025095e-35 1.5000000000000002 1.0382149815559389 0.86929500102996837 -0.67946499586105336 1.5000000000000002 1.5000000000000002 1.7028499841690066 3.1378250122070317 1.0941300392150881
decision_type=2 2 2 2 2 2 2 2 2 2 2 2 2 2 2 2 2 2 2 2 2 2 2 2 2 2 2 2 2 2
left_child=5 2 8 4 9 20 14 12 25 10 27 16 -3 -8 23 -7 -6 18 19 -11 -1 -16 -19 -5 -17 -2 -12 -4 -29 -22
right_child=1 7 3 6 11 15 13 -9 -10 17 26 -13 -14 -15 21 24 -18 22 -20 -21 29 -23 -24 -25 -26 -27 -28 28 -30 -31
leaf_value=0.001156654388558134 0.0015823466019998578 0.0013816796383586917 0.0022344970656681131 5.6076757033449013e-05 0.00018819879682328841 0.0077412454061567002 0.003447792662002618 0.0062884717998810472 0.0062268301206940416 -0.0012165456632480124 -0.0015822058833121252 0.00070283003427210544 0.003273044742165325 0.0084547229259083027 0.0015914168021544026 0.0076862133380925981 -0.0030431523079253861 -0.0014881121165935362 -0.001687827905646592 0.00016189132187980024 0.0034263926672995155 0.004514456682337846 -0.00020349408913258741 0.0024311636011001979 0.0016863455264233866 0.003426394904387486 -0.0028722616968517027 -0.0011769598816242241 0.0016982005250226122 0.0018188548902877718
leaf_weight=34461 40472 28196 3428 31453 4252 6971 4281 6761 5737 43222 73199 4265 27021 3582 24121 1173 63717 96289 45798 132548 19298 5190 28037 6176 2566 9981 20838 22744 4515 19644
leaf_count=34461 40472 28196 3428 31453 4252 6971 4281 6761 5737 43222 73199 4265 27021 3582 24121 1173 63717 96289 45798 132548 19298 5190 28037 6176 2566 9981 20838 22744 4515 19644
internal_value=2.32717e-06 -0.000281468 -0.000559514 -0.000827305 -0.00116906 0.00248498 0.00165288 0.00274154 0.00238411 -0.000944558 -0.00150019 -0.00263176 0.00230724 0.00572871 0.00117411 0.00628453 -0.00284101 -0.000744206 -0.000489341 -0.000177068 0.0019306 0.00210899 -0.00119842 0.000445897 0.00356863 0.00194715 -0.00186807 -0.000372847 -0.000700737 0.00261548
internal_weight=819936 735823 673845 617655 542852 84113 74803 61978 56190 470618 124724 72234 55217 7863 66940 10710 67969 345894 221568 175770 73403 29311 124326 37629 3739 50453 94037 30687 27259 38942
internal_count=819936 735823 673845 617655 542852 84113 74803 61978 56190 470618 124724 72234 55217 7863 66940 10710 67969 345894 221568 175770 73403 29311 124326 37629 3739 50453 94037 30687 27259 38942
is_linear=0
shrinkage=0.08


Tree=13
num_leaves=31
num_cat=0
split_feature=0 0 2 2 3 2 0 0 0 2 3 2 0 3 3 2 3 0 0 0 2 0 0 3 0 3 3 3 0 2
split_gain=75.6545 79.6214 21.7603 19.5059 15.0721 10.7596 7.72193 7.13145 6.32679 6.11698 5.79712 5.39952 4.47475 3.84883 3.79133 3.05841 3.05335 5.38585 4.5097 4.03357 2.88169 2.62617 2.55481 2.26812 2.21557 2.16062 1.96672 1.87361 2.00042 1.69539
threshold=1.4559049606323244 3.6559150218963627 2.5000000000000004 2.5000000000000004 1.5000000000000002 2.5000000000000004 4.074855089187623 4.3302948474884042 1.2779699563980105 1.5000000000000002 1.0000000180025095e-35 1.5000000000000002 3.3692250251770024 1.5000000000000002 1.5000000000000002 1.5000000000000002 1.5000000000000002 3.4258000850677495 2.1169149875640874 3.3287749290466313 1.5000000000000002 1.6282950043678286 1.0941300392150881 1.0000000180025095e-35 4.3302948474884042 1.5000000000000002 1.0000000180025095e-35 1.5000000000000002 0.87617999315261852 1.0000000180025095e-35
decision_type=2 2 2 2 2 2 2 2 2 2 2 2 2 2 2 2 2 2 2 2 2 2 2 2 2 2 2 2 2 2
left_child=2 5 11 4 9 16 14 -6 10 23 -4 26 21 -8 -5 -9 17 20 -18 -20 -2 -7 -13 -3 -15 -14 29 -12 -29 -1
right_child=1 3 8 6 7 12 13 15 -10 -11 27 22 25 24 -16 -17 18 -19 19 -21 -22 -23 -24 -25 -26 -27 -28 28 -30 -31
leaf_value=0.0013773220153252416 -0.00054272119070434026 0.0021804940831989901 0.0026286153012250891 0.0051347890165352244 -0.00091948777685149055 0.00028811642301186701 0.0051764233138646108 0.00097265814962308491 0.0026264494389708678 0.0039671189761721539 0.0063167473305631603 0.0040698548912005321 0.0018146795179948402 0.0070473853696788116 0.0011875023903729822 0.0043805816925358686 -0.0010994003574218668 0.00046877869979670994 0.00045892387523084583 -0.00099929751034235205 -0.001092165963331901 -0.0017598334796577139 0.0020777808230522006 0.0010670778316918376 0.012067055399507705 -0.00099245140801897417 0.00080855751453541601 0.011477505141946743 0.007573161873371168 0.0025376614661703351
leaf_weight=24841 340492 33771 1670 3168 20007 4250 2230 8957 3322 9878 2575 7864 3659 1008 3063 2076 21999 29994 66307 14861 74449 70209 8655 17924 1274 3372 22840 1417 2062 11929
leaf_count=24841 340492 33771 1670 3168 20007 4250 2230 8957 3322 9878 2575 7864 3659 1008 3063 2076 21999 29994 66307 14861 74449 70209 8655 17924 1274 3372 22840 1417 2062 11929
internal_value=-2.43074e-07 -0.000265232 0.00222772 0.0017927 0.00141839 -0.000603068 0.00501954 -1.90079e-05 0.0055459 0.002143 0.00680151 0.00174627 -0.00146077 0.00754003 0.0031944 0.0016139 -0.000475548 -0.00056647 -8.34221e-05 0.000191939 -0.000641303 -0.00164294 0.00302612 0.00179444 0.00984978 0.000468407 0.0013916 0.00795261 0.0091634 0.00175376
internal_weight=820123 732948 87175 103356 92613 629592 10743 31040 11046 61573 7724 76129 81490 4512 6231 11033 548102 444935 103167 81168 414941 74459 16519 51695 2282 7031 59610 6054 3479 36770
internal_count=820123 732948 87175 103356 92613 629592 10743 31040 11046 61573 7724 76129 81490 4512 6231 11033 548102 444935 103167 81168 414941 74459 16519 51695 2282 7031 59610 6054 3479 36770
is_linear=0
shrinkage=0.08


Tree=14
num_leaves=31
num_cat=0
split_feature=0 0 2 2 3 0 2 0 2 2 3 0 3 0 3 3 0 2 2 3 0 3 0 0 0 2 3 3 0 2
split_gain=64.8781 67.5234 19.3019 17.1783 14.0199 8.81192 8.18841 6.23247 5.36531 5.09801 4.53062 4.45657 3.89855 3.61792 3.56845 3.52116 2.63396 2.59944 2.30305 2.15948 2.09204 2.09159 2.05598 2.04981 2.77707 1.98309 1.6039 1.53213 1.50675 1.41834
threshold=1.3947499990463259 3.6017599105834965 2.5000000000000004 2.5000000000000004 1.5000000000000002 3.9256449937820439 1.5000000000000002 4.3302948474884042 1.5000000000000002 1.5000000000000002 1.5000000000000002 1.528375029563904 1.5000000000000002 0.92727002501487743 1.0000000180025095e-35 1.5000000000000002 3.4707949161529545 1.5000000000000002 2.5000000000000004 1.5000000000000002 4.3302948474884042 1.0000000180025095e-35 1.5796549916267397 2.1062049865722661 3.3034549951553349 1.0000000180025095e-35 1.0000000180025095e-35 1.0000000180025095e-35 3.4555850028991704 1.0000000180025095e-35
decision_type=2 2 2 2 2 2 2 2 2 2 2 2 2 2 2 2 2 2 2 2 2 2 2 2 2 2 2 2 2 2
left_child=2 6 9 4 8 12 15 -6 21 19 26 -8 -5 -12 -7 22 18 -9 27 25 -16 29 -2 -17 -25 -1 -4 -13 -24 -3
right_child=1 3 10 5 7 14 11 17 -10 -11 13 16 -14 -15 20 23 -18 -19 -20 -21 -22 -23 28 24 -26 -27 -28 -29 -30 -31
leaf_value=0.0011281021850169336 0.00034411380237821292 0.0016141831854567163 0.0022266814448940546 0.0042174980034127693 -0.00089746422620064421 0.0028155814077178232 0.00097309037241737452 0.00083646962206558693 0.0034998774382620536 0.0030335681013900287 0.010442443104428158 -0.001325635955303347 -1.9784362590272151e-05 0.005682690801971607 0.0061060684373644659 -0.00070646015409409622 0.00035914326595187708 0.0039731374579416593 -0.001457446023649866 -0.00011233191369635704 0.0094423147524645666 0.00090263226715028497 -0.00054050368824335544 0.00071947739165626932 -0.0008147916287232186 0.0022020724848085885 0.0050461552832320542 -0.00068363886272184901 0.00025635614188720957 0.0027137703924008582
leaf_weight=29775 19319 26921 2114 2802 22184 1338 7187 8928 10978 14621 1596 34620 2757 2842 2944 12851 8073 2086 75533 5787 2034 19739 330443 39799 9318 17454 3318 76057 15918 10411
leaf_count=29775 19319 26921 2114 2802 22184 1338 7187 8928 10978 14621 1596 34620 2757 2842 2944 12851 8073 2086 75533 5787 2034 19739 330443 39799 9318 17454 3318 76057 15918 10411
internal_value=-9.14225e-06 -0.000239126 0.00219328 0.00156031 0.00122269 0.00443891 -0.000562684 -0.000125109 0.00188022 0.00171102 0.00549815 -0.00098318 0.00211601 0.0073944 0.0064834 -0.000364584 -0.00105555 0.00143054 -0.00111688 0.00134628 0.00746925 0.00156867 -0.000459082 0.00019306 0.000428411 0.001525 0.00394889 -0.000884457 -0.000503882 0.00192083
internal_weight=819747 742240 77507 113122 101247 11875 629118 33198 68049 67637 9870 201470 5559 4438 6316 427648 194283 11014 186210 53016 4978 57071 365680 61968 49117 47229 5432 110677 346361 37332
internal_count=819747 742240 77507 113122 101247 11875 629118 33198 68049 67637 9870 201470 5559 4438 6316 427648 194283 11014 186210 53016 4978 57071 365680 61968 49117 47229 5432 110677 346361 37332
is_linear=0
shrinkage=0.08


Tree=15
num_leaves=31
num_cat=0
split_feature=1 1 0 0 2 2 2 2 1 2 0 1 2 0 1 2 0 1 0 1 0 0 0 0 0 1 0 2 2 0
split_gain=68.449 76.82 62.0009 52.1375 17.5095 17.4672 15.7238 14.6908 13.5152 12.3866 6.49605 6.00037 5.31209 5.02871 4.77948 4.1271 3.91344 8.48211 8.4864 7.40201 3.82017 3.63626 3.35023 3.32168 3.57417 3.226 3.12364 3.05019 2.70422 2.6957
threshold=1.3788350224494936 -1.0514999628067014 1.3018200397491457 3.8987249135971074 2.5000000000000004 1.5000000000000002 2.5000000000000004 2.5000000000000004 1.0208449959754946 1.5000000000000002 3.2669749259948735 -1.6821500062942503 2.5000000000000004 3.6949000358581547 -0.3509449958801269 1.5000000000000002 2.8834550380706792 0.58621501922607433 2.1062049865722661 0.93994000554084789 1.4559049606323244 3.1264350414276127 1.658895015716553 3.2420299053192143 1.9560250043869021 -1.358114957809448 3.4116849899291997 1.5000000000000002 2.5000000000000004 2.2175250053405766
decision_type=2 2 2 2 2 2 2 2 2 2 2 2 2 2 2 2 2 2 2 2 2 2 2 2 2 2 2 2 2 2
left_child=1 4 7 5 11 14 15 27 12 21 -10 -1 -7 20 22 -5 17 18 -16 -18 -14 -2 -4 24 -13 -6 -24 -3 -11 -22
right_child=9 2 3 6 25 8 -8 -9 10 28 -12 23 13 -15 16 -17 19 -19 -20 -21 29 -23 26 -25 -26 -27 -28 -29 -30 -31
leaf_value=0.002760848869561263 0.0012724142080689676 0.0013952586467178816 0.00020634680814535835 0.00086620565366287642 0.0066280804886605449 -0.0013848541685125024 0.0057513216640723199 0.005948679179686449 -0.0001336489959775707 0.0038232654049423138 0.0039175557968864679 0.0017099519747501288 0.00078664834158568436 0.0013113558166986466 -0.00068318256673346154 0.002763385622652958 -0.0011348219013433897 -0.0010467164514208836 0.00068319953516714498 0.00066437461260103578 -0.0032809853648592354 0.0028118951132860099 -0.0014032533008351829 0.0027085269199928403 0.00037295858086635811 0.00372055776686983 8.4936670604925067e-05 0.0030653243202891601 0.0060108056195114588 -0.0021794686322250704
leaf_weight=21170 21145 32277 11512 39732 4930 101686 5440 6151 10496 9303 3339 22820 2304 2399 47575 9001 87462 54592 74876 17575 20785 18333 82603 8030 29134 4840 10134 8937 5917 45011
leaf_count=21170 21145 32277 11512 39732 4930 101686 5440 6151 10496 9303 3339 22820 2304 2399 47575 9001 87462 54592 74876 17575 20785 18333 82603 8030 29134 4840 10134 8937 5917 45011
internal_value=8.91219e-07 -0.000194635 -0.000489142 -0.000700129 0.00198812 -0.000924651 0.00167199 0.0023017 -0.00156155 0.00273482 0.000844087 0.00160292 -0.00175484 -0.0022885 -0.00061798 0.00121662 -0.000446919 -0.000217402 0.000152329 -0.000833777 -0.00241531 0.00198733 -0.00108084 0.00119426 0.000960212 0.00518771 -0.00124063 0.0017574 0.0046737 -0.00252744
internal_weight=819509 764811 673887 626522 90924 572349 54173 47365 186020 54698 13835 81154 172185 70499 386329 48733 282080 177043 122451 105037 68100 39478 104249 59984 51954 9770 92737 41214 15220 65796
internal_count=819509 764811 673887 626522 90924 572349 54173 47365 186020 54698 13835 81154 172185 70499 386329 48733 282080 177043 122451 105037 68100 39478 104249 59984 51954 9770 92737 41214 15220 65796
is_linear=0
shrinkage=0.08


Tree=16
num_leaves=31
num_cat=0
split_feature=0 0 2 2 3 2 0 0 2 3 2 3 3 3 0 0 0 2 3 2 3 2 0 0 0 0 2 3 0 0
split_gain=47.3405 49.5166 14.67 12.2171 12.869 6.3945 6.30366 5.52409 4.17452 4.12125 4.04225 3.30931 3.25365 3.24098 2.89771 2.40958 2.52003 2.20806 2.04801 1.95402 1.95325 1.8413 1.62596 2.43517 1.54638 1.39381 1.3238 1.29826 1.28965 1.27238
threshold=1.4359849691390993 3.5854150056838994 2.5000000000000004 2.5000000000000004 1.5000000000000002 1.5000000000000002 3.9832749366760258 4.0425500869750985 1.5000000000000002 1.5000000000000002 1.5000000000000002 1.5000000000000002 1.5000000000000002 1.0000000180025095e-35 0.92727002501487743 1.5460549592971804 3.4401249885559086 2.5000000000000004 1.0000000180025095e-35 1.5000000000000002 1.5000000000000002 1.0000000180025095e-35 2.1062049865722661 3.0623250007629399 1.0941300392150881 4.3302948474884042 1.0000000180025095e-35 1.0000000180025095e-35 3.8987249135971074 4.0105900764465341
decision_type=2 2 2 2 2 2 2 2 2 2 2 2 2 2 2 2 2 2 2 2 2 2 2 2 2 2 2 2 2 2
left_child=2 5 10 4 8 12 11 -6 18 27 20 -5 -2 -8 -11 -7 17 -17 26 -9 21 -1 -14 -24 -12 -15 -3 -4 -10 -20
right_child=1 3 9 6 7 15 13 19 28 14 24 -13 22 25 -16 16 -18 -19 29 -21 -22 -23 23 -25 -26 -27 -28 -29 -30 -31
leaf_value=0.00088389561770236267 -0.00040206202162841197 0.0014277575660104195 0.0016655542850193958 0.0037772242019069864 -0.0013098392335054009 0.00070189878470558887 0.0019655122655374137 0.00028970453984234032 0.0021256006229972454 0.009047787547230136 0.003328911239081227 0.00019403896391306249 -0.00059033009751461348 0.0053649727977802975 0.0048998911299132451 -0.00074587414167076528 0.00038627691231195402 -0.0013110370600414904 0.00014600064879478322 0.0023285976041353598 -0.0002446520204111078 0.0018796801121925316 0.00085368102093403219 -0.00033044662418645087 0.0017477476248609694 0.0082143857395878313 0.0024713295768062499 0.0041011144457646972 0.0038352253252344295 0.0014151051882582649
leaf_weight=32298 359787 27791 2294 3378 16296 6119 1189 13995 5215 1633 7839 3224 12356 2399 3171 109033 9134 74455 11020 3832 6281 18803 31597 17147 7997 2027 10804 3597 6159 9342
leaf_count=32298 359787 27791 2294 3378 16296 6119 1189 13995 5215 1633 7839 3224 12356 2399 3171 109033 9134 74455 11020 3832 6281 18803 31597 17147 7997 2027 10804 3597 6159 9342
internal_value=2.85739e-06 -0.000202321 0.0018032 0.00130958 0.00102961 -0.000486999 0.0037033 -0.000245217 0.00164812 0.00457084 0.00139893 0.00202742 -0.0003104 0.00567375 0.00630987 -0.000860995 -0.000910643 -0.000975204 0.00137741 0.000727974 0.00108667 0.0012503 0.000229353 0.000437133 0.00253044 0.00666993 0.00171989 0.00315269 0.00305136 0.00072826
internal_weight=820212 736299 83913 116671 104454 619628 12217 34123 70331 10695 73218 6602 420887 5615 4804 198741 192622 183488 58957 17827 57382 51101 61100 48744 15836 4426 38595 5891 11374 20362
internal_count=820212 736299 83913 116671 104454 619628 12217 34123 70331 10695 73218 6602 420887 5615 4804 198741 192622 183488 58957 17827 57382 51101 61100 48744 15836 4426 38595 5891 11374 20362
is_linear=0
shrinkage=0.08


Tree=17
num_leaves=31
num_cat=0
split_feature=1 1 2 2 1 2 1 2 3 1 2 3 1 2 2 3 1 3 1 3 3 1 2 3 1 2 1 3 1 1
split_gain=56.1927 65.3225 14.8099 10.176 9.09443 4.67511 4.63689 3.14643 3.77389 3.00135 2.58415 3.66028 2.50812 2.47545 2.2927 2.08644 2.01327 2.89056 1.8462 1.82763 1.53138 1.48982 2.06557 1.49726 1.44344 1.43949 1.43052 3.1232 2.10298 1.416
threshold=1.352235019207001 -1.0514999628067014 1.5000000000000002 1.5000000000000002 1.0208449959754946 1.5000000000000002 -1.2978749871253965 2.5000000000000004 1.0000000180025095e-35 -1.6286799907684324 2.5000000000000004 1.0000000180025095e-35 -0.89737498760223378 2.5000000000000004 1.0000000180025095e-35 1.5000000000000002 -0.29524999856948847 1.5000000000000002 1.7208549976348879 1.0000000180025095e-35 1.5000000000000002 0.39493499696254736 2.5000000000000004 1.5000000000000002 1.7208549976348879 1.0000000180025095e-35 -0.26704500615596766 1.5000000000000002 0.31859999895095831 -0.86674499511718739
decision_type=2 2 2 2 2 2 2 2 2 2 2 2 2 2 2 2 2 2 2 2 2 2 2 2 2 2 2 2 2 2
left_child=1 2 9 14 5 26 7 -4 -9 -1 -5 -12 -7 19 20 25 17 -14 -13 -6 24 22 23 -18 -2 -11 29 28 -28 -3
right_child=3 4 6 10 13 12 -8 8 -10 15 11 18 16 -15 -16 -17 21 -19 -20 -21 -22 -23 -24 -25 -26 -27 27 -29 -30 -31
leaf_value=0.0020090348654820175 0.00096275520085999274 -4.1782233862569725e-05 0.0034495860639850925 0.0033009011783462468 0.00085058855036643656 0.00045011915514848316 0.0021570361885996647 0.0019006918361221972 0.0068981797549708132 0.00071402813179751378 0.0017962250565721691 0.00513855397676797 -0.00085536752099547755 0.0020553210159419072 0.002521798139832897 -0.00028458550458974527 -0.00051488441875600216 -0.0020424118564074971 0.0083110218624294144 -0.00016951133984204791 -0.00017159692385965692 -0.0010789563608184715 -0.0010206285328517454 0.00043626388574248548 0.0022491987198537955 0.0017635407616343993 -0.00016424131522641678 0.00035583540149609823 -0.00064311584213351514 -0.00070713681815954459
leaf_weight=19516 12292 24731 9806 9791 23446 8958 10770 1235 4458 23418 1415 2912 32898 6294 15403 8786 32085 21848 1967 21592 3892 54242 33385 15812 10226 13011 121991 41801 113109 118837
leaf_count=19516 12292 24731 9806 9791 23446 8958 10770 1235 4458 23418 1415 2912 32898 6294 15403 8786 32085 21848 1967 21592 3892 54242 33385 15812 10226 13011 121991 41801 113109 118837
internal_value=1.23297e-06 -0.00018132 0.00183002 0.00240392 -0.000454083 -0.000538847 0.00343208 0.00431809 0.00581406 0.00117988 0.0041139 0.0053786 -0.000858065 0.000569216 0.00174611 0.000821988 -0.000919655 -0.00132909 0.00641755 0.000361535 0.0012937 -0.00075426 -0.00053758 -0.000200887 0.00154696 0.00108887 -0.000387594 -0.000281342 -0.000394633 -0.000592523
internal_weight=819927 762029 91000 57898 671029 619697 26269 15499 5693 64731 16085 6294 199228 51332 41813 45215 190270 54746 4879 45038 26410 135524 81282 47897 22518 36429 420469 276901 235100 143568
internal_count=819927 762029 91000 57898 671029 619697 26269 15499 5693 64731 16085 6294 199228 51332 41813 45215 190270 54746 4879 45038 26410 135524 81282 47897 22518 36429 420469 276901 235100 143568
is_linear=0
shrinkage=0.08


Tree=18
num_leaves=31
num_cat=0
split_feature=1 1 0 0 1 1 1 0 0 0 1 0 3 1 0 3 1 0 3 0 0 0 0 1 1 3 0 3 1 0
split_gain=49.561 54.059 45.9976 37.6526 9.1796 6.37433 4.97533 10.8623 13.2902 5.304 14.1955 14.4976 17.6807 7.31916 5.6667 5.14211 5.64321 4.41898 4.29434 4.22747 3.98658 3.93065 5.43049 3.41994 3.0758 3.02908 2.98791 2.88016 2.68927 2.63488
threshold=1.3788350224494936 -1.0328249931335447 1.3018200397491457 3.9832749366760258 1.1291350126266482 -1.2978749871253965 -0.41817499697208399 3.2783350944519047 1.6741399765014651 2.9309849739074711 0.61858499050140392 2.1062049865722661 1.5000000000000002 0.803624987602234 3.3287749290466313 1.5000000000000002 -0.60804000496864308 2.9804151058197026 1.0000000180025095e-35 3.3158149719238286 1.6282950043678286 1.7461850047111513 3.1833050251007085 -0.74143001437187184 -0.76716500520706166 1.5000000000000002 3.0623250007629399 1.5000000000000002 -0.14055000245571134 0.97341999411582958
decision_type=2 2 2 2 2 2 2 2 2 2 2 2 2 2 2 2 2 2 2 2 2 2 2 2 2 2 2 2 2 2
left_child=1 5 29 4 6 -1 7 8 24 10 11 -8 18 -11 -15 -10 26 -2 -13 27 -12 -7 25 -9 -4 -23 -17 -6 -14 -3
right_child=17 2 3 -5 19 21 9 23 15 13 20 12 28 14 -16 16 -18 -19 -20 -21 -22 22 -24 -25 -26 -27 -28 -29 -30 -31
leaf_value=0.0021793746553422397 0.0015688675180069113 0.002622577836241367 0.0020033915959590002 0.0016021872678463856 0.00051983132907745301 0.0021279318156471011 -0.001050449909246901 0.001962666023611003 -0.0015941758358896912 -0.0013546962534696256 0.00048397793988960415 -0.0005564922280683986 0.0008575129931904993 -0.0011217261377399913 0.0013696869626605235 -0.0043418551012125465 -0.0013002205332898734 0.0030085556675668109 0.00050234926306236478 0.0023124628179619702 -0.0017762472163937791 0.00029597662252951523 0.0025045412233204202 -0.00030097393835186952 -0.00028763025304272732 -0.0018863584903234985 -0.00071538293864078877 -0.0017216418338673483 0.0026281974972127164 0.0014242195591495474
leaf_weight=55493 25923 22392 6047 46067 18078 10906 78449 6764 76354 120862 5485 64180 7608 11097 12340 12703 8244 28808 39664 7012 55829 16505 5833 11592 9875 5403 1642 4603 19714 24691
leaf_count=55493 25923 22392 6047 46067 18078 10906 78449 6764 76354 120862 5485 64180 7608 11097 12340 12703 8244 28808 39664 7012 55829 16505 5833 11592 9875 5403 1642 4603 19714 24691
internal_value=9.95694e-07 -0.000165297 -0.000417066 -0.000598939 -0.000774327 0.00163001 -0.0008485 -0.00127389 -0.00156267 -0.000712018 -0.000503351 -0.000190163 0.000324366 -0.0011038 0.000190047 -0.00190787 -0.00296818 0.00232666 -0.00015206 0.000595689 -0.00157405 0.000841186 0.000335319 0.000533154 0.000582475 -0.000242236 -0.00392675 6.49351e-05 0.00213514 0.00199414
internal_weight=820163 765432 671292 624209 578142 94140 548449 133221 114865 415228 270929 209615 131166 144299 23437 98943 22589 54731 103844 29693 61314 38647 27741 18356 15922 21908 14345 22681 27322 47083
internal_count=820163 765432 671292 624209 578142 94140 548449 133221 114865 415228 270929 209615 131166 144299 23437 98943 22589 54731 103844 29693 61314 38647 27741 18356 15922 21908 14345 22681 27322 47083
is_linear=0
shrinkage=0.08


Tree=19
num_leaves=31
num_cat=0
split_feature=1 1 0 0 1 1 0 0 3 1 0 0 3 0 1 1 3 0 1 1 3 3 1 1 0 0 0 0 3 1
split_gain=41.3184 45.3243 39.4166 33.0807 7.86146 5.05429 8.45702 9.62426 5.25617 5.04514 11.3465 11.0851 16.911 6.54637 4.9329 4.586 4.58281 6.78544 6.5008 4.92886 4.55981 3.90149 3.4373 3.28356 3.27026 2.99883 2.89312 4.8402 3.02401 2.84439
threshold=1.4064800143241885 -1.0514999628067014 1.3255900144577029 3.8234599828720097 1.1291350126266482 -0.41817499697208399 1.658895015716553 3.2908449172973637 1.5000000000000002 0.49272499978542333 3.1264350414276127 1.9440699815750124 1.5000000000000002 3.4258000850677495 -0.60804000496864308 -1.5798400044441221 1.5000000000000002 4.3302948474884042 0.81671500205993663 -0.40793499350547785 1.5000000000000002 1.0000000180025095e-35 -0.14055000245571134 -0.74143001437187184 2.0437750816345219 2.9214450120925908 3.217230081558228 1.989254951477051 1.5000000000000002 -0.72843000292778004
decision_type=2 2 2 2 2 2 2 2 2 2 2 2 2 2 2 2 2 2 2 2 2 2 2 2 2 2 2 2 2 2
left_child=1 15 -3 4 5 6 29 8 -8 10 11 -7 21 -11 -10 -1 -5 18 19 -18 -15 -13 -14 -9 -16 -2 27 -17 -29 -4
right_child=25 2 3 16 -6 9 7 23 14 13 -12 12 22 20 24 26 17 -19 -20 -21 -22 -23 -24 -25 -26 -27 -28 28 -30 -31
leaf_value=0.0023460117907348607 0.0015081760492216077 0.0017895804711204441 0.0018003297502547585 0.0017212532308465939 0.00050967576525815233 -0.001235480516014905 -0.0014335215948654504 0.0018751339446895141 -0.003673168785456541 -0.0012990919541690871 -0.0014497783266652761 -0.00064451900918842159 0.0005094508502005103 0.0011640391795504045 -0.0045138936329934638 0.0017495982034015508 0.0013320783637628089 0.0018994059472348629 0.0026623115374792977 -0.0027359679117318204 -0.0017932481657472233 0.0002641757235939859 0.0022439662529037093 -0.00052083749634025656 -0.00047885117177863404 0.002734103901336906 0.0025196839787894353 0.00070567322077114733 -0.0011605959931014246 -0.00044169459169388368
leaf_weight=29843 22932 50097 6641 39719 30655 50316 78415 5912 14933 112517 59260 79285 10605 12584 1587 24152 2498 9770 2647 8045 4541 48884 23549 9613 6766 28819 8345 20931 7565 7965
leaf_count=29843 22932 50097 6641 39719 30655 50316 78415 5912 14933 112517 59260 79285 10605 12584 1587 24152 2498 9770 2647 8045 4541 48884 23549 9613 6766 28819 8345 20931 7565 7965
internal_value=2.92644e-06 -0.000144575 -0.000369778 -0.000542391 -0.000736147 -0.000807749 -0.00123754 -0.00146372 -0.00174693 -0.000666642 -0.000470833 -0.000198013 0.000123576 -0.00107731 -0.00280232 0.00153337 0.00120116 0.000301437 -0.000882198 -0.00177211 0.000379862 -0.00029794 0.00170539 0.000391561 -0.00124548 0.00219087 0.00113576 0.000916404 0.000210224 0.0005777
internal_weight=819391 767640 676804 626707 564028 533373 131832 117226 101701 401541 271899 212639 162323 129642 23286 90836 62679 22960 13190 10543 17125 128169 34154 15525 8353 51751 60993 52648 28496 14606
internal_count=819391 767640 676804 626707 564028 533373 131832 117226 101701 401541 271899 212639 162323 129642 23286 90836 62679 22960 13190 10543 17125 128169 34154 15525 8353 51751 60993 52648 28496 14606
is_linear=0
shrinkage=0.08


Tree=20
num_leaves=31
num_cat=0
split_feature=1 1 0 0 3 0 1 1 1 0 1 1 3 0 0 1 3 0 1 0 0 3 1 1 0 0 0 0 0 3
split_gain=35.273 37.8544 35.0801 29.2069 7.28428 8.77018 8.95922 7.73529 5.98039 4.2695 3.95641 7.91473 5.94166 12.6881 12.777 10.8499 5.30613 5.09351 3.69117 2.99906 3.56756 2.84931 2.58248 2.5231 5.53224 4.89327 4.6726 2.48265 2.96572 2.71723
threshold=1.4673249721527102 -1.2447049617767332 1.4559049606323244 3.6949000358581547 1.5000000000000002 4.2329599857330331 0.88355499505996715 -0.39802500605583185 1.1291350126266482 1.0941300392150881 -0.99682998657226551 -0.40793499350547785 1.5000000000000002 3.2908449172973637 1.8722299933433535 0.73063498735427868 1.5000000000000002 2.310095071792603 -0.60804000496864308 3.3158149719238286 1.7028499841690066 1.5000000000000002 0.50270497798919689 0.38572500646114355 3.4116849899291997 2.9309849739074711 2.1981151103973393 1.8722299933433535 3.1942899227142338 1.5000000000000002
decision_type=2 2 2 2 2 2 2 2 2 2 2 2 2 2 2 2 2 2 2 2 2 2 2 2 2 2 2 2 2 2
left_child=1 -1 9 8 -5 6 7 -6 10 -3 27 16 23 14 -14 -16 19 -18 -11 20 -12 -10 -9 25 -25 26 -13 -4 29 -29
right_child=-2 2 3 4 5 -7 -8 22 21 18 11 12 13 -15 15 -17 17 -19 -20 -21 -22 -23 -24 24 -26 -27 -28 28 -30 -31
leaf_value=0.001772408225476779 0.0021672590415382038 0.0020653876990578625 0.0016330584819294546 0.001491841686302133 0.0010854919171765505 0.0015632637108240418 0.0027132903207028329 -0.0039947332390568215 0.00072853648309682394 0.0021123848526472572 0.00027408885750755793 -0.00089788499817063745 -0.00239717123054029 -0.0022003813714776273 0.0013766854671645565 -0.0015431644474166299 -0.0037974587711709878 -0.0015354184690908306 0.00034406822742183207 0.00040185837470259621 -0.001401986831089559 -0.001079279536971963 -0.0011903014241602936 -0.0012550660672804637 0.00057529925781989719 -0.0012694194762559131 8.3952922218184304e-05 -4.6086331122086495e-05 0.0019346690763151918 -0.0021765487379476838
leaf_weight=61829 45430 32766 5793 52850 3617 12100 3002 7497 26583 10350 9120 54061 8775 14037 47841 9816 9887 17914 27974 7997 74694 7062 2920 107378 11722 49930 72789 15127 3505 5131
leaf_count=61829 45430 32766 5793 52850 3617 12100 3002 7497 26583 10350 9120 54061 8775 14037 47841 9816 9887 17914 27974 7997 74694 7062 2920 107378 11722 49930 72789 15127 3505 5131
internal_value=7.75262e-07 -0.000126376 -0.000291208 -0.000478161 0.000931948 -8.36485e-05 -0.00125339 -0.00210189 -0.000684916 0.00139489 -0.000751115 -0.0008047 -0.000624533 -1.50073e-05 0.00044676 0.000879586 -0.00137158 -0.00233988 0.00082163 -0.00107837 -0.00121961 0.00034908 -0.00320862 -0.000790302 -0.00107492 -0.000598551 -0.000334487 0.000148068 -0.000213946 -0.000585696
internal_weight=819497 774067 712238 641148 81986 29136 17036 14034 559162 71090 525517 495961 376349 80469 66432 57657 119612 27801 38324 91811 83814 33645 10417 295880 119100 176780 126850 29556 23763 20258
internal_count=819497 774067 712238 641148 81986 29136 17036 14034 559162 71090 525517 495961 376349 80469 66432 57657 119612 27801 38324 91811 83814 33645 10417 295880 119100 176780 126850 29556 23763 20258
is_linear=0
shrinkage=0.08


Tree=21
num_leaves=31
num_cat=0
split_feature=1 1 0 0 2 2 2 2 1 2 0 2 1 0 0 0 1 1 1 0 2 0 1 0 1 0 0 2 1 1
split_gain=30.7007 32.1511 28.2356 23.4345 12.1379 11.3136 10.7969 10.4354 11.663 8.47184 4.90647 4.02111 3.90749 4.05445 3.54831 3.42755 3.23218 3.1663 4.1175 3.13958 3.11828 2.75596 4.74729 5.94527 4.69682 2.67776 3.44426 2.6231 2.59429 2.46742
threshold=1.4359099864959719 -1.0146600008010862 1.3018200397491457 3.9832749366760258 1.5000000000000002 1.5000000000000002 2.5000000000000004 1.5000000000000002 1.1291350126266482 1.5000000000000002 3.6017599105834965 2.5000000000000004 -1.2978749871253965 1.8852050304412844 3.1602449417114262 1.5460549592971804 -0.52108499407768238 0.76607000827789318 -0.44781500101089472 3.2546050548553471 2.5000000000000004 2.855045080184937 0.69628500938415538 2.1062049865722661 0.97230499982833873 3.2420299053192143 1.7318400144577029 2.5000000000000004 -0.52108499407768238 -0.32310499250888819
decision_type=2 2 2 2 2 2 2 2 2 2 2 2 2 2 2 2 2 2 2 2 2 2 2 2 2 2 2 2 2 2
left_child=1 4 6 7 -1 -5 -3 16 10 -2 11 -9 27 -14 -15 28 25 18 -12 -10 -7 22 23 -18 -23 26 -4 -6 -13 -17
right_child=9 2 3 5 12 20 -8 8 19 -11 17 15 13 14 -16 29 21 -19 -20 -21 -22 24 -24 -25 -26 -27 -28 -29 -30 -31
leaf_value=0.0006663851513409887 0.0013019598878295693 0.001104023722789769 0.00028782343888390907 0.00052423273407139971 0.0026975370014069144 0.0023606211868472914 0.0046985580398365423 -0.0010270417680140573 0.00066339522433805768 0.0036682642947334664 0.0030892279529882469 0.0039071083584760243 0.0035267182598776783 -0.00029559013489783968 0.0038201911403365884 -0.0027658927272009404 -0.00046953976701271587 0.003089340774112645 -0.0010342155591984005 0.003782198981055578 0.0049975726078244241 -0.00075368931418199768 -0.00079586706163396834 0.00055231302119650529 0.00061033002781755454 0.00031231655005014826 -0.0013447064833602774 0.0048584026415385995 -0.00076431570803118392 -0.0016600455456055856
leaf_weight=69215 35191 40748 9954 34525 9841 7588 6156 97099 7686 13359 1890 1033 4508 6574 1684 17949 60690 2132 8612 2825 4616 107149 44463 91196 19025 10605 48915 5665 2888 46026
leaf_count=69215 35191 40748 9954 34525 9841 7588 6156 97099 7686 13359 1890 1033 4508 6574 1684 17949 60690 2132 8612 2825 4616 107149 44463 91196 19025 10605 48915 5665 2888 46026
internal_value=1.81914e-06 -0.000121011 -0.000317485 -0.000459146 0.0012369 0.00126432 0.00157579 -0.000597968 -0.00108772 0.00195307 -0.00124095 -0.00135729 0.00263362 0.00159709 0.000543714 -0.00182959 -0.000362908 0.000278491 -0.000292137 0.00150162 0.00335801 -0.000256291 -6.88278e-05 0.000144005 -0.000548017 -0.000857863 -0.00106867 0.00348699 0.000466386 -0.00197031
internal_weight=819807 771257 673770 626866 97487 46729 46904 580137 188140 48550 177629 164995 28272 12766 8258 67896 391997 12634 10502 10511 12204 322523 196349 151886 126174 69474 58869 15506 3921 63975
internal_count=819807 771257 673770 626866 97487 46729 46904 580137 188140 48550 177629 164995 28272 12766 8258 67896 391997 12634 10502 10511 12204 322523 196349 151886 126174 69474 58869 15506 3921 63975
is_linear=0
shrinkage=0.08


Tree=22
num_leaves=31
num_cat=0
split_feature=1 1 0 0 2 2 2 2 2 0 2 0 1 0 2 0 1 1 1 0 1 0 2 1 1 1 0 0 2 0
split_gain=24.8828 29.2886 25.1917 20.004 12.5506 10.9626 9.65637 9.06863 7.74227 4.77165 4.04933 3.18887 3.17978 3.12848 3.1155 3.09153 2.99978 4.10168 2.63814 3.24134 5.54254 5.45235 2.44223 2.23706 2.12584 2.54104 2.44842 3.74523 2.06148 2.02788
threshold=1.1669950485229494 -1.0328249931335447 1.3947499990463259 3.9832749366760258 1.5000000000000002 1.5000000000000002 1.5000000000000002 2.5000000000000004 2.5000000000000004 3.5854150056838994 2.5000000000000004 0.92727002501487743 1.7208549976348879 3.2669749259948735 2.5000000000000004 3.1942899227142338 0.7778649926185609 -0.43813998997211451 -0.52108499407768238 2.8736749887466435 0.69628500938415538 2.1062049865722661 1.0000000180025095e-35 -1.8266999721527097 -0.41817499697208399 0.39493499696254736 1.8852050304412844 3.0007400512695317 1.5000000000000002 4.7154748439788827
decision_type=2 2 2 2 2 2 2 2 2 2 2 2 2 2 2 2 2 2 2 2 2 2 2 2 2 2 2 2 2 2
left_child=1 5 8 4 18 23 13 22 28 10 24 -10 15 -2 -7 -8 17 -11 -4 20 21 -20 -5 -1 -6 26 -26 -28 -3 -15
right_child=6 2 3 7 9 14 12 -9 11 16 -12 -13 -14 29 -16 -17 -18 -19 19 -21 -22 -23 -24 -25 25 -27 27 -29 -30 -31
leaf_value=0.0015970313518153781 0.0003071108746746794 0.00064245258399996629 -0.00080002483179074683 0.00015721152401365686 -0.0016276509952856339 0.0018642496701755254 0.001248416415641737 0.0047230033011049838 0.0060110617558170164 0.0028979116759237835 -0.0017747697832602881 0.0024996553854305841 0.0041539443541005064 0.0017638006237295099 0.0036307915850886381 0.0034605602280678507 0.0028748465128213469 -0.0010180282248799207 -0.00045816447637056344 -0.00058826678221330362 -0.00097999551192346998 0.00053750683722493336 0.0014342805400542932 0.00040089002175186506 -0.0017538475886303315 -0.0013416102077290959 0.00037486360798899895 -0.0014157355821434268 0.0019042336043346639 -0.00056833026382170496
leaf_weight=12254 36534 38039 69688 19253 23440 17165 10549 4166 2519 2111 66990 4827 6685 20593 10178 6556 2336 9054 56472 113858 33197 93441 19083 54565 6940 28485 27161 10315 10595 2699
leaf_count=12254 36534 38039 69688 19253 23440 17165 10549 4166 2519 2111 66990 4827 6685 20593 10178 6556 2336 9054 56472 113858 33197 93441 19083 54565 6940 28485 27161 10315 10595 2699
internal_value=3.38868e-06 -0.000145159 -0.000338419 -0.000493312 -0.000624024 0.00117243 0.00131116 0.00117814 0.00128298 -0.0011776 -0.00129708 0.00370374 0.00267449 0.00076903 0.00252182 0.00209629 0.000267825 -0.00027763 -0.000357044 -0.000253092 -4.46791e-05 0.000162439 0.000792914 0.000620252 -0.000964919 -0.000751829 -0.000373589 -0.000117986 0.000917334 0.00149356
internal_weight=819748 736132 641970 585990 543488 94162 83616 42502 55980 176832 163331 7346 23790 59826 27343 17105 13501 11165 366656 296968 183110 149913 38336 66819 96341 72901 44416 37476 48634 23292
internal_count=819748 736132 641970 585990 543488 94162 83616 42502 55980 176832 163331 7346 23790 59826 27343 17105 13501 11165 366656 296968 183110 149913 38336 66819 96341 72901 44416 37476 48634 23292
is_linear=0
shrinkage=0.08


Tree=23
num_leaves=31
num_cat=0
split_feature=0 0 2 2 3 2 0 3 0 3 0 2 2 3 3 3 2 0 0 0 3 0 0 3 0 3 3 0 3 3
split_gain=17.4203 20.112 7.917 7.84629 9.5353 4.2772 3.24569 2.97754 2.82654 2.70875 3.0991 2.64825 2.63434 2.56001 2.23021 1.77823 1.61984 1.60882 1.7305 1.60121 1.52417 1.26981 1.36176 1.15863 1.13029 1.08754 1.08741 1.00447 1.19488 1.03233
threshold=1.4559049606323244 3.5499849319458012 2.5000000000000004 2.5000000000000004 1.5000000000000002 1.5000000000000002 4.0425500869750985 1.0000000180025095e-35 4.3863151073455819 1.0000000180025095e-35 1.0941300392150881 1.0000000180025095e-35 1.0000000180025095e-35 1.5000000000000002 1.5000000000000002 1.5000000000000002 1.0000000180025095e-35 1.5956749916076662 2.236474990844727 3.8987249135971074 1.0000000180025095e-35 3.3287749290466313 2.0753901004791264 1.0000000180025095e-35 1.0168750286102297 1.0000000180025095e-35 1.5000000000000002 3.3158149719238286 1.5000000000000002 1.0000000180025095e-35
decision_type=2 2 2 2 2 2 2 2 2 2 2 2 2 2 2 2 2 2 2 2 2 2 2 2 2 2 2 2 2 2
left_child=2 5 11 4 12 14 13 -8 -6 -4 26 25 20 -5 -2 24 -10 -7 -19 23 -3 22 -16 -14 -13 -1 -11 28 -20 -29
right_child=1 3 9 6 8 17 7 -9 16 10 -12 15 19 -15 21 -17 -18 18 27 -21 -22 -23 -24 -25 -26 -27 -28 29 -30 -31
leaf_value=0.00055138524133442276 -0.00026190263886185502 0.00096966505629460437 0.00064909941310130022 0.0030679814485467956 -0.00095754240724344017 0.00045818987966909957 0.00049122951951375139 0.0053031238302923035 -0.00053636466239759598 0.0037809973623459093 0.0022624174897971916 0.0020861083767748133 0.001698246592361189 0.0002350221966748741 -0.00037963556296191056 0.00024337576607842655 0.0015183127812583011 -0.0010572981906837517 -0.0008177800080850199 0.0021663515180009598 -0.00010170464021086333 -0.00074311860358008909 0.0006118880830050026 0.00034046771923828135 0.0011007398078172923 -0.00040921707868076863 0.0063946526358841654 0.0011541968689239462 -0.00028828039798993861 -0.00031229092228274812
leaf_weight=24799 354840 29465 2371 4132 25434 8185 1047 3847 4327 1779 4583 12491 8426 4035 11268 9426 5678 56567 69779 16789 11943 7043 41567 7696 18462 10840 2384 4132 44779 11977
leaf_count=24799 354840 29465 2371 4132 25434 8185 1047 3847 4327 1779 4583 12491 8426 4035 11268 9426 5678 56567 69779 16789 11943 7043 41567 7696 18462 10840 2384 4132 44779 11977
internal_value=-1.59477e-05 -0.000143077 0.00105343 0.00079095 0.000570374 -0.000331094 0.00264456 0.00427369 -0.000509439 0.00304749 0.00369768 0.000761812 0.00108528 0.00166833 -0.000185694 0.00120542 0.000629698 -0.000639661 -0.000687654 0.00161954 0.000660658 0.000265921 0.000400428 0.0010501 0.00149838 0.000259207 0.00527774 -0.000527631 -0.000610807 6.3867e-05
internal_weight=820091 732956 87135 122819 109758 610137 13061 4894 35439 11117 8746 76018 74319 8167 414718 40379 10005 195419 187234 32911 41408 59878 52835 16122 30953 35639 4163 130667 114558 16109
internal_count=820091 732956 87135 122819 109758 610137 13061 4894 35439 11117 8746 76018 74319 8167 414718 40379 10005 195419 187234 32911 41408 59878 52835 16122 30953 35639 4163 130667 114558 16109
is_linear=0
shrinkage=0.08


Tree=24
num_leaves=31
num_cat=0
split_feature=1 1 2 2 1 1 2 2 3 2 2 3 3 3 2 3 1 3 2 1 2 3 1 2 3 3 1 3 3 3
split_gain=22.3629 24.9733 8.3747 6.35776 5.76118 4.62576 4.23508 3.59963 3.44301 2.68274 2.3354 3.3717 2.07948 1.96846 1.89993 2.4327 1.71915 2.87267 1.60144 1.48161 1.41481 1.28329 1.22096 1.19988 1.1507 1.0839 1.32912 1.0696 1.03381 1.03205
threshold=1.4359099864959719 -1.2447049617767332 1.5000000000000002 2.5000000000000004 0.98798999190330516 -0.91236498951911915 2.5000000000000004 2.5000000000000004 1.0000000180025095e-35 1.0000000180025095e-35 2.5000000000000004 1.0000000180025095e-35 1.0000000180025095e-35 1.0000000180025095e-35 2.5000000000000004 1.5000000000000002 -0.59735000133514393 1.5000000000000002 1.0000000180025095e-35 1.8437100052833559 1.0000000180025095e-35 1.0000000180025095e-35 0.28307500481605535 1.5000000000000002 1.5000000000000002 1.5000000000000002 1.6690800189971926 1.5000000000000002 1.5000000000000002 1.5000000000000002
decision_type=2 2 2 2 2 2 2 2 2 2 2 2 2 2 2 2 2 2 2 2 2 2 2 2 2 2 2 2 2 2
left_child=1 2 18 9 5 14 16 12 -5 24 -4 -12 -6 -8 15 23 -7 20 21 29 -18 -1 -22 -3 -2 -10 -27 -20 -13 -11
right_child=3 4 10 8 7 6 13 -9 25 19 11 28 -14 -15 -16 -17 17 -19 27 -21 22 -23 -24 -25 -26 26 -28 -29 -30 -31
leaf_value=0.00094103104378661252 0.00098244286497790553 0.00031765506565348582 0.0022163123861588833 0.00049251379553639564 0.00070876468700339489 -0.00066384540522551345 -0.00012705809454848527 0.0020556052191697495 0.0038035458710918447 0.0019288546212546367 0.00066174386682537137 0.0037288051774306448 -0.00024225518773516975 -0.0011290293884925794 0.0016802219703489069 -0.0008431130748403011 -0.00017797218657798183 0.00018680191600400431 0.0018676718843640137 0.0028400621365280167 -0.00032456341331330544 -0.00017951977623780903 -0.00076114680416523427 0.0015098350353376401 -0.00061627009435320573 0.0043914147715681867 0.0081451487974847966 0.0005174797084167911 0.0060494156881756968 0.00036334699662790825
leaf_weight=15571 19077 31306 10960 1183 30841 67999 15762 8079 1640 9067 1403 2090 28142 61553 6485 10694 185512 84806 12193 8175 104011 11279 67668 6530 3394 1094 1347 5426 2981 3835
leaf_count=15571 19077 31306 10960 1183 30841 67999 15762 8079 1640 9067 1403 2090 28142 61553 6485 10694 185512 84806 12193 8175 104011 11279 67668 6530 3394 1094 1347 5426 2981 3835
internal_value=5.92223e-06 -9.91709e-05 0.00144184 0.00166653 -0.000233643 -0.000307309 -0.000373016 0.000471932 0.00429259 0.00134909 0.00292794 0.00413267 0.000255014 -0.00092476 0.000394142 0.000222285 -0.000289372 -0.000231761 0.000859213 0.00199743 -0.000331138 0.000470316 -0.000496645 0.00052341 0.000740975 0.00539415 0.00646281 0.00145186 0.00509298 0.00146352
internal_weight=820103 771291 61903 48812 709388 642326 587311 67062 5264 43548 17434 6474 58983 77315 55015 48530 509996 441997 44469 21077 357191 26850 171679 37836 22471 4081 2441 17619 5071 12902
internal_count=820103 771291 61903 48812 709388 642326 587311 67062 5264 43548 17434 6474 58983 77315 55015 48530 509996 441997 44469 21077 357191 26850 171679 37836 22471 4081 2441 17619 5071 12902
is_linear=0
shrinkage=0.08


Tree=25
num_leaves=31
num_cat=0
split_feature=1 1 0 0 2 2 2 2 2 0 0 0 2 1 0 0 1 0 1 0 1 1 1 1 2 2 0 2 1 0
split_gain=18.6981 21.3476 19.4668 15.6753 8.66862 8.06118 7.1945 6.81063 5.62452 5.61893 3.93156 3.39423 3.12422 3.00564 5.26522 3.08294 6.43838 6.93668 5.37616 2.84735 2.74896 3.5225 2.72721 2.48571 2.33149 2.12544 2.06781 1.86238 1.76591 1.75229
threshold=1.2086899876594546 -1.0514999628067014 1.4559049606323244 4.0425500869750985 2.5000000000000004 2.5000000000000004 2.5000000000000004 2.5000000000000004 1.5000000000000002 3.5167798995971684 1.1618149876594546 3.0623250007629399 1.0000000180025095e-35 -0.52108499407768238 3.217230081558228 2.9707000255584721 0.65214499831199657 1.9560250043869021 0.91235998272895824 1.6741399765014651 0.75447499752044689 -0.43813998997211451 -0.52108499407768238 -1.6286799907684324 1.0000000180025095e-35 1.0000000180025095e-35 3.3832299709320073 1.5000000000000002 2.1327749490737919 2.096270084381104
decision_type=2 2 2 2 2 2 2 2 2 2 2 2 2 2 2 2 2 2 2 2 2 2 2 2 2 2 2 2 2 2
left_child=1 5 8 4 13 12 11 27 -3 -6 -10 28 -1 14 19 16 17 -15 -17 -4 21 -11 -12 -14 -21 -13 29 -5 -2 -25
right_child=6 2 3 7 9 -7 -8 -9 10 20 22 25 23 15 -16 18 -18 -19 -20 24 -22 -23 -24 26 -26 -27 -28 -29 -30 -31
leaf_value=0.00024580905561320799 0.00018499804319949381 0.00052436768887366414 0.00040438494726063352 0.00051078571927723763 -0.0015856311567348767 0.0031956722778010795 0.0033712468190833476 0.0043935307690479855 0.0031651277765555094 0.0042163894413201845 0.0031031258328712385 0.0008665976985325315 0.0022075171849478257 -0.00078763664189247773 0.00051932422850988424 -0.00082108698424889881 -0.00092805183194859828 0.00032205000307298316 0.00072196982869613833 -0.00076210957969623098 0.0038532399264395042 -0.00094592935733031288 0.00010113290387185927 0.0012808320276686965 -0.0017045795048925261 0.0021591405954899867 0.0028532006386923375 0.0020382760243603908 0.0020075084129507577 -5.8810978746559999e-06
leaf_weight=38914 32316 43799 7203 28671 65567 9766 8554 3698 10945 1030 2695 16535 12109 47346 15342 116349 53976 151137 16500 31246 1469 4734 6884 13398 36332 16041 2972 6216 3803 13700
leaf_count=38914 32316 43799 7203 28671 65567 9766 8554 3698 10945 1030 2695 16535 12109 47346 15342 116349 53976 151137 16500 31246 1469 4734 6884 13398 36332 16041 2972 6216 3803 13700
internal_value=-1.1279e-06 -0.000124446 -0.000284737 -0.000429558 -0.00053925 0.00102428 0.00118338 0.00112899 0.00103646 -0.0013522 0.00212929 0.000910938 0.000762778 -0.000414769 -0.00083068 -0.000317487 -0.000153333 5.73461e-05 -0.000629438 -0.00110765 0.000763896 -2.3447e-05 0.000945727 0.00123973 -0.00126881 0.00150307 0.000850008 0.000782947 0.000376892 0.000630305
internal_weight=819247 741998 651139 586816 548231 90859 77249 38585 64323 72800 20524 68695 81093 475431 90123 385308 252459 198483 132849 74781 7233 5764 9579 42179 67578 32576 30070 34887 36119 27098
internal_count=819247 741998 651139 586816 548231 90859 77249 38585 64323 72800 20524 68695 81093 475431 90123 385308 252459 198483 132849 74781 7233 5764 9579 42179 67578 32576 30070 34887 36119 27098
is_linear=0
shrinkage=0.08


Tree=26
num_leaves=31
num_cat=0
split_feature=1 1 2 1 2 1 2 2 3 2 2 3 3 1 1 2 1 3 2 2 3 3 3 2 3 1 3 3 1 1
split_gain=16.1925 17.9344 5.77212 4.32642 4.11922 3.40472 2.45884 2.1535 1.91918 2.76405 1.87471 2.90857 1.6376 1.82292 1.9632 1.41487 1.35965 1.32634 1.25826 1.25715 2.60815 1.23917 1.15324 1.1203 0.994707 0.990099 0.898553 0.763571 0.883289 0.743633
threshold=1.5011050105094912 -1.2712150216102598 1.5000000000000002 1.0382149815559389 1.0000000180025095e-35 -0.86674499511718739 1.5000000000000002 1.5000000000000002 1.5000000000000002 2.5000000000000004 2.5000000000000004 1.5000000000000002 1.0000000180025095e-35 -0.47867499291896815 0.6741049885749818 1.5000000000000002 -1.0697450041770933 1.5000000000000002 1.0000000180025095e-35 2.5000000000000004 1.0000000180025095e-35 1.0000000180025095e-35 1.5000000000000002 2.5000000000000004 1.0000000180025095e-35 1.7778800129890444 1.0000000180025095e-35 1.5000000000000002 -1.6286799907684324 1.8437100052833559
decision_type=2 2 2 2 2 2 2 2 2 2 2 2 2 2 2 2 2 2 2 2 2 2 2 2 2 2 2 2 2 2
left_child=1 2 18 5 22 8 12 21 15 -10 29 26 -7 -14 -15 -3 -11 -9 24 -4 -21 -5 -2 -19 -1 -13 -12 -22 -29 -6
right_child=4 3 19 7 10 6 -8 17 9 16 11 25 13 14 -16 -17 -18 23 -20 20 27 -23 -24 -25 -26 -27 -28 28 -30 -31
leaf_value=0.00083087872257696968 0.00093782354829549544 0.000283149177663465 0.0019898690182744926 0.00049097117836576702 0.0014308492918642204 -0.00034862563365354151 -0.00055963522898176547 0.0016635041987203894 -0.0010057432624413004 0.0032576191564005668 3.8359706411156421e-05 0.0042109399930944933 -0.00057401321204828232 0.0002458274149743491 -0.00054188872373005161 0.0012670704019299667 0.00018029870006596737 -0.0006777916491599456 0.0012997262780500515 0.00029639547040229136 0.0031057692376866516 -0.00036261974307478492 -0.00074974686508451729 0.0013005523190234125 -0.00018121841910336369 0.0077209072081790365 0.003164962499561151 0.00680153578718669 0.0039230118992203637 0.002462416574261825
leaf_weight=14756 16516 38658 10512 25408 9913 228953 189168 11836 13231 1558 1021 1047 31036 113017 24669 12339 2240 3729 16592 1325 1972 19042 3074 3601 10737 1011 1388 1199 1583 8149
leaf_count=14756 16516 38658 10512 25408 9913 228953 189168 11836 13231 1558 1021 1047 31036 113017 24669 12339 2240 3729 16592 1325 1972 19042 3074 3601 10737 1011 1388 1199 1583 8149
internal_value=-6.29308e-06 -8.90899e-05 0.0012557 -0.000198914 0.00152144 -0.0002601 -0.000322206 0.000430939 0.000275668 -0.000459672 0.00225918 0.00372662 -0.000209264 -2.0153e-05 0.000104693 0.000521214 0.00144266 0.00113978 0.000757509 0.00251944 0.00343518 0.0001253 0.000673015 0.000294107 0.000404609 0.00593522 0.00183982 0.00431 0.00516361 0.00189626
internal_weight=819280 777161 58676 718485 42119 654869 586843 63616 68026 17029 22529 4467 397675 168722 137686 50997 3798 19166 42085 16591 6079 44450 19590 7330 25493 2058 2409 4754 2782 18062
internal_count=819280 777161 58676 718485 42119 654869 586843 63616 68026 17029 22529 4467 397675 168722 137686 50997 3798 19166 42085 16591 6079 44450 19590 7330 25493 2058 2409 4754 2782 18062
is_linear=0
shrinkage=0.08


Tree=27
num_leaves=31
num_cat=0
split_feature=0 0 2 2 3 0 3 2 0 3 0 2 3 3 2 3 3 0 0 3 0 3 0 0 3 3 0 3 2 2
split_gain=11.8805 15.4145 6.01129 5.9211 5.68083 3.05029 5.08796 2.63993 2.13959 1.6202 1.55586 1.535 2.69536 1.42429 1.32613 2.36943 1.32172 1.171 1.2879 1.07506 0.927274 0.914931 0.855728 1.50373 1.62516 0.899407 1.5593 0.825095 0.77397 0.742774
threshold=1.4934149980545046 3.5854150056838994 1.5000000000000002 1.5000000000000002 1.0000000180025095e-35 3.9832749366760258 1.5000000000000002 1.5000000000000002 1.2228899598121645 1.0000000180025095e-35 3.3420850038528447 2.5000000000000004 1.0000000180025095e-35 1.5000000000000002 2.5000000000000004 1.0000000180025095e-35 1.5000000000000002 3.3287749290466313 2.291815042495728 1.5000000000000002 4.3302948474884042 1.5000000000000002 1.6282950043678286 2.1981151103973393 1.5000000000000002 1.5000000000000002 1.9783749580383303 1.5000000000000002 1.0000000180025095e-35 1.0000000180025095e-35
decision_type=2 2 2 2 2 2 2 2 2 2 2 2 2 2 2 2 2 2 2 2 2 2 2 2 2 2 2 2 2 2
left_child=2 7 9 4 28 6 -5 13 11 29 22 -4 -13 -2 -7 -16 -6 18 -15 -12 -18 -14 27 25 -25 -24 -27 -9 -3 -1
right_child=1 3 8 5 16 14 -8 10 -10 -11 19 12 21 17 15 -17 20 -19 -20 -21 -22 -23 23 24 -26 26 -28 -29 -30 -31
leaf_value=0.00047238328068175496 -0.00023025139729928646 0.00086090923370187706 0.0017204871309996726 0.0021459720554483034 0.00024976941173698993 0.0018984806278019657 -0.00062479119420202282 0.00080243458331460515 0.00096367693904909554 -0.00011420393930962793 0.00078801462800186218 0.00022036587019160316 0.0028821720174860084 -0.00024572519387012321 0.00025818516782946243 0.0043031571495626307 -0.00097524136132781539 -0.00071438187242712375 0.00060313804819590248 -0.00053842868553664728 3.3568177418329412e-05 0.0049459999568251759 -0.00073789210213149063 -0.00071368314499323942 -0.00011230056978292677 -0.0020876146666242573 -0.00062166148521856869 -0.00086040795584591001 0.0016604927613866785 0.0012135520299289691
leaf_weight=26728 354485 27689 10511 9562 20077 9412 7623 5283 12455 24639 9281 1490 2431 16917 1173 4416 16469 7942 35325 6758 9028 3164 31561 73553 47223 10459 8352 2991 10758 12797
leaf_count=26728 354485 27689 10511 9562 20077 9412 7623 5283 12455 24639 9281 1490 2431 16917 1173 4416 16469 7942 35325 6758 9028 3164 31561 73553 47223 10459 8352 2991 10758 12797
internal_value=-1.29367e-05 -0.000122571 0.000832272 0.000721891 0.000368452 0.00164454 0.000916904 -0.000283409 0.00176602 0.000394954 -0.000525789 0.00233394 0.00324404 -0.00016916 0.00247811 0.00345421 -0.000235739 0.00019067 0.000328259 0.00022912 -0.000618041 0.00404928 -0.000593272 -0.000631686 -0.000478545 -0.00099887 -0.00143674 0.000201327 0.00108464 0.000712351
internal_weight=820552 726337 94215 116207 84021 32186 17185 610130 30051 64164 195461 17596 7085 414669 15001 5589 45574 60184 52242 16039 25497 5595 179422 171148 120776 50372 18811 8274 38447 39525
internal_count=820552 726337 94215 116207 84021 32186 17185 610130 30051 64164 195461 17596 7085 414669 15001 5589 45574 60184 52242 16039 25497 5595 179422 171148 120776 50372 18811 8274 38447 39525
is_linear=0
shrinkage=0.08


Tree=28
num_leaves=31
num_cat=0
split_feature=1 1 0 0 2 2 2 1 2 2 1 1 0 0 1 0 1 1 1 0 1 0 1 0 0 0 1 1 0 0
split_gain=14.2 14.8897 14.9179 12.4703 6.66951 5.69799 5.06096 4.48864 4.47046 3.60649 3.52221 4.67597 6.2654 5.05455 2.70694 2.6549 2.60848 2.54275 3.36575 2.90902 2.32408 2.25152 2.19865 2.08142 1.898 1.87964 1.98934 2.23792 1.85889 1.80203
threshold=1.5011050105094912 -1.2712150216102598 1.4934149980545046 3.6559150218963627 2.5000000000000004 2.5000000000000004 1.5000000000000002 1.0208449959754946 2.5000000000000004 1.0000000180025095e-35 -0.28576499223709101 0.38572500646114355 3.020920038223267 1.798830032348633 -0.39802500605583185 1.2228899598121645 -0.96281999349594105 0.6409749984741212 -0.48883000016212458 4.3863151073455819 0.98798999190330516 3.0519549846649174 -0.91236498951911915 3.2669749259948735 2.1169149875640874 4.2789301872253427 0.74265000224113475 -0.43813998997211451 1.8852050304412844 3.115745067596436
decision_type=2 2 2 2 2 2 2 2 2 2 2 2 2 2 2 2 2 2 2 2 2 2 2 2 2 2 2 2 2 2
left_child=1 6 8 4 10 17 -1 16 -3 -2 22 12 13 -12 -10 -16 -6 18 -5 -20 -13 -9 29 28 -18 26 27 -7 -22 -4
right_child=9 2 3 5 7 25 -8 21 14 -11 11 20 -14 -15 15 -17 24 -19 19 -21 23 -23 -24 -25 -26 -27 -28 -29 -30 -31
leaf_value=0.00067503742136759779 0.00063018881260151196 0.00062931155876831527 -0.00035807119260458599 0.0012277856541431217 0.00056949918718341439 0.0042959399780578937 0.0023263083402477831 -0.00014112957138051735 0.0039929438009178092 0.0021158137846333993 -0.00092215352386003499 -0.00070330839473473029 -0.00074797312710183576 0.00059675269894211846 0.0029018358989247235 -0.0004767334143472745 -0.0022381747354099681 0.00099899052810145379 -0.00067636699146486428 0.00089737464268024576 0.0012323941693827632 0.0031345179636296824 -0.00082365160318151321 0.0010793695325858458 -0.0012269848614350533 0.0044024408609630618 0.0039336281705367356 8.7226725114629861e-05 -0.00048422749365740217 0.0011746547837003839
leaf_weight=42023 19547 66958 32714 11778 4231 1013 16560 4247 4177 22491 16159 110469 40912 106011 3219 2769 15899 25965 31773 9847 4567 1964 118988 8744 46994 2339 1975 4007 34805 5776
leaf_count=42023 19547 66958 32714 11778 4231 1013 16560 4247 4177 22491 16159 110469 40912 106011 3219 2769 15899 25965 31773 9847 4567 1964 118988 8744 46994 2339 1975 4007 34805 5776
internal_value=-7.06748e-06 -8.45594e-05 -0.00018458 -0.000311022 -0.000452385 0.000569505 0.00114181 -0.00116287 0.000866627 0.00142502 -0.000343642 -0.000191878 0.000108903 0.000395852 0.00242985 0.0013395 -0.00135326 0.000349607 3.38421e-05 -0.000304031 -0.000501188 0.000894673 -0.000653639 -3.71433e-05 -0.00148261 0.0024392 0.00178273 0.000936515 -0.000285106 -0.000128063
internal_weight=818921 776883 718300 641177 552480 88697 58583 73335 77123 42038 479145 321667 163082 122170 10165 5988 67124 79363 53398 41620 158585 6211 157478 48116 62893 9334 6995 5020 39372 38490
internal_count=818921 776883 718300 641177 552480 88697 58583 73335 77123 42038 479145 321667 163082 122170 10165 5988 67124 79363 53398 41620 158585 6211 157478 48116 62893 9334 6995 5020 39372 38490
is_linear=0
shrinkage=0.08


Tree=29
num_leaves=31
num_cat=0
split_feature=1 1 0 0 2 2 1 2 2 2 1 0 0 1 0 0 0 1 1 0 1 1 0 0 1 0 1 1 1 0
split_gain=11.497 12.9551 12.7951 10.4748 6.27988 5.42624 4.67907 4.50865 4.46697 3.4586 3.07535 3.08764 3.85874 2.9192 3.42809 2.55602 2.10815 2.00975 2.50479 1.98651 5.44711 2.17122 2.00651 1.90224 2.47787 1.7869 1.72155 1.69438 2.1467 4.28495
threshold=1.5011050105094912 -1.2712150216102598 1.4559049606323244 3.7784500122070317 1.5000000000000002 1.5000000000000002 1.1291350126266482 1.5000000000000002 2.5000000000000004 1.5000000000000002 -0.91236498951911915 1.9215899705886843 3.031194925308228 -0.32310499250888819 3.4116849899291997 1.9440699815750124 4.2789301872253427 0.70775499939918529 -0.59735000133514393 2.7504100799560551 0.61858499050140392 0.803624987602234 3.1942899227142338 0.92727002501487743 -0.66707000136375416 1.2501950263977053 -0.3509449958801269 -0.2492600008845329 0.27372500300407415 3.0623250007629399
decision_type=2 2 2 2 2 2 2 2 2 2 2 2 2 2 2 2 2 2 2 2 2 2 2 2 2 2 2 2 2 2
left_child=1 7 8 5 -5 27 10 -1 26 -2 11 -7 -13 14 -12 -15 17 18 -6 20 -17 -21 -23 -10 -25 -9 -3 -4 29 -29
right_child=9 2 3 4 16 6 -8 25 23 -11 13 12 -14 15 -16 19 -18 -19 -20 21 -22 22 -24 24 -26 -27 -28 28 -30 -31
leaf_value=0.00062649909163348767 0.00083833524779163883 0.0010708368044320719 -0.00045689579986520583 0.00017277028207325829 0.0039092818360200827 0.0025079538058775004 0.00082727960163340639 0.00045147068138050951 0.0041554146016358328 0.0024713100318148112 -0.0017226383763799594 -0.0011890661507206741 0.0024261722404409903 -0.0016306673099622112 0.0009962677226393738 0.00022941574022948281 0.0030309290385727044 0.0027876232156544695 6.376351979072288e-05 -0.0011769228968073055 -0.0017230624683085987 -0.00098255205743413973 0.0015030655931657427 0.0043743781203435519 0.00079530528775512176 0.0025858544889521872 0.00022423579952122197 0.00047390475814013794 -0.00029766363216062841 -0.00071400813110057487
leaf_weight=42067 30700 27389 134141 52038 1262 3120 11286 3088 2927 11377 39496 8181 2457 17819 3209 38383 6529 3872 7687 42387 12005 4237 4080 1658 4887 13420 35038 77365 151120 25953
leaf_count=42067 30700 27389 134141 52038 1262 3120 11286 3088 2927 11377 39496 8181 2457 17819 3209 38383 6529 3872 7687 42387 12005 4237 4080 1658 4887 13420 35038 77365 151120 25953
internal_value=-8.11531e-06 -7.78546e-05 -0.000171117 -0.000283688 0.000630315 -0.000397117 -0.000751628 0.00106618 0.000841294 0.00127987 -0.000853236 0.000294968 -0.000354075 -0.00095098 -0.00151833 -0.000747226 0.00186079 0.0012649 0.000606064 -0.000591506 -0.000235764 -0.00094503 0.000236796 0.00246012 0.00170197 0.00218659 0.000595671 -0.000226822 -0.000105526 0.000175507
internal_weight=819178 777101 718526 646627 71388 575239 186660 58575 71899 42077 175374 13758 10638 161616 42705 118911 19350 12821 8949 101092 50388 50704 8317 9472 6545 16508 62427 388579 254438 103318
internal_count=819178 777101 718526 646627 71388 575239 186660 58575 71899 42077 175374 13758 10638 161616 42705 118911 19350 12821 8949 101092 50388 50704 8317 9472 6545 16508 62427 388579 254438 103318
is_linear=0
shrinkage=0.08


Tree=30
num_leaves=31
num_cat=0
split_feature=1 1 2 2 3 3 1 2 2 3 3 1 1 1 3 2 3 2 2 2 3 3 1 1 1 2 1 2 3 1
split_gain=9.68914 11.1672 4.41135 3.63586 2.57929 2.30777 2.27907 2.25548 2.09236 1.81781 1.76808 1.63865 1.58466 1.32046 1.23861 1.2313 1.11582 1.17354 1.09116 0.877802 1.08674 0.873698 3.06314 1.80757 0.913942 0.841184 0.745182 0.736426 0.724007 1.09008
threshold=1.3788350224494936 -0.94593498110771168 2.5000000000000004 2.5000000000000004 1.0000000180025095e-35 1.5000000000000002 0.97230499982833873 1.0000000180025095e-35 2.5000000000000004 1.0000000180025095e-35 1.0000000180025095e-35 -1.4943799972534177 1.8437100052833559 -1.6286799907684324 1.0000000180025095e-35 1.5000000000000002 1.5000000000000002 1.0000000180025095e-35 2.5000000000000004 1.0000000180025095e-35 1.5000000000000002 1.0000000180025095e-35 -0.52108499407768238 0.58621501922607433 -0.79456001520156849 1.5000000000000002 -1.8266999721527097 1.0000000180025095e-35 1.5000000000000002 1.7778800129890444
decision_type=2 2 2 2 2 2 2 2 2 2 2 2 2 2 2 2 2 2 2 2 2 2 2 2 2 2 2 2 2 2
left_child=1 2 5 12 -5 7 8 26 21 -10 -4 -12 16 15 25 -7 17 -2 -16 20 -14 24 -23 -24 -3 -8 -1 -26 -6 -30
right_child=3 6 10 4 28 13 14 -9 9 -11 11 -13 19 -15 18 -17 -18 -19 -20 -21 -22 22 23 -25 27 -27 -28 -29 29 -31
leaf_value=0.0011342620187954271 0.00022281218971960477 0.00033576018534005997 0.00027392796686699628 -0.00016522031325738235 0.0025806745996184832 7.543646353110807e-05 0.0004288023612615028 0.0011931200722889895 0.00013410957712791738 -0.00082845626390752407 0.0042766550294348954 0.001954460855115147 0.0012861991164092429 -0.00055896688412175133 -0.00030312924340639618 0.0024660918332455001 -0.00044581769884871901 0.0013280179638142031 0.00087909672726405833 0.0020248333127738422 -0.00098390799008941715 -0.00066323299820015104 0.00017792253453626235 -0.00041753830934920094 -0.00020933263634362729 0.0015286307504844205 0.00016400462260278276 -0.00048819201332901376 0.0034173811452248215 0.0067305137264491314
leaf_weight=5954 13855 14247 2599 1354 1834 4791 25741 34319 15763 61727 2744 6677 7644 17158 26963 1936 6757 11055 6133 8105 1639 46581 160250 40967 148800 5381 33969 102263 1729 1005
leaf_count=5954 13855 14247 2599 1354 1834 4791 25741 34319 15763 61727 2744 6677 7644 17158 26963 1936 6757 11055 6133 8105 1639 46581 160250 40967 148800 5381 33969 102263 1729 1005
internal_value=3.12535e-06 -7.05991e-05 0.000674673 0.00102895 0.0029014 0.00049748 -0.000195962 0.000717534 -0.000245176 -0.000632651 0.00212122 0.00263083 0.0008029 -0.000186518 0.000256651 0.000763456 0.000465971 0.0007133 -8.40517e-05 0.00141651 0.000885391 -0.000186659 -7.86417e-05 5.6689e-05 -0.000287547 0.000618963 0.000308706 -0.000322918 0.00381037 0.00463527
internal_weight=819940 764963 110147 54977 5922 98127 654816 74242 590598 77490 12020 9421 49055 23885 64218 6727 31667 24910 33096 17388 9283 513108 247798 201217 265310 31122 39923 251063 4568 2734
internal_count=819940 764963 110147 54977 5922 98127 654816 74242 590598 77490 12020 9421 49055 23885 64218 6727 31667 24910 33096 17388 9283 513108 247798 201217 265310 31122 39923 251063 4568 2734
is_linear=0
shrinkage=0.08


Tree=31
num_leaves=31
num_cat=0
split_feature=1 0 1 0 3 0 1 1 1 3 1 0 0 3 1 1 0 1 0 1 0 3 0 0 0 1 0 0 0 1
split_gain=8.79479 9.71923 12.4064 9.62881 7.66416 5.68972 5.94027 7.37132 3.26941 7.05218 10.1624 6.33089 7.18988 3.927 5.47937 3.34807 4.02087 3.15832 3.06846 2.82712 3.12598 2.04404 2.04781 1.92084 2.13262 1.81153 1.89206 1.73532 1.80697 1.71703
threshold=1.4359099864959719 1.528375029563904 -1.358114957809448 3.5499849319458012 1.5000000000000002 4.2789301872253427 -0.72843000292778004 0.84239500761032116 -0.25813500583171839 1.5000000000000002 0.73063498735427868 3.217230081558228 1.7862750291824343 1.5000000000000002 -0.86674499511718739 -0.58638501167297352 3.0726850032806401 1.0908250212669375 1.9560250043869021 0.28307500481605535 2.9309849739074711 1.0000000180025095e-35 1.823825001716614 4.8342800140380868 2.9214450120925908 -0.3509449958801269 1.0168750286102297 1.8852050304412844 3.031194925308228 -1.1080900430679319
decision_type=2 2 2 2 2 2 2 2 2 2 2 2 2 2 2 2 2 2 2 2 2 2 2 2 2 2 2 2 2 2
left_child=1 25 -3 8 -5 6 -6 -8 13 17 11 12 -11 14 27 16 -15 19 -17 20 21 -10 -23 24 -2 29 -27 -4 -29 -1
right_child=23 2 3 4 5 -7 7 -9 9 10 -12 -13 -14 15 -16 18 -18 -19 -20 -21 -22 22 -24 -25 -26 26 -28 28 -30 -31
leaf_value=0.00041546740879578453 0.00054665582365819065 0.0012633184200710381 0.0013502861056926174 0.00092079826176041978 0.0022261166809256073 0.00097209188900320321 -0.0023973737944234237 0.0012687936447300326 -0.00031008746641608887 -0.0018957846573249752 -0.0011512134832859697 -0.00098232934660661569 0.0017004756683051626 -0.0024001152048808557 -0.0007907093797377611 -0.0029257626455076865 0.00012549476853329438 0.00037871982265616939 -3.8370072300303521e-05 -0.00079531848335433479 -0.00094520324461689665 -0.0010459911602665177 0.0007550270277118618 -0.0014126466325171891 0.0016325268788087586 0.0010595322102306881 -3.9072366267842188e-05 -0.00023382038253594618 0.0012642507776956982 0.0013667081109204899
leaf_weight=19926 21425 35689 8042 69360 2858 11218 17305 4403 53054 3897 18935 8599 40894 21064 102262 2795 4990 26697 14981 129065 30629 4724 27925 1977 25179 14615 32002 27792 6326 31098
leaf_count=19926 21425 35689 8042 69360 2858 11218 17305 4403 53054 3897 18935 8599 40894 21064 102262 2795 4990 26697 14981 129065 30629 4724 27925 1977 25179 14615 32002 27792 6326 31098
internal_value=-1.42894e-05 -8.00603e-05 -0.0001882 -0.00026942 0.000430207 -0.000520704 -0.00120239 -0.00165377 -0.000407519 -0.000260991 0.000441149 0.00100589 0.00138759 -0.000675602 -0.000474313 -0.00133886 -0.0019164 -0.000447626 -0.000492368 -0.000537525 -0.000251514 -3.59979e-06 0.000494437 0.00102972 0.00113333 0.000665859 0.000305354 0.000293129 4.3945e-05 0.000995228
internal_weight=819726 771145 673504 637815 105144 35784 24566 21708 532671 344419 72325 53390 44791 188252 144422 43830 26054 272094 17776 245397 116332 85703 32649 48581 46604 97641 46617 42160 34118 51024
internal_count=819726 771145 673504 637815 105144 35784 24566 21708 532671 344419 72325 53390 44791 188252 144422 43830 26054 272094 17776 245397 116332 85703 32649 48581 46604 97641 46617 42160 34118 51024
is_linear=0
shrinkage=0.08


Tree=32
num_leaves=31
num_cat=0
split_feature=1 1 2 1 3 2 2 2 3 1 2 3 1 1 2 3 3 2 1 3 3 3 2 3 2 1 2 1 3 2
split_gain=7.59627 7.82735 3.61292 3.05539 2.30622 2.1954 1.85544 1.68457 1.67682 1.62346 2.03673 1.40202 1.48252 1.11555 1.0561 2.64963 1.03372 1.07826 1.02904 0.944127 0.902296 0.8104 0.760742 0.706919 0.656246 0.585882 0.585042 0.508817 1.92097 0.812017
threshold=1.6224150061607363 -1.2207499742507932 2.5000000000000004 0.97230499982833873 1.5000000000000002 1.0000000180025095e-35 2.5000000000000004 1.0000000180025095e-35 1.0000000180025095e-35 -0.86674499511718739 1.5000000000000002 1.0000000180025095e-35 -0.54321500658988942 -1.748679995536804 2.5000000000000004 1.5000000000000002 1.5000000000000002 2.5000000000000004 0.69628500938415538 1.5000000000000002 1.0000000180025095e-35 1.5000000000000002 1.0000000180025095e-35 1.0000000180025095e-35 1.5000000000000002 -1.0514999628067014 1.0000000180025095e-35 -0.14952500164508817 1.5000000000000002 2.5000000000000004
decision_type=2 2 2 2 2 2 2 2 2 2 2 2 2 2 2 2 2 2 2 2 2 2 2 2 2 2 2 2 2 2
left_child=1 2 7 9 23 21 8 20 22 16 11 26 -13 -9 -7 -16 24 -18 -14 -15 -1 -2 -5 -4 -3 -19 -11 28 -12 -30
right_child=5 3 4 6 -6 14 -8 13 -10 10 27 12 18 19 15 -17 17 25 -20 -21 -22 -23 -24 -25 -26 -27 -28 -29 29 -31
leaf_value=0.00052249219427248346 0.00075331222852324635 0.00021720026028011459 -0.0001689483817516262 0.00026424760892831967 0.0041482811564139566 0.0015115877107635825 0.0013235097491189709 0.0017345059020363021 -0.00021244748781349941 -0.00017190026111129055 -0.00028222219562779705 -0.00051641685068603172 0.00023585211019454269 0.0010514428857533265 0.0010274769657613971 0.0055649707688849937 -0.00072855649223816125 0.0021168059183868104 -0.00039479872961425971 -9.2558829247652564e-05 -0.00039612084818720815 -0.00084031818386443968 0.0009859285181049299 0.0021006958955352281 0.00092038983701605876 4.64842843761654e-06 -0.00044999867490149885 -0.00034904256749319234 -0.00072849059304989406 -0.0015987784446957511
leaf_weight=16339 12607 35084 1482 24515 3090 13764 10297 9173 36439 152996 41935 25279 120658 14095 1802 1517 11968 1427 19193 6866 11775 2437 15110 2156 11207 2045 70826 115600 14424 13087
leaf_count=16339 12607 35084 1482 24515 3090 13764 10297 9173 36439 152996 41935 25279 120658 14095 1802 1517 11968 1427 19193 6866 11775 2437 15110 2156 11207 2045 70826 115600 14424 13087
internal_value=-5.90856e-06 -5.51269e-05 0.000785902 -0.000130805 0.00254116 0.00119987 0.000315677 0.00058316 0.000179244 -0.000191458 -0.000233383 -0.00012944 4.73904e-05 0.000998712 0.00182047 0.00310141 0.000198375 -0.00036847 0.000149302 0.000676713 0.000137749 0.000495158 0.000539443 0.00117612 0.000387442 0.00087275 -0.000259901 -0.000451862 -0.000623016 -0.00114249
internal_weight=819193 787066 64976 722090 6728 32127 86361 58248 76064 635729 573998 388952 165130 30134 17083 3319 61731 15440 139851 20961 28114 15044 39625 3638 46291 3472 223822 185046 69446 27511
internal_count=819193 787066 64976 722090 6728 32127 86361 58248 76064 635729 573998 388952 165130 30134 17083 3319 61731 15440 139851 20961 28114 15044 39625 3638 46291 3472 223822 185046 69446 27511
is_linear=0
shrinkage=0.08


Tree=33
num_leaves=31
num_cat=0
split_feature=0 0 3 2 0 2 2 2 3 0 3 0 3 2 3 3 0 0 0 2 2 3 0 2 0 2 3 0 2 3
split_gain=6.05063 8.16792 4.26585 4.07843 4.78791 4.02823 2.87737 2.11383 2.32515 1.83157 1.65246 1.556 1.53057 1.27679 2.59736 1.21342 1.15605 1.1382 1.12665 1.00237 0.96728 0.89491 0.745039 0.621508 0.617054 0.616943 0.534552 0.524549 0.487673 0.482643
threshold=1.5637750029563906 3.5167798995971684 1.5000000000000002 2.5000000000000004 4.2329599857330331 1.5000000000000002 1.5000000000000002 2.5000000000000004 1.5000000000000002 1.2779699563980105 1.0000000180025095e-35 2.1062049865722661 1.0000000180025095e-35 2.5000000000000004 1.0000000180025095e-35 1.0000000180025095e-35 3.2908449172973637 3.8472249507904057 4.3302948474884042 1.0000000180025095e-35 1.0000000180025095e-35 1.5000000000000002 2.3471150398254399 1.0000000180025095e-35 3.3287749290466313 1.0000000180025095e-35 1.5000000000000002 4.2329599857330331 1.0000000180025095e-35 1.5000000000000002
decision_type=2 2 2 2 2 2 2 2 2 2 2 2 2 2 2 2 2 2 2 2 2 2 2 2 2 2 2 2 2 2
left_child=5 7 6 18 17 10 12 8 20 13 23 -10 28 26 -15 24 -13 -5 -4 -20 -2 -16 -17 -1 -9 -14 -7 -27 -3 -12
right_child=1 2 3 4 -6 9 -8 15 11 -11 29 16 25 14 21 22 -18 -19 19 -21 -22 -23 -24 -25 -26 27 -28 -29 -30 -31
leaf_value=0.00033661974266480712 -0.00010319072471814718 0.00068912188374759085 -0.00075933290637919483 -0.00045320555852304003 0.0055499819275242335 0.0016389536301931462 0.0016744430658810073 -9.7565165632489879e-05 -0.0004298016105681491 0.00061401563280657438 -3.2436652654960504e-05 0.00050983268946535969 -0.00032641462054661282 -0.00024812256364974974 0.0022214137754434679 -0.0011090096081785856 -0.00038143228791730698 0.0019504864145344022 -0.00066796547689652473 0.00086964269381552576 -0.00034816820220912959 0.0041681993200108894 -0.00053117255986561611 0.00097477688031382889 0.0018900528064260374 0.00018553938514812856 0.00046590723663548133 0.0015380658340852099 0.001287596612878048 -0.00077094968352085205
leaf_weight=30157 215964 31054 25836 3164 1561 7972 19963 14435 18899 14345 19974 64788 12646 1627 2621 23197 10878 2096 4776 6283 197473 3569 37153 14446 1074 7516 3613 2428 12113 7905
leaf_count=30157 215964 31054 25836 3164 1561 7972 19963 14435 18899 14345 19974 64788 12646 1627 2621 23197 10878 2096 4776 6283 197473 3569 37153 14446 1074 7516 3613 2428 12113 7905
internal_value=1.41812e-05 -6.97059e-05 0.000505254 -0.000137857 0.00165926 0.000577459 0.000833232 -0.000197169 -0.000138347 0.00129944 0.000241313 0.000219521 0.000577851 0.00180621 0.00259626 -0.000591081 0.000381701 0.000504615 -0.000470101 0.000205603 -0.000220201 0.00334388 -0.000753278 0.000543306 4.00776e-05 4.4316e-05 0.00127312 0.000515782 0.000857059 -0.00024184
internal_weight=819526 713297 129436 43716 6821 106229 85720 583861 508002 33747 72482 94565 65757 19402 7817 75859 75666 5260 36895 11059 413437 6190 60350 44603 15509 22590 11585 9944 43167 27879
internal_count=819526 713297 129436 43716 6821 106229 85720 583861 508002 33747 72482 94565 65757 19402 7817 75859 75666 5260 36895 11059 413437 6190 60350 44603 15509 22590 11585 9944 43167 27879
is_linear=0
shrinkage=0.08


Tree=34
num_leaves=31
num_cat=0
split_feature=1 1 2 1 2 3 1 2 2 3 3 2 3 1 1 3 3 2 3 2 3 2 1 1 1 2 1 3 3 2
split_gain=6.69746 6.87676 2.65107 2.18367 2.14318 2.09079 1.74729 1.83215 1.34245 1.3143 1.12815 1.08886 1.06104 1.94927 1.25466 0.980735 0.948511 0.945671 1.53621 0.766028 0.750731 1.43075 0.76522 0.742658 0.774295 0.639664 0.555994 0.55116 0.526805 0.522719
threshold=1.5398749709129336 -1.2978749871253965 1.5000000000000002 0.97230499982833873 2.5000000000000004 1.5000000000000002 -0.86674499511718739 2.5000000000000004 2.5000000000000004 1.0000000180025095e-35 1.0000000180025095e-35 1.0000000180025095e-35 1.0000000180025095e-35 -0.58638501167297352 0.58621501922607433 1.5000000000000002 1.5000000000000002 2.5000000000000004 1.5000000000000002 1.0000000180025095e-35 1.0000000180025095e-35 2.5000000000000004 -1.748679995536804 -0.12342000007629393 0.24607999622821811 1.0000000180025095e-35 0.803624987602234 1.5000000000000002 1.5000000000000002 1.0000000180025095e-35
decision_type=2 2 2 2 2 2 2 2 2 2 2 2 2 2 2 2 2 2 2 2 2 2 2 2 2 2 2 2 2 2
left_child=1 2 15 6 11 -6 17 12 10 26 25 16 -8 -14 23 19 -2 18 29 -1 -4 22 -22 -15 28 -5 -9 -23 -25 -3
right_child=4 3 20 8 5 -7 7 9 -10 -11 -12 -13 13 14 -16 -17 -18 -19 -20 -21 21 27 -24 24 -26 -27 -28 -29 -30 -31
leaf_value=0.00038282307151641786 0.00064644756382011893 6.4378033611694048e-05 0.00073125146327128953 0.00019715448225911923 0.0010745792241580523 0.0047418435156321307 -0.00027059145903434394 -5.2143905409178341e-05 0.0011614632583676597 -0.00074882639484046421 -0.00017854677214007697 0.0012901793354881627 -0.00062942883096281409 -6.315636675081047e-05 -0.00034703550608482784 -0.00027219474559605816 -0.00093164412982784978 0.0010043508405827163 -0.00063979505924452603 0.0012155813160452519 0.0024587426771760942 0.002086432524505796 0.00071861099772666166 0.00028276994334921324 4.0273351129259219e-05 0.00088365315976521395 0.0018296446027822198 0.0038969458448765183 0.00078340596270222689 0.00058841533640719443
leaf_weight=20120 15259 25840 3878 22511 2142 1858 257878 14268 9633 60265 33832 16641 30962 65651 40865 9023 2901 8388 13971 10899 2467 1838 4696 33952 46652 14145 1081 2596 22279 23048
leaf_count=20120 15259 25840 3878 22511 2142 1858 257878 14268 9633 60265 33832 16641 30962 65651 40865 9023 2901 8388 13971 10899 2467 1838 4696 33952 46652 14145 1081 2596 22279 23048
internal_value=-1.57987e-06 -5.25633e-05 0.000805563 -0.000118254 0.00102429 0.00277802 -0.000167177 -0.000213569 0.000275648 -0.000580503 0.000154591 0.000822715 -0.000157882 -3.69582e-05 5.06452e-05 0.00046189 0.000394353 0.000206482 0.000100013 0.000675425 0.00169483 0.00201704 0.00131793 0.000147072 0.000281222 0.000462064 8.03868e-05 0.00314644 0.000481124 0.000311433
internal_weight=819539 780738 55517 725221 38801 4000 645100 573853 80121 75614 70488 34801 498239 240361 209399 40042 18160 71247 62859 31019 15475 11597 7163 168534 102883 36656 15349 4434 56231 48888
internal_count=819539 780738 55517 725221 38801 4000 645100 573853 80121 75614 70488 34801 498239 240361 209399 40042 18160 71247 62859 31019 15475 11597 7163 168534 102883 36656 15349 4434 56231 48888
is_linear=0
shrinkage=0.08


Tree=35
num_leaves=31
num_cat=0
split_feature=0 0 2 3 2 2 0 3 0 2 2 3 0 0 0 3 3 0 3 0 0 3 3 0 3 2 3 0 2 3
split_gain=5.43738 7.06851 3.57094 4.985 3.19791 2.12125 1.5538 1.53173 1.27325 1.28218 1.17391 1.15346 1.11111 1.10672 0.891887 1.48625 1.25887 0.876292 1.06477 1.20357 1.0572 0.709574 0.692982 0.690349 0.564441 1.17571 0.576756 0.559833 0.533146 0.498896
threshold=3.5167798995971684 1.5796549916267397 2.5000000000000004 1.0000000180025095e-35 1.5000000000000002 1.5000000000000002 0.92727002501487743 1.0000000180025095e-35 4.1130049228668222 1.0000000180025095e-35 1.5000000000000002 1.5000000000000002 3.3287749290466313 3.2546050548553471 3.8010050058364873 1.0000000180025095e-35 1.5000000000000002 2.1981151103973393 1.5000000000000002 1.6741399765014651 1.9560250043869021 1.5000000000000002 1.5000000000000002 4.523980140686036 1.0000000180025095e-35 2.5000000000000004 1.5000000000000002 4.6075801849365243 1.0000000180025095e-35 1.5000000000000002
decision_type=2 2 2 2 2 2 2 2 2 2 2 2 2 2 2 2 2 2 2 2 2 2 2 2 2 2 2 2 2 2
left_child=1 4 3 10 11 7 24 12 21 -10 -2 28 -3 -9 16 -16 -4 18 19 -7 -20 -5 -11 -17 -6 -26 -27 -24 -1 -19
right_child=2 5 14 8 6 17 -8 13 9 22 -12 -13 -14 -15 15 23 -18 29 20 -21 -22 -23 27 -25 25 26 -28 -29 -30 -31
leaf_value=0.00013533435548155018 0.00078942581253874729 -0.00028479663760581784 0.002095221559201737 -6.2587319541872226e-05 0.0010172698489562945 0.00087791387477748398 0.00081163278322118784 0.00015826811187528533 -0.00034874266776395375 0.0015376992505667872 0.0019888221537787431 -0.00069921099214925167 0.00041179672745077163 -0.00048053304520031767 0.00010632055072336251 0.0023734915925560924 -0.00028825629694353673 -0.00044482431874052759 -0.0017027621199519121 -0.00060349191838997849 -0.00053637743475880252 -0.00072918158325965875 -0.00010049193755069833 0.0044631549597863316 0.0014649305495718831 0.0023177916116784267 0.0046149095644030446 0.0011653998135406926 0.00060490893095923356 -0.00012721019782259966
leaf_weight=42068 43245 212899 2878 19904 2514 3982 25862 146247 10720 5260 5940 8169 15738 19695 1671 5120 2796 80413 10787 29610 9228 21006 5756 1261 3584 1216 1647 3656 24479 52196
leaf_count=42068 43245 212899 2878 19904 2514 3982 25862 146247 10720 5260 5940 8169 15738 19695 1671 5120 2796 80413 10787 29610 9228 21006 5756 1261 3584 1216 1647 3656 24479 52196
internal_value=-7.27298e-06 -9.6423e-05 0.00046902 0.000324032 0.000493033 -0.000207595 0.00112619 -0.000102565 -0.000128667 0.000316322 0.000934275 0.000197936 -0.000236847 8.24513e-05 0.00168892 0.00223025 0.000920706 -0.000430148 -0.000703097 -0.000427886 -0.001165 -0.000404863 0.000802247 0.00278645 0.00203403 0.00243051 0.00363926 0.000391231 0.000308065 -0.000319809
internal_weight=819547 690334 129213 115487 109539 580795 34823 394579 66302 25392 49185 74716 228637 165942 13726 8052 5674 186216 53607 33592 20015 40910 14672 6381 8961 6447 2863 9412 66547 132609
internal_count=819547 690334 129213 115487 109539 580795 34823 394579 66302 25392 49185 74716 228637 165942 13726 8052 5674 186216 53607 33592 20015 40910 14672 6381 8961 6447 2863 9412 66547 132609
is_linear=0
shrinkage=0.08


Tree=36
num_leaves=31
num_cat=0
split_feature=0 0 2 3 2 0 2 0 2 3 0 0 3 2 3 3 0 3 0 0 2 3 2 2 0 0 3 0 0 0
split_gain=4.66163 5.41858 3.25229 3.07795 2.8281 4.57459 1.95343 1.13272 1.55718 2.06703 1.25074 1.10078 0.930866 0.874223 2.20123 0.804047 0.747094 0.736122 0.715519 0.759744 0.699834 0.681827 0.628747 0.529452 0.514545 0.51395 0.49961 1.60055 1.1772 0.568358
threshold=1.2228899598121645 3.5499849319458012 1.5000000000000002 1.5000000000000002 2.5000000000000004 4.189889907836915 1.0000000180025095e-35 1.658895015716553 1.5000000000000002 1.5000000000000002 2.3289599418640141 3.7784500122070317 1.0000000180025095e-35 2.5000000000000004 1.5000000000000002 1.5000000000000002 4.3302948474884042 1.0000000180025095e-35 3.4116849899291997 2.291815042495728 1.0000000180025095e-35 1.0000000180025095e-35 1.5000000000000002 1.5000000000000002 3.7575850486755376 3.0623250007629399 1.5000000000000002 3.355854988098145 2.5706551074981694 2.5435550212860112
decision_type=2 2 2 2 2 2 2 2 2 2 2 2 2 2 2 2 2 2 2 2 2 2 2 2 2 2 2 2 2 2
left_child=2 7 17 6 16 11 12 15 9 -9 -10 -6 -3 -4 21 22 -5 -1 19 -11 -18 -15 -2 24 -8 -21 27 -12 29 -28
right_child=1 3 13 4 5 -7 23 8 10 18 26 -13 -14 14 -16 -17 20 -19 -20 25 -22 -23 -24 -25 -26 -27 28 -29 -30 -31
leaf_value=0.00057820003730481967 0.00013899355237225616 0.00058730144301617684 0.0011588253967721443 -0.00064490621794439278 -0.001132914105318393 0.0049720169041520242 0.0002755625654918289 -0.00016229066936274863 -0.00065786076951698986 -5.1100980865317383e-05 -0.0004771708221003674 0.0013283589141076552 -0.0002483635715016021 -0.0003323455033169162 0.0038953985912552965 -0.00039502479812523079 -0.00058755962945686801 -0.00015252183699274814 -0.00063236931314874861 0.00082510316293216081 0.00070132176940926262 0.0018659304289489376 0.00074780296268374988 0.0014393478149211192 0.0011279571865142537 0.00019188342586237841 0.00050198265395654017 0.00075419362503487911 -0.00023177243848242318 0.0022754562251735126
leaf_weight=23066 43083 29481 10356 24293 2258 1711 6692 331090 62852 14600 65103 2398 12005 1451 3123 13428 4715 14289 4309 26271 6297 2391 14514 18768 14044 11928 9491 7538 36725 1317
leaf_count=23066 43083 29481 10356 24293 2258 1711 6692 331090 62852 14600 65103 2398 12005 1451 3123 13428 4715 14289 4309 26271 6297 2391 14514 18768 14044 11928 9491 7538 36725 1317
internal_value=5.20715e-06 -4.58027e-05 0.000718829 0.000441416 -0.000117259 0.00143465 0.000728873 -0.000138856 -0.000176319 -8.56231e-05 -0.000368684 0.000134726 0.000345481 0.00162493 0.00231795 0.000162442 -0.000397134 0.000298685 0.000358866 0.000439762 0.000149462 0.00103571 0.000292409 0.0011315 0.000852869 0.000627374 -0.000217442 -0.000349391 -1.57943e-05 0.000718088
internal_weight=819587 764911 54676 122662 41672 6367 80990 642249 571224 388198 183026 4656 41486 17321 6965 71025 35305 37355 57108 52799 11012 3842 57597 39504 20736 38199 120174 72641 47533 10808
internal_count=819587 764911 54676 122662 41672 6367 80990 642249 571224 388198 183026 4656 41486 17321 6965 71025 35305 37355 57108 52799 11012 3842 57597 39504 20736 38199 120174 72641 47533 10808
is_linear=0
shrinkage=0.08


Tree=37
num_leaves=31
num_cat=0
split_feature=1 1 0 0 1 3 1 0 0 0 1 0 1 1 3 0 0 0 3 1 0 1 1 3 0 0 0 3 1 0
split_gain=4.93459 5.28745 6.71128 5.0321 3.23217 5.05626 6.57486 4.82586 1.93 1.88909 1.86916 3.69052 3.19028 3.1431 5.92085 5.57385 4.50831 2.63122 1.79549 4.00418 4.12637 2.94413 1.77042 2.61366 1.6191 1.64963 1.2942 1.13485 1.1566 1.35192
threshold=1.6224150061607363 -1.3896800279617307 1.2228899598121645 3.5499849319458012 0.71913000941276561 1.5000000000000002 -0.60804000496864308 4.3863151073455819 4.7154748439788827 1.3947499990463259 -0.14055000245571134 1.6437050104141238 -0.64330500364303578 0.30093999207019811 1.5000000000000002 1.7862750291824343 3.1833050251007085 3.2054899930953984 1.5000000000000002 -0.52108499407768238 3.0519549846649174 -0.92924499511718739 1.1477900147438052 1.5000000000000002 1.9440699815750124 3.3034549951553349 1.7461850047111513 1.0000000180025095e-35 -0.50982502102851857 4.1130049228668222
decision_type=2 2 2 2 2 2 2 2 2 2 2 2 2 2 2 2 2 2 2 2 2 2 2 2 2 2 2 2 2 2
left_child=1 9 -3 10 5 27 -7 -8 -2 -1 11 12 -4 14 17 -16 -17 26 21 20 -20 -13 -15 -24 -21 -26 -12 -5 -29 -30
right_child=8 2 3 4 -6 6 7 -9 -10 -11 13 18 -14 22 15 16 -18 -19 19 24 -22 -23 23 -25 25 -27 -28 28 29 -31
leaf_value=-0.0001527083759435675 0.0011179583097181889 0.00084439681319754812 0.0011986171952084359 0.00085078125179582345 0.0010143124659653621 0.0017495236982169539 -0.0021194921762510148 0.00064425339273325955 -0.0015611757311430514 0.0010799606550885418 -0.00065090871029122813 0.00025282283560361911 -0.00041447135188637602 -0.00042162157694688399 -0.0017828732133493758 0.0021935978303807787 -0.00058705743028947277 -0.0011925217858946707 -0.0020614834055544904 -0.0020282547502352482 0.00026877346564639355 -0.00058149787710650629 0.00050781451963766459 -0.0010875880585815938 0.00044118884850946291 -0.001882608495017303 0.00018690288979945964 0.001295764789029369 -0.00073938070274830777 0.00084512729762351415
leaf_weight=10288 30719 46257 15772 29994 32645 5141 16277 5380 1823 35115 13971 34352 15616 174237 3440 19442 4618 12262 22720 2465 6188 127676 31179 8327 15962 2228 75945 3949 10810 5059
leaf_count=10288 30719 46257 15772 29994 32645 5141 16277 5380 1823 35115 13971 34352 15616 174237 3440 19442 4618 12262 22720 2465 6188 127676 31179 8327 15962 2228 75945 3949 10810 5059
internal_value=2.493e-06 -3.7409e-05 -8.86957e-05 -0.000150741 0.000347735 6.36929e-05 -0.000822397 -0.00143293 0.000967873 0.000800647 -0.000243614 -0.000413417 0.000396081 -0.000123474 0.000187245 0.00122923 0.00165989 -9.31923e-05 -0.000533501 -0.000954857 -0.00156267 -0.000404611 -0.000311988 0.000171539 -0.00010418 0.000156559 5.67251e-05 0.000540394 7.06312e-05 -0.000234243
internal_weight=819857 787315 741912 695655 109255 76610 26798 21657 32542 45403 586400 242979 31388 343421 129678 27500 24060 102178 211591 49563 28908 162028 213743 39506 20655 18190 89916 49812 19818 15869
internal_count=819857 787315 741912 695655 109255 76610 26798 21657 32542 45403 586400 242979 31388 343421 129678 27500 24060 102178 211591 49563 28908 162028 213743 39506 20655 18190 89916 49812 19818 15869
is_linear=0
shrinkage=0.08


Tree=38
num_leaves=31
num_cat=0
split_feature=1 1 0 0 2 2 2 1 1 0 2 0 0 2 1 1 0 0 0 2 1 1 0 0 0 1 1 0 0 1
split_gain=4.13331 4.24458 5.2131 3.99273 3.82967 3.27141 2.61058 3.03716 3.1927 2.07188 1.91394 2.23218 1.9083 1.59585 1.49426 3.3861 1.42617 1.37721 1.37616 1.22206 1.13587 2.04087 2.62068 1.59085 1.06046 2.94797 1.0514 1.02353 1.51961 0.895084
threshold=1.6690800189971926 -1.4231849908828733 1.2501950263977053 3.6753000020980839 2.5000000000000004 1.5000000000000002 1.5000000000000002 1.1477900147438052 -1.0697450041770933 2.0860500335693364 1.5000000000000002 1.3727650046348574 4.4493649005889901 1.5000000000000002 0.53323501348495495 -0.32310499250888819 4.3863151073455819 2.9214450120925908 2.9606549739837651 2.5000000000000004 -0.24051500111818311 0.24607999622821811 3.1942899227142338 1.7461850047111513 1.5956749916076662 -0.63126501441001881 0.38572500646114355 1.7461850047111513 3.0519549846649174 -0.52108499407768238
decision_type=2 2 2 2 2 2 2 2 2 2 2 2 2 2 2 2 2 2 2 2 2 2 2 2 2 2 2 2 2 2
left_child=1 10 5 6 14 -3 20 8 9 -8 -1 -12 13 17 15 -5 -17 -2 -11 -10 -4 22 23 -22 25 -21 -27 -9 -29 -6
right_child=12 2 3 4 29 -7 7 27 19 18 11 -13 -14 -15 -16 16 -18 -19 -20 24 21 -23 -24 -25 -26 26 -28 28 -30 -31
leaf_value=0.00042292990027648271 5.2606855044772762e-05 0.00027819691855124616 -0.00025868074608650904 0.00084321820524009344 0.0041567369366097961 0.0016718466124613916 0.0021680873433344038 0.0031851505858191687 -0.00042885577751211617 -0.00078893559940921263 -0.00035664782036312317 0.0022423197696777265 -0.0010890105569080349 0.0021878895119407421 0.00061991827555544316 -0.00086999231350003235 0.00037843451992643782 0.0014078973815870627 0.0017335467959526524 0.0036516359206932654 -0.00034828619926920385 -0.0001556726622551251 -0.00063451038102185222 0.0006362159760565331 -0.00095396371547819693 -0.0014895322542905821 0.0012680719915727856 -0.00011107608743753154 0.0017733964011263927 0.0016322799716455756
leaf_weight=30759 8948 33608 150290 16553 1007 15870 4298 1008 101885 4888 2773 8913 2671 7022 31931 24141 7732 10348 1931 1230 12367 163576 15888 69750 65002 3354 1202 8019 4159 8373
leaf_count=30759 8948 33608 150290 16553 1007 15870 4298 1008 101885 4888 2773 8913 2671 7022 31931 24141 7732 10348 1931 1230 12367 163576 15888 69750 65002 3354 1202 8019 4159 8373
internal_value=1.02238e-05 -2.41818e-05 -6.83387e-05 -0.000124543 0.000373635 0.000725208 -0.000197968 -0.000437508 -0.00052165 0.000792444 0.000754051 0.0016256 0.000948438 0.00115522 0.000195079 -8.50501e-05 -0.000567139 0.000779418 -7.46207e-05 -0.000606254 -8.3409e-05 1.72925e-05 0.000305981 0.000487948 -0.000861583 0.000176261 -0.000761999 0.000735285 0.000532504 0.0019033
internal_weight=819496 790507 748062 698584 89737 49478 608847 196976 183790 11117 42445 11686 28989 26318 80357 48426 31873 19296 6819 172673 411871 261581 98005 82117 70788 5786 4556 13186 12178 9380
internal_count=819496 790507 748062 698584 89737 49478 608847 196976 183790 11117 42445 11686 28989 26318 80357 48426 31873 19296 6819 172673 411871 261581 98005 82117 70788 5786 4556 13186 12178 9380
is_linear=0
shrinkage=0.08


Tree=39
num_leaves=31
num_cat=0
split_feature=0 0 3 2 2 0 2 3 2 3 2 3 3 0 0 2 3 2 0 3 0 0 3 0 0 0 0 0 2 0
split_gain=2.78421 3.51361 2.35805 2.28057 2.00379 3.32433 1.58313 1.4414 1.22291 1.25518 1.02184 0.969103 0.873825 0.809324 0.6124 0.660158 0.53391 0.489848 0.477527 0.42592 0.417952 0.446571 0.392906 0.762537 0.417274 0.389168 0.388704 0.376884 0.376853 0.409008
threshold=1.5110000371932986 3.5167798995971684 1.5000000000000002 2.5000000000000004 2.5000000000000004 4.074855089187623 1.0000000180025095e-35 1.0000000180025095e-35 1.5000000000000002 1.5000000000000002 1.0000000180025095e-35 1.5000000000000002 1.0000000180025095e-35 1.0168750286102297 4.523980140686036 1.5000000000000002 1.0000000180025095e-35 1.0000000180025095e-35 4.3863151073455819 1.5000000000000002 3.4401249885559086 2.2737300395965581 1.0000000180025095e-35 2.855045080184937 3.2783350944519047 2.0004749298095708 0.87617999315261852 0.67178499698638927 1.5000000000000002 4.0425500869750985
decision_type=2 2 2 2 2 2 2 2 2 2 2 2 2 2 2 2 2 2 2 2 2 2 2 2 2 2 2 2 2 2
left_child=3 8 6 10 14 -6 12 -5 9 17 16 26 -3 19 -4 -16 -1 22 -7 -9 21 -11 24 25 -2 -24 -12 -13 29 -8
right_child=1 2 4 7 5 18 28 13 -10 20 11 27 -14 -15 15 -17 -18 -19 -20 -21 -22 -23 23 -25 -26 -27 -28 -29 -30 -31
leaf_value=0.0001667241393713596 -0.00013576727015435282 0.00047036706539401758 -0.00054332318408426364 -0.00021494428912362696 -0.00012618841302396689 0.0024861033135897739 0.00044865880626578986 0.0018364310700417265 -0.00029046424672963107 -8.213272582538129e-06 0.0011901825908712757 0.00094152234224179749 -0.00031863683450344737 0.001333696341864738 -7.9354549714229214e-05 0.0018775092603370628 -0.00046975960531440368 -0.0002282143360226633 0.0048172620329518809 0.0036183881583251062 -0.0007337238437670748 0.00049020932871394118 -5.0475790439385448e-05 -0.00028177346142372185 0.00031580806435466417 0.00049565413376153537 0.00057580377942615334 -0.00035394936822293375 0.0011825800711991732 0.0011674725561879229
leaf_weight=27533 145746 31219 29094 2678 4535 1141 14309 1504 190193 16256 8916 1718 12613 6228 6427 1332 12160 125627 1109 2000 2400 39362 11715 18381 14389 29079 25270 8795 19938 7843
leaf_count=27533 145746 31219 29094 2678 4535 1141 14309 1504 190193 16256 8916 1718 12613 6228 6427 1332 12160 125627 1109 2000 2400 39362 11715 18381 14389 29079 25270 8795 19938 7843
internal_value=1.31428e-05 -4.08238e-05 0.000336602 0.000416049 -0.000142305 0.00112111 0.000579829 0.00142864 -0.000123264 -4.43463e-05 0.000267145 0.00052947 0.000243325 0.00188091 -0.000374912 0.000256583 -2.82634e-05 -0.000102253 0.00363511 0.00285353 0.000299927 0.000344531 -3.00983e-05 0.00014605 -9.51908e-05 0.000338819 0.000736039 -0.000142248 0.00093026 0.000703158
internal_weight=819510 722708 129560 96802 43638 6785 85922 12410 593148 402955 84392 44699 43832 9732 36853 7759 39693 344937 2250 3504 58018 55618 219310 59175 160135 40794 34186 10513 42090 22152
internal_count=819510 722708 129560 96802 43638 6785 85922 12410 593148 402955 84392 44699 43832 9732 36853 7759 39693 344937 2250 3504 58018 55618 219310 59175 160135 40794 34186 10513 42090 22152
is_linear=0
shrinkage=0.08


Tree=40
num_leaves=31
num_cat=0
split_feature=1 1 0 0 2 2 2 1 0 2 0 0 2 1 0 0 0 0 1 1 1 0 0 1 0 2 2 2 1 0
split_gain=3.57415 3.70752 4.38441 3.14698 2.71251 2.51864 2.28999 2.12359 3.21602 2.73617 2.05204 1.91363 1.70941 1.38487 2.60834 3.42445 1.58654 3.15795 5.50932 4.14531 1.46065 3.11255 1.42321 1.41813 1.29172 1.2529 1.21289 1.05702 1.05518 1.63992
threshold=1.7778800129890444 -1.2207499742507932 1.193715035915375 4.0425500869750985 1.5000000000000002 1.5000000000000002 1.0000000180025095e-35 1.0382149815559389 3.2054899930953984 1.0000000180025095e-35 1.8852050304412844 1.2228899598121645 2.5000000000000004 -0.91236498951911915 1.798830032348633 3.2420299053192143 2.2175250053405766 2.8076500892639165 -0.60804000496864308 0.68488499522209179 0.76607000827789318 3.1942899227142338 1.4741650223731997 -0.53252500295639027 4.8342800140380868 2.5000000000000004 2.5000000000000004 1.0000000180025095e-35 -0.71593499183654774 3.2299000024795537
decision_type=2 2 2 2 2 2 2 2 2 2 2 2 2 2 2 2 2 2 2 2 2 2 2 2 2 2 2 2 2 2
left_child=1 6 5 7 -5 -3 -1 9 10 -4 -9 -8 -13 14 -11 -16 22 18 -18 -20 28 -22 23 -15 27 -10 -24 -2 29 -19
right_child=24 2 3 4 -6 -7 11 8 25 13 -12 12 -14 16 15 -17 17 20 19 -21 21 -23 26 -25 -26 -27 -28 -29 -30 -31
leaf_value=2.026560475534658e-05 0.00055813227654946489 0.00030481899329400352 4.9737020987860317e-07 0.00016115869585255334 0.0015657781813532409 0.0016491567301747023 -0.0002987577287078745 0.0010828191716177162 0.00082540134428729856 0.0017100343005431629 -0.00032742270182202461 0.00095686577593457895 0.0025090893433910612 0.0013869310792599043 -0.00067038062829319583 0.0021114593627790368 -0.0015615213952926033 -0.00087961318869277181 0.00053294131777163181 -0.0010543517744737926 -0.0011980655174864433 0.001172011559362672 -0.00063177506662791456 -0.00038719758467519003 -0.0016067633786271903 0.00264151273752456 -0.0013541997362464689 0.0016826368898071585 -0.00072131662334979881 0.0015750077102877891
leaf_weight=28239 10264 27732 230872 33969 11875 13148 6242 7833 19182 5734 42073 25048 5546 3740 17391 3383 11661 3636 70459 12380 6021 8628 65114 12592 1151 2784 19277 11174 99093 3344
leaf_count=28239 10264 27732 230872 33969 11875 13148 6242 7833 19182 5734 42073 25048 5546 3740 17391 3383 11661 3636 70459 12380 6021 8628 65114 12592 1151 2784 19277 11174 99093 3344
internal_value=1.17389e-05 -1.63866e-05 -6.78358e-05 -0.000115459 0.000524998 0.000737191 0.000562281 -0.000160966 0.000248955 -0.000212354 -0.000106078 0.000977797 0.00123825 -0.000355852 0.000199555 -0.000217364 -0.000402451 -0.000279811 6.65475e-05 0.000295726 -0.000550938 0.000197868 -0.000664503 1.90748e-05 0.00100408 0.00105558 -0.000796795 0.00114425 -0.00065435 0.000296354
internal_weight=819585 796996 731921 691041 45844 40880 65075 645197 71872 573325 49906 36836 30594 342453 26508 20774 315945 215222 94500 82839 120722 14649 100723 16332 22589 21966 84391 21438 106073 6980
internal_count=819585 796996 731921 691041 45844 40880 65075 645197 71872 573325 49906 36836 30594 342453 26508 20774 315945 215222 94500 82839 120722 14649 100723 16332 22589 21966 84391 21438 106073 6980
is_linear=0
shrinkage=0.08


Tree=41
num_leaves=31
num_cat=0
split_feature=1 1 0 0 2 1 2 2 2 0 0 0 0 1 1 0 0 1 1 0 0 1 0 2 1 0 2 0 2 1
split_gain=3.17801 3.43989 3.30681 3.22763 2.35803 2.26026 2.88641 2.17792 2.07596 1.74582 1.47781 1.4382 1.38153 2.15153 1.3092 6.67493 3.46923 5.6603 2.58565 3.01052 1.48883 1.36312 1.22159 1.18098 1.11358 1.06677 1.03901 1.65621 0.985489 1.29429
threshold=-1.6821500062942503 1.1477900147438052 1.4934149980545046 4.1522002220153817 2.5000000000000004 -1.1494199633598325 1.0000000180025095e-35 1.5000000000000002 2.5000000000000004 3.0519549846649174 4.8342800140380868 3.1833050251007085 2.1169149875640874 -0.85156500339508046 -0.50982502102851857 3.217230081558228 2.8171350955963139 0.6409749984741212 0.75447499752044689 3.2546050548553471 3.2546050548553471 -0.76716500520706166 2.096270084381104 1.5000000000000002 0.46295499801635748 1.798830032348633 1.5000000000000002 1.3947499990463259 1.5000000000000002 0.93994000554084789
decision_type=2 2 2 2 2 2 2 2 2 2 2 2 2 2 2 2 2 2 2 2 2 2 2 2 2 2 2 2 2 2
left_child=26 2 8 5 9 11 -7 -5 -2 -3 -11 22 13 25 15 -14 17 -16 20 -20 24 -17 23 -4 -18 -8 -1 -28 -15 -30
right_child=1 4 3 7 -6 6 12 -9 -10 10 -12 -13 14 28 16 21 18 -19 19 -21 -22 -23 -24 -25 -26 -27 27 -29 29 -31
leaf_value=0.00059184863822763878 0.00022612808984363562 -6.6935273888028409e-05 0.00028907723588636138 0.00024834557309410334 0.0016187705123692627 -1.7746583158749469e-05 0.0016219681146490831 0.0017840700584237314 0.0014123691253805461 0.00083760331822564985 -0.0011471556382270879 0.0015124834359607187 -0.0011838993275445791 -0.00049745569103736616 0.0004638652361533846 0.0018909790962084643 -0.00015560986215262549 -0.0010598328249132581 -0.00079078095524024187 0.0011661231274033208 -0.0010138208741786066 0.00017469940015935582 -0.00019495080390220817 0.0019771689216858583 -0.0011364642965094162 -0.00026430685271954126 -0.00029353590904518292 0.0026210450017646091 -0.0012107889322370252 0.0010870360173250956
leaf_weight=17237 72212 40666 8667 23490 9665 224477 3444 7897 10862 33721 2585 6140 38093 30636 74676 5630 34721 19725 9030 11362 46425 6249 20834 3822 9417 4333 1736 4437 35675 1641
leaf_count=17237 72212 40666 8667 23490 9665 224477 3444 7897 10862 33721 2585 6140 38093 30636 74676 5630 34721 19725 9030 11362 46425 6249 20834 3822 9417 4333 1736 4437 35675 1641
internal_value=-7.90522e-06 -3.49205e-05 -9.30329e-05 -0.000155932 0.000440953 -0.000197641 -0.000239198 0.000634735 0.00038123 0.00029306 0.000696288 0.000387381 -0.000389356 -0.000689436 -0.000300354 -0.000667581 -0.000210992 0.00014549 -0.000514289 0.000299565 -0.000697544 0.000988123 0.000180073 0.000805683 -0.000364879 0.000571019 0.000910794 0.00180139 -0.000833693 -0.00110974
internal_weight=819505 796095 709458 626384 86637 594997 555534 31387 83074 76972 36306 39463 331057 75729 255328 49972 205356 94401 110955 20392 90563 11879 33323 12489 44138 7777 23410 6173 67952 37316
internal_count=819505 796095 709458 626384 86637 594997 555534 31387 83074 76972 36306 39463 331057 75729 255328 49972 205356 94401 110955 20392 90563 11879 33323 12489 44138 7777 23410 6173 67952 37316
is_linear=0
shrinkage=0.08


Tree=42
num_leaves=31
num_cat=0
split_feature=1 1 1 2 3 1 2 3 2 2 3 2 1 1 3 2 3 2 2 1 2 3 3 3 1 2 1 3 1 3
split_gain=3.05326 2.96966 1.19042 1.19498 1.61602 1.15629 0.974272 1.37107 0.911122 0.887884 0.839932 0.695322 0.652587 1.20362 0.965204 1.28732 0.876518 0.931857 0.661573 0.693032 0.546958 1.39444 0.501358 0.501181 0.711195 0.701507 0.629082 0.47484 0.461041 0.458108
threshold=-1.6821500062942503 1.6690800189971926 -0.85156500339508046 2.5000000000000004 1.5000000000000002 -0.12342000007629393 1.5000000000000002 1.5000000000000002 1.0000000180025095e-35 1.0000000180025095e-35 1.5000000000000002 2.5000000000000004 0.24607999622821811 0.97230499982833873 1.5000000000000002 1.5000000000000002 1.5000000000000002 2.5000000000000004 2.5000000000000004 1.3788350224494936 2.5000000000000004 1.5000000000000002 1.5000000000000002 1.5000000000000002 0.89762499928474437 1.0000000180025095e-35 0.803624987602234 1.0000000180025095e-35 -0.72843000292778004 1.0000000180025095e-35
decision_type=2 2 2 2 2 2 2 2 2 2 2 2 2 2 2 2 2 2 2 2 2 2 2 2 2 2 2 2 2 2
left_child=9 2 3 4 8 20 10 -8 27 22 -3 -9 16 23 15 -15 -7 -18 -16 -20 -4 28 -1 25 -25 -14 -27 -2 -22 -28
right_child=1 6 5 -5 -6 12 7 11 -10 -11 -12 -13 13 14 18 -17 17 -19 19 -21 21 -23 -24 24 -26 26 29 -29 -30 -31
leaf_value=0.00062720707097692287 0.00018883547240379243 0.00074794911426743691 -0.00019807031850151477 0.00093111406279908866 -0.00051388751644949068 1.2545170313996187e-05 0.00065930997583575873 0.001791694000403749 0.00057605541065367894 0.0013458836251836596 -0.0004728776876312245 0.0042087630698068156 -8.4893464491352433e-05 0.00010675256211181486 -0.00057207221315746268 0.00091479357970148387 0.0007702570049843004 -0.00020623412613909374 -9.8347619356983532e-05 0.0020105316998918253 0.0010868640261303103 -0.0011610621572279345 -0.00076665425681284743 0.00012467564011418541 -0.0010314858316686978 -0.00051633593463559541 0.00046866386222208618 -0.00042798048128597777 -0.00021737838474355823 -0.00040761953232172908
leaf_weight=8412 27220 16891 193874 12320 21615 104893 4602 1765 33998 12861 4586 1340 78244 52228 15859 16638 22323 8689 3610 1378 1995 13585 2055 44248 3689 70813 7979 11305 13290 7322
leaf_count=8412 27220 16891 193874 12320 21615 104893 4602 1765 33998 12861 4586 1340 78244 52228 15859 16638 22323 8689 3610 1378 1995 13585 2055 44248 3689 70813 7979 11305 13290 7322
internal_value=-1.48257e-06 -2.79106e-05 -5.80439e-05 0.000190217 9.3255e-05 -9.80487e-05 0.000764159 0.00153578 0.00027421 0.000900634 0.000487265 0.00283481 -2.25665e-05 -8.80789e-05 0.0001576 0.000301975 0.000123015 0.000496662 -0.000319327 0.000484258 -0.000246446 -0.000571309 0.000353548 -0.0001919 3.5703e-05 -0.000258283 -0.000415826 7.83341e-06 -4.71485e-05 4.93353e-05
internal_weight=819627 796299 767115 106458 94138 660657 29184 7707 72523 23328 21477 3105 437913 302008 89713 68866 135905 31012 20847 4988 222744 28870 10467 212295 47937 164358 86114 38525 15285 15301
internal_count=819627 796299 767115 106458 94138 660657 29184 7707 72523 23328 21477 3105 437913 302008 89713 68866 135905 31012 20847 4988 222744 28870 10467 212295 47937 164358 86114 38525 15285 15301
is_linear=0
shrinkage=0.08


Tree=43
num_leaves=31
num_cat=0
split_feature=1 1 0 0 0 3 0 1 0 3 0 0 3 1 3 0 1 1 3 0 0 1 1 0 1 1 1 0 1 0
split_gain=2.40376 2.52292 3.79491 2.48341 2.09529 2.72041 2.00037 1.74365 3.62703 3.23382 1.59999 3.06484 6.80044 6.47933 2.92733 4.27299 2.06172 2.48089 2.56987 1.52601 1.51011 1.504 1.80762 1.49627 2.20222 1.49392 1.35933 1.20429 1.17424 1.15371
threshold=1.7778800129890444 -0.89737498760223378 1.0941300392150881 3.1602449417114262 2.0860500335693364 1.5000000000000002 4.0425500869750985 0.97230499982833873 3.1833050251007085 1.5000000000000002 2.9707000255584721 2.1981151103973393 1.5000000000000002 -0.58638501167297352 1.0000000180025095e-35 3.4258000850677495 0.69628500938415538 -0.59735000133514393 1.0000000180025095e-35 1.8608150482177737 1.3947499990463259 0.76607000827789318 -0.14055000245571134 3.2546050548553471 -0.46793998777866358 -1.4943799972534177 0.69628500938415538 4.4493649005889901 1.1880750060081484 1.5796549916267397
decision_type=2 2 2 2 2 2 2 2 2 2 2 2 2 2 2 2 2 2 2 2 2 2 2 2 2 2 2 2 2 2
left_child=1 3 -3 4 20 -6 7 10 9 19 11 29 16 -14 15 -12 17 -13 -19 -9 -1 22 -15 -16 -25 -7 -26 -2 -21 -4
right_child=27 2 6 -5 5 25 -8 8 -10 -11 14 12 13 21 23 -17 -18 18 -20 28 -22 -23 -24 24 26 -27 -28 -29 -30 -31
leaf_value=-3.4898668662165517e-06 0.00099912324375380315 0.00082398342523132371 -4.4428173257685531e-05 0.0011793422366802192 0.00014234374574267425 4.2380540772110194e-05 0.00039131820831153603 0.0011664725967270371 0.00095755162299973053 -0.0013596655705223771 -0.00056515695317732898 -0.00090862410600213623 -0.0014217323620626069 0.00073366995695646811 -0.00030839427891335468 0.00069603883606318771 -0.00097080553137866919 -0.00021119709002391247 0.00055683720540409859 -0.00060560338960074709 0.00085722753744512368 -0.0002508214164090634 0.0019911185144559636 0.00016964835897475172 -0.0014038189744702211 -0.0017871042074880492 -0.00023476274514183814 -0.00096546676412218035 0.00029152027264240196 -0.00051272334053373161
leaf_weight=22246 20454 27991 46958 17889 35253 4189 44335 7513 26022 11826 42137 18730 6090 11086 32276 29043 17701 72931 45140 15938 31544 3212 21518 8763 38952 8981 7609 2213 22547 118981
leaf_count=22246 20454 27991 46958 17889 35253 4189 44335 7513 26022 11826 42137 18730 6090 11086 32276 29043 17701 72931 45140 15938 31544 3212 21518 8763 38952 8981 7609 2213 22547 118981
internal_value=-5.0475e-06 -2.81399e-05 -8.80621e-05 0.000309783 0.000157596 -0.000224158 -0.000127379 -0.000165392 0.000173205 -0.000179768 -0.00021987 -0.000127078 8.67807e-05 0.000990654 -0.000431628 -5.05614e-05 -0.000158379 -5.32577e-05 8.24319e-05 0.000123582 0.00050126 0.00140085 0.00156356 -0.000741267 -0.000993804 -0.0012052 -0.00121277 0.000807319 -8.00104e-05 -0.000380204
internal_weight=820068 797401 677299 120102 102213 48423 649308 604973 83846 57824 521127 362347 196408 41906 158780 71180 154502 136801 118071 45998 53790 35816 32604 87600 55324 13170 46561 22667 38485 165939
internal_count=820068 797401 677299 120102 102213 48423 649308 604973 83846 57824 521127 362347 196408 41906 158780 71180 154502 136801 118071 45998 53790 35816 32604 87600 55324 13170 46561 22667 38485 165939
is_linear=0
shrinkage=0.08


Tree=44
num_leaves=31
num_cat=0
split_feature=1 1 0 0 2 2 1 2 1 2 1 0 0 0 0 0 1 2 1 0 0 0 1 1 1 0 1 1 1 0
split_gain=2.40644 2.40625 1.88979 2.08853 2.6778 1.5823 1.50032 2.22711 3.96291 1.73727 1.47991 1.16586 1.08249 1.03456 1.09012 0.999257 0.997597 0.867132 0.819557 1.34221 0.799564 1.37419 0.987729 0.762236 0.923034 0.760147 3.31701 2.41555 1.04252 1.43266
threshold=1.8437100052833559 -1.8266999721527097 1.0941300392150881 3.8010050058364873 1.5000000000000002 1.0000000180025095e-35 -0.97958502173423756 1.5000000000000002 1.1291350126266482 2.5000000000000004 -1.1080900430679319 3.083110094070435 2.0216650962829594 1.3727650046348574 2.1981151103973393 4.8342800140380868 -0.66707000136375416 2.5000000000000004 -0.82248499989509571 1.823825001716614 3.0104351043701176 2.1673500537872319 -1.358114957809448 -0.60804000496864308 0.44294500350952154 2.7599399089813237 -0.60804000496864308 0.6409749984741212 0.75447499752044689 3.1942899227142338
decision_type=2 2 2 2 2 2 2 2 2 2 2 2 2 2 2 2 2 2 2 2 2 2 2 2 2 2 2 2 2 2
left_child=1 -1 5 6 23 -3 9 -8 13 11 -7 12 -4 16 18 -2 -9 -12 19 -15 21 -11 -23 -5 -25 26 -16 -28 -27 -30
right_child=15 2 3 4 -6 10 7 8 -10 20 17 -13 -14 14 25 -17 -18 -19 -20 -21 -22 22 -24 24 -26 28 27 -29 29 -31
leaf_value=0.00091838198452095794 0.0010077073105992796 -0.0001244855558939142 0.00034336594317876669 0.00081347306499534786 0.0011085851202523183 -0.00042833681018709181 -6.383543226357693e-05 0.002434680252151438 0.00077437800007984113 0.0019773485509477465 0.00093509228026614861 0.00087047604175129938 -0.00037013686620394534 0.0020531286214862761 -0.0017970510397267059 -0.0015372956187332271 -7.1471132384656992e-06 0.0022573038210314225 -0.00094044688604722545 -0.0012011368993209363 0.0031863052723311068 0.001746097217210074 -0.0012397251492628806 -0.00045267478384189999 0.00024949095373021335 -0.00072717181546349998 0.00035473908336481778 -0.0011322497200929207 -0.00080177903391064748 0.0011318816209007028
leaf_weight=16573 18203 15854 23515 6910 20020 4263 403082 1287 16951 3923 14502 9949 32303 1571 7061 1044 6374 4064 47695 1677 1224 1058 2150 22892 25140 56138 36275 8661 4896 4913
leaf_count=16573 18203 15854 23515 6910 20020 4263 403082 1287 16951 3923 14502 9949 32303 1571 7061 1044 6374 4064 47695 1677 1224 1058 2150 22892 25140 56138 36275 8661 4896 4913
internal_value=-1.43123e-05 -3.55552e-05 -5.57115e-05 -8.39949e-05 0.000316488 0.000489486 -0.000128755 -0.00017093 -0.000394022 0.000210696 0.00091587 7.26517e-05 -6.95525e-05 -0.000506204 -0.00054745 0.000869661 0.000403065 0.00122452 -0.000856712 0.000372894 0.00129732 0.000973089 -0.000254999 2.78597e-05 -8.51605e-05 -0.000413873 -0.00018515 6.81357e-05 -0.000594213 0.000166727
internal_weight=820168 800921 784348 745665 74962 38683 670703 596581 193499 74122 22829 65767 55818 176548 168887 19247 7661 18566 50943 3248 8355 7131 3208 54942 48032 117944 51997 44936 65947 9809
internal_count=820168 800921 784348 745665 74962 38683 670703 596581 193499 74122 22829 65767 55818 176548 168887 19247 7661 18566 50943 3248 8355 7131 3208 54942 48032 117944 51997 44936 65947 9809
is_linear=0
shrinkage=0.08


Tree=45
num_leaves=31
num_cat=0
split_feature=1 1 0 0 1 1 3 0 1 0 1 1 0 1 3 0 0 1 1 3 3 0 1 0 0 0 3 0 1 0
split_gain=2.0623 1.99182 1.54266 1.72677 2.96644 4.75035 6.66894 2.92196 1.88021 1.65957 1.17446 1.12337 1.94718 1.84321 6.01861 5.57804 2.16313 1.7321 1.86418 4.15092 1.69479 1.99902 1.5303 1.47698 1.44501 1.4264 1.73066 1.78906 1.17063 1.08005
threshold=-1.8266999721527097 1.8437100052833559 0.87617999315261852 3.4116849899291997 -0.71593499183654774 0.58621501922607433 1.5000000000000002 4.523980140686036 -0.16760500520467755 3.6949000358581547 -1.1080900430679319 0.49272499978542333 1.6741399765014651 -0.070014998316764818 1.5000000000000002 1.7318400144577029 1.658895015716553 -1.2207499742507932 -0.59735000133514393 1.5000000000000002 1.0000000180025095e-35 1.9440699815750124 -0.61973500251770008 2.5083100795745854 2.9510949850082402 2.8736749887466435 1.0000000180025095e-35 1.9215899705886843 -0.85156500339508046 4.4493649005889901
decision_type=2 2 2 2 2 2 2 2 2 2 2 2 2 2 2 2 2 2 2 2 2 2 2 2 2 2 2 2 2 2
left_child=-1 2 10 11 -5 6 9 8 -8 -6 -2 13 -13 16 25 -16 22 -18 19 28 -20 -22 -4 -21 -23 26 -15 -28 -19 -3
right_child=1 29 3 4 5 -7 7 -9 -10 -11 -12 12 -14 14 15 -17 17 18 20 23 21 24 -24 -25 -26 -27 27 -29 -30 -31
leaf_value=0.0008762890206095575 -0.00054357602094039453 0.00097944603539363044 0.0006426546888750849 0.0012377400741982445 -0.00037123405230278679 0.00064027604333246799 -0.00076745722220846618 0.00061934052275569617 -0.0023478771913183032 0.00056433904976910991 0.00087924128101317541 0.00048086805694160222 -0.00039903790037475997 -0.00019918539883012729 -0.0014810534180962503 0.0015608178382480393 0.00027949076929680212 4.468488806149796e-06 -0.0004759678427369418 -0.0023360703322411937 -0.001028643244541461 0.00054839265873477211 -0.00019560028551031847 -0.0009788829555220722 -0.00038100501677661185 -0.0005612877069253202 -0.00034099684911146006 0.00088548596336595535 -0.00067111852564228182 -0.0009930591007901563
leaf_weight=16523 4638 17294 31196 15283 20568 52738 7451 3805 13632 29594 18616 18075 147000 59434 4482 27719 30532 32216 57826 10047 8356 40050 25195 10490 14613 30809 11022 24601 33467 1980
leaf_count=16523 4638 17294 31196 15283 20568 52738 7451 3805 13632 29594 18616 18075 147000 59434 4482 27719 30532 32216 57826 10047 8356 40050 25195 10490 14613 30809 11022 24601 33467 1980
internal_value=-8.41321e-06 -2.66235e-05 -4.63891e-05 -6.60228e-05 0.000184389 5.84123e-05 -0.000350466 -0.00142109 -0.00178934 0.000180725 0.000595461 -0.000124077 -0.000302692 -5.88523e-05 0.000161454 0.00113743 -0.000177303 -0.000283022 -0.000365965 -0.000650143 -0.00016321 0.000123775 0.00026813 -0.00164284 0.000299938 -8.82345e-05 6.50871e-05 0.000506004 -0.000339759 0.000776812
internal_weight=819252 802729 783455 760201 143071 127788 75050 24888 21083 50162 23254 617130 165075 452055 158067 32201 293988 237597 207065 86220 120845 63019 56391 20537 54663 125866 95057 35623 65683 19274
internal_count=819252 802729 783455 760201 143071 127788 75050 24888 21083 50162 23254 617130 165075 452055 158067 32201 293988 237597 207065 86220 120845 63019 56391 20537 54663 125866 95057 35623 65683 19274
is_linear=0
shrinkage=0.08


Tree=46
num_leaves=31
num_cat=0
split_feature=1 1 0 0 1 1 3 0 1 1 3 0 1 0 3 3 0 1 1 3 3 0 3 1 0 0 1 3 1 1
split_gain=1.52458 1.57232 1.34793 1.72745 2.47545 4.38525 5.47243 2.43849 1.77749 3.58025 7.04063 2.25173 2.19271 1.579 1.83473 1.34072 1.33279 1.12695 1.87148 1.11479 1.00612 1.3207 0.97891 2.65383 2.54363 1.47382 0.864183 3.19326 0.859996 0.812235
threshold=-1.8266999721527097 1.8437100052833559 1.5637750029563906 3.4401249885559086 -0.60804000496864308 0.58621501922607433 1.5000000000000002 4.6075801849365243 -0.22169499844312665 0.49272499978542333 1.5000000000000002 1.7862750291824343 -1.1494199633598325 3.1264350414276127 1.0000000180025095e-35 1.0000000180025095e-35 3.217230081558228 -0.3509449958801269 -1.1494199633598325 1.5000000000000002 1.5000000000000002 1.989254951477051 1.5000000000000002 -0.63126501441001881 1.9560250043869021 2.8076500892639165 1.1477900147438052 1.5000000000000002 -0.14055000245571134 -0.82248499989509571
decision_type=2 2 2 2 2 2 2 2 2 2 2 2 2 2 2 2 2 2 2 2 2 2 2 2 2 2 2 2 2 2
left_child=-1 2 17 8 -5 6 15 -8 12 10 13 -12 20 14 -10 -6 28 18 -2 -19 -4 -22 29 25 -25 -24 -11 -28 -13 -14
right_child=1 -3 3 4 5 -7 7 -9 9 26 11 16 22 -15 -16 -17 -18 19 -20 -21 21 -23 23 24 -26 -27 27 -29 -30 -31
leaf_value=0.00076184882999257302 -0.0002614634916523791 0.00069715041680963401 0.0004626156223068522 0.0010520268333945749 0.00048483720296828807 0.0006110017481294731 -0.0017225163676800831 0.00069846757378344646 -0.00017398867429495947 -0.00042635741491196886 -0.0010459303669782167 0.00038906117591384264 8.2030117507353361e-06 -0.0007015151202371386 0.000459876566320988 -0.00040255439143305319 5.7890061734143571e-05 0.00015490730014144875 0.00083454479481729043 -0.00081418899538540624 0.0012721106272025671 -0.00092857537484338838 -0.0019927220354346849 -0.0022315260885157843 0.00019992097913247906 -0.00043249376211675062 0.00034970349169166539 -0.0013234641486544554 0.0016878717512749217 -0.00045254492527892258
leaf_weight=16489 14021 19349 28883 18120 27492 50761 19450 3085 77035 110130 2704 3702 32481 19877 47090 18051 4478 42300 34519 9260 2222 8135 12419 3265 17581 5632 34369 9269 27499 99494
leaf_count=16489 14021 19349 28883 18120 27492 50761 19450 3085 77035 110130 2704 3702 32481 19877 47090 18051 4478 42300 34519 9260 2222 8135 12419 3265 17581 5632 34369 9269 27499 99494
internal_value=3.79289e-07 -1.52633e-05 -3.28607e-05 -7.30294e-05 0.00018102 4.82125e-05 -0.00037142 -0.00139109 -0.000136724 -2.2634e-05 0.000217093 0.00117985 -0.000319255 -3.95248e-05 6.64844e-05 0.000133119 0.00134853 0.000241307 0.000517958 -1.91391e-05 0.000220041 -0.000456438 -0.000443101 -0.000795808 -0.000180904 -0.00150592 -0.000306975 -5.68839e-06 0.00153377 -0.000339148
internal_weight=819162 802673 783324 683224 136959 118839 68078 22535 546265 336153 182385 38383 210112 144002 124125 45543 35679 100100 48540 51560 39240 10357 170872 38897 20846 18051 153768 43638 31201 131975
internal_count=819162 802673 783324 683224 136959 118839 68078 22535 546265 336153 182385 38383 210112 144002 124125 45543 35679 100100 48540 51560 39240 10357 170872 38897 20846 18051 153768 43638 31201 131975
is_linear=0
shrinkage=0.08


Tree=47
num_leaves=31
num_cat=0
split_feature=0 2 3 0 2 2 3 3 2 3 0 0 0 3 0 2 0 3 3 0 3 2 0 3 0 0 2 0 3 3
split_gain=1.10053 1.83961 2.78208 1.33261 1.44094 1.34649 1.31318 1.22054 0.849846 0.753601 0.749983 0.542455 0.522999 0.521409 0.501376 0.500158 0.469144 1.50609 0.765353 0.544996 0.455089 0.422287 0.490194 0.359653 0.337323 0.321392 0.438916 0.280254 0.524852 0.293268
threshold=3.4116849899291997 2.5000000000000004 1.0000000180025095e-35 1.6123750209808352 1.5000000000000002 2.5000000000000004 1.5000000000000002 1.0000000180025095e-35 1.0000000180025095e-35 1.0000000180025095e-35 2.0753901004791264 2.5882999897003178 0.67178499698638927 1.0000000180025095e-35 2.8076500892639165 1.5000000000000002 3.8010050058364873 1.0000000180025095e-35 1.5000000000000002 3.5014650821685795 1.5000000000000002 1.0000000180025095e-35 4.2329599857330331 1.5000000000000002 1.9560250043869021 4.6075801849365243 1.0000000180025095e-35 2.291815042495728 1.5000000000000002 1.5000000000000002
decision_type=2 2 2 2 2 2 2 2 2 2 2 2 2 2 2 2 2 2 2 2 2 2 2 2 2 2 2 2 2 2
left_child=3 2 8 4 9 6 11 -7 -2 -1 -8 13 23 15 -12 -5 18 -18 -3 -20 21 -4 -23 -6 -15 -22 -27 28 -9 -29
right_child=1 16 20 5 12 7 10 27 -10 -11 14 -13 -14 24 -16 -17 17 -19 19 -21 25 22 -24 -25 -26 26 -28 29 -30 -31
leaf_value=0.00020160476477997999 0.00027638041759279553 0.0013151038451733174 -0.00033326732391279491 -6.1301260239568747e-05 0.00085957598589168633 0.00023005086243144837 -0.00026329299280749814 -0.00035783743914721611 0.00090753078499887388 -0.00030620230696062098 0.00053112802872599355 -0.00021702730337730809 0.00049523492437367786 -0.00012627454999317937 0.00010769777575568915 -0.00051173063088931546 -0.00069382252264548621 0.0019863655689910205 0.0012788768314922273 -0.00076150628051764721 -0.000497480975730625 3.2768061714926194e-05 0.001022916205059158 0.0022886511836634565 0.00024561369969440441 -0.00060995958121238484 0.00069760183602137567 -0.00072914076610887022 -0.001186792500806133 -0.00027072354188942624
leaf_weight=48831 36980 4360 14874 119902 3052 14598 16219 8555 21646 30315 39388 176452 32152 21829 32801 18168 1699 6383 1157 3037 35095 16178 3989 1787 54791 2986 3653 15176 11405 21706
leaf_count=48831 36980 4360 14874 119902 3052 14598 16219 8555 21646 30315 39388 176452 32152 21829 32801 18168 1699 6383 1157 3037 35095 16178 3989 1787 54791 2986 3653 15176 11405 21706
internal_value=-2.26278e-06 0.000191975 9.44334e-05 -4.65293e-05 0.000199748 -9.84392e-05 -5.01697e-05 -0.000422455 0.000509415 7.1013e-06 0.000228286 -0.000113108 0.000611934 -2.76971e-05 0.000338731 -0.000120571 0.000985873 0.00142294 0.000572927 -0.000198625 -0.00022245 -9.88795e-06 0.000228618 0.00138732 0.000139663 -0.000400922 0.000109504 -0.000590029 -0.000831496 -0.000459351
internal_weight=819164 152037 135401 667127 116137 550990 479550 71440 58626 79146 88408 391142 36991 214690 72189 138070 16636 8082 8554 4194 76775 35041 20167 4839 76620 41734 6639 56842 19960 36882
internal_count=819164 152037 135401 667127 116137 550990 479550 71440 58626 79146 88408 391142 36991 214690 72189 138070 16636 8082 8554 4194 76775 35041 20167 4839 76620 41734 6639 56842 19960 36882
is_linear=0
shrinkage=0.08


Tree=48
num_leaves=31
num_cat=0
split_feature=1 1 2 2 3 3 1 2 3 2 3 3 1 1 1 1 2 2 3 1 3 2 3 1 3 2 3 1 1 2
split_gain=1.30292 1.33286 2.20079 0.850241 1.72952 0.940826 0.692991 1.36739 1.24065 1.14673 1.22274 0.695459 1.16607 0.814776 0.627726 0.669017 0.593284 0.590719 0.768781 0.573121 0.519145 0.486551 0.473377 0.758431 0.493873 0.458302 0.421318 0.400345 0.371971 0.594499
threshold=-1.8266999721527097 1.2086899876594546 1.0000000180025095e-35 2.5000000000000004 1.0000000180025095e-35 1.5000000000000002 -0.85156500339508046 2.5000000000000004 1.0000000180025095e-35 2.5000000000000004 1.0000000180025095e-35 1.5000000000000002 -0.66707000136375416 0.81671500205993663 0.11249499768018724 -0.76716500520706166 1.0000000180025095e-35 1.5000000000000002 1.5000000000000002 0.84239500761032116 1.0000000180025095e-35 1.0000000180025095e-35 1.0000000180025095e-35 -1.0697450041770933 1.5000000000000002 1.0000000180025095e-35 1.5000000000000002 -1.0893749594688413 1.7778800129890444 1.5000000000000002
decision_type=2 2 2 2 2 2 2 2 2 2 2 2 2 2 2 2 2 2 2 2 2 2 2 2 2 2 2 2 2 2
left_child=17 6 20 5 -5 -4 7 8 25 11 19 21 -13 -14 15 -12 -10 26 -19 -11 -3 -8 27 24 -24 -2 -1 -9 -7 -30
right_child=1 2 3 4 -6 28 9 22 16 10 14 12 13 -15 -16 -17 -18 18 -20 -21 -22 -23 23 -25 -26 -27 -28 -29 29 -31
leaf_value=0.00070748557475476472 0.00013560251279625703 7.6341642986362578e-05 0.00079333859409645865 -0.00073329903199112869 0.0020043476715856431 -0.00045246529773232326 8.7811781536987731e-06 -0.00084034971226215128 -0.00058903336335859602 9.385182728418436e-05 0.00070771566453201582 -0.00075722083156648057 0.00033108818296809895 -0.0003495054172993026 -0.00025577660598278228 -0.00084709981513545667 -2.569278551553251e-05 0.00056410119455011832 0.0027080870914164105 0.0015765462451874182 -0.00056366521754665038 -0.00016173392630791081 0.00085871629128186715 0.00032614158908220886 0.0023143329479514319 0.00063889144059835017 -0.00036395332037172533 0.0011150923189293851 -0.00035045798095377988 0.0018511000902050553
leaf_weight=9035 29000 22032 23759 1890 6757 6992 223304 1596 18570 14467 1880 8194 81841 13053 31483 30595 33637 2411 1925 1886 12838 205803 2512 4160 3673 19277 3174 1155 1842 1368
leaf_count=9035 29000 22032 23759 1890 6757 6992 223304 1596 18570 14467 1880 8194 81841 13053 31483 30595 33637 2411 1925 1886 12838 205803 2512 4160 3673 19277 3174 1155 1842 1368
internal_value=1.10833e-05 -3.38565e-06 0.000312026 0.000697745 0.00140597 0.000517419 -3.7042e-05 0.000144453 4.42439e-05 -7.06975e-05 -0.00035248 -2.81751e-05 0.000158407 0.00023747 -0.000510321 -0.00075709 -0.000226073 0.000713814 0.00151594 0.000264852 -0.000159288 -7.29992e-05 0.000913342 0.00116137 0.00172314 0.000336566 0.000428941 -1.93626e-05 -0.000125159 0.000587776
internal_weight=820109 803564 77478 42608 8647 33961 726086 113580 100484 612506 80311 532195 103088 94894 63958 32475 52207 16545 4336 16353 34870 429107 13096 10345 6185 48277 12209 2751 10202 3210
internal_count=820109 803564 77478 42608 8647 33961 726086 113580 100484 612506 80311 532195 103088 94894 63958 32475 52207 16545 4336 16353 34870 429107 13096 10345 6185 48277 12209 2751 10202 3210
is_linear=0
shrinkage=0.08


Tree=49
num_leaves=31
num_cat=0
split_feature=1 0 1 0 0 3 0 0 1 0 0 3 0 3 0 1 3 3 0 1 0 0 1 1 1 1 1 3 1 0
split_gain=1.1892 1.38109 1.29453 1.82818 1.46721 1.45445 1.17942 1.13539 0.929328 2.12762 2.43242 1.92744 1.53563 1.97827 4.91914 4.49901 2.86786 1.73463 3.6276 1.71763 1.4427 1.32748 1.58531 1.35044 1.1764 1.62424 1.14285 1.07879 1.1154 2.82833
threshold=-1.5331450104713438 0.87617999315261852 0.97230499982833873 2.9707000255584721 4.3302948474884042 1.5000000000000002 1.3947499990463259 4.4493649005889901 -0.86674499511718739 3.217230081558228 1.989254951477051 1.5000000000000002 2.8361749649047856 1.0000000180025095e-35 2.1169149875640874 -0.60804000496864308 1.5000000000000002 1.0000000180025095e-35 3.3287749290466313 0.75447499752044689 1.5637750029563906 3.1833050251007085 -0.35998500883579249 0.57619997859001171 0.76607000827789318 0.0082950000651180762 0.69628500938415538 1.5000000000000002 -0.41817499697208399 1.3947499990463259
decision_type=2 2 2 2 2 2 2 2 2 2 2 2 2 2 2 2 2 2 2 2 2 2 2 2 2 2 2 2 2 2
left_child=6 -2 4 5 8 -4 -1 -5 9 10 -3 -12 13 20 27 -16 19 18 -14 -17 -10 23 -23 -19 25 -18 -24 -15 29 -29
right_child=1 2 3 7 -6 -7 -8 -9 12 -11 11 -13 17 14 15 16 24 21 -20 -21 -22 22 26 -25 -26 -27 -28 28 -30 -31
leaf_value=-0.0003737850722067412 0.00060521947108864026 0.00053874175617870095 9.4328377992979984e-05 0.00065720351505987125 0.00060273618642385366 -0.00088922680434971781 0.00074033502833777067 -0.00040969044756809358 0.00029121277614654472 0.0011206829104045979 -8.7129816109645302e-05 -0.0012969588936630478 -0.00052148071069462636 -8.3879445253158238e-05 -0.00097012102609484699 0.00051530710129828801 0.00085797732851156908 5.36864052423472e-05 0.00048829429951855754 -0.0011221765940442425 -0.00033572614159070217 1.0698905728801636e-05 -0.001093165318774959 -0.0011137619193917884 -0.00022778215684791486 0.0020335138274988661 -0.00015458393408315806 0.0012394154127143434 -0.00040123664052773471 -0.0023571549869431277
leaf_weight=8026 22049 29837 47220 51211 19458 12085 25095 7293 28228 12186 33088 11308 49392 47073 10989 43903 14311 33778 42243 4522 139993 14542 46533 7807 2838 15858 10106 1824 20982 6011
leaf_count=8026 22049 29837 47220 51211 19458 12085 25095 7293 28228 12186 33088 11308 49392 47073 10989 43903 14311 33778 42243 4522 139993 14542 46533 7807 2838 15858 10106 1824 20982 6011
internal_value=7.76316e-07 -1.89944e-05 -3.69946e-05 0.000206912 -8.14193e-05 -0.000106098 0.000470357 0.000524206 -0.000102639 0.000140966 -1.98635e-05 -0.000395283 -0.000141557 -3.65089e-05 0.000157402 0.000549311 0.000754354 -0.000314512 -5.59825e-05 0.000362396 -0.000230524 -0.000524596 -0.000734394 -0.000165486 0.0013294 0.00147589 -0.000925696 -0.000319876 -0.000705379 -0.00151987
internal_weight=819789 786668 764619 117809 646810 59305 33121 58504 627352 86419 74233 44396 540933 336532 168311 92421 81432 204401 91635 48425 168221 112766 71181 41585 33007 30169 56639 75890 28817 7835
internal_count=819789 786668 764619 117809 646810 59305 33121 58504 627352 86419 74233 44396 540933 336532 168311 92421 81432 204401 91635 48425 168221 112766 71181 41585 33007 30169 56639 75890 28817 7835
is_linear=0
shrinkage=0.08


Tree=50
num_leaves=31
num_cat=0
split_feature=0 0 2 3 2 2 0 3 0 3 3 0 0 0 3 2 2 3 0 0 3 0 2 0 2 3 0 3 0 0
split_gain=0.825007 0.892421 1.41011 1.29933 0.832017 0.639186 1.95674 0.817848 0.52406 1.11895 0.498756 1.41791 0.532198 0.330389 0.27672 0.374016 0.274988 1.35417 0.270216 0.49212 0.254114 0.285658 0.250348 0.313296 0.231936 1.04374 0.228134 0.226011 0.615413 0.492882
threshold=0.81931999325752269 3.4116849899291997 1.5000000000000002 1.0000000180025095e-35 1.0000000180025095e-35 2.5000000000000004 1.658895015716553 1.0000000180025095e-35 3.8472249507904057 1.5000000000000002 1.5000000000000002 1.8362749814987185 2.5799100399017338 2.9121649265289311 1.0000000180025095e-35 2.5000000000000004 2.5000000000000004 1.0000000180025095e-35 2.4373950958251958 2.5348649024963383 1.5000000000000002 3.6949000358581547 1.0000000180025095e-35 3.6189699172973637 2.5000000000000004 1.5000000000000002 3.1602449417114262 1.0000000180025095e-35 1.6880499720573428 1.9440699815750124
decision_type=2 2 2 2 2 2 2 2 2 2 2 2 2 2 2 2 2 2 2 2 2 2 2 2 2 2 2 2 2 2
left_child=4 5 3 22 -1 10 -7 26 9 14 12 -12 27 18 -4 -16 -10 -18 -13 -20 -5 -22 -3 -24 -6 -26 -8 28 -2 -29
right_child=1 2 8 20 24 6 7 -9 16 -11 11 13 -14 -15 15 -17 17 -19 19 -21 21 -23 23 -25 25 -27 -28 29 -30 -31
leaf_value=-9.4787750115248438e-05 0.00018932602177497708 0.0001913413216225024 0.001189008163707628 -7.0456505863710612e-05 0.00072030746291670996 0.00062420633860986018 -4.8183948508038801e-06 -0.00056554567547957763 0.00062394035955757991 -0.00033644104869922823 -0.00047775061220194516 0.00022139212309001951 -0.00016430405305746285 5.5699765262770677e-05 1.3906032128261848e-05 0.0011858496018513614 -0.00085085981617419001 0.0018034705056477515 0.0012603387170409253 0.00040800052102034237 -9.8392096065203612e-06 -0.0005571591523318482 3.401627448639359e-05 0.00083315464873465 0.00013317128604562931 0.0032422956864610903 0.00099084959179145506 -8.7033605874148586e-05 -0.00013476190953869721 0.00027002162341173267
leaf_weight=9281 52819 37179 5875 26684 10178 13510 12758 55910 12253 10153 19228 27515 178252 26812 4638 2792 1560 5817 5404 21924 8393 22368 4575 10008 1523 1265 1665 45075 129287 54854
leaf_count=9281 52819 37179 5875 26684 10178 13510 12758 55910 12253 10153 19228 27515 178252 26812 4638 2792 1560 5817 5404 21924 8393 22368 4575 10008 1523 1265 1665 45075 129287 54854
internal_value=2.96082e-06 -1.04468e-05 0.000163735 1.08284e-05 0.000483476 -5.15732e-05 -0.000257605 -0.000426988 0.000551279 0.000296058 -2.07906e-05 0.000140308 -5.60992e-05 0.000285848 0.000778716 0.000454292 0.00085627 0.00124216 0.000398364 0.000576547 -0.000251113 -0.000407825 0.000301528 0.000582448 0.000897394 0.00154388 0.000110122 1.22885e-05 -4.07617e-05 0.000108965
internal_weight=819555 797308 152295 109207 22247 645013 83843 70333 43088 23458 561170 100883 460287 81655 13305 7430 19630 7377 54843 27328 57445 30761 51762 14583 12966 2788 14423 282035 182106 99929
internal_count=819555 797308 152295 109207 22247 645013 83843 70333 43088 23458 561170 100883 460287 81655 13305 7430 19630 7377 54843 27328 57445 30761 51762 14583 12966 2788 14423 282035 182106 99929
is_linear=0
shrinkage=0.08


Tree=51
num_leaves=31
num_cat=0
split_feature=1 1 0 0 1 0 0 1 0 0 1 1 0 3 1 0 0 0 0 1 3 0 1 0 0 0 3 3 0 1
split_gain=1.16315 0.968127 0.891543 0.84354 1.09078 0.816914 0.789047 0.615012 0.83158 0.558197 1.20053 0.823127 2.36086 1.28841 1.814 1.51102 1.04436 1.0264 1.02015 3.32055 5.43757 3.60341 2.64408 1.74064 1.33192 1.22429 1.21132 1.10756 0.880396 0.876431
threshold=1.7208549976348879 -1.9179549813270567 4.4493649005889901 0.97341999411582958 -1.1080900430679319 4.1130049228668222 1.5110000371932986 -1.327624976634979 3.0519549846649174 1.528375029563904 -0.56418499350547779 -0.28576499223709101 3.4116849899291997 1.5000000000000002 -0.63126501441001881 1.9560250043869021 1.7734550237655642 2.8076500892639165 2.7983599901199345 0.65214499831199657 1.5000000000000002 1.7862750291824343 0.91235998272895824 2.0101149082183842 1.7461850047111513 3.083110094070435 1.0000000180025095e-35 1.5000000000000002 1.8112099766731264 -0.71593499183654774
decision_type=2 2 2 2 2 2 2 2 2 2 2 2 2 2 2 2 2 2 2 2 2 2 2 2 2 2 2 2 2 2
left_child=1 -1 6 4 -3 7 -2 8 -5 10 -9 12 13 16 17 -16 -11 28 19 20 23 -22 -20 -13 -21 27 -25 -24 -15 -14
right_child=2 3 -4 5 -6 -7 -8 9 -10 11 -12 18 29 14 15 -17 -18 -19 22 24 21 -23 25 26 -26 -27 -28 -29 -30 -31
leaf_value=0.00066645285372108297 -0.0014960084272764493 -0.00056149827432796075 -0.00090622533031779794 9.9930753639388445e-05 0.00064081747040372066 0.00031096122096516626 0.00078670955493774909 0.00070188546786032412 0.0011729596132280767 0.00040352047403336913 -7.9716020548559511e-05 -0.00041368604537518784 0.0011200391297805732 -0.00019361852319165916 -0.0017781368445967238 0.00021178724358479416 -0.00029736926718385828 -0.00037517035156582899 -0.00033603782876589458 0.00071282810899617351 -0.0010570872841997845 0.0015644630907410478 9.4155505041207364e-05 1.2048494309905801e-05 -0.00048300874856067259 0.00060703174278505672 0.00062001868265304679 -0.0016538417978080053 -0.0018312389008595799 0.0001176971369906807
leaf_weight=13302 1013 6065 2484 28801 23702 40530 22374 18127 5506 15396 41080 36368 9407 2502 2939 14447 117031 6543 147456 6567 3832 26995 10351 55169 64587 33912 33838 2990 13110 13734
leaf_count=13302 1013 6065 2484 28801 23702 40530 22374 18127 5506 15396 41080 36368 9407 2502 2939 14447 117031 6543 147456 6567 3832 26995 10351 55169 64587 33912 33838 2990 13110 13734
internal_value=6.89375e-06 -1.03003e-05 0.000534781 -2.18269e-05 0.000395847 -3.83773e-05 0.000687834 -5.82998e-05 0.000272143 -7.50603e-05 0.000159582 -9.75701e-05 -0.000233455 -0.000335538 -0.000736273 -0.000124598 -0.000215884 -0.00121628 -3.47543e-05 8.03451e-05 0.000286692 0.00123859 -0.000169153 5.26418e-05 -0.000372642 0.000351624 0.000243182 -0.000297608 -0.00156879 0.000525157
internal_weight=820158 794287 25871 780985 29767 751218 23387 710688 34307 676381 59207 617174 195109 171968 39541 17386 132427 22155 422065 227356 156202 30827 194709 125375 71154 47253 89007 13341 15612 23141
internal_count=820158 794287 25871 780985 29767 751218 23387 710688 34307 676381 59207 617174 195109 171968 39541 17386 132427 22155 422065 227356 156202 30827 194709 125375 71154 47253 89007 13341 15612 23141
is_linear=0
shrinkage=0.08


Tree=52
num_leaves=31
num_cat=0
split_feature=0 0 2 3 2 2 0 0 0 3 2 3 0 2 2 3 3 0 3 2 2 3 3 0 0 3 3 0 0 0
split_gain=0.601037 0.565211 1.11052 1.31668 0.751825 0.471052 0.382005 0.282511 0.417948 0.703362 0.475279 0.280557 0.255468 0.640349 0.610087 0.595239 0.438399 0.396725 0.904957 0.390046 0.305331 0.602646 0.318749 0.290437 0.286267 0.238717 0.238138 0.469683 0.236996 0.234709
threshold=0.67178499698638927 3.5167798995971684 2.5000000000000004 1.5000000000000002 1.0000000180025095e-35 1.0000000180025095e-35 3.7575850486755376 2.6061549186706547 2.4373950958251958 1.5000000000000002 2.5000000000000004 1.0000000180025095e-35 1.7028499841690066 1.0000000180025095e-35 2.5000000000000004 1.5000000000000002 1.0000000180025095e-35 1.2779699563980105 1.0000000180025095e-35 1.0000000180025095e-35 2.5000000000000004 1.0000000180025095e-35 1.0000000180025095e-35 2.3928849697113042 1.6880499720573428 1.0000000180025095e-35 1.5000000000000002 1.4155600070953371 2.4555249214172368 4.6075801849365243
decision_type=2 2 2 2 2 2 2 2 2 2 2 2 2 2 2 2 2 2 2 2 2 2 2 2 2 2 2 2 2 2
left_child=5 7 3 4 11 -1 25 8 12 10 -10 -3 14 16 15 19 -14 18 -16 24 21 -15 -22 -24 -2 -6 -19 -28 -11 -5
right_child=1 2 -4 29 6 -7 -8 -9 9 28 -12 -13 13 20 17 -17 -18 26 -20 -21 22 -23 23 -25 -26 -27 27 -29 -30 -31
leaf_value=-3.2089228460040576e-05 -0.00012756317802989689 0.00014873169538721841 0.00081537838027254399 -0.00043336326096740044 0.00049709064998935211 0.00085779490240839697 0.00071783472508224835 -0.00010867051064464594 0.00012655000762343545 0.0017032880947521543 -0.00074843579376899702 -0.00029945845716282778 -4.5233219981197082e-05 -0.00036475780731114941 -0.00091168161362780266 -0.00046543419893698188 0.00033094650995177209 0.00056390684069173669 0.0015525118512202762 0.00024251026408510197 9.4812176352849194e-05 2.7613025489979415e-05 -0.00048098481795439345 -0.0015669357086279801 0.001110649764841553 -0.00020138705304236382 0.0011919068931934256 -0.00071740872222008951 0.00058964466960968157 9.0715598884834358e-05
leaf_weight=6554 44442 31256 13806 30171 6606 9083 22248 270192 43247 1362 4375 12519 61568 42772 1201 15783 29245 5453 4634 42482 5977 60472 21808 1699 1228 5954 1107 3232 11984 6680
leaf_count=6554 44442 31256 13806 30171 6606 9083 22248 270192 43247 1362 4375 12519 61568 42772 1201 15783 29245 5453 4634 42482 5977 60472 21808 1699 1228 5954 1107 3232 11984 6680
internal_value=-6.40883e-06 -1.59685e-05 0.000137288 5.61873e-05 0.000241209 0.000484814 0.000518706 -4.5344e-05 -2.99923e-06 0.000190012 4.61657e-05 2.0556e-05 -3.72966e-05 -8.77819e-05 5.70939e-05 -1.29784e-05 7.591e-05 0.000523144 0.00104531 6.80306e-05 -0.00019978 -0.000134939 -0.000426837 -0.000559473 -9.42694e-05 0.000165981 0.000211985 -0.000230289 0.000703295 -0.000338363
internal_weight=819140 803503 129240 115434 78583 15637 34808 674263 404071 60968 47622 43775 343103 223541 119562 103935 90813 15627 5835 88152 132728 103244 29484 23507 45670 12560 9792 4339 13346 36851
internal_count=819140 803503 129240 115434 78583 15637 34808 674263 404071 60968 47622 43775 343103 223541 119562 103935 90813 15627 5835 88152 132728 103244 29484 23507 45670 12560 9792 4339 13346 36851
is_linear=0
shrinkage=0.08


Tree=53
num_leaves=31
num_cat=0
split_feature=0 2 0 2 3 2 0 2 3 2 3 0 0 3 3 0 2 0 3 0 0 0 0 0 3 3 0 0 0 2
split_gain=0.462861 0.476639 0.43835 1.09672 1.62638 0.532253 0.308459 0.800235 0.682578 0.603685 0.448167 0.345105 0.344574 0.477268 0.294286 0.269651 0.583534 0.245692 0.244287 0.241037 0.368882 0.234939 0.444959 0.22831 1.14272 0.887503 0.271792 0.206982 0.198125 0.194693
threshold=0.67178499698638927 1.5000000000000002 3.3158149719238286 2.5000000000000004 1.0000000180025095e-35 1.0000000180025095e-35 1.6741399765014651 1.5000000000000002 1.5000000000000002 1.5000000000000002 1.0000000180025095e-35 1.3501800298690798 2.8171350955963139 1.0000000180025095e-35 1.0000000180025095e-35 4.1522002220153817 1.0000000180025095e-35 3.6189699172973637 1.5000000000000002 2.4373950958251958 2.855045080184937 2.4905850887298588 2.5706551074981694 3.8234599828720097 1.0000000180025095e-35 1.5000000000000002 3.6189699172973637 4.523980140686036 2.6863999366760258 2.5000000000000004
decision_type=2 2 2 2 2 2 2 2 2 2 2 2 2 2 2 2 2 2 2 2 2 2 2 2 2 2 2 2 2 2
left_child=1 -1 6 4 5 -4 9 8 12 10 -2 18 13 -8 -3 -6 -17 -7 -12 -10 -21 -9 -23 25 -25 -5 -27 -26 -24 -16
right_child=2 14 3 23 15 17 7 21 19 -11 11 -13 -14 -15 29 16 -18 -19 -20 20 -22 22 28 24 27 26 -28 -29 -30 -31
leaf_value=0.00014498916452503337 0.00011479027273797435 0.00010326730422469413 0.00016114998388031449 0.001133568784128084 -0.00027420460271499077 0.00032725152661506311 -6.1431490656397404e-05 -0.00029959002720729156 6.1481334564805794e-05 0.00035815581504684217 -0.00035667173085042464 -1.6169134256491497e-05 -0.00016991360791789156 0.00019419688588135766 0.00095754806978171352 -0.00041792681932836622 0.00038481241720389079 0.00083049596792473634 -0.0010894872651093805 0.0007184853436396373 0.00016207344241693332 0.00040780414839685828 -0.00045251863961185226 -0.00086847242690969825 0.0012874366700202911 0.00012196879431087667 -0.0010633968021131236 0.0024509616642877981 -0.00011380167278006601 0.002166014490106844
leaf_weight=10787 47412 1355 43085 6009 63299 10607 146346 80677 18742 36204 10401 15254 85165 68681 1921 10111 13579 14974 4043 14498 16087 9472 13427 1621 4847 3805 1835 1226 62485 1535
leaf_count=10787 47412 1355 43085 6009 63299 10607 146346 80677 18742 36204 10401 15254 85165 68681 1921 10111 13579 14974 4043 14498 16087 9472 13427 1621 4847 3805 1835 1226 62485 1535
internal_value=8.69988e-06 0.000440326 3.24986e-07 0.000112314 4.17139e-05 0.000332772 -3.08373e-05 -5.71033e-05 1.15955e-05 8.86733e-05 -3.78517e-05 -0.00028154 -3.37228e-05 2.02178e-05 0.00110252 -0.000188037 4.21997e-05 0.000621829 -0.000561793 0.000287391 0.000425826 -0.000201698 -0.000109202 0.000680435 0.00101862 0.000457067 -0.000263695 0.00152233 -0.000173713 0.00149429
internal_weight=819490 15598 803892 174998 155655 68666 628894 515580 349519 113314 77110 29698 300192 215027 4811 86989 23690 25581 14444 49327 30585 166061 85384 19343 7694 11649 5640 6073 75912 3456
internal_count=819490 15598 803892 174998 155655 68666 628894 515580 349519 113314 77110 29698 300192 215027 4811 86989 23690 25581 14444 49327 30585 166061 85384 19343 7694 11649 5640 6073 75912 3456
is_linear=0
shrinkage=0.08


Tree=54
num_leaves=31
num_cat=0
split_feature=1 0 1 0 0 0 1 1 3 0 1 1 3 0 0 0 1 1 0 0 3 1 3 0 1 3 1 0 1 0
split_gain=0.798202 0.926483 0.833155 1.01965 0.772372 0.579181 2.20222 4.01324 3.05537 1.66751 1.10569 1.87225 5.04541 4.60976 1.52888 1.30189 1.29103 0.932076 0.855436 1.15877 0.948922 0.749006 1.42974 0.71088 0.691471 1.3602 1.64857 1.7059 1.24534 1.04858
threshold=1.8437100052833559 4.2789301872253427 -1.5798400044441221 1.3947499990463259 0.92727002501487743 3.3158149719238286 0.68488499522209179 -0.49946500360965723 1.0000000180025095e-35 4.6075801849365243 0.56529501080513012 -0.070014998316764818 1.5000000000000002 1.7862750291824343 1.7862750291824343 1.658895015716553 -0.48883000016212458 0.79055002331733715 1.7862750291824343 2.9214450120925908 1.0000000180025095e-35 1.352235019207001 1.5000000000000002 3.6189699172973637 -0.30440001189708704 1.5000000000000002 -0.66707000136375416 2.157310009002686 -0.94593498110771168 3.0726850032806401
decision_type=2 2 2 2 2 2 2 2 2 2 2 2 2 2 2 2 2 2 2 2 2 2 2 2 2 2 2 2 2 2
left_child=2 -2 3 -1 -4 10 7 -7 23 -10 11 15 18 -14 17 16 -6 -12 -13 20 -20 -16 -23 -9 25 28 29 -28 -17 -27
right_child=1 -3 4 -5 5 6 -8 8 9 -11 14 12 13 -15 21 24 -18 -19 19 -21 -22 22 -24 -25 -26 26 27 -29 -30 -31
leaf_value=-0.00042026824358457239 0.00072016689426460296 -0.00091206702954644853 0.00040305466495612783 0.00066447057222025275 0.00051072741691075916 0.00074582202265736507 0.00051297013549669586 -0.00023567753799148575 -0.00093311176369015921 0.00064079054710924812 -0.00037089241951921364 -0.0004559966218112807 -0.0010781217384393141 0.0014588955092518384 -0.00048257766151314622 0.00019227992515338042 -0.00032224876402279476 0.00076809938591209466 -3.168837628830643e-06 -0.00040534423208926862 0.00055336528500748658 0.00037878760283152678 -0.0012128367660851854 0.0004922575267546248 7.9859529280560886e-06 -0.0013746694589537804 -0.0015240227421958851 0.00035189377257396632 -0.00035492683701029737 0.00030305461423305459
leaf_weight=7360 16736 2567 25088 22502 32893 26420 52305 14755 45385 4760 7122 25077 5454 28723 98674 37921 18666 12976 51855 25898 31530 16899 4594 20536 55269 19939 4150 12291 89295 2708
leaf_count=7360 16736 2567 25088 22502 32893 26420 52305 14755 45385 4760 7122 25077 5454 28723 98674 37921 18666 12976 51855 25898 31530 16899 4594 20536 55269 19939 4150 12291 89295 2708
internal_value=-5.24564e-06 0.000503105 -1.74955e-05 0.000397118 -3.35503e-05 -4.82315e-05 8.4478e-05 -0.000115889 -0.000382363 -0.00078371 -8.56682e-05 -2.35246e-05 0.000186158 0.00105404 -0.000281347 -0.00015291 0.000209164 0.000364482 -3.46036e-05 6.20928e-05 0.000207271 -0.000389362 3.85874e-05 0.000187911 -0.000237162 -0.000318634 -0.000731386 -0.000121621 -0.000191813 -0.00117406
internal_weight=820348 19303 801045 29862 771183 746095 164161 111856 85436 50145 581934 441669 168537 34177 140265 273132 51559 20098 134360 109283 83385 120167 21493 35291 221573 166304 39088 16441 127216 22647
internal_count=820348 19303 801045 29862 771183 746095 164161 111856 85436 50145 581934 441669 168537 34177 140265 273132 51559 20098 134360 109283 83385 120167 21493 35291 221573 166304 39088 16441 127216 22647
is_linear=0
shrinkage=0.08


Tree=55
num_leaves=31
num_cat=0
split_feature=1 1 2 3 3 3 2 1 2 3 3 1 3 2 2 1 2 3 2 3 2 2 3 1 1 3 3 1 2 3
split_gain=0.857764 0.770682 0.685151 1.31141 0.453562 0.389155 0.484876 0.345919 1.08104 0.707726 0.567394 0.660284 0.548784 0.509839 0.406502 0.37414 0.919756 1.11515 0.886596 0.808229 0.559644 0.336116 0.819529 0.429673 0.483915 0.393073 0.346781 0.311454 0.382736 0.449829
threshold=1.7208549976348879 -1.9179549813270567 1.5000000000000002 1.0000000180025095e-35 1.5000000000000002 1.5000000000000002 2.5000000000000004 -0.86674499511718739 2.5000000000000004 1.0000000180025095e-35 1.0000000180025095e-35 -1.1279700398445127 1.5000000000000002 1.0000000180025095e-35 1.0000000180025095e-35 0.91235998272895824 1.0000000180025095e-35 1.0000000180025095e-35 2.5000000000000004 1.0000000180025095e-35 1.0000000180025095e-35 2.5000000000000004 1.0000000180025095e-35 0.24607999622821811 -0.60804000496864308 1.0000000180025095e-35 1.5000000000000002 -2.4603549242019649 1.5000000000000002 1.5000000000000002
decision_type=2 2 2 2 2 2 2 2 2 2 2 2 2 2 2 2 2 2 2 2 2 2 2 2 2 2 2 2 2 2
left_child=1 27 4 -4 -2 -5 -7 8 9 14 -10 12 -12 -11 -3 16 17 -9 19 20 -17 23 -23 24 -18 -25 -26 -1 -29 -30
right_child=2 7 3 5 -6 6 -8 15 10 13 11 -13 -14 -15 -16 18 21 -19 -20 -21 -22 22 -24 25 26 -27 -28 28 29 -31
leaf_value=-7.7628786730819945e-05 0.00041059460653430398 4.3894323515363231e-05 -0.00067960830434647722 0.0010220047345934661 -0.00053748422958182563 0.001539490299886424 0.0036839397154264336 -7.9468443219411346e-05 -0.00023529890420658978 -0.0005278569815658175 0.00069539440444287644 0.00035866881657409006 0.0023094109110596336 -5.5368002326463294e-06 0.00051781438738564788 1.5593347325170972e-05 -0.00033095489426015107 0.00029373595158363008 0.00071110568728203572 -0.0002427738245793065 0.00057635376861418428 0.00021749345600431528 -0.00044544647972335317 -0.00046010560871478348 -5.5785717090461069e-05 -0.0001216947370237049 0.00022894257879534148 0.00051418274287330233 0.00070750626466934221 0.0028135718812550598
leaf_weight=3354 14875 28982 1844 2183 4125 1587 1174 149820 2732 18589 2281 4652 3297 33540 19295 29923 30364 77876 12847 44764 18391 14970 58851 36624 100496 54888 37626 7229 1464 1166
leaf_count=3354 14875 28982 1844 2183 4125 1587 1174 149820 2732 18589 2281 4652 3297 33540 19295 29923 30364 77876 12847 44764 18391 14970 58851 36624 100496 54888 37626 7229 1464 1166
internal_value=-2.83786e-06 -1.75851e-05 0.000451234 0.00114112 0.000204762 0.00182022 0.00245133 -2.78378e-05 0.000101363 1.26022e-05 0.000788922 0.00106245 0.00164939 -0.000191794 0.000233307 -4.97833e-05 -7.5798e-05 4.8174e-05 8.81224e-05 2.13578e-06 0.00022905 -0.000160359 -0.00031101 -0.000117584 -4.17908e-05 -0.00025713 2.17775e-05 0.00058829 0.000814833 0.00164122
internal_weight=819809 794021 25788 6788 19000 4944 2761 780808 113368 100406 12962 10230 5578 52129 48277 667440 561515 227696 105925 93078 48314 333819 73821 259998 168486 91512 138122 13213 9859 2630
internal_count=819809 794021 25788 6788 19000 4944 2761 780808 113368 100406 12962 10230 5578 52129 48277 667440 561515 227696 105925 93078 48314 333819 73821 259998 168486 91512 138122 13213 9859 2630
is_linear=0
shrinkage=0.08


Tree=56
num_leaves=31
num_cat=0
split_feature=1 1 2 3 3 2 2 3 1 2 3 2 1 2 2 3 3 1 1 3 2 1 2 3 3 1 1 3 2 3
split_gain=0.776993 0.671573 0.391448 0.326866 0.290513 0.368466 0.30058 0.274404 0.252896 0.776366 0.497003 0.446601 0.353933 1.1929 1.04933 0.863397 0.813447 0.774876 0.715138 0.714591 0.600292 0.355828 0.274907 0.365748 0.329616 0.63395 0.496103 0.259822 0.233869 0.340251
threshold=1.8437100052833559 -1.9179549813270567 1.0000000180025095e-35 1.5000000000000002 1.0000000180025095e-35 1.5000000000000002 1.5000000000000002 1.5000000000000002 0.97230499982833873 2.5000000000000004 1.0000000180025095e-35 1.0000000180025095e-35 -0.8083449900150298 1.5000000000000002 2.5000000000000004 1.0000000180025095e-35 1.0000000180025095e-35 -0.66707000136375416 0.81671500205993663 1.0000000180025095e-35 1.0000000180025095e-35 0.81671500205993663 2.5000000000000004 1.5000000000000002 1.0000000180025095e-35 -1.3896800279617307 -1.0328249931335447 1.5000000000000002 1.0000000180025095e-35 1.0000000180025095e-35
decision_type=2 2 2 2 2 2 2 2 2 2 2 2 2 2 2 2 2 2 2 2 2 2 2 2 2 2 2 2 2 2
left_child=1 28 3 -2 6 -6 -4 -7 12 10 11 -10 13 19 15 -14 21 -17 20 -3 -19 -16 23 -15 26 27 -24 -26 29 -1
right_child=2 8 4 -5 5 7 -8 -9 9 -11 -12 -13 14 22 16 17 -18 18 -20 -21 -22 -23 24 -25 25 -27 -28 -29 -30 -31
leaf_value=0.00076555939844551407 0.00036425871638192005 0.00015056086267435848 0.00089247358846797353 -0.00087704527522578391 0.00053633200511924285 0.00094249105714845106 -0.0006346419026864445 0.0023632074003032302 1.9312131469887867e-05 0.00072226667743335469 -0.00016510827400512587 0.00053505886038887108 -0.00010967702326081534 0.00055118187961664046 9.1499014369031924e-05 -0.00044468948900588381 -0.00046467073103290113 0.00037565423807291935 -0.00039797345423724686 -0.00030519504605186216 8.4450132781461139e-05 0.0016480369622022698 -0.00077872913235282675 -0.00010095559554799918 0.0011083520845192785 0.000623751068225101 0.0013222527202191891 0.0027336152267596124 0.00087663185352344593 -0.0004400883411290124
leaf_weight=3201 7663 47159 2006 1650 3092 1564 1401 1961 28247 11839 42355 17343 252298 14534 13921 15423 58791 67620 14653 41300 137287 1008 1915 8859 1089 8895 1152 1492 7220 2816
leaf_count=3201 7663 47159 2006 1650 3092 1564 1401 1961 28247 11839 42355 17343 252298 14534 13921 15423 58791 67620 14653 41300 137287 1008 1915 8859 1089 8895 1152 1492 7220 2816
internal_value=1.66688e-05 4.563e-06 0.000517764 0.000144335 0.000864706 0.00117374 0.000264505 0.00173285 -4.93946e-06 0.000114074 3.22005e-05 0.000215509 -2.22158e-05 9.87226e-05 -4.94635e-05 -6.9069e-06 -0.000330758 0.000103436 0.000141939 -6.22238e-05 0.000180548 0.000196596 0.000474017 0.000304215 0.000747149 0.000944041 1.04235e-05 0.00204787 0.000569657 0.000201307
internal_weight=819754 800417 19337 9313 10024 6617 3407 3525 787180 99784 87945 45590 687396 126395 561001 487281 73720 234983 219560 88459 204907 14929 37936 23393 14543 11476 3067 2581 13237 6017
internal_count=819754 800417 19337 9313 10024 6617 3407 3525 787180 99784 87945 45590 687396 126395 561001 487281 73720 234983 219560 88459 204907 14929 37936 23393 14543 11476 3067 2581 13237 6017
is_linear=0
shrinkage=0.08


Tree=57
num_leaves=31
num_cat=0
split_feature=1 1 2 3 3 2 3 3 3 1 2 3 2 3 3 1 3 2 1 2 2 3 1 3 2 3 3 1 1 1
split_gain=0.560564 0.579472 0.339829 0.786857 0.563228 0.30064 0.407191 0.273421 0.229131 0.225398 1.02966 0.582027 0.299881 0.512055 0.37365 0.358273 0.327684 0.278198 0.269848 0.748374 0.69472 0.519261 0.428767 0.36837 0.27563 0.738112 0.46163 0.429558 0.360559 0.35941
threshold=1.91745001077652 -1.8266999721527097 1.5000000000000002 1.0000000180025095e-35 1.5000000000000002 1.5000000000000002 1.5000000000000002 1.5000000000000002 1.5000000000000002 -0.86674499511718739 1.5000000000000002 1.0000000180025095e-35 2.5000000000000004 1.0000000180025095e-35 1.5000000000000002 -1.0697450041770933 1.5000000000000002 1.0000000180025095e-35 0.97230499982833873 1.0000000180025095e-35 1.5000000000000002 1.0000000180025095e-35 0.73063498735427868 1.0000000180025095e-35 2.5000000000000004 1.0000000180025095e-35 1.5000000000000002 -0.66707000136375416 0.5971449911594392 0.33780500292778021
decision_type=2 2 2 2 2 2 2 2 2 2 2 2 2 2 2 2 2 2 2 2 2 2 2 2 2 2 2 2 2 2
left_child=1 5 4 -4 -2 7 -7 -1 -5 10 11 17 14 -14 -12 16 -15 -3 19 21 23 -11 -23 -20 26 28 29 -28 -26 -21
right_child=2 9 3 8 -6 6 -8 -9 -10 18 12 -13 13 15 -16 -17 -18 -19 20 24 -22 22 -24 -25 25 -27 27 -29 -30 -31
leaf_value=0.0004866294581469649 0.00055513025108395986 -4.6122194708229478e-06 -0.00065919433504523243 0.00099187639844250234 -0.00074341337017505788 0.0003490355000641595 0.0019184289760242035 -0.00037265777896206497 0.0024146961153593592 -2.9739664943166722e-05 0.00054186953613487288 -0.00030340745539661127 -0.00020633851273195041 0.00071458337974256159 -0.00016350318802214956 0.00042209699422563537 0.0019043175919062699 0.00044347530517198851 0.00010893892890325403 -8.2686908249854341e-05 0.0004067682851788649 0.00028454669038945567 -0.00032879854206562551 -0.00025632884287892145 5.4218584046497554e-05 -0.00039072927693034566 -0.00053900101917974666 0.00014179907919531224 0.0010827210023812489 -0.00031856513088691392
leaf_weight=9024 9275 28097 1168 1284 2778 2407 1888 3214 1662 153090 12737 36145 2688 2513 7719 3738 3610 12957 40930 133309 30502 71590 8122 31094 12767 60207 6516 66121 2631 59927
leaf_count=9024 9275 28097 1168 1284 2778 2407 1888 3214 1662 153090 12737 36145 2688 2513 7719 3738 3610 12957 40930 133309 30502 71590 8122 31094 12767 60207 6516 66121 2631 59927
internal_value=3.71947e-06 -5.66441e-06 0.000470123 0.00109792 0.000255839 0.000463058 0.00103891 0.000260959 0.00179457 -1.5511e-05 9.05871e-05 -6.93033e-05 0.000464572 0.000772452 0.0002757 0.00103926 0.00141603 0.000136808 -3.2787e-05 -5.41308e-05 8.67666e-05 5.64744e-05 0.000222052 -4.87535e-05 -0.000129536 -0.000264318 -9.12082e-05 8.0727e-05 0.000229955 -0.000155838
internal_weight=819710 803543 16167 4114 12053 16533 4295 12238 2946 787010 110204 77199 33005 12549 20456 9861 6123 41054 676806 574280 102526 232802 79712 72024 341478 75605 265873 72637 15398 193236
internal_count=819710 803543 16167 4114 12053 16533 4295 12238 2946 787010 110204 77199 33005 12549 20456 9861 6123 41054 676806 574280 102526 232802 79712 72024 341478 75605 265873 72637 15398 193236
is_linear=0
shrinkage=0.08


Tree=58
num_leaves=31
num_cat=0
split_feature=1 0 1 0 2 0 0 1 2 0 2 1 1 1 0 1 2 1 1 0 1 0 0 0 2 1 0 1 0 1
split_gain=0.491661 0.585703 0.460516 0.399708 0.756888 0.382403 0.37584 0.842857 1.07628 0.344818 1.4961 0.715213 0.763439 0.720709 0.523504 0.457822 0.437828 1.44741 1.49737 1.22795 0.841112 0.707213 0.63222 0.613086 0.612269 0.642622 1.17003 2.18436 2.24671 2.16459
threshold=1.91745001077652 4.7154748439788827 -1.8266999721527097 1.3947499990463259 1.5000000000000002 1.8722299933433535 0.87617999315261852 -1.1080900430679319 1.5000000000000002 3.7575850486755376 1.5000000000000002 -0.33192001283168787 0.41397500038146978 1.3251599669456484 4.523980140686036 -0.034919999539852135 1.0000000180025095e-35 -1.0514999628067014 1.2086899876594546 1.2501950263977053 -0.29524999856948847 2.9707000255584721 2.9908800125122075 2.1673500537872319 2.5000000000000004 -0.40793499350547785 3.2546050548553471 0.68488499522209179 1.8852050304412844 0.69628500938415538
decision_type=2 2 2 2 2 2 2 2 2 2 2 2 2 2 2 2 2 2 2 2 2 2 2 2 2 2 2 2 2 2
left_child=2 5 3 -1 -5 -2 7 -4 -9 16 -11 -12 14 -14 15 -13 -8 22 19 20 -19 -20 23 -18 25 -21 27 28 -27 -28
right_child=1 -3 6 4 -6 -7 9 8 -10 10 11 12 13 -15 -16 -17 17 18 21 24 -22 -23 -24 -25 -26 26 29 -29 -30 -31
leaf_value=-0.00022694105040008684 -0.00072970272404875166 -0.001314457181967079 -0.00064605902435779089 0.0002931819110926339 0.0017553987657526818 0.00070266612653333775 4.2422853930246035e-05 0.00013684592849772385 0.001445375978022185 -7.0761726680802265e-05 0.0016901403218521375 0.00047954851555263427 0.0012527497078214781 -0.00028544483515925619 0.0013837728910241981 -0.00097229269287747526 0.00054972676170800532 0.001240794025901263 0.00011400078612077353 -0.00037498639359093719 7.8235433496250817e-06 0.00095425580823995152 0.0011413644803193212 -0.00015790118493791481 -0.00041905974802583978 -0.0005203467880042958 -0.00092149836903792108 -0.00057098427712928888 0.00033029277728344403 0.00061440063539942153
leaf_weight=4466 1306 1124 4707 9061 3021 13770 277667 12663 5896 59291 3850 2168 8646 2517 1191 3874 18022 6226 16783 63800 8211 10373 5934 13864 72679 24822 23087 33052 99642 7876
leaf_count=4466 1306 1124 4707 9061 3021 13770 277667 12663 5896 59291 3850 2168 8646 2517 1191 3874 18022 6226 16783 63800 8211 10373 5934 13864 72679 24822 23087 33052 99642 7876
internal_value=1.08936e-05 0.000447239 2.09488e-06 0.000419752 0.000658797 0.000578583 -6.68885e-06 0.000310058 0.000552552 -1.63401e-05 0.000139144 0.000698594 0.000491079 0.000905922 -0.000149167 -0.000451341 -3.49281e-05 -8.80422e-05 -0.000136659 -0.000182396 0.000539546 0.00043496 0.000383154 0.000242051 -0.00021447 -0.00015553 -8.12441e-05 7.12824e-06 0.000160649 -0.000530815
internal_weight=819589 16200 803389 16548 12082 15076 786841 23266 18559 763575 81537 22246 18396 11163 7233 6042 682038 404371 366551 339395 14437 27156 37820 31886 324958 252279 188479 157516 124464 30963
internal_count=819589 16200 803389 16548 12082 15076 786841 23266 18559 763575 81537 22246 18396 11163 7233 6042 682038 404371 366551 339395 14437 27156 37820 31886 324958 252279 188479 157516 124464 30963
is_linear=0
shrinkage=0.08


Tree=59
num_leaves=31
num_cat=0
split_feature=1 0 0 1 0 2 0 2 1 1 0 1 0 2 1 1 0 0 1 1 0 1 1 2 2 1 1 2 0 0
split_gain=0.419807 0.515209 0.472717 0.422138 0.626094 0.745448 0.45268 0.823118 1.23832 0.954828 0.983527 0.92545 0.454595 1.2286 0.719163 2.41879 1.7849 1.1113 0.712083 1.70604 0.675995 1.14555 0.656438 1.09216 0.750655 0.792922 0.62562 0.571654 0.55795 1.28906
threshold=1.8437100052833559 4.523980140686036 1.6880499720573428 -1.748679995536804 1.3947499990463259 2.5000000000000004 1.6437050104141238 1.5000000000000002 -0.29524999856948847 0.69628500938415538 0.75101500749588024 -1.327624976634979 3.5854150056838994 2.5000000000000004 -0.14055000245571134 0.39493499696254736 3.1833050251007085 1.7600449919700625 -0.32310499250888819 0.50270497798919689 3.3287749290466313 0.74265000224113475 -1.358114957809448 2.5000000000000004 2.5000000000000004 -0.91236498951911915 -0.52108499407768238 1.0000000180025095e-35 2.8171350955963139 2.1673500537872319
decision_type=2 2 2 2 2 2 2 2 2 2 2 2 2 2 2 2 2 2 2 2 2 2 2 2 2 2 2 2 2 2
left_child=3 2 -2 4 -1 -6 7 -5 11 10 -10 -9 14 18 22 16 17 -16 -14 -20 -17 -22 23 -8 -24 28 -15 -21 29 -26
right_child=1 -3 -4 6 5 -7 12 8 9 -11 -12 -13 13 26 15 20 -18 -19 19 27 21 -23 24 -25 25 -27 -28 -29 -30 -31
leaf_value=-0.00038431386711513854 -0.0011130158455679333 -0.00092524299047348421 0.00062298298266679777 -5.1490529504380683e-07 0.00045993844236595329 0.0024508540917233894 8.0572599978793847e-05 -0.00043680533474834467 0.0014392415506385243 0.001102576994774299 -0.00056376771777751674 0.0011536713295244893 0.00044702077864419633 0.0025063597359210954 -0.00066293146127805239 -0.00022513069452162942 -0.00037192826942459813 0.00045212121088541519 -0.00048476571728678879 -2.8976879980301174e-05 -0.0004849376910488791 0.00069960092660312548 -0.00014483537743321072 0.002062327047683598 0.0013154851982556479 -0.00081021644742253012 0.00068885604962434918 0.00057276245027882149 0.0016527340042477119 -0.0015178202357489781
leaf_weight=5176 1069 1742 16480 77754 13442 1322 16848 2748 1794 3880 12505 15825 20771 1377 6026 162819 23177 112769 35664 20043 8465 13652 184285 1990 1918 21851 10122 20376 1385 2214
leaf_count=5176 1069 1742 16480 77754 13442 1322 16848 2748 1794 3880 12505 15825 20771 1377 6026 162819 23177 112769 35664 20043 8465 13652 184285 1990 1918 21851 10122 20376 1385 2214
internal_value=1.81991e-05 0.000386977 0.000517234 9.30864e-06 0.000372784 0.000638209 1.97949e-08 0.000146949 0.00045893 -1.04471e-05 -0.000312464 0.00091835 -2.52513e-05 0.000124686 -5.43976e-05 2.19042e-05 0.000270266 0.000395559 3.18645e-05 -8.1475e-05 -0.000168759 0.000246234 -0.000162617 0.00028992 -0.000202895 -0.000593845 0.000906501 0.000274372 0.000263129 -0.000202651
internal_weight=819489 19291 17549 800198 19940 14764 780258 114506 36752 18179 14299 18573 665752 108353 557399 326908 141972 118795 96854 76083 184936 22117 230491 18838 211653 27368 11499 40419 5517 4132
internal_count=819489 19291 17549 800198 19940 14764 780258 114506 36752 18179 14299 18573 665752 108353 557399 326908 141972 118795 96854 76083 184936 22117 230491 18838 211653 27368 11499 40419 5517 4132
is_linear=0
shrinkage=0.08


Tree=60
num_leaves=31
num_cat=0
split_feature=0 2 3 2 0 2 2 3 3 0 2 0 0 3 0 3 0 2 3 0 0 3 0 3 0 0 2 3 0 0
split_gain=0.254032 0.905964 1.33436 0.51076 0.38073 0.582356 0.578936 0.910296 0.565703 0.529186 0.388429 0.373388 0.361838 0.281628 0.281036 0.238475 0.232034 0.311678 0.219833 0.721526 0.605407 0.262076 0.260982 0.210497 0.198432 0.189993 0.189759 0.210321 0.226817 0.189236
threshold=3.4116849899291997 2.5000000000000004 1.5000000000000002 1.5000000000000002 1.6741399765014651 1.5000000000000002 2.5000000000000004 1.0000000180025095e-35 1.0000000180025095e-35 3.2546050548553471 1.0000000180025095e-35 2.0004749298095708 3.217230081558228 1.0000000180025095e-35 2.6863999366760258 1.0000000180025095e-35 4.523980140686036 1.0000000180025095e-35 1.0000000180025095e-35 4.0425500869750985 3.8472249507904057 1.5000000000000002 3.5014650821685795 1.0000000180025095e-35 1.5796549916267397 4.1130049228668222 1.0000000180025095e-35 1.5000000000000002 2.6243550777435307 3.031194925308228
decision_type=2 2 2 2 2 2 2 2 2 2 2 2 2 2 2 2 2 2 2 2 2 2 2 2 2 2 2 2 2 2
left_child=4 2 3 15 5 13 7 10 -8 11 -6 -9 -12 -1 26 -2 -4 -18 19 -3 21 -20 -23 -5 -15 -25 -13 -28 -29 -10
right_child=1 18 16 23 6 -7 8 9 29 -11 12 14 -14 24 -16 -17 17 -19 20 -21 -22 22 -24 25 -26 -27 27 28 -30 -31
leaf_value=9.075129314414947e-05 0.00020132800545531152 0.00083001073323782056 -0.00045029056887611809 0.00092122782777599038 -5.0728162396304052e-05 0.00034283811487392904 0.00017376453314159199 -0.00012006447004525141 -0.00045881877509978421 -0.00033370483012697838 -0.00030250136168689208 0.00042534848403404769 0.00025200705510660228 -0.00028530352096123741 5.8774169752260917e-05 -9.3422433786380881e-05 -0.00053262765441766734 0.00048437213432108052 0.00090815070206074768 -0.0017051871537630762 0.0013960954052488869 0.00095319031387510595 -0.00043113081458643612 0.00011073270701818801 0.00025746805383880023 0.00098760173316060737 6.0885900239232014e-05 0.00027598640699739741 0.0010393686217265647 -7.8553566871110225e-05
leaf_weight=54213 51477 2397 33917 7162 145331 41022 14391 33357 45501 17450 90513 31300 8215 28659 77411 26669 3466 4348 2850 1026 5864 1178 3351 6295 5074 2112 37077 24891 2768 10265
leaf_count=54213 51477 2397 33917 7162 145331 41022 14391 33357 45501 17450 90513 31300 8215 28659 77411 26669 3466 4348 2850 1026 5864 1178 3351 6295 5074 2112 37077 24891 2768 10265
internal_value=-8.27112e-06 8.50264e-05 1.65413e-05 0.000184101 -2.9534e-05 9.39278e-05 -5.91041e-05 -2.69977e-05 -0.000273421 8.93587e-05 -0.000133912 0.000125057 -0.000256362 -2.21752e-05 0.000172198 0.000100738 -0.000359746 3.32688e-05 0.000641611 7.01179e-05 0.000789328 0.000307138 -7.10667e-05 0.000602525 -0.000203662 0.000331019 0.000263624 0.00018543 0.000352383 -0.000388822
internal_weight=819550 152112 135446 93715 667438 128968 538470 468313 70157 224254 244059 206804 98728 87946 173447 78146 41731 7814 16666 3423 13243 7379 4529 15569 33733 8407 96036 64736 27659 55766
internal_count=819550 152112 135446 93715 667438 128968 538470 468313 70157 224254 244059 206804 98728 87946 173447 78146 41731 7814 16666 3423 13243 7379 4529 15569 33733 8407 96036 64736 27659 55766
is_linear=0
shrinkage=0.08


Tree=61
num_leaves=31
num_cat=0
split_feature=0 1 1 2 0 2 1 1 2 1 0 1 0 0 0 1 2 2 1 2 1 0 2 1 0 1 1 1 1 2
split_gain=0.383744 1.63375 2.51383 0.97827 0.939354 0.650337 0.649947 0.627318 0.598027 0.574775 1.14498 0.937248 1.70812 1.26103 1.06072 1.03584 1.33329 1.11599 0.94575 0.728274 0.725698 1.09249 0.959667 0.756544 1.24888 0.695531 0.903383 0.532513 0.523126 1.28739
threshold=3.3158149719238286 -0.59735000133514393 0.6409749984741212 1.5000000000000002 4.523980140686036 1.5000000000000002 2.2850900888442998 2.5417549610137944 1.0000000180025095e-35 0.60791999101638805 1.7461850047111513 -0.12342000007629393 1.798830032348633 1.8112099766731264 3.0412950515747075 -1.4580650329589842 1.5000000000000002 1.5000000000000002 -0.58638501167297352 2.5000000000000004 -0.56418499350547779 1.3018200397491457 1.5000000000000002 -1.358114957809448 1.4559049606323244 -1.0697450041770933 -0.29524999856948847 -0.017509999684989449 1.352235019207001 2.5000000000000004
decision_type=2 2 2 2 2 2 2 2 2 2 2 2 2 2 2 2 2 2 2 2 2 2 2 2 2 2 2 2 2 2
left_child=6 3 4 -2 27 -6 9 8 -4 11 -11 13 -13 20 19 17 18 -15 -17 -14 22 -22 -1 24 -24 -18 -27 -3 -12 -30
right_child=1 2 7 -5 5 -7 -8 -9 -10 10 28 12 14 15 -16 16 25 -19 -20 -21 21 -23 23 -25 -26 26 -28 -29 29 -31
leaf_value=9.8791882129789282e-05 0.00041036049120688704 -0.00011718343222775595 0.00014077867737006148 0.0015728947572815023 0.00013670983986165185 0.001808866088908252 0.0010751552742464226 -0.0011463815315279119 0.00064011964339253909 0.00037039660705381417 -0.00036997851677590183 -0.00031662216168400106 0.00042453470405382854 -2.1024364754571251e-05 -0.0002132862315501508 -0.00033015953338256859 0.00011232924807195262 0.0013126425613754805 0.00010811024461546069 -0.00011734231164232622 0.00041660639488202999 -0.0005344540182572313 -0.00091724168398742731 0.0010842103833365788 0.0016249651979008933 -0.0008640838559740594 -8.0802911520379362e-05 -0.00054068752554513756 -0.00016768183695251433 0.0015457508546500246
leaf_weight=42277 18413 32289 27342 6190 6343 1945 3357 1678 34998 20420 92124 42390 112507 14698 25782 63175 8269 5525 62873 18481 12864 19369 3529 14154 1904 39584 12368 46176 25274 3157
leaf_count=42277 18413 32289 27342 6190 6343 1945 3357 1678 34998 20420 92124 42390 112507 14698 25782 63175 8269 5525 62873 18481 12864 19369 3529 14154 1904 39584 12368 46176 25274 3157
internal_value=-6.52198e-06 9.83926e-05 -2.43272e-07 0.000702849 -0.000280856 0.000529126 -3.50887e-05 0.000380025 0.000421111 -4.09057e-05 -0.000183568 -6.61972e-07 0.000133932 -8.98396e-05 0.000255761 -0.000200452 -0.00025949 0.000343338 -0.00011155 0.000348082 0.000152894 -0.000154891 0.00031326 0.000776173 -2.63229e-05 -0.000569144 -0.000677611 -0.000366412 -0.0002774 2.2579e-05
internal_weight=819455 175374 150771 24603 86753 8288 644081 64018 62340 640724 140975 499749 199160 300589 156770 206492 186269 20223 126048 130988 94097 32233 61864 19587 5433 60221 51952 78465 120555 28431
internal_count=819455 175374 150771 24603 86753 8288 644081 64018 62340 640724 140975 499749 199160 300589 156770 206492 186269 20223 126048 130988 94097 32233 61864 19587 5433 60221 51952 78465 120555 28431
is_linear=0
shrinkage=0.08


Tree=62
num_leaves=31
num_cat=0
split_feature=1 1 1 2 1 3 2 1 1 2 3 1 1 2 3 3 2 2 1 1 1 2 3 2 3 3 1 2 1 2
split_gain=0.29971 0.299273 0.27915 0.159334 0.23147 0.184934 0.132494 0.122103 0.453315 0.671758 0.459078 0.362174 0.330491 0.544002 0.433015 0.352534 0.311448 0.266033 0.24433 0.220893 0.212674 0.462164 0.315318 0.234844 0.569831 0.21109 0.709306 0.356829 0.210024 0.20659
threshold=-1.9179549813270567 2.0098299980163579 2.5417549610137944 1.0000000180025095e-35 -2.4603549242019649 1.0000000180025095e-35 1.0000000180025095e-35 0.25529499351978308 -0.070014998316764818 2.5000000000000004 1.5000000000000002 -0.017509999684989449 0.91235998272895824 1.5000000000000002 1.5000000000000002 1.0000000180025095e-35 1.0000000180025095e-35 1.0000000180025095e-35 0.88355499505996715 -0.017509999684989449 -0.8083449900150298 1.0000000180025095e-35 1.0000000180025095e-35 2.5000000000000004 1.5000000000000002 1.5000000000000002 1.3788350224494936 2.5000000000000004 -1.0697450041770933 1.5000000000000002
decision_type=2 2 2 2 2 2 2 2 2 2 2 2 2 2 2 2 2 2 2 2 2 2 2 2 2 2 2 2 2 2
left_child=3 7 6 5 -5 -1 -3 8 20 10 17 -12 14 15 16 -14 -9 -10 -16 -11 21 22 -2 24 -23 -15 -27 -28 -24 -22
right_child=1 2 -4 4 -6 -7 -8 12 9 19 11 -13 13 25 18 -17 -18 -19 -20 -21 29 23 28 -25 -26 26 27 -29 -30 -31
leaf_value=0.00048184897078917577 2.6901220757337986e-05 0.00028490402274115872 -0.00025775227765267264 -0.00016741261189333863 0.00088596644970057221 -0.00040779258493697172 0.00087828021726307868 -5.9507691460387758e-05 0.00027761877225831175 0.00034091216879887854 0.0013281383882582051 0.00041415288665825077 8.5016444473951866e-05 0.00047100249805339804 0.00013971632297912255 -0.00024714243197991917 -0.00028925541946262466 -7.214878903774784e-06 -0.00091732410070085397 -0.00046532550728451436 -2.5868022672159808e-05 0.00027761103025074368 -0.00057402888637546909 0.00046897239088329053 -0.00025785921886038298 -0.00034794023763277151 0.00021630748604097464 0.0016133643853695515 -5.0393590599261848e-05 -0.00018717363593924512
leaf_weight=3250 32406 4648 3324 1765 5481 2770 4998 72075 43444 2595 3338 16443 47496 21755 42637 35912 79323 40597 1447 13434 157594 40602 12751 14517 18521 8958 2519 2185 7964 74997
leaf_count=3250 32406 4648 3324 1765 5481 2770 4998 72075 43444 2595 3338 16443 47496 21755 42637 35912 79323 40597 1447 13434 157594 40602 12751 14517 18521 8958 2519 2185 7964 74997
internal_value=-4.90428e-07 -6.69446e-06 0.000374488 0.000376671 0.000629382 7.24956e-05 0.000592357 -1.29249e-05 1.24903e-05 0.000147222 0.000221641 0.000568386 -5.16739e-05 5.35447e-05 -0.000115632 -5.79973e-05 -0.000179881 0.000140027 0.00010502 -0.0003348 -3.24453e-05 5.09211e-05 -0.000128932 0.00018066 0.000109868 0.000316229 6.97724e-05 0.000865238 -0.000372714 -7.78797e-05
internal_weight=819746 806480 12970 13266 7246 6020 9646 793510 479203 119851 103822 19781 314307 118825 195482 83408 151398 84041 44084 16029 359352 126761 53121 73640 59123 35417 13662 4704 20715 232591
internal_count=819746 806480 12970 13266 7246 6020 9646 793510 479203 119851 103822 19781 314307 118825 195482 83408 151398 84041 44084 16029 359352 126761 53121 73640 59123 35417 13662 4704 20715 232591
is_linear=0
shrinkage=0.08


Tree=63
num_leaves=31
num_cat=0
split_feature=1 1 0 0 1 0 1 0 0 1 3 1 0 1 0 0 1 1 1 1 3 1 1 0 1 3 1 0 1 1
split_gain=0.300564 0.292159 0.467283 0.296749 0.453227 0.310019 0.839462 0.716261 0.958649 0.829269 0.583519 0.991934 1.45431 1.40967 1.16537 0.93471 0.580566 0.566481 0.586947 0.489829 0.452437 0.389487 0.933016 0.381916 0.377779 0.380323 0.350267 0.331252 0.32253 0.304543
threshold=-1.9179549813270567 1.91745001077652 4.4493649005889901 0.67178499698638927 -0.97958502173423756 2.2548649311065678 -0.76716500520706166 1.9673299789428713 1.3947499990463259 -0.91236498951911915 1.5000000000000002 -0.50982502102851857 1.7600449919700625 0.66334000229835521 1.3018200397491457 1.6741399765014651 1.0382149815559389 0.75447499752044689 1.3788350224494936 -0.44781500101089472 1.5000000000000002 1.0000000180025095e-35 0.10368499904870988 1.4155600070953371 0.49272499978542333 1.0000000180025095e-35 -0.94593498110771168 1.8362749814987185 0.7778649926185609 -1.0328249931335447
decision_type=2 2 2 2 2 2 2 2 2 2 2 2 2 2 2 2 2 2 2 2 2 2 2 2 2 2 2 2 2 2
left_child=-1 3 -3 4 -2 6 7 8 9 -5 15 14 28 21 -12 17 24 19 23 -8 26 -14 -23 -19 25 -17 -9 29 -13 -10
right_child=1 2 -4 5 -6 -7 10 20 27 -11 11 12 13 -15 -16 16 -18 18 -20 -21 -22 22 -24 -25 -26 -27 -28 -29 -30 -31
leaf_value=0.00038672683321181811 -0.00035375102237092024 0.00048757227348510129 -0.00089484307592673103 -0.00041144013388562731 0.00064008634600297193 2.6200843515005227e-05 0.00047836560875205247 0.00022639712736476753 0.00054958218397591443 0.00097007127005941968 0.0010349320666728091 -0.0010512490281108702 0.00016405660310529326 -0.00099274051871902193 -0.0019434587967856153 -0.00036650634917380749 0.00031797473511528104 0.00047900692727985075 -0.00054906080476541412 -8.5283018640133805e-05 -0.0010072473252543727 0.0029331543602460976 0.00058332094164348901 0.001604979250717489 -0.00061608127855836538 1.1153745149530248e-05 -0.00067327489876333857 0.00017076918433120731 -6.7264356062981886e-05 0.0011769666774383845
leaf_weight=13274 4112 14514 1754 13638 10275 506983 12851 9437 12838 3493 1024 11760 6554 4717 4699 44867 10576 4009 1900 42503 4003 1326 5863 3714 19943 27542 3920 7466 2604 8061
leaf_count=13274 4112 14514 1754 13638 10275 506983 12851 9437 12838 3493 1024 11760 6554 4717 4699 44867 10576 4009 1900 42503 4003 1326 5863 3714 19943 27542 3920 7466 2604 8061
internal_value=9.1419e-06 2.93075e-06 0.000338522 -3.97395e-06 0.000356034 -1.0646e-05 -8.00116e-05 0.000175966 0.000342783 -0.000129751 -0.000157946 -0.000438647 -0.000269193 0.000200533 -0.00141054 -9.35037e-05 -0.000243476 0.000144062 0.000710591 4.55738e-05 -0.000261218 0.0006101 0.00101674 0.00102049 -0.000307772 -0.000222857 -3.76378e-05 0.000628169 -0.000872866 0.000791572
internal_weight=820220 806946 16268 790678 14387 776291 269308 62856 45496 17131 206452 38547 32824 18460 5723 167905 102928 64977 9623 55354 17360 13743 7189 7723 92352 72409 13357 28365 14364 20899
internal_count=820220 806946 16268 790678 14387 776291 269308 62856 45496 17131 206452 38547 32824 18460 5723 167905 102928 64977 9623 55354 17360 13743 7189 7723 92352 72409 13357 28365 14364 20899
is_linear=0
shrinkage=0.08


Tree=64
num_leaves=31
num_cat=0
split_feature=1 2 3 1 2 2 3 3 3 1 1 2 1 1 1 1 1 1 3 1 1 1 1 3 1 3 1 3 3 1
split_gain=0.265626 0.695583 0.463874 0.274337 0.967178 0.868006 0.70883 0.674472 0.194426 0.19131 0.167311 0.186458 0.147927 0.448965 0.459523 0.291693 0.219339 0.318121 0.39808 0.200841 0.192987 0.191639 0.184493 0.280816 0.276621 0.207245 0.176733 0.23916 0.216872 0.370265
threshold=0.91235998272895824 1.5000000000000002 1.0000000180025095e-35 -0.8083449900150298 1.5000000000000002 1.5000000000000002 1.5000000000000002 1.0000000180025095e-35 1.0000000180025095e-35 2.1327749490737919 -2.193194985389709 1.0000000180025095e-35 0.30093999207019811 0.11249499768018724 0.16599000245332721 0.17466999590396884 0.35660000145435339 0.39493499696254736 1.5000000000000002 0.042975001037120826 0.49272499978542333 0.29182499647140508 0.5971449911594392 1.0000000180025095e-35 0.85535499453544628 1.5000000000000002 0.0082950000651180762 1.5000000000000002 1.5000000000000002 -0.1582049950957298
decision_type=2 2 2 2 2 2 2 2 2 2 2 2 2 2 2 2 2 2 2 2 2 2 2 2 2 2 2 2 2 2
left_child=3 2 9 5 6 7 8 10 -5 -2 -1 -12 13 19 -15 -16 -14 18 -18 26 -19 -17 25 24 -24 -22 28 -28 29 -6
right_child=1 -3 -4 4 12 -7 -8 -9 -10 -11 11 -13 16 14 15 21 17 20 -20 -21 22 -23 23 -25 -26 -27 27 -29 -30 -31
leaf_value=0.00082777640927591536 9.7448463709273405e-05 0.00038657052791719675 -0.00022070830029039944 -6.5476757450093337e-05 9.295948534152351e-06 0.00038371167618986312 0.00028439722336536465 -0.00027304262974424035 6.9498265727567735e-05 0.00069546824364589098 1.0654935605224264e-05 0.00034422141859802573 -0.00075228635177838562 0.00075132922957971691 -0.0013620524671428449 -4.5191909465948658e-05 -0.00019111973948462906 -0.00061487292440446793 0.0014154572988138432 -0.00059541491415162425 -0.00022561391137455514 0.0010938702813600828 -0.00013045695741469742 -0.00050069095391439325 0.0012238025736811366 0.00050267887445582156 -0.00016479167679089656 0.0010716798057880876 -0.00037407585975609246 -0.00049393298829674272
leaf_weight=2206 48967 38568 40564 213893 38915 41497 56939 46689 100343 3681 34033 15660 6326 6311 1025 13584 2622 10501 1583 8565 6450 1016 5983 18982 1151 4084 2575 1638 33249 12320
leaf_count=2206 48967 38568 40564 213893 38915 41497 56939 46689 100343 3681 34033 15660 6326 6311 1025 13584 2622 10501 1583 8565 6450 1016 5983 18982 1151 4084 2575 1638 33249 12320
internal_value=-3.21633e-06 0.000100836 -1.73908e-05 -2.31426e-05 -4.86801e-05 7.67677e-05 2.46836e-05 -5.24292e-05 -2.2376e-05 0.00013926 0.000146038 0.000115773 -0.000202631 -0.000151737 0.000175192 -5.75116e-05 -0.0003078 -0.000253048 0.000413687 -0.000225471 -0.000312509 3.40743e-05 -0.000225875 -0.00033987 8.80394e-05 5.6743e-05 -0.000189748 0.000315944 -0.000214966 -0.000111711
internal_weight=819920 131780 93212 688140 548055 140085 371175 98588 314236 52648 51899 49693 176880 119198 21936 15625 57682 51356 4205 97262 47151 14600 36650 26116 7134 10534 88697 4213 84484 51235
internal_count=819920 131780 93212 688140 548055 140085 371175 98588 314236 52648 51899 49693 176880 119198 21936 15625 57682 51356 4205 97262 47151 14600 36650 26116 7134 10534 88697 4213 84484 51235
is_linear=0
shrinkage=0.08


Tree=65
num_leaves=31
num_cat=0
split_feature=1 1 2 3 2 3 1 1 3 1 3 2 1 2 1 3 2 1 3 1 1 1 3 1 1 2 3 2 2 3
split_gain=0.196989 0.217643 0.743012 0.408468 0.28805 0.274767 0.719954 0.61675 0.352924 0.188933 0.217784 0.219252 0.199363 0.178955 0.431339 0.212146 0.212033 0.197946 0.192828 0.179278 0.174161 0.173283 0.170237 0.164387 0.154624 0.147265 0.143157 0.258717 0.209718 0.125154
threshold=-1.9179549813270567 0.91235998272895824 2.5000000000000004 1.0000000180025095e-35 1.0000000180025095e-35 1.0000000180025095e-35 1.3000449538230898 1.2086899876594546 1.5000000000000002 0.26465499401092535 1.5000000000000002 1.5000000000000002 0.88355499505996715 1.0000000180025095e-35 1.7208549976348879 1.5000000000000002 1.5000000000000002 1.1880750060081484 1.5000000000000002 1.2303000092506411 0.74265000224113475 1.1291350126266482 1.0000000180025095e-35 0.60791999101638805 2.1327749490737919 1.0000000180025095e-35 1.0000000180025095e-35 2.5000000000000004 2.5000000000000004 1.5000000000000002
decision_type=2 2 2 2 2 2 2 2 2 2 2 2 2 2 2 2 2 2 2 2 2 2 2 2 2 2 2 2 2 2
left_child=-1 9 3 4 21 6 -4 8 -7 -2 11 -11 25 17 15 19 18 -5 -16 -15 23 -3 -22 -13 -23 -12 27 -25 -28 -9
right_child=1 2 5 13 -6 7 -8 29 -10 10 12 20 -14 14 16 -17 -18 -19 -20 -21 22 24 -24 26 -26 -27 28 -29 -30 -31
leaf_value=0.00029567818078873534 -6.8015521052802006e-06 0.00027045659096609873 0.0010412819236115388 -2.1565918402138672e-06 0.00038124532560564862 0.00091412339070574692 -0.0013134913723838559 0.00086915463797498341 -0.00040759860303803223 -8.9464607908162322e-05 0.00040640269850644072 -0.00029273163959258231 -0.00086086457312733262 -0.00021825148207851733 0.00071683210098032895 -0.00040814553383242532 0.0010555743643772266 -0.00051651377530791793 -0.00038418438941481933 0.00032729053014001321 0.00042559771708427238 -0.00016675630648478265 -0.00031094083919589837 -0.00080813224477142647 0.00046879880654138731 1.8238408052177077e-05 -0.00058507552856304512 0.0007125948098162324 -0.0017520304237909831 0.0015729326986581805
leaf_weight=13260 482650 11970 1809 7484 22523 2199 1537 2711 3138 110861 7636 22697 1465 8556 2007 13226 2876 13295 2066 7017 3622 22790 4508 2303 2745 34595 2534 1039 1613 4008
leaf_count=13260 482650 11970 1809 7484 22523 2199 1537 2711 3138 110861 7636 22697 1465 8556 2007 13226 2876 13295 2066 7017 3622 22790 4508 2303 2745 34595 2534 1039 1613 4008
internal_value=-1.01676e-05 -1.519e-05 7.87823e-05 9.77508e-06 0.000155105 0.000600997 -4.03937e-05 0.000779007 0.000136989 -3.35466e-05 -0.000100474 -0.000146483 5.65974e-05 -0.000144556 -3.6033e-05 -0.000172537 0.000529686 -0.000331257 0.000158349 2.7563e-05 -0.000311454 1.92999e-05 1.71948e-05 -0.000399969 -9.84344e-05 8.84244e-05 -0.000724977 -0.000335351 -0.00103897 0.00128897
internal_weight=820740 807480 131957 116555 60028 15402 3346 12056 5337 675523 192873 149177 43696 56527 35748 28799 6949 20779 4073 15573 38316 37505 8130 30186 25535 42231 7489 3342 4147 6719
internal_count=820740 807480 131957 116555 60028 15402 3346 12056 5337 675523 192873 149177 43696 56527 35748 28799 6949 20779 4073 15573 38316 37505 8130 30186 25535 42231 7489 3342 4147 6719
is_linear=0
shrinkage=0.08


Tree=66
num_leaves=31
num_cat=0
split_feature=0 3 2 0 2 3 2 0 2 2 3 0 2 3 0 2 3 2 0 3 0 0 0 3 0 2 0 3 0 0
split_gain=0.194074 0.721707 0.558878 0.395289 1.68997 0.38735 0.303862 0.275373 0.441395 0.244484 0.234923 0.225883 0.541265 0.628298 0.424434 0.406754 0.355508 0.307829 0.329404 0.292475 0.238814 0.229688 0.215396 0.210221 0.389553 1.3104 0.207753 0.269241 0.200136 0.188618
threshold=3.3158149719238286 1.5000000000000002 1.5000000000000002 4.3302948474884042 2.5000000000000004 1.0000000180025095e-35 1.0000000180025095e-35 4.2789301872253427 2.5000000000000004 2.5000000000000004 1.0000000180025095e-35 1.7028499841690066 2.5000000000000004 1.0000000180025095e-35 3.2669749259948735 1.0000000180025095e-35 1.0000000180025095e-35 1.0000000180025095e-35 1.3727650046348574 1.0000000180025095e-35 2.0004749298095708 3.217230081558228 0.97341999411582958 1.5000000000000002 1.3727650046348574 2.5000000000000004 2.6692450046539311 1.5000000000000002 1.7461850047111513 3.7575850486755376
decision_type=2 2 2 2 2 2 2 2 2 2 2 2 2 2 2 2 2 2 2 2 2 2 2 2 2 2 2 2 2 2
left_child=11 2 5 -3 6 -2 -5 9 -9 10 -4 17 13 15 20 -13 -14 18 19 -1 -15 -17 -19 -24 25 -25 -22 -28 -18 -7
right_child=1 3 7 4 -6 29 -8 8 -10 -11 -12 12 16 14 -16 21 28 22 -20 -21 26 -23 23 24 -26 -27 27 -29 -30 -31
leaf_value=-8.4041742691437732e-05 0.00020923593177702226 -0.00027414383053293189 0.00074897415869958615 -0.0005635717892025267 0.003016390221510038 -0.00032996958721771781 0.0002855228316234072 0.00049603931740785302 -0.0012493358332763089 0.00094835777989785771 0.00012426859147127693 -1.4975512085665306e-05 0.00011086024243430866 -9.790386011327005e-05 -0.00060679973617261298 -0.00025853815352146827 -0.001430021574209596 0.00041131280471190561 0.00014363908429833652 -0.00062188361991820623 0.00022451053173604474 0.00033641321712224844 0.00019303810216754228 -0.00048708797875804752 -0.00045294381779184718 0.001796362243275753 -7.1693302058793105e-05 0.00022383265022979458 -0.00032721625520923977 6.5452355058483817e-05
leaf_weight=21141 60210 43606 7184 4712 1259 15996 6309 2687 1416 8477 8308 137722 13457 30997 5477 89504 1075 18634 24889 9325 93354 4355 44283 4543 10174 2490 48027 33487 51914 14923
leaf_count=21141 60210 43606 7184 4712 1259 15996 6309 2687 1416 8477 8308 137722 13457 30997 5477 89504 1075 18634 24889 9325 93354 4355 44283 4543 10174 2490 48027 33487 51914 14923
internal_value=1.2789e-06 7.59729e-05 0.000187186 -0.000161237 0.000239695 9.10429e-05 -7.75054e-05 0.00049929 -0.000106313 0.000602957 0.000413959 -1.90018e-05 -4.34205e-05 -1.14795e-05 8.82601e-05 -0.000102502 -0.000256336 7.28069e-05 -7.22746e-05 -0.000248664 0.000106752 -0.000230933 0.000173039 0.000100832 -0.000136465 0.000321357 0.000143029 4.97126e-05 -0.000349589 -0.00013912
internal_weight=819935 175087 119201 55886 12280 91129 11021 28072 4103 23969 15492 644848 509369 442923 211342 231581 66446 135479 55355 30466 205865 93859 80124 61490 17207 7033 174868 81514 52989 30919
internal_count=819935 175087 119201 55886 12280 91129 11021 28072 4103 23969 15492 644848 509369 442923 211342 231581 66446 135479 55355 30466 205865 93859 80124 61490 17207 7033 174868 81514 52989 30919
is_linear=0
shrinkage=0.08


Tree=67
num_leaves=31
num_cat=0
split_feature=1 2 3 2 2 1 2 3 3 2 2 3 3 2 3 1 1 1 1 1 1 3 2 2 1 2 1 1 3 1
split_gain=0.205546 0.303157 0.207153 0.362523 0.255557 0.1994 0.408873 0.204956 0.172876 0.453988 0.194021 0.165688 0.112569 0.231161 0.0810372 0.0609087 0.0699201 0.074236 0.0587658 0.0751024 0.0513114 0.281181 0.418144 0.227767 0.416431 0.136886 0.360051 0.348214 0.387541 0.314452
threshold=1.8437100052833559 1.0000000180025095e-35 1.0000000180025095e-35 2.5000000000000004 1.5000000000000002 -1.6286799907684324 1.0000000180025095e-35 1.5000000000000002 1.0000000180025095e-35 2.5000000000000004 1.5000000000000002 1.5000000000000002 1.5000000000000002 1.5000000000000002 1.5000000000000002 2.0098299980163579 2.5417549610137944 2.2850900888442998 -2.0247749090194698 -2.4603549242019649 0.91235998272895824 1.5000000000000002 1.5000000000000002 2.5000000000000004 1.4673249721527102 1.0000000180025095e-35 -1.0146600008010862 -1.0697450041770933 1.0000000180025095e-35 -0.078710000962018953
decision_type=2 2 2 2 2 2 2 2 2 2 2 2 2 2 2 2 2 2 2 2 2 2 2 2 2 2 2 2 2 2
left_child=5 11 4 12 -3 6 7 18 10 14 -8 15 -4 -14 -10 -2 17 -17 19 -1 25 22 -22 -23 -25 27 -27 -7 -29 -30
right_child=1 2 3 -5 -6 20 8 -9 9 -11 -12 -13 13 -15 -16 16 -18 -19 -20 -21 21 23 -24 24 -26 26 -28 28 29 -31
leaf_value=-0.00023630073619743783 -0.00023998202695157313 0.00062295944671634964 0.00089461856855996605 0.0019290235090747843 -0.00078903663441082976 -0.0002630890832627264 0.00049160773915152864 -0.00083603881252762666 0.00067856236456942734 0.0017476265543380266 -0.00057978374083539753 -0.00079840313792496067 -0.00046188973551426711 0.0010206748728039954 0.00017218735987336149 0.00015831455631843566 -0.00027827064666976825 0.00090002094297387061 -0.00013883429135265766 0.00053067746656295853 1.7123415136471722e-06 -0.0003302504712308687 0.00041377617008149341 -0.00012288666214909828 0.0014494725456756566 0.00016673827760627132 -8.3680751300757309e-05 -2.6900563946149141e-05 2.439912817912004e-05 0.00033476834321234097
leaf_weight=1241 2539 2008 2482 1458 1387 25767 2792 2232 3732 2006 1766 1672 1623 1150 4416 2569 1261 1301 6013 2392 65488 19984 20756 4926 1380 41036 351491 159702 40219 43475
leaf_count=1241 2539 2008 2482 1458 1387 25767 2792 2232 3732 2006 1766 1672 1623 1150 4416 2569 1261 1301 6013 2392 65488 19984 20756 4926 1380 41036 351491 159702 40219 43475
internal_value=-5.23764e-06 0.000251727 0.000555362 0.000812914 4.60998e-05 -1.14787e-05 0.000203929 -0.000145203 0.000485806 0.00066954 7.64964e-05 -7.68044e-05 0.000503249 0.00015295 0.000404121 8.04985e-05 0.000239084 0.000407658 1.46507e-05 0.000268685 -1.88767e-05 3.10633e-05 0.000100882 -0.000197976 0.000221207 -2.737e-05 -5.75012e-05 1.65709e-05 4.6177e-05 0.000185621
internal_weight=820264 19450 10108 6713 3395 800814 26590 11878 14712 10154 4558 9342 5255 2773 8148 7670 5131 3870 9646 3633 774224 112534 86244 26290 6306 661690 392527 269163 243396 83694
internal_count=820264 19450 10108 6713 3395 800814 26590 11878 14712 10154 4558 9342 5255 2773 8148 7670 5131 3870 9646 3633 774224 112534 86244 26290 6306 661690 392527 269163 243396 83694
is_linear=0
shrinkage=0.08


Tree=68
num_leaves=31
num_cat=0
split_feature=0 1 1 3 0 0 1 0 1 3 0 1 0 1 3 3 1 0 0 0 3 1 3 1 0 0 1 0 3 1
split_gain=0.177625 1.39946 2.25212 2.46255 1.19191 0.797316 0.771608 1.41972 0.760517 0.646734 0.501254 0.412585 0.866304 0.758386 0.966212 0.58165 2.58745 2.80456 2.37545 1.85073 1.04957 1.03053 0.915802 0.686647 0.836726 0.689784 0.66994 0.642797 0.817032 0.7433
threshold=3.3034549951553349 -0.71593499183654774 0.56529501080513012 1.5000000000000002 3.6949000358581547 4.7154748439788827 -0.16760500520467755 3.4555850028991704 2.5417549610137944 1.5000000000000002 3.6189699172973637 0.6409749984741212 1.8852050304412844 1.352235019207001 1.5000000000000002 1.0000000180025095e-35 -0.52108499407768238 1.8852050304412844 1.8722299933433535 2.6692450046539311 1.5000000000000002 -1.4580650329589842 1.5000000000000002 -0.78109499812126149 1.2501950263977053 1.4359849691390993 -0.27666500210762018 2.7504100799560551 1.5000000000000002 -0.70328500866889943
decision_type=2 2 2 2 2 2 2 2 2 2 2 2 2 2 2 2 2 2 2 2 2 2 2 2 2 2 2 2 2 2
left_child=11 9 3 4 -3 6 -5 -8 -4 10 -2 15 -13 -14 -15 23 18 -18 -17 22 -21 -20 -19 25 -25 -1 -22 28 -23 -30
right_child=1 2 8 5 -6 -7 7 -9 -10 -11 -12 12 13 14 -16 16 17 19 21 20 26 27 -24 24 -26 -27 -28 -29 29 -31
leaf_value=-0.00034290388844745008 0.00087016830972239763 -0.00034760148500020266 0.00035959623304102935 -0.00045773411343057581 0.00036982728576579946 0.00047004235359810912 0.00015992117669439307 -0.0017360766537368353 -0.0013645963955695032 0.0012666673810111961 -0.00014693614083453109 0.00026565053789546182 -0.00037512404378980924 0.00034134749744486973 -0.00075763448018604878 0.00029939569717773502 -0.0002880336092952534 0.0005241613687597443 0.00018293061662608934 -0.00018007761570516535 -0.00031701210323314239 -0.00052301529065174491 0.0011310609850644433 0.00038901541400388102 -0.00021059622853170895 0.00030550642969963594 0.0007520867150963824 -0.00026606399264195022 -0.0016303624880696277 -0.00039078352745765239
leaf_weight=13662 5886 30281 69091 9305 29028 2457 3130 13133 1677 7714 6554 25941 80790 23100 6578 35419 40265 40024 11233 30014 4702 20658 26415 16332 169210 45369 18553 17836 11295 4265
leaf_count=13662 5886 30281 69091 9305 29028 2457 3130 13133 1677 7714 6554 25941 80790 23100 6578 35419 40265 40024 11233 30014 4702 20658 26415 16332 169210 45369 18553 17836 11295 4265
internal_value=-7.29741e-06 6.33486e-05 -1.66829e-05 -0.000288479 3.53447e-06 -0.000906464 -0.00103874 -0.00137117 0.000318738 0.000691171 0.000334308 -2.69231e-05 -0.000150383 -0.00024808 9.77629e-05 6.40887e-06 8.95504e-05 0.000289526 -0.000228114 0.000483794 0.000132498 -0.000514294 0.000765454 -8.22078e-05 -0.000157816 0.00015544 0.000535922 -0.000659185 -0.000852783 -0.00129059
internal_weight=819917 178256 158102 87334 59309 28025 25568 16263 70768 20154 12440 641661 136409 110468 29678 505252 260679 159973 100706 119708 53269 65287 66439 244573 185542 59031 23255 54054 36218 15560
internal_count=819917 178256 158102 87334 59309 28025 25568 16263 70768 20154 12440 641661 136409 110468 29678 505252 260679 159973 100706 119708 53269 65287 66439 244573 185542 59031 23255 54054 36218 15560
is_linear=0
shrinkage=0.08


Tree=69
num_leaves=31
num_cat=0
split_feature=1 0 0 0 1 3 1 1 0 0 3 0 0 1 1 0 0 1 0 1 1 0 3 0 1 3 0 0 3 0
split_gain=0.197813 0.498573 0.192226 0.173817 0.563225 0.321914 0.3094 0.18958 1.48901 1.03273 1.84128 1.14922 0.638114 0.670855 0.491107 0.982646 0.892098 0.485591 0.478522 2.50174 1.17532 2.64066 2.85277 1.50867 0.726663 0.69468 1.84998 1.68139 0.791336 1.19124
threshold=2.1327749490737919 4.2789301872253427 2.0753901004791264 4.2789301872253427 1.3000449538230898 1.5000000000000002 -1.1080900430679319 -0.85156500339508046 3.1602449417114262 2.1673500537872319 1.5000000000000002 1.3727650046348574 1.2501950263977053 -0.27666500210762018 -0.59735000133514393 3.2783350944519047 1.658895015716553 -1.2207499742507932 2.9309849739074711 0.81671500205993663 0.69628500938415538 2.1169149875640874 1.5000000000000002 1.7461850047111513 0.35660000145435339 1.0000000180025095e-35 3.2669749259948735 3.5854150056838994 1.5000000000000002 3.6559150218963627
decision_type=2 2 2 2 2 2 2 2 2 2 2 2 2 2 2 2 2 2 2 2 2 2 2 2 2 2 2 2 2 2
left_child=3 2 -2 7 6 -6 -5 8 9 11 17 -1 13 -9 15 16 -14 -11 20 25 21 -16 -23 -22 -24 27 -27 -20 -28 -30
right_child=1 -3 -4 4 5 -7 -8 12 -10 10 -12 -13 14 -15 18 -17 -18 -19 19 -21 23 22 24 -25 -26 26 28 -29 29 -31
leaf_value=-0.00028439838418598245 -0.000395754589480863 -0.0010039821675475605 0.0007490930778015787 -0.00095179144229429918 -0.001146882502349521 0.00019866156718089398 0.00037536887078126405 0.00069400912490768369 0.00074502858734715291 0.00030117254845901615 -0.0011376582104870986 0.00042873678226818099 0.00040911711724322529 1.1405350138586439e-05 -0.00021650037089934981 0.00049715418871199056 -0.00056953880219988093 -0.00029737227413485253 -0.00038164520128732129 0.00029949211454373593 0.0006014851382201503 0.00013109825841829516 0.00076368953292348248 -0.0003710192780259858 0.0016582191806126681 1.2990902021167004e-05 -0.00044383721308462242 0.0004961775414756473 -0.0005380677651273182 -0.0016191847284179424
leaf_weight=22832 1085 1478 6958 1178 2954 1851 24627 14741 17588 15977 13042 39453 6962 24578 101827 8643 41468 18980 46917 59870 11814 124451 25405 75157 7536 31728 25110 19883 13184 12910
leaf_count=22832 1085 1478 6958 1178 2954 1851 24627 14741 17588 15977 13042 39453 6962 24578 101827 8643 41468 18980 46917 59870 11814 124451 25405 75157 7536 31728 25110 19883 13184 12910
internal_value=-1.60395e-05 0.000346488 0.000594653 -2.02972e-05 0.000166705 -0.000628547 0.000314784 -2.76353e-05 6.14325e-05 -4.75868e-05 -0.000326457 0.000167321 -4.50986e-05 0.000267319 -6.51421e-05 -0.000288621 -0.000428853 -2.3809e-05 -4.21936e-05 -0.000137593 1.55662e-05 0.000100948 0.000306325 -0.000238916 0.000968333 -0.00031236 -0.000467011 -0.000120362 -0.000764439 -0.00107295
internal_weight=820187 9521 8043 810666 30610 4805 25805 780056 127872 110284 47999 62285 652184 39319 612865 57073 48430 34957 555792 209602 346190 259219 157392 86971 32941 149732 82932 66800 51204 26094
internal_count=820187 9521 8043 810666 30610 4805 25805 780056 127872 110284 47999 62285 652184 39319 612865 57073 48430 34957 555792 209602 346190 259219 157392 86971 32941 149732 82932 66800 51204 26094
is_linear=0
shrinkage=0.08


Tree=70
num_leaves=31
num_cat=0
split_feature=1 1 1 1 2 1 2 3 1 3 2 1 1 3 1 1 3 2 3 3 2 1 1 2 1 1 3 1 1 2
split_gain=0.166932 0.175998 0.154388 0.151595 0.125012 0.0944614 0.291868 0.154209 0.15051 0.121884 0.264315 0.191266 0.114776 0.272109 0.112819 0.111711 0.14492 0.111508 0.637395 0.120041 0.100127 0.18001 0.112262 0.0900757 0.0930316 0.0855136 0.0978737 0.145188 0.123586 0.0726092
threshold=2.1327749490737919 2.5417549610137944 -2.0247749090194698 -2.4603549242019649 1.0000000180025095e-35 0.97230499982833873 1.5000000000000002 1.0000000180025095e-35 0.65214499831199657 1.0000000180025095e-35 2.5000000000000004 0.75447499752044689 1.1291350126266482 1.0000000180025095e-35 1.0908250212669375 0.88355499505996715 1.5000000000000002 2.5000000000000004 1.0000000180025095e-35 1.5000000000000002 1.0000000180025095e-35 1.1291350126266482 1.1880750060081484 1.5000000000000002 0.73063498735427868 0.6741049885749818 1.5000000000000002 0.73063498735427868 0.76607000827789318 1.0000000180025095e-35
decision_type=2 2 2 2 2 2 2 2 2 2 2 2 2 2 2 2 2 2 2 2 2 2 2 2 2 2 2 2 2 2
left_child=2 29 3 -1 -5 8 7 20 -4 10 11 23 13 -8 -15 25 -17 19 -19 -14 21 -7 -22 24 -10 -11 -27 -28 -29 -2
right_child=1 -3 5 4 -6 6 12 -9 9 15 -12 -13 17 14 -16 16 -18 18 -20 -21 22 -23 -24 -25 -26 26 27 28 -30 -31
leaf_value=-0.00013138135922105229 0.00030072365865578229 -0.00014710020622991563 -1.0418468656055643e-05 0.00014011794690079864 0.00083479056806124168 0.00031208020217372357 0.00072483955469299923 -0.00015755640055830109 -0.00011925757550234752 -0.00053778927005725845 0.00082605249349266652 5.9363310808203671e-05 0.00037647673273872483 -8.2509264466118241e-05 -0.00088875248287247977 -0.00018186635011525434 -0.00079755791594673031 -0.0007024105149531965 0.0009137764504143969 -0.00011468130179699379 -5.9947214609471701e-05 -0.00012257583061343156 0.00043904756688111976 -0.00086299720176021867 -0.00068016951163566732 -0.00023556781789253311 0.00050039432809640522 -0.00064920072831308189 6.2106543710970565e-05 0.0008473623152471314
leaf_weight=3427 3064 3265 611390 3010 3691 8323 2476 33494 8668 3241 2200 23308 9383 4964 1431 5456 4436 1989 7270 4821 4485 22810 8091 1726 2421 15605 3518 2065 6434 3158
leaf_count=3427 3064 3265 611390 3010 3691 8323 2476 33494 8668 3241 2200 23308 9383 4964 1431 5456 4436 1989 7270 4821 4485 22810 8091 1726 2421 15605 3518 2065 6434 3158
internal_value=-5.06579e-06 0.000328566 -8.97276e-06 0.000301414 0.000522753 -1.29022e-05 5.61157e-05 -2.83957e-05 -2.38514e-05 -0.000127707 -2.52849e-05 -7.71339e-05 0.000257901 1.27744e-05 -0.000262921 -0.000224018 -0.000457969 0.00035058 0.00056659 0.000209772 7.05795e-05 -6.37623e-06 0.00026109 -0.000325396 -0.000241718 -0.000149034 -0.00010342 6.81852e-05 -0.00011072 0.000578172
internal_weight=819620 9487 810133 10128 6701 800005 109537 77203 690468 79078 38323 36123 32334 8871 6395 40755 9892 23463 9259 14204 43709 31133 12576 12815 11089 30863 27622 12017 8499 6222
internal_count=819620 9487 810133 10128 6701 800005 109537 77203 690468 79078 38323 36123 32334 8871 6395 40755 9892 23463 9259 14204 43709 31133 12576 12815 11089 30863 27622 12017 8499 6222
is_linear=0
shrinkage=0.08


Tree=71
num_leaves=31
num_cat=0
split_feature=1 1 2 1 1 2 1 2 1 1 2 3 1 2 3 1 3 3 1 2 1 1 1 3 1 1 1 3 1 1
split_gain=0.133847 0.142955 0.107048 0.106885 0.163459 0.103315 0.077462 0.0704118 0.77898 0.796418 0.396225 0.304441 0.49154 0.296843 0.323707 0.241499 0.227541 0.198894 0.346558 0.291221 0.310457 0.196353 0.184879 0.156836 1.00669 0.668412 0.143895 0.335897 0.254753 0.308736
threshold=-2.0247749090194698 -2.4603549242019649 1.0000000180025095e-35 1.91745001077652 2.5417549610137944 2.5000000000000004 2.1327749490737919 1.5000000000000002 -0.76716500520706166 0.79055002331733715 2.5000000000000004 1.0000000180025095e-35 -1.0893749594688413 2.5000000000000004 1.0000000180025095e-35 -1.6286799907684324 1.5000000000000002 1.0000000180025095e-35 1.3788350224494936 2.5000000000000004 1.1291350126266482 1.0555250048637392 0.5971449911594392 1.5000000000000002 -0.75479999184608448 0.803624987602234 -0.14952500164508817 1.5000000000000002 0.12142500281333925 0.077495001256465926
decision_type=2 2 2 2 2 2 2 2 2 2 2 2 2 2 2 2 2 2 2 2 2 2 2 2 2 2 2 2 2 2
left_child=1 -1 -3 7 5 6 -5 23 10 13 16 12 -12 22 -15 -13 -9 18 -11 -19 21 -21 26 -2 -25 -26 -10 -28 29 -29
right_child=3 2 -4 4 -6 -7 -8 8 9 17 11 15 -14 14 -16 -17 -18 19 -20 20 -22 -23 -24 24 25 -27 27 28 -30 -31
leaf_value=-0.00013350657777106187 -1.0148730884037032e-05 0.00014422192385851011 0.00078736580868021767 5.3631859868789061e-05 -0.00030275408685050592 0.0010189117258256808 0.0004670596568260846 0.00026345554064143034 -0.00017876886842239746 0.00072155036293202954 -0.0010387291198317885 0.0018001561547709424 0.0008846248983079264 3.3346047657443139e-05 -0.00040313693456722066 0.00064676076869705243 -0.00022595574839596129 -0.00012070442136550912 -0.00026860138077207201 0.00019186309628373206 0.00075554008050207817 -0.00091966483522118773 -0.00042021183279549964 -0.00041365877743215345 0.00038704854065279898 -0.00019932891198213909 -0.00011540443298151292 0.00047829074819992121 7.5881647629742979e-05 0.0019985554167853982
leaf_weight=3396 455342 2966 3751 5968 3291 1254 5643 16067 37230 9062 1720 1294 1682 13625 53861 11374 9781 17828 3015 5744 6765 1236 10145 18705 52536 16302 33927 5337 10147 1018
leaf_count=3396 455342 2966 3751 5968 3291 1254 5643 16067 37230 9062 1720 1294 1682 13625 53861 11374 9781 17828 3015 5744 6765 1236 10145 18705 52536 16302 33927 5337 10147 1018
internal_value=2.66181e-07 0.000289507 0.000503375 -3.34549e-06 0.000200362 0.000329064 0.00025456 -7.49179e-06 -4.25438e-05 -0.000105687 0.000272195 0.000584131 -8.77939e-05 -0.000185951 -0.000315014 0.000764577 7.82601e-05 0.000198248 0.000474361 9.26319e-05 0.00036934 -4.96334e-06 -9.68959e-05 8.70514e-06 0.000106771 0.000248184 -5.94777e-05 2.85909e-05 0.000324636 0.00072182
internal_weight=820012 10113 6717 809899 16156 12865 11611 793743 250858 208940 41918 16070 3402 165290 67486 12668 25848 43650 12077 31573 13745 6980 97804 542885 87543 68838 87659 50429 16502 6355
internal_count=820012 10113 6717 809899 16156 12865 11611 793743 250858 208940 41918 16070 3402 165290 67486 12668 25848 43650 12077 31573 13745 6980 97804 542885 87543 68838 87659 50429 16502 6355
is_linear=0
shrinkage=0.08


Tree=72
num_leaves=31
num_cat=0
split_feature=0 1 2 2 1 0 0 2 0 1 2 1 2 0 1 0 1 0 1 1 0 1 0 1 2 0 0 1 1 1
split_gain=0.172948 0.370349 0.551298 0.192418 0.148835 1.20298 1.24303 0.722434 0.739325 0.603595 0.456472 0.433119 0.389697 1.17815 1.11134 1.21282 0.629583 0.528457 1.51155 0.637725 0.617923 0.376314 0.374924 0.816757 0.372246 0.332127 0.91091 2.20041 0.81259 0.765432
threshold=0.67178499698638927 -0.97958502173423756 1.5000000000000002 1.5000000000000002 -0.82248499989509571 3.0104351043701176 2.157310009002686 1.5000000000000002 1.3501800298690798 -1.0328249931335447 1.5000000000000002 -1.1080900430679319 2.5000000000000004 1.3255900144577029 0.11249499768018724 3.7784500122070317 -0.18604499846696851 3.020920038223267 1.352235019207001 0.46295499801635748 1.658895015716553 -2.193194985389709 1.7600449919700625 -1.1279700398445127 1.0000000180025095e-35 2.855045080184937 2.2459249496459965 0.82949000597000133 0.76607000827789318 -0.60804000496864308
decision_type=2 2 2 2 2 2 2 2 2 2 2 2 2 2 2 2 2 2 2 2 2 2 2 2 2 2 2 2 2 2
left_child=1 3 -3 -1 5 6 7 -2 11 -8 -11 -9 25 16 15 -15 -14 18 19 -16 -21 -7 -10 -24 -23 26 -6 29 -27 -28
right_child=4 2 -4 -5 12 21 9 8 22 10 -12 -13 13 14 17 -17 -18 -19 -20 20 -22 24 23 -25 -26 28 27 -29 -30 -31
leaf_value=3.2407577025181451e-05 4.0290143226364444e-06 0.00015028786259939077 0.0014190534389842008 -0.0010234156797632936 -6.9032876671226267e-05 -0.00095625504998464548 -0.00015939463882566209 -0.00072798529198416244 0.0014120206081636251 -0.00047905206696231448 -0.001424498236353507 0.00079634557693188861 0.0021707817972537861 -0.00070274135104282458 6.9730871150571505e-05 0.0012077298167075653 0.00028177289289789225 0.00034613338064390999 0.0015130365078775243 0.00095784807533203658 -0.00091059070898845656 0.00027534162785788972 0.0013051389019457472 -0.0004337086792791448 0.00089151508595067199 -0.00016797291007724776 -0.00024587621855748631 -0.00038760066652898401 0.00014590728463385723 0.00041354462614147841
leaf_weight=3694 40109 7108 3169 1576 183976 1016 30481 3379 5846 10353 4776 1844 1912 33895 10337 2269 2758 18124 2920 1238 13332 11419 3954 3072 13929 169264 12527 33005 76709 111896
leaf_count=3694 40109 7108 3169 1576 183976 1016 30481 3379 5846 10353 4776 1844 1912 33895 10337 2269 2758 18124 2920 1238 13332 11419 3954 3072 13929 169264 12527 33005 76709 111896
internal_value=-2.36374e-06 0.000261918 0.000541522 -0.000283338 -7.47201e-06 7.08413e-05 -5.17127e-05 0.000193338 0.000612956 -0.000364427 -0.000777515 -0.000189814 -2.2594e-05 -0.000180831 -0.000251124 -0.000582875 0.00105517 9.9675e-06 -0.000208981 -0.000410863 -0.000751831 0.000553425 0.000938692 0.000544857 0.000613936 7.85494e-07 5.18469e-05 0.000193111 -7.00864e-05 0.000347154
internal_weight=819887 15547 10277 5270 804340 130178 103814 58204 18095 45610 15129 5223 674162 86785 82115 36164 4670 45951 27827 24907 14570 26364 12872 7026 25348 587377 341404 157428 245973 124423
internal_count=819887 15547 10277 5270 804340 130178 103814 58204 18095 45610 15129 5223 674162 86785 82115 36164 4670 45951 27827 24907 14570 26364 12872 7026 25348 587377 341404 157428 245973 124423
is_linear=0
shrinkage=0.08


Tree=73
num_leaves=31
num_cat=0
split_feature=1 1 2 3 1 2 3 2 1 2 3 3 1 1 3 1 3 3 2 1 3 1 1 3 2 1 1 2 1 1
split_gain=0.0866709 0.133374 0.141758 0.104582 0.0928159 0.283158 0.343579 0.218648 0.750101 0.226023 0.216672 0.211853 0.579677 0.387039 0.228223 0.19603 0.448458 0.367285 0.161035 0.160207 0.146997 0.514652 0.36862 0.414018 0.138228 0.231643 0.225194 0.137535 0.216095 0.221583
threshold=-1.8266999721527097 -2.4603549242019649 1.0000000180025095e-35 1.5000000000000002 0.91235998272895824 2.5000000000000004 1.0000000180025095e-35 1.5000000000000002 -0.74143001437187184 2.5000000000000004 1.5000000000000002 1.0000000180025095e-35 1.3788350224494936 1.1291350126266482 1.5000000000000002 -0.66707000136375416 1.5000000000000002 1.0000000180025095e-35 1.0000000180025095e-35 -0.49946500360965723 1.0000000180025095e-35 -1.0328249931335447 -1.1714349985122678 1.5000000000000002 1.0000000180025095e-35 1.2303000092506411 1.7208549976348879 1.0000000180025095e-35 0.051725000143051154 -0.28576499223709101
decision_type=2 2 2 2 2 2 2 2 2 2 2 2 2 2 2 2 2 2 2 2 2 2 2 2 2 2 2 2 2 2
left_child=1 -1 3 -3 7 6 18 15 9 10 -9 12 -7 14 -13 17 27 -2 -6 -18 21 -11 23 -22 25 -8 -26 -17 29 -29
right_child=4 2 -4 -5 5 11 24 8 -10 20 -12 13 -14 -15 -16 16 19 -19 -20 -21 22 -23 -24 -25 26 -27 -28 28 -30 -31
leaf_value=-0.0002701504300924465 5.5815591683141908e-05 0.00016469028384673336 0.00052828987826273623 -0.00069808648765194324 4.5636693355062249e-05 0.00070074430204278889 3.3378692535449022e-05 0.00025094928654278168 -0.00015791161577575038 -0.0009335549598456079 -0.00022720091566325951 0.0006046232330729663 -0.0014617685725447135 0.00086514067726615107 -0.00061307054739748092 4.6675256780692253e-05 -0.00015561748389293108 -0.0002368175013673077 0.00031634476177641455 0.00030489186375056598 0.00023499028252485683 0.0010261682967910568 0.00025032788386014957 0.0017603248119027182 -0.00013094246603197787 -0.00051258497596392172 0.0003757495689607658 -0.00011567511590467966 -0.00017500840738366265 0.00021723110221758251
leaf_weight=3355 59757 4698 7352 1112 37367 1930 8339 16159 171979 1825 9710 1706 1347 7864 2331 186596 5382 50772 22551 47558 1922 1618 8156 2795 28883 12324 6968 25395 56345 25792
leaf_count=3355 59757 4698 7352 1112 37367 1930 8339 16159 171979 1825 9710 1706 1347 7864 2331 186596 5382 50772 22551 47558 1922 1618 8156 2795 28883 12324 6968 25395 56345 25792
internal_value=-1.27995e-06 0.000180122 0.000294897 -4.40141e-07 -5.0095e-06 5.64241e-05 1.40568e-05 -1.70454e-05 -8.37605e-05 0.000218538 7.14743e-05 0.000381428 -0.000188149 0.000538265 -9.84841e-05 1.41784e-05 4.37273e-05 -7.86068e-05 0.000147522 0.000258075 0.000451706 -1.26046e-05 0.00057589 0.00113881 -0.000127447 -0.00029225 -3.24618e-05 5.14682e-06 -6.69158e-05 5.2069e-05
internal_weight=819888 16517 13162 5810 803371 131610 116432 671761 214164 42185 25869 15178 3277 11901 4037 457597 347068 110529 59918 52940 16316 3443 12873 4717 56514 20663 35851 294128 107532 51187
internal_count=819888 16517 13162 5810 803371 131610 116432 671761 214164 42185 25869 15178 3277 11901 4037 457597 347068 110529 59918 52940 16316 3443 12873 4717 56514 20663 35851 294128 107532 51187
is_linear=0
shrinkage=0.08


Tree=74
num_leaves=31
num_cat=0
split_feature=0 1 1 3 0 0 0 1 1 1 3 0 0 0 1 0 0 3 0 1 1 3 1 3 0 0 1 0 1 0
split_gain=0.137599 0.978399 1.50223 1.91488 0.863912 0.822358 0.857105 0.555349 0.517511 0.913996 1.95136 2.58716 0.604364 0.587188 0.506207 0.495493 0.6514 0.983988 0.559037 0.45432 0.444984 1.09936 0.791271 0.540894 0.590886 0.523073 0.521946 0.999348 0.761915 0.838534
threshold=3.3158149719238286 -0.49946500360965723 0.56529501080513012 1.5000000000000002 3.6753000020980839 3.4861500263214116 4.523980140686036 2.5417549610137944 0.45309500396251684 -0.14055000245571134 1.5000000000000002 1.8112099766731264 3.1833050251007085 1.8722299933433535 -0.16760500520467755 2.8171350955963139 1.8482049703598025 1.0000000180025095e-35 2.3379249572753911 2.2850900888442998 -0.52108499407768238 1.5000000000000002 -1.2447049617767332 1.0000000180025095e-35 1.9440699815750124 2.6692450046539311 -0.70328500866889943 2.3471150398254399 -0.99682998657226551 2.8267350196838383
decision_type=2 2 2 2 2 2 2 2 2 2 2 2 2 2 2 2 2 2 2 2 2 2 2 2 2 2 2 2 2 2
left_child=8 -2 3 4 -3 -5 14 -4 9 13 15 -12 -13 -1 -7 16 -11 18 -18 -10 21 22 -15 -22 -25 -26 28 -28 -23 -30
right_child=1 2 7 5 -6 6 -8 -9 19 10 11 12 -14 20 -16 -17 17 -19 -20 -21 23 26 -24 24 25 -27 27 -29 29 -31
leaf_value=0.00010367812646426143 0.00048881040732626853 -0.0003311396281536311 0.00028483107085804901 9.1019386445617494e-05 0.00032141826077301426 -0.00059218551853797488 8.0715790596729267e-05 -0.0012017879906349657 -0.00014508143951821428 -0.0001649954063421799 -0.00069130977359537448 0.0011822481637470041 -0.00016152880052618348 0.00032215515609965352 -0.0016015049283807248 -0.00023235741365309283 -0.00027477256041577916 0.00065620452071613131 0.00030285179260464785 0.00080310799389623523 -0.00020506140482968682 -0.00047138755247857128 -0.00022782319519305168 -0.0012635455745409114 0.00055440564076545361 -4.4317485280310019e-05 -0.0014532169579312363 0.00062256799736693164 -0.0019333688435261842 -0.00023772426936740761
leaf_weight=100879 29283 24869 68309 4749 27169 4371 3348 1647 177816 32682 6662 24972 2343 22378 11673 31810 20083 26084 23009 3294 36406 14360 66479 1641 20919 16870 2174 4679 6123 2685
leaf_count=100879 29283 24869 68309 4749 27169 4371 3348 1647 177816 32682 6662 24972 2343 22378 11673 31810 20083 26084 23009 3294 36406 14360 66479 1641 20919 16870 2174 4679 6123 2685
internal_value=3.92767e-06 6.67445e-05 -1.78304e-05 -0.000263627 9.56035e-06 -0.000852505 -0.00108357 0.000249831 -1.31737e-05 3.16553e-05 0.00018087 0.000722228 0.00106698 -5.29716e-05 -0.00132653 4.32626e-05 0.000129338 0.000268395 3.36503e-05 -0.000127836 -0.00013413 -0.000230724 -8.93151e-05 1.72877e-05 0.000222584 0.00028712 -0.00064927 -3.59402e-05 -0.00083069 -0.00141647
internal_weight=819766 175418 146135 76179 52038 24141 19392 69956 644348 463238 167645 33977 27315 295593 16044 133668 101858 69176 43092 181110 194714 118878 88857 75836 39430 37789 30021 6853 23168 8808
internal_count=819766 175418 146135 76179 52038 24141 19392 69956 644348 463238 167645 33977 27315 295593 16044 133668 101858 69176 43092 181110 194714 118878 88857 75836 39430 37789 30021 6853 23168 8808
is_linear=0
shrinkage=0.08


Tree=75
num_leaves=31
num_cat=0
split_feature=0 2 0 2 3 2 2 3 0 0 0 0 0 0 2 0 2 0 0 3 0 0 2 0 0 3 0 3 0 0
split_gain=0.112563 0.20807 0.119121 0.576614 0.52481 0.265014 0.264393 0.529563 0.746067 0.358741 0.214863 0.344055 0.166637 0.454142 0.212195 0.156768 0.147153 0.277314 0.142926 0.16664 0.142563 0.227417 0.132458 0.125752 0.128009 0.121819 0.121313 0.157841 0.118487 0.143013
threshold=0.67178499698638927 1.0000000180025095e-35 3.3158149719238286 2.5000000000000004 1.0000000180025095e-35 1.5000000000000002 1.5000000000000002 1.5000000000000002 1.3727650046348574 1.3501800298690798 2.5260450839996342 2.3655949831008916 2.902344942092896 2.4373950958251958 1.0000000180025095e-35 2.4737600088119511 1.0000000180025095e-35 4.0425500869750985 3.872674942016602 1.5000000000000002 1.658895015716553 1.8852050304412844 1.0000000180025095e-35 2.855045080184937 2.5348649024963383 1.5000000000000002 3.3973799943923955 1.5000000000000002 2.7693750858306889 3.2783350944519047
decision_type=2 2 2 2 2 2 2 2 2 2 2 2 2 2 2 2 2 2 2 2 2 2 2 2 2 2 2 2 2 2
left_child=1 -1 6 4 5 -4 7 10 -9 -8 11 -2 13 14 20 -15 18 26 19 -6 -10 -22 23 24 -12 -19 -18 -28 -24 -30
right_child=2 -3 3 -5 16 -7 9 8 12 -11 22 -13 -14 15 -16 -17 17 25 -20 -21 21 -23 28 -25 -26 -27 27 -29 29 -31
leaf_value=-0.00012973037885680676 -9.7261407904676391e-06 0.00046381379090769512 0.00011278598151504873 0.00046819354767742581 -0.00030537456651076063 0.00059485903583728875 0.00025181824720197661 -0.00077472326237239015 -0.00026339923192581134 -0.00012600975014814641 -0.00076454366366692623 0.00026786076832537167 9.348676255399676e-05 0.0016197561921336768 -5.7215751135766628e-06 0.00066627954906202619 0.00017538991745231781 0.00051129525217018614 -0.00043087923399673595 0.00020142944567173488 0.0015102601961839493 0.00040609765772165048 -0.00035753345714225525 -0.00012167745660636945 8.8199416701391763e-05 6.329823881845201e-05 -3.3380049826481844e-05 -0.00039165008742673974 -6.5472032927891858e-05 -0.00078156131518853603
leaf_weight=6490 190204 9052 60421 19402 10137 8301 17620 4263 1320 184404 1158 33629 14481 1192 14335 14884 5689 6122 15859 7033 1518 5590 18514 50105 41596 10629 14649 17007 31823 1891
leaf_count=6490 190204 9052 60421 19402 10137 8301 17620 4263 1320 184404 1158 33629 14481 1192 14335 14884 5689 6122 15859 7033 1518 5590 18514 50105 41596 10629 14649 17007 31823 1891
internal_value=2.71887e-06 0.000215963 -1.40446e-06 5.692e-05 5.71898e-06 0.000171016 -1.76668e-05 1.80435e-05 0.000243679 -9.30566e-05 -1.71748e-05 3.19789e-05 0.000325101 0.000411458 0.000181565 0.000736978 -0.000124663 -4.34235e-05 -0.00025772 -9.77827e-05 0.000500116 0.000641905 -9.30068e-05 -3.56804e-05 6.51027e-05 0.000227028 -0.000164734 -0.000225859 -0.00019493 -0.000105637
internal_weight=819318 15542 803776 175249 155847 68722 628527 426503 57583 202024 368920 223833 53320 38839 22763 16076 87125 54096 33029 17170 8428 7108 145087 92859 42754 16751 37345 31656 52228 33714
internal_count=819318 15542 803776 175249 155847 68722 628527 426503 57583 202024 368920 223833 53320 38839 22763 16076 87125 54096 33029 17170 8428 7108 145087 92859 42754 16751 37345 31656 52228 33714
is_linear=0
shrinkage=0.08


Tree=76
num_leaves=31
num_cat=0
split_feature=0 1 2 2 2 1 0 2 0 1 0 1 2 1 0 0 2 1 0 0 1 1 1 0 0 2 2 1 2 2
split_gain=0.108731 0.367661 0.475894 0.239363 0.15133 0.0833463 0.46597 0.300254 0.139355 0.0724493 0.469323 0.555722 0.417788 0.383048 0.592307 0.306467 0.28968 0.275416 0.261747 0.211513 0.493777 0.651442 0.373966 0.394412 0.736648 0.352122 0.34881 0.236531 0.655857 0.517534
threshold=0.67178499698638927 -0.97958502173423756 2.5000000000000004 1.0000000180025095e-35 1.5000000000000002 2.1327749490737919 3.8987249135971074 1.5000000000000002 2.941275000572205 0.28307500481605535 3.3287749290466313 0.69628500938415538 1.0000000180025095e-35 1.2086899876594546 4.2329599857330331 4.0425500869750985 1.5000000000000002 1.7208549976348879 3.7784500122070317 1.7028499841690066 0.79055002331733715 1.4673249721527102 0.55470499396324169 2.7413899898529057 2.1062049865722661 1.5000000000000002 2.5000000000000004 1.3251599669456484 2.5000000000000004 1.0000000180025095e-35
decision_type=2 2 2 2 2 2 2 2 2 2 2 2 2 2 2 2 2 2 2 2 2 2 2 2 2 2 2 2 2 2
left_child=1 4 3 -3 -1 9 7 8 -7 -2 19 15 17 -14 -15 -12 -17 18 -13 20 -11 26 23 24 -21 -25 -22 29 -29 -24
right_child=5 2 -4 -5 -6 6 -8 -9 -10 10 11 12 13 14 -16 16 -18 -19 -20 22 21 -23 27 25 -26 -27 -28 28 -30 -31
leaf_value=-4.5989740383950041e-05 1.9845949700805272e-05 -0.00014549845039083458 0.0018975004402428978 0.00068053538054777311 -0.00098053600329006739 -0.0001302660906127903 -0.00071646445284228807 0.0014721846443275452 0.00069244678921684551 -0.00016561701634554662 -0.00030164154839228878 0.00023424870820430027 0.00072208463309384103 0.00046571351369460452 -0.00076806103227268485 -2.7644167927531986e-05 0.00096265939523467738 0.00076429497991254021 -0.00033298889466402428 -0.00032894110555185341 0.00060870687729713162 -0.00071186164178342214 -4.0752930540031273e-05 4.298857386148057e-06 0.0004484213242714722 -0.0006792954127270123 0.0020906551181650553 -0.00013109894784655234 0.0010697442153333734 -0.00040542013412517801
leaf_weight=3692 488232 4317 1345 4678 1585 2730 2427 1765 2547 17453 22124 9731 17602 9755 3344 6999 2590 2887 11197 11316 8698 2306 42489 14447 25122 7239 1151 26050 3277 60192
leaf_count=3692 488232 4317 1345 4678 1585 2730 2427 1765 2547 17453 22124 9731 17602 9755 3344 6999 2590 2887 11197 11316 8698 2306 42489 14447 25122 7239 1151 26050 3277 60192
internal_value=7.59377e-06 0.000216663 0.000493962 0.000284094 -0.00032669 3.53112e-06 0.000239474 0.000568935 0.000266825 7.18042e-07 -2.98042e-05 0.000128363 0.000283262 0.000478316 0.000150747 -0.000137915 0.000239838 3.18084e-05 -6.92375e-05 -9.1871e-05 0.000107025 0.000498505 -0.000122844 4.62396e-05 0.000207008 -0.000223892 0.000781894 -0.000197292 3.08331e-06 -0.000254522
internal_weight=819287 15617 10340 8995 5277 803670 9469 7042 5277 794201 305969 86229 54516 30701 13099 31713 9589 23815 20928 219740 29608 12155 190132 58124 36438 21686 9849 132008 29327 102681
internal_count=819287 15617 10340 8995 5277 803670 9469 7042 5277 794201 305969 86229 54516 30701 13099 31713 9589 23815 20928 219740 29608 12155 190132 58124 36438 21686 9849 132008 29327 102681
is_linear=0
shrinkage=0.08


Tree=77
num_leaves=31
num_cat=0
split_feature=0 1 1 1 0 0 3 0 1 1 3 0 1 1 0 3 1 3 0 0 1 3 0 1 0 1 0 1 3 1
split_gain=0.084407 0.356337 0.225819 0.102627 0.731789 1.07675 1.34948 0.738664 0.490716 0.366187 0.302248 0.270147 0.323185 0.304977 0.257902 0.182342 0.169969 0.17412 0.63025 0.253307 0.161391 0.155547 0.149826 0.194978 0.130425 0.298586 0.225313 0.975619 0.565582 0.487346
threshold=0.75101500749588024 -0.99682998657226551 0.88355499505996715 -0.83697497844696034 3.0104351043701176 2.1673500537872319 1.5000000000000002 1.3947499990463259 -1.1279700398445127 -1.1494199633598325 1.5000000000000002 1.8722299933433535 -0.94593498110771168 -0.97958502173423756 4.4493649005889901 1.0000000180025095e-35 -2.0247749090194698 1.5000000000000002 3.3832299709320073 3.5683250427246098 -1.748679995536804 1.5000000000000002 2.7599399089813237 -1.4580650329589842 1.0941300392150881 -0.27666500210762018 2.0004749298095708 0.86929500102996837 1.5000000000000002 -0.41817499697208399
decision_type=2 2 2 2 2 2 2 2 2 2 2 2 2 2 2 2 2 2 2 2 2 2 2 2 2 2 2 2 2 2
left_child=1 -1 -3 4 5 7 9 8 21 -7 -10 13 20 -9 16 -11 -6 19 -19 -18 -13 -2 23 -8 25 -5 27 28 -26 -30
right_child=3 2 -4 24 14 6 22 11 10 15 -12 12 -14 -15 -16 -17 17 18 -20 -21 -22 -23 -24 -25 26 -27 -28 -29 29 -31
leaf_value=-0.00033586762659247864 -0.00072387946162007102 0.00050829296796239343 -0.0007233546629066245 0.00067593026562155799 -0.00035521491668328502 0.00019063519733977471 -0.0006737248708347511 0.00041535204461682734 6.1925956490391733e-05 -0.00012377167493610557 0.0015117428995196469 0.0008913122202865324 -0.00062964022500909881 0.001136378948304214 -0.00060706873072421919 -0.0006858592679179511 0.00061990569252933175 4.7683153574317458e-05 0.0014797630863317998 -9.2415196701307859e-05 0.000177524277758064 2.7207571653310546e-06 -0.0005973820732394189 -0.001500537948623649 -0.00011686373473961273 -5.0614101045620452e-05 2.2721955161534378e-06 0.00042968542021673924 -0.0012084125046042213 -0.00034122099971003312
leaf_weight=6083 8539 11723 1037 5674 1383 17019 2651 17913 4828 9273 1137 2455 2869 4750 1410 6139 10149 3473 4535 4663 11637 2420 3152 5861 92715 10001 527356 18168 5698 15242
leaf_count=6083 8539 11723 1037 5674 1383 17019 2651 17913 4828 9273 1137 2455 2869 4750 1410 6139 10149 3473 4535 4663 11637 2420 3152 5861 92715 10001 527356 18168 5698 15242
internal_value=6.32745e-07 0.000167994 0.000408197 -3.30379e-06 6.28955e-05 -3.42662e-05 -0.000330592 0.000196803 -0.000245615 -6.51785e-05 0.000338278 0.000385766 0.000144307 0.000566474 0.00044468 -0.000347666 0.000505952 0.000558143 0.000858682 0.000395658 0.000301875 -0.000563429 -0.00106856 -0.00124303 -1.56888e-05 0.000212379 -2.11121e-05 -0.000114661 -0.000201676 -0.000577193
internal_weight=819953 18843 12760 801110 126256 100643 44095 56548 16924 32431 5965 39624 16961 22663 25613 15412 24203 22820 8008 14812 14092 10959 11664 8512 674854 15675 659179 131823 113655 20940
internal_count=819953 18843 12760 801110 126256 100643 44095 56548 16924 32431 5965 39624 16961 22663 25613 15412 24203 22820 8008 14812 14092 10959 11664 8512 674854 15675 659179 131823 113655 20940
is_linear=0
shrinkage=0.08


Tree=78
num_leaves=31
num_cat=0
split_feature=1 1 1 1 1 1 1 3 2 3 1 2 1 2 1 2 2 1 1 1 1 3 3 3 1 2 1 3 1 2
split_gain=0.0726795 0.117141 0.0694433 0.168784 0.106331 0.206966 0.296844 0.37366 0.159909 0.227123 0.217475 0.196621 0.168731 0.148549 0.144758 0.12299 0.19273 0.133837 0.122701 0.12236 0.118972 0.389166 0.118108 0.0904699 0.147295 0.153366 0.43723 0.296341 0.146646 1.67604
threshold=2.1327749490737919 2.5417549610137944 0.30093999207019811 0.31001999974250799 0.0082950000651180762 -0.034919999539852135 -0.070014998316764818 1.5000000000000002 2.5000000000000004 1.0000000180025095e-35 0.11249499768018724 1.0000000180025095e-35 0.15719499439001086 1.5000000000000002 0.068785000592470183 1.5000000000000002 1.0000000180025095e-35 -0.017509999684989449 1.0000000180025095e-35 0.077495001256465926 0.24607999622821811 1.5000000000000002 1.5000000000000002 1.5000000000000002 -0.36913000047206873 2.5000000000000004 -1.0893749594688413 1.0000000180025095e-35 -0.96281999349594105 2.5000000000000004
decision_type=2 2 2 2 2 2 2 2 2 2 2 2 2 2 2 2 2 2 2 2 2 2 2 2 2 2 2 2 2 2
left_child=2 -2 4 -4 5 6 23 13 9 11 19 -6 -12 -8 -11 16 17 -7 -19 -10 21 -14 -22 24 25 -1 27 -27 29 -25
right_child=1 -3 3 -5 8 15 7 -9 10 14 12 -13 20 -15 -16 -17 -18 18 -20 -21 22 -23 -24 28 -26 26 -28 -29 -30 -31
leaf_value=3.1977067243842177e-05 0.00042239091038144517 -0.00016672816020708693 -0.00060633205152382786 -2.79146803009234e-05 0.00013741220639399684 -0.00083980977165304816 0.00032849322734767645 0.0011591846554504467 -0.00029486307667994579 0.00053138557726426503 0.00067663921290006198 -0.00019215820562255062 0.0003166191856089918 -0.00036735972807260485 0.00017891660164441242 -0.00060173715715850559 0.0002810494371408383 0.00020441784832716769 -0.00076450844062871766 -0.001112135570110695 -0.00019698980449275538 -0.0011985991047518505 0.00089058398370907169 -0.00022200372352569481 -7.4063522758847453e-05 -0.0011284534325541151 0.00053561402307378291 0.00015456427688231251 -0.00014419396805908594 0.0013377343937216607
leaf_weight=182532 6236 3305 3264 298662 28421 2683 7562 3032 3391 9477 2228 19558 2368 2652 34991 5282 4354 2628 1227 1792 1375 2002 1194 23197 81786 1940 12273 2837 62388 5444
leaf_count=182532 6236 3305 3264 298662 28421 2683 7562 3032 3391 9477 2228 19558 2368 2652 34991 5282 4354 2628 1227 1792 1375 2002 1194 23197 81786 1940 12273 2837 62388 5444
internal_value=-1.19163e-06 0.00021832 -3.77554e-06 -3.41677e-05 1.4266e-05 -4.59179e-06 7.16641e-06 0.00037932 8.52173e-05 0.000123785 -0.000163249 3.06722e-06 7.09291e-05 0.000147819 0.000254035 -0.000284947 -0.000131322 -0.000405942 -0.00010398 -0.000577432 -0.000123555 -0.000377538 0.000308484 -6.07094e-06 1.63571e-05 5.34103e-05 0.000282867 -0.000366485 -7.53954e-05 7.44669e-05
internal_weight=820081 9541 810540 301926 508614 401817 385643 13246 106797 92447 14350 47979 9167 10214 44468 16174 10892 6538 3855 5183 6939 4370 2569 372397 281368 199582 17050 4777 91029 28641
internal_count=820081 9541 810540 301926 508614 401817 385643 13246 106797 92447 14350 47979 9167 10214 44468 16174 10892 6538 3855 5183 6939 4370 2569 372397 281368 199582 17050 4777 91029 28641
is_linear=0
shrinkage=0.08


Tree=79
num_leaves=31
num_cat=0
split_feature=0 1 1 0 2 1 0 2 1 1 1 0 0 0 0 1 1 2 1 1 0 2 1 0 2 1 1 2 0 0
split_gain=0.135754 1.19324 1.2877 0.807944 0.707653 0.915259 0.611749 0.626498 0.447358 0.423299 0.618637 0.932938 0.767652 0.626372 0.532808 0.582674 0.470704 0.646002 0.451329 0.522478 0.743996 0.634492 0.631782 0.869413 0.504756 0.44743 0.805968 0.448969 0.423484 0.347596
threshold=3.115745067596436 -0.71593499183654774 0.73063498735427868 3.1264350414276127 2.5000000000000004 -0.99682998657226551 4.3863151073455819 2.5000000000000004 2.5417549610137944 0.73063498735427868 -0.070014998316764818 1.7862750291824343 2.7413899898529057 1.8722299933433535 1.8112099766731264 1.5398749709129336 1.352235019207001 2.5000000000000004 -0.45742000639438624 -1.0328249931335447 1.3947499990463259 2.5000000000000004 -0.71593499183654774 1.3255900144577029 1.5000000000000002 -0.60804000496864308 -0.97958502173423756 1.0000000180025095e-35 1.3501800298690798 4.6075801849365243
decision_type=2 2 2 2 2 2 2 2 2 2 2 2 2 2 2 2 2 2 2 2 2 2 2 2 2 2 2 2 2 2
left_child=9 4 3 -3 -2 -6 -5 -8 29 10 13 -12 -13 18 15 -11 -16 -18 19 20 -1 -21 -23 -24 -22 26 -15 -28 -20 -4
right_child=1 2 8 6 5 -7 7 -9 -10 14 11 12 -14 25 16 -17 17 -19 28 21 24 22 23 -25 -26 -27 27 -29 -30 -31
leaf_value=-0.00037509789239754807 0.00042200161908591987 0.0014943520462426983 0.00034843577944160091 -0.00024712666277661161 0.0004204161349035727 0.0035847457231429065 0.00016218326226060352 0.002147683972176516 -0.00094743625345290641 0.00041307185442540135 -0.00020757052084097185 0.0003362777480019212 -6.5335778241567581e-05 -5.1231146227490807e-05 -0.00037578581670377189 -0.00078460109146674553 -0.00010603321440077271 0.0011839662978602652 0.00019981433078395102 0.00026936630284765775 7.2136178066978672e-05 0.0020430047593394617 0.002160149857789445 -0.00079540216758669849 0.0010375381261574399 -2.6388638429466945e-05 -0.00020898615851611206 -0.0007252724180804457 -0.00040013739350908378 -0.00026154020657565588
leaf_weight=18519 25015 1851 62904 116031 1275 1081 11803 1113 1920 15845 42394 103809 43109 49986 59745 3110 23231 2782 12495 34946 11439 2776 1026 1680 4973 94725 17995 26886 18949 6607
leaf_count=18519 25015 1851 62904 116031 1275 1081 11803 1113 1920 15845 42394 103809 43109 49986 59745 3110 23231 2782 12495 34946 11439 2776 1026 1680 4973 94725 17995 26886 18949 6607
internal_value=-1.08775e-06 5.11096e-05 -1.59856e-05 -0.000165168 0.000546838 0.0018723 -0.00018899 0.000333278 0.000257184 -2.1386e-05 1.00658e-05 0.000123037 0.000218435 -6.20905e-05 -0.000167274 0.000216566 -0.000252114 3.19278e-05 9.28586e-05 0.000199088 -2.75284e-05 0.000394892 0.00119508 0.000325217 0.000364663 -0.000149378 -0.000272183 -0.000518268 -0.000161733 0.000290458
internal_weight=820020 229600 202229 130798 27371 2356 128947 12916 71431 590420 485707 189312 146918 296395 104713 18955 85758 26013 106803 75359 34931 40428 5482 2706 16412 189592 94867 44881 31444 69511
internal_count=820020 229600 202229 130798 27371 2356 128947 12916 71431 590420 485707 189312 146918 296395 104713 18955 85758 26013 106803 75359 34931 40428 5482 2706 16412 189592 94867 44881 31444 69511
is_linear=0
shrinkage=0.08


Tree=80
num_leaves=31
num_cat=0
split_feature=1 0 1 3 0 0 3 1 1 0 0 0 1 0 3 0 3 0 0 0 0 0 1 3 0 1 3 0 1 0
split_gain=0.0747462 0.368168 0.687633 0.875507 0.573264 0.51023 0.770875 1.19041 0.561535 0.766421 0.481124 0.361161 0.277817 2.52031 1.49617 1.2795 1.0248 0.921927 0.475826 0.437036 0.385632 0.361947 0.357156 0.418168 0.308741 0.530356 0.332516 0.306454 0.294271 0.282439
threshold=0.30093999207019811 3.2546050548553471 0.69628500938415538 1.5000000000000002 3.6949000358581547 3.715865015983582 1.5000000000000002 1.0908250212669375 1.004474997520447 4.4493649005889901 4.1522002220153817 4.6075801849365243 -0.070014998316764818 3.355854988098145 1.5000000000000002 1.6741399765014651 1.5000000000000002 3.6017599105834965 4.3863151073455819 3.4116849899291997 1.7461850047111513 3.6189699172973637 -0.33192001283168787 1.0000000180025095e-35 2.8171350955963139 0.17466999590396884 1.0000000180025095e-35 2.660234928131104 0.042975001037120826 1.8722299933433535
decision_type=2 2 2 2 2 2 2 2 2 2 2 2 2 2 2 2 2 2 2 2 2 2 2 2 2 2 2 2 2 2
left_child=12 -2 3 4 -3 -4 7 -7 10 -10 -8 -5 19 14 20 -16 21 -18 28 29 -14 -15 -21 -24 26 -26 27 -22 -19 -1
right_child=1 2 5 11 -6 6 8 -9 9 -11 -12 -13 13 16 15 -17 17 18 -20 22 24 -23 23 -25 25 -27 -28 -29 -30 -31
leaf_value=6.8196010290327437e-05 -7.8419115130125644e-05 -0.00029647255748296614 0.0005089782202044546 -0.00099065993438073041 0.00049413766221980944 0.00048713458890740544 -0.0011707088057694123 -0.00067594698425625318 0.0015919187299925895 -6.7675013166940281e-05 0.00064468756971457978 0.00043020619363962786 -0.00018485300115788457 -0.00068281148688962765 -0.00056030920183338371 0.0011382069836333723 5.9364401441988934e-05 -0.0012470979803778169 -0.00062876593069753487 0.00036898633714494686 7.1230663309252001e-05 4.8280586244275223e-05 0.00041765537945544857 -0.00044865427344371845 0.00026364677294336977 -0.00058206026863459061 0.00061842006949275764 0.00077716763004394393 -0.0026402832011574494 -9.0727488490979641e-05
leaf_weight=106430 213596 12200 29267 8807 11312 9435 1762 13972 4878 2805 1989 1316 17614 6955 3338 18966 2365 1396 1644 32668 24913 11500 5924 8959 14240 7118 18053 4674 3182 218503
leaf_count=106430 213596 12200 29267 8807 11312 9435 1762 13972 4878 2805 1989 1316 17614 6955 3338 18966 2365 1396 1644 32668 24913 11500 5924 8959 14240 7118 18053 4674 3182 218503
internal_value=1.13006e-05 -1.95696e-05 0.000109033 -0.000183912 8.39027e-05 0.00026273 5.58775e-05 -0.000207127 0.000594284 0.000986015 -0.000208079 -0.000805946 3.02036e-05 0.000128085 0.000299713 0.000884008 -0.000563174 -0.00128515 -0.00179621 -5.52342e-06 0.000149247 -0.000227241 0.000220999 -0.00010383 0.000234537 -1.82028e-05 0.000347846 0.000182751 -0.00221545 -3.8673e-05
internal_weight=819781 311339 97743 33635 23512 64108 34841 23407 11434 7683 3751 10123 508442 135958 108916 22304 27042 8587 6222 372484 86612 18455 47551 14883 68998 21358 47640 29587 4578 324933
internal_count=819781 311339 97743 33635 23512 64108 34841 23407 11434 7683 3751 10123 508442 135958 108916 22304 27042 8587 6222 372484 86612 18455 47551 14883 68998 21358 47640 29587 4578 324933
is_linear=0
shrinkage=0.08


Tree=81
num_leaves=31
num_cat=0
split_feature=1 0 0 2 2 0 0 2 1 2 2 0 1 1 1 0 0 2 1 1 0 0 0 0 1 1 0 1 1 1
split_gain=0.0757714 0.161874 0.193618 0.326621 0.142967 0.113106 0.0743736 0.253908 0.386316 0.192576 0.0869577 0.708374 0.981599 0.821711 0.63023 0.877813 0.452566 0.39288 0.389479 0.592671 0.762385 0.566035 0.351376 0.340615 0.32271 0.322139 0.35134 0.316846 0.282866 0.276797
threshold=-1.9179549813270567 3.4258000850677495 1.4934149980545046 1.5000000000000002 1.5000000000000002 2.2548649311065678 0.67178499698638927 1.0000000180025095e-35 -1.1279700398445127 2.5000000000000004 1.5000000000000002 3.3158149719238286 -0.47867499291896815 1.3788350224494936 -1.0697450041770933 1.3727650046348574 1.2228899598121645 2.5000000000000004 0.54358500242233287 1.2754200100898745 4.0425500869750985 4.523980140686036 2.1472198963165288 3.8987249135971074 -0.61973500251770008 -0.078710000962018953 3.7784500122070317 -1.4943799972534177 -1.0514999628067014 0.11249499768018724
decision_type=2 2 2 2 2 2 2 2 2 2 2 2 2 2 2 2 2 2 2 2 2 2 2 2 2 2 2 2 2 2
left_child=1 2 4 -4 -1 -5 7 -2 -9 -10 -8 13 28 14 16 24 -12 -17 21 23 -21 25 -18 -20 -16 26 -14 -24 -13 -19
right_child=6 -3 3 5 -6 -7 10 8 9 -11 11 12 18 -15 15 17 22 29 19 20 -22 -23 27 -25 -26 -27 -28 -29 -30 -31
leaf_value=0.00013262025577284002 -0.00021090535228241006 -0.00077064410011236199 0.00020980585745010192 0.0019336612150038311 -0.00091398096664464313 0.00075649994433186379 2.3553931062373924e-05 -0.00054442853908161898 0.00053193371095824232 0.001582464751041512 -0.00077704781923014976 0.00028218713219683636 -0.00025595850989894526 0.00063071520740030679 0.0010941413387124479 -0.00013473233078887425 0.00084139070046853432 -0.0005463410285834584 0.00032666888076260907 0.00035599461312941317 -0.0013765125787142734 0.0012935315492706454 0.00087016467484793067 0.0011460005736624651 0.00020186537637308422 -0.00049848845469537028 0.00094185959398081264 -0.0001958159182066128 0.0013709516244276526 -0.00021368123616421805
leaf_weight=2914 5951 1012 6060 1089 1171 1004 542896 1865 5137 1427 2192 2110 4306 9358 3383 92307 7701 34551 8582 4544 2531 1603 2478 5224 11125 13232 2464 6377 5529 29828
leaf_count=2914 5951 1012 6060 1089 1171 1004 542896 1865 5137 1427 2192 2110 4306 9358 3383 92307 7701 34551 8582 4544 2531 1603 2478 5224 11125 13232 2464 6377 5529 29828
internal_value=1.1979e-05 0.000201736 0.000282145 0.000507385 -0.000167397 0.00136898 8.86228e-06 0.00018917 0.000471629 0.000760317 5.58984e-06 -3.35106e-05 0.000235319 -0.000101123 -0.000137179 -0.000185403 0.000303169 -0.000240526 8.52041e-05 0.000331587 -0.00026379 -0.000152922 0.000446189 0.000636693 0.000409928 -0.000268844 0.000179998 0.00010249 0.00107022 -0.000392213
internal_weight=819951 13250 12238 8153 4085 2093 806701 14380 8429 6564 792321 249425 50125 199300 189942 171194 18748 156686 42486 20881 7075 21605 16556 13806 14508 20002 6770 8855 7639 64379
internal_count=819951 13250 12238 8153 4085 2093 806701 14380 8429 6564 792321 249425 50125 199300 189942 171194 18748 156686 42486 20881 7075 21605 16556 13806 14508 20002 6770 8855 7639 64379
is_linear=0
shrinkage=0.08


Tree=82
num_leaves=31
num_cat=0
split_feature=0 1 2 2 2 1 1 1 2 0 2 0 1 1 0 0 2 2 1 1 2 2 1 1 0 1 1 0 2 1
split_gain=0.0780868 0.314987 0.521797 0.233007 0.119415 0.167152 0.107566 0.0779238 0.499522 0.370378 0.372589 0.102761 0.134075 0.0989317 0.545544 0.660978 0.666494 0.609116 0.261469 0.234323 0.565475 0.398147 0.212544 0.545834 0.427363 0.360895 0.210596 0.257292 0.239929 0.206439
threshold=0.81931999325752269 -0.97958502173423756 2.5000000000000004 1.0000000180025095e-35 1.5000000000000002 -1.3896800279617307 -0.40793499350547785 -1.6286799907684324 1.0000000180025095e-35 1.5460549592971804 2.5000000000000004 2.9309849739074711 -2.0247749090194698 -0.22169499844312665 3.4258000850677495 1.717480003833771 2.5000000000000004 1.5000000000000002 -0.35998500883579249 -1.1080900430679319 2.5000000000000004 2.5000000000000004 -1.1494199633598325 -0.71593499183654774 1.2228899598121645 -0.92924499511718739 -0.56418499350547779 1.5956749916076662 1.0000000180025095e-35 -1.1279700398445127
decision_type=2 2 2 2 2 2 2 2 2 2 2 2 2 2 2 2 2 2 2 2 2 2 2 2 2 2 2 2 2 2
left_child=1 4 3 -3 -1 -6 -5 8 11 -10 -11 12 -2 14 15 16 26 -16 29 21 -21 -17 -18 25 -25 -24 28 -28 -9 -19
right_child=7 2 -4 6 5 -7 -8 13 9 10 -12 -13 -14 -15 17 19 22 18 -20 20 -22 -23 23 24 -26 -27 27 -29 -30 -31
leaf_value=-7.5193292888749613e-05 1.104598163291416e-05 -0.00017578812867971027 0.0015775754161545369 0.00090492066595186486 -0.0014583422371077087 -4.322945216145034e-05 0.00025076212507246879 -7.216935245568407e-05 -0.00029538992184114716 0.00048612388986000803 0.0017921513698560885 0.00021034763586661413 -0.00064678573143879883 1.3734016292926634e-05 4.876112052267666e-05 -6.5205556389943026e-05 -2.954882264168588e-05 1.8145941238923336e-05 -2.0981056388454264e-05 -0.00014191139162345298 -0.00059551319595559505 0.00081124899088056649 0.00093812742106361819 0.0018329910837453364 -0.00011827678309827305 0.0028927499693012777 -1.8561098989965975e-05 -0.00079127195684742342 0.00037085492002810415 0.0011956081864780371
leaf_weight=4870 3199 6335 1945 2582 1134 1010 4268 14529 3112 8428 1676 2265 5216 494714 26196 30230 1379 1123 1963 134916 20226 3726 1119 1004 2525 1315 12396 3547 16952 6294
leaf_count=4870 3199 6335 1945 2582 1134 1010 4268 14529 3112 8428 1676 2265 5216 494714 26196 30230 1379 1123 1963 134916 20226 3726 1119 1004 2525 1315 12396 3547 16952 6294
internal_value=7.44092e-07 0.00014893 0.000354364 0.00017392 -0.000294213 -0.000791708 0.000497337 -3.36772e-06 0.000138918 0.000467724 0.000702761 -0.000267965 -0.000396708 -7.75969e-06 -4.58116e-05 -8.85055e-05 0.00015623 0.000246843 0.000800037 -0.000159385 -0.000201048 3.0968e-05 0.000865521 0.00107251 0.000436859 0.00199414 4.64208e-05 -0.000190474 0.000166392 0.00101733
internal_weight=820194 22144 15130 13185 7014 2144 6850 798050 23896 13216 10104 10680 8415 774154 279440 243864 54766 35576 9380 189098 155142 33956 7342 5963 3529 2434 47424 15943 31481 7417
internal_count=820194 22144 15130 13185 7014 2144 6850 798050 23896 13216 10104 10680 8415 774154 279440 243864 54766 35576 9380 189098 155142 33956 7342 5963 3529 2434 47424 15943 31481 7417
is_linear=0
shrinkage=0.08


Tree=83
num_leaves=31
num_cat=0
split_feature=1 1 2 3 1 1 3 2 1 1 2 3 1 1 2 3 1 2 1 3 2 2 1 1 1 1 1 3 1 1
split_gain=0.0757536 0.568992 0.181969 0.245918 0.142533 0.220327 0.192859 0.138585 0.472921 0.429206 0.25563 0.307313 0.149551 0.113849 0.187103 0.104757 0.103769 0.102394 0.190665 0.101631 0.288806 0.150217 0.155223 0.225661 0.146373 0.127227 0.148543 0.08504 0.078222 0.126796
threshold=-0.070014998316764818 -0.043800000101327889 2.5000000000000004 1.5000000000000002 -0.38854500651359553 -0.40793499350547785 1.0000000180025095e-35 1.0000000180025095e-35 -0.74143001437187184 -1.4943799972534177 2.5000000000000004 1.5000000000000002 -0.47867499291896815 -0.91236498951911915 2.5000000000000004 1.5000000000000002 -1.0893749594688413 1.5000000000000002 -0.78109499812126149 1.5000000000000002 2.5000000000000004 2.5000000000000004 -0.72843000292778004 -0.49946500360965723 -0.47867499291896815 -0.69141998887062062 -0.8083449900150298 1.5000000000000002 -0.57517498731613148 -0.52108499407768238
decision_type=2 2 2 2 2 2 2 2 2 2 2 2 2 2 2 2 2 2 2 2 2 2 2 2 2 2 2 2 2 2
left_child=4 2 3 -2 5 6 -1 8 16 10 -9 -12 -10 14 -11 -7 27 18 -15 21 25 24 -23 -24 -19 26 -21 -8 -27 -30
right_child=1 -3 -4 -5 -6 15 7 9 12 13 11 -13 -14 17 -16 -17 -18 19 -20 20 -22 22 23 -25 -26 28 -28 -29 29 -31
leaf_value=7.585269152609949e-05 0.00055233740726552444 1.4122970400874197e-05 -0.00023960032880079022 0.001631900475316254 -9.6431943914251447e-05 0.00029447786921197011 -0.00038174311871731585 0.00022741402259426744 4.2809243691769539e-05 -6.9379994574485568e-05 7.985076811712259e-05 0.0017919038446137223 0.00066825493848476556 -0.00047084491433624451 0.00038965150047025495 0.0010547868249889849 -0.00020555760531637188 -0.00014625707973349656 0.00011243182651998744 0.00013382850460326665 -0.00072241578739768808 0.00086101745324900631 -0.0004440797064879827 0.0008567379920606991 -0.0010027559199746368 0.0005400093178102249 -0.00090720621712525682 -0.00077665454144201665 -0.00076685358759448821 0.00026545250436705198
leaf_weight=115401 6769 437180 1328 1687 112541 4979 9226 11075 10523 23919 1141 1629 3188 4590 7454 1512 10845 7573 16410 1582 8099 1746 2768 1234 1536 2203 1969 5613 1127 2348
leaf_count=115401 6769 437180 1328 1687 112541 4979 9226 11075 10523 23919 1141 1629 3188 4590 7454 1512 10845 7573 16410 1582 8099 1746 2768 1234 1536 2203 1969 5613 1127 2348
internal_value=5.42535e-06 2.76261e-05 0.000630989 0.000767714 -2.12327e-05 1.13562e-05 -4.42173e-07 -6.43365e-05 -0.000191134 -1.35739e-05 0.000399331 0.00108669 0.000188234 -8.11803e-05 3.96826e-05 0.000471583 -0.000393653 -0.000152476 -1.50558e-05 -0.000242139 -0.000373773 -8.86114e-05 0.000231618 -4.2978e-05 -0.000290684 -6.78181e-05 -0.000443417 -0.000531122 0.00016708 -6.93414e-05
internal_weight=819195 446964 9784 8456 372231 259690 253199 137798 39395 98403 13845 2770 13711 84558 31373 6491 25684 53185 21000 32185 17328 14857 5748 4002 9109 9229 3551 14839 5678 3475
internal_count=819195 446964 9784 8456 372231 259690 253199 137798 39395 98403 13845 2770 13711 84558 31373 6491 25684 53185 21000 32185 17328 14857 5748 4002 9109 9229 3551 14839 5678 3475
is_linear=0
shrinkage=0.08


Tree=84
num_leaves=31
num_cat=0
split_feature=1 0 0 2 2 1 0 2 0 2 0 0 2 1 2 2 1 1 0 1 1 1 0 0 0 2 2 0 1 1
split_gain=0.0972132 0.14113 0.190595 0.275836 0.172155 0.0999535 0.501453 0.138672 0.120447 0.0995707 0.0752055 0.0671384 0.705834 0.521671 0.401749 0.143727 0.128908 0.272383 0.140438 0.116559 0.0942173 0.0733612 1.017 0.685595 0.574859 0.556952 0.419993 0.355036 0.332488 0.328889
threshold=-1.9179549813270567 3.3832299709320073 1.5110000371932986 1.5000000000000002 1.5000000000000002 2.1327749490737919 3.8987249135971074 1.5000000000000002 2.227124929428101 1.0000000180025095e-35 2.236474990844727 4.1130049228668222 1.0000000180025095e-35 1.2303000092506411 2.5000000000000004 1.5000000000000002 0.42347499728202825 -0.087965000420808778 4.3863151073455819 1.6690800189971926 1.3000449538230898 0.91235998272895824 3.0623250007629399 1.989254951477051 1.3501800298690798 2.5000000000000004 1.5000000000000002 1.7734550237655642 1.352235019207001 1.3000449538230898
decision_type=2 2 2 2 2 2 2 2 2 2 2 2 2 2 2 2 2 2 2 2 2 2 2 2 2 2 2 2 2 2
left_child=1 2 4 -4 -1 11 7 8 -7 -8 -5 21 19 14 16 -15 17 -14 -19 20 -13 -2 23 24 29 -24 -26 -28 -27 -23
right_child=5 -3 3 10 -6 6 9 -9 -10 -11 -12 12 13 15 -16 -17 -18 18 -20 -21 -22 22 25 -25 26 28 27 -29 -30 -31
leaf_value=0.00018023179400297778 -2.0746888880031067e-05 -0.000657048592076856 0.00024867655385098512 0.001804248691361582 -0.00095560397856155695 -0.0003607813388467475 -0.00022227338355208616 0.0012177202890335402 0.0005896602028629969 -0.0012349981957291141 0.0008321816894936078 -0.00024907532216957733 0.00061259139779680613 3.5184493577037268e-05 0.0013816933891197204 -0.00092662895834874821 0.00067298592100720656 -0.00076278006021225208 0.00015730612887694288 0.00050352168684921058 -0.00085912601044245797 4.9449565395559669e-05 0.00025415004817814303 -0.00028745031113841551 0.0002671910032090004 0.0016771411807736244 0.0019689527656649298 0.00042214282981609607 0.0003602613023074214 -0.0013655446035179836
leaf_weight=2993 644463 1088 6003 1035 1195 1071 1263 1754 4199 1223 1003 16728 4969 2014 3223 1964 6562 1934 2354 1206 1794 2704 35901 50928 9524 3050 2071 1754 2053 1720
leaf_count=2993 644463 1088 6003 1035 1195 1071 1263 1754 4199 1223 1003 16728 4969 2014 3223 1964 6562 1934 2354 1206 1794 2704 35901 50928 9524 3050 2071 1754 2053 1720
internal_value=1.69288e-06 0.000216077 0.000293758 0.000521686 -0.000143867 -1.84738e-06 0.000255976 0.000601576 0.000396506 -0.000720488 0.00132585 -4.92412e-06 9.26075e-05 0.000393542 0.000567607 -0.000439678 0.000401744 0.000209468 -0.000257677 -0.000258544 -0.000308163 -1.04524e-05 5.00224e-05 -0.000138156 0.000289644 0.000365309 0.000551567 0.00125964 0.00114734 -0.000500684
internal_weight=819743 13317 12229 8041 4188 806426 9510 7024 5270 2486 2038 796916 42748 23020 19042 3978 15819 9257 4288 19728 18522 754168 109705 68701 17773 41004 13349 3825 5103 4424
internal_count=819743 13317 12229 8041 4188 806426 9510 7024 5270 2486 2038 796916 42748 23020 19042 3978 15819 9257 4288 19728 18522 754168 109705 68701 17773 41004 13349 3825 5103 4424
is_linear=0
shrinkage=0.08


Tree=85
num_leaves=31
num_cat=0
split_feature=1 0 0 1 2 0 0 1 2 0 2 1 1 0 1 1 2 0 0 2 1 0 2 0 1 1 0 0 0 1
split_gain=0.066095 0.235075 0.200954 0.190403 0.169303 0.229557 0.21998 0.215743 0.110182 0.0851385 0.307489 0.318881 0.816085 0.438891 0.849531 0.367263 0.359836 0.326172 0.270951 0.231466 0.231919 0.224971 0.196937 0.821494 0.787605 0.587474 1.21796 0.555122 0.38569 0.754025
threshold=1.91745001077652 4.2789301872253427 1.8112099766731264 2.2850900888442998 1.0000000180025095e-35 3.4861500263214116 3.6559150218963627 2.2850900888442998 1.5000000000000002 1.6741399765014651 1.0000000180025095e-35 -1.327624976634979 -0.61973500251770008 0.97341999411582958 0.66334000229835521 -0.92924499511718739 2.5000000000000004 1.1279850006103518 1.2779699563980105 2.5000000000000004 -0.3509449958801269 1.5637750029563906 1.0000000180025095e-35 3.7575850486755376 -1.1714349985122678 -0.60804000496864308 2.9804151058197026 3.8010050058364873 1.7734550237655642 0.89762499928474437
decision_type=2 2 2 2 2 2 2 2 2 2 2 2 2 2 2 2 2 2 2 2 2 2 2 2 2 2 2 2 2 2
left_child=9 2 -2 -3 5 7 8 -4 -6 10 -1 17 15 -14 18 -13 -17 -12 -15 -20 -21 -22 27 24 -24 26 -26 -11 29 -27
right_child=1 3 4 -5 6 -7 -8 -9 -10 22 11 12 13 14 -16 16 -18 -19 19 20 21 -23 23 -25 25 28 -28 -29 -30 -31
leaf_value=-9.371596162614821e-05 -0.00074428999696006927 0.00010807310975288628 -0.00069566076260381155 -0.0013671889977273921 0.00053056578238885996 0.0008148382662542396 -0.00021274515729561284 0.0004632243734868282 0.0012731616474081417 7.7816037235410774e-05 -0.00077435859776848245 0.00030508217009070148 0.00051096549064683354 0.00010486316593309606 0.00070296584821703866 0.00075373368493061822 0.0019362548484400416 0.00015879915314312331 -0.00027856131972355647 9.2153931232800707e-05 -0.0016640857810141568 -0.00036678202270750277 0.00032642966184001946 0.00026771042647159989 -0.00059646543405958441 -0.00087110110109991999 0.00032292021358148142 -0.00026661803745197537 -6.3607157182512885e-05 0.0012481998715891444
leaf_weight=52430 1123 1165 2657 1078 2558 1862 1456 1677 2557 244512 4447 9110 10146 8809 7126 7466 2113 5201 16416 1144 2438 1318 26422 45497 38728 8047 12104 34127 264469 1240
leaf_count=52430 1123 1165 2657 1078 2558 1862 1456 1677 2557 244512 4447 9110 10146 8809 7126 7466 2113 5201 16416 1144 2438 1318 26422 45497 38728 8047 12104 34127 264469 1240
internal_value=-1.34397e-06 0.00015898 0.000281696 -0.000600947 0.000371943 7.19312e-05 0.000654833 -0.000247241 0.000901791 -4.56379e-06 5.52123e-05 0.000158314 0.000221036 4.45056e-05 -8.25434e-05 0.000668735 0.00101458 -0.000271316 -0.000268354 -0.000422589 -0.000905109 -0.00120886 -1.59112e-05 -5.21314e-05 -9.35884e-05 -0.000127779 -0.000377543 3.56306e-05 -8.14013e-05 -0.000588132
internal_weight=819443 16133 13890 2243 12767 6196 6571 4334 5115 803310 128164 75734 66086 47397 37251 18689 9579 9648 30125 21316 4900 3756 675146 396507 351010 324588 50832 278639 273756 9287
internal_count=819443 16133 13890 2243 12767 6196 6571 4334 5115 803310 128164 75734 66086 47397 37251 18689 9579 9648 30125 21316 4900 3756 675146 396507 351010 324588 50832 278639 273756 9287
is_linear=0
shrinkage=0.08


Tree=86
num_leaves=31
num_cat=0
split_feature=1 0 1 0 0 1 1 3 3 0 1 0 1 1 1 1 0 0 0 1 1 0 1 0 0 1 1 1 1 0
split_gain=0.07078 0.276391 0.0696207 0.113467 0.0540641 0.176037 0.1659 0.0672209 0.055941 0.355611 1.04132 0.792417 3.81855 4.01132 1.45187 1.90944 0.737338 0.686402 1.07424 0.665114 0.622292 0.520931 0.498546 0.446277 0.421915 0.431439 0.401037 0.726104 0.373156 1.70018
threshold=-2.0247749090194698 3.2669749259948735 -2.4603549242019649 1.4934149980545046 0.67178499698638927 -0.97958502173423756 0.7778649926185609 1.5000000000000002 1.5000000000000002 1.9783749580383303 -0.88238000869750965 3.0623250007629399 -0.70328500866889943 0.86929500102996837 -0.71593499183654774 1.004474997520447 3.4401249885559086 3.3973799943923955 4.523980140686036 -0.18604499846696851 -0.16760500520467755 3.083110094070435 0.26465499401092535 4.4493649005889901 2.310095071792603 -0.34146000444889063 0.57619997859001171 -0.26704500615596766 -0.41817499697208399 1.4741650223731997
decision_type=2 2 2 2 2 2 2 2 2 2 2 2 2 2 2 2 2 2 2 2 2 2 2 2 2 2 2 2 2 2
left_child=1 2 -1 -4 5 -2 7 -7 -6 10 -10 12 -11 19 -13 17 -17 21 20 24 -19 -16 -22 -18 25 -14 27 -23 29 -12
right_child=4 -3 3 -5 8 6 -8 -9 9 11 28 14 13 -15 15 16 23 18 -20 -21 22 26 -24 -25 -26 -27 -28 -29 -30 -31
leaf_value=3.5980831804452815e-05 -0.00027975420161023388 -0.0010432195470647934 2.2447421180766225e-05 0.00075339351176626629 9.1888889259101223e-06 0.00033432216880941666 -0.00063850529999503081 0.00088631475604775362 0.00051471611679724323 -0.00086678466582739257 0.00051559872698999764 0.00071056838401139144 -0.00075478158923212592 -0.00081517841319492701 -0.001856647345768932 -0.00044494814075120249 0.0011620324579868426 -0.00035101414798982636 0.00028386320101350166 0.0010092084346259896 -0.0016948889964144502 -0.00073786409263665071 -0.00087946094444587728 -1.53164217492445e-05 0.00064522189953575228 0.00086340973018882042 -0.00080872375175917435 0.00065506230573665798 -0.00033444711933826993 -0.0020416580275548083
leaf_weight=2976 4264 1008 2046 4049 607498 7583 1018 1735 8343 17209 2782 10134 3303 12276 1030 3924 7578 7660 5240 32867 7876 3459 12281 2830 12062 1549 3042 7787 20480 4140
leaf_count=2976 4264 1008 2046 4049 607498 7583 1018 1735 8343 17209 2782 10134 3303 12276 1030 3924 7578 7660 5240 32867 7876 3459 12281 2830 12062 1549 3042 7787 20480 4140
internal_value=2.81302e-06 0.000213506 0.000353158 0.000508026 1.91157e-07 0.000152743 0.000331165 0.000437103 -2.6092e-06 -4.07632e-05 -0.000267821 1.25952e-05 0.000187635 0.000480036 -0.000177884 -0.000321466 0.000489573 -0.000561751 -0.000766885 0.000799435 -0.000964819 -0.000119062 -0.00119808 0.000841904 0.000391808 -0.000238174 6.19825e-06 0.000226632 -0.000506078 -0.00101388
internal_weight=820029 10079 9071 6095 809950 14600 10336 9318 795350 187852 35745 152107 79266 62057 72841 62707 14332 48375 33057 49781 27817 15318 20157 10408 16914 4852 14288 11246 27402 6922
internal_count=820029 10079 9071 6095 809950 14600 10336 9318 795350 187852 35745 152107 79266 62057 72841 62707 14332 48375 33057 49781 27817 15318 20157 10408 16914 4852 14288 11246 27402 6922
is_linear=0
shrinkage=0.08


Tree=87
num_leaves=31
num_cat=0
split_feature=2 0 0 3 3 0 0 3 3 3 0 0 0 0 0 0 0 0 0 3 0 0 0 0 0 0 0 0 0 0
split_gain=0.0886892 0.505224 0.534973 0.606662 0.572621 0.430698 0.276034 0.427113 0.390951 0.172785 0.659702 0.38175 0.125434 0.162787 0.133137 0.108216 0.105689 0.277102 0.190666 0.1423 0.402967 0.358574 0.146051 0.200275 0.184833 0.187919 0.143634 0.139607 0.118452 0.100266
threshold=2.5000000000000004 3.3832299709320073 1.6123750209808352 1.0000000180025095e-35 1.0000000180025095e-35 1.3255900144577029 1.3947499990463259 1.5000000000000002 1.5000000000000002 1.0000000180025095e-35 4.0425500869750985 3.7358449697494511 3.1942899227142338 2.157310009002686 2.7231450080871586 0.75101500749588024 2.4905850887298588 2.5260450839996342 2.4555249214172368 1.5000000000000002 2.3379249572753911 2.301554918289185 1.7734550237655642 2.1775450706481938 2.1169149875640874 1.8608150482177737 2.3928849697113042 1.989254951477051 1.9440699815750124 2.6331748962402348
decision_type=2 2 2 2 2 2 2 2 2 2 2 2 2 2 2 2 2 2 2 2 2 2 2 2 2 2 2 2 2 2
left_child=-1 2 4 12 5 -2 8 -8 -6 10 -3 -11 13 -4 -15 -10 18 -18 19 20 27 22 -21 24 25 -24 -23 -5 -27 -19
right_child=1 9 3 16 6 -7 7 -9 15 11 -12 -13 -14 14 -16 -17 17 29 -20 21 -22 26 23 -25 -26 28 -28 -29 -30 -31
leaf_value=1.4970190712978281e-05 -0.0014556530163817047 0.0005114729343417857 0.00059039640625057547 0.00035667260312591541 0.00016821476358499918 0.00040288756140398617 0.00095570867900229275 -0.00072654488236427244 0.0020116938875598049 1.1467549672000342e-05 -0.0018707483364543056 0.0008510882411132181 0.00099988480011116041 -0.00028578189552079666 0.00032849070503702433 0.001090770578316153 0.00086583503421609048 6.2792126330608007e-05 -0.0014094257713145766 -0.0013770193749563248 -0.001262770311906934 0.00060056486762185472 0.00021047609114766144 -0.0012711047126403039 0.0004419393571798254 -0.0014940004485872332 -0.00047333283971670456 -0.00026837022682539688 -0.00060202765628463914 -0.0003652666206884305
leaf_weight=715825 1842 2633 3888 4205 3345 1408 1704 2230 1072 6554 1037 7355 1233 5349 3908 3428 1364 4109 1306 2178 1900 1938 1331 2476 1263 1364 1354 5014 3161 23710
leaf_count=715825 1842 2633 3888 4205 3345 1408 1704 2230 1072 6554 1037 7355 1233 5349 3908 3428 1364 4109 1306 2178 1900 1938 1331 2476 1263 1364 1354 5014 3161 23710
internal_value=4.95509e-06 -6.42049e-05 -0.000144018 -0.000235742 0.000289617 -0.000650476 0.000549003 2.11807e-06 0.000823247 0.00032662 -0.000161651 0.000455454 0.000228364 0.000155995 -2.64563e-05 0.00131015 -0.000353487 -0.000247454 -0.000466049 -0.000418995 -0.000201912 -0.000579218 -0.000785604 -0.000651357 -0.000435807 -0.000625117 0.000158871 1.67263e-05 -0.000870901 -0.00030204
internal_weight=819484 103659 86080 71051 15029 3250 11779 3934 7845 17579 3670 13909 14378 13145 9257 4500 56673 29183 27490 26184 11119 15065 11773 9595 7119 5856 3292 9219 4525 27819
internal_count=819484 103659 86080 71051 15029 3250 11779 3934 7845 17579 3670 13909 14378 13145 9257 4500 56673 29183 27490 26184 11119 15065 11773 9595 7119 5856 3292 9219 4525 27819
is_linear=0
shrinkage=0.08


Tree=88
num_leaves=31
num_cat=0
split_feature=0 2 3 3 2 2 0 0 0 2 3 2 3 2 0 2 0 0 0 3 2 0 0 0 0 0 0 0 0 0
split_gain=0.0595908 0.0858214 0.0577399 0.0562714 0.205354 0.0935117 0.0530597 0.19514 0.205006 0.212838 0.290712 0.339079 0.190961 0.191749 0.172652 0.135599 0.166161 0.10922 0.237424 0.330273 0.192145 0.109169 0.1326 0.102997 0.138528 0.131429 0.0942899 0.093127 0.0896044 0.098665
threshold=0.67178499698638927 1.0000000180025095e-35 1.0000000180025095e-35 1.0000000180025095e-35 2.5000000000000004 1.5000000000000002 2.236474990844727 2.5799100399017338 2.4905850887298588 2.5000000000000004 1.0000000180025095e-35 1.0000000180025095e-35 1.5000000000000002 2.5000000000000004 2.157310009002686 2.5000000000000004 2.5348649024963383 2.3379249572753911 2.2737300395965581 1.5000000000000002 1.5000000000000002 2.4101150035858159 2.4644500017166142 2.2644751071929936 2.301554918289185 2.40149998664856 2.301554918289185 2.3566550016403203 2.3928849697113042 2.291815042495728
decision_type=2 2 2 2 2 2 2 2 2 2 2 2 2 2 2 2 2 2 2 2 2 2 2 2 2 2 2 2 2 2
left_child=1 2 -1 5 -5 -3 14 8 9 10 -8 23 15 -14 -2 -10 -17 18 19 -13 26 -19 -23 -12 -25 27 -20 -26 29 -11
right_child=6 3 -4 4 -6 -7 7 -9 12 28 11 17 13 -15 -16 16 -18 21 20 -21 -22 22 -24 24 25 -27 -28 -29 -30 -31
leaf_value=8.5249734475318221e-05 -1.8819695041224001e-05 0.00038172334420566315 -0.00042962506735877898 0.00016423897290632238 0.0012544703064631142 -0.00046239816872853666 -6.6755787782136054e-05 -2.2655102157068092e-05 0.00022068718091410486 -0.00051715611574796368 0.001275057343652524 -0.00088948180653814738 0.00036901860577112931 0.0012902178406646832 -0.00023449794476973284 0.00026860164511712274 -0.0010939185025655076 -0.00029356520623118976 0.0015479366192935606 0.00068226634283593808 0.00012160034961614088 0.00036642650935859495 -0.00033440766446428502 -0.00015409663335723799 0.00060430523325970178 0.00031470336397335265 0.00065700304069395751 0.0013190736896312083 -0.00055689960912659413 0.00010787525612025802
leaf_weight=4488 246433 2186 2022 4001 1528 1364 41358 409748 23024 2465 1268 2069 5065 2024 26288 1126 1166 6971 1282 1459 2956 5363 2549 1681 2572 4247 1868 2135 4699 4695
leaf_count=4488 246433 2186 2022 4001 1528 1364 41358 409748 23024 2465 1268 2069 5065 2024 26288 1126 1166 6971 1282 1459 2956 5363 2549 1681 2572 4247 1868 2135 4699 4695
internal_value=-7.91828e-06 0.000147 -7.46699e-05 0.000305946 0.000465536 5.73905e-05 -1.09201e-05 3.79269e-06 9.25894e-05 3.02473e-05 7.83829e-05 0.0002432 0.000265037 0.000632033 -3.96093e-05 0.00016227 -0.000424548 7.31155e-05 0.000282985 -0.000239487 0.000584865 -6.27362e-05 0.00014064 0.000593529 0.000512271 0.000637373 0.0010196 0.00092851 -0.000285453 -0.000107307
internal_weight=820100 15589 6510 9079 5529 3550 804511 531790 122042 89637 77778 36420 32405 7089 272721 25316 2292 24517 9634 3528 6106 14883 7912 11903 10635 8954 3150 4707 11859 7160
internal_count=820100 15589 6510 9079 5529 3550 804511 531790 122042 89637 77778 36420 32405 7089 272721 25316 2292 24517 9634 3528 6106 14883 7912 11903 10635 8954 3150 4707 11859 7160
is_linear=0
shrinkage=0.08


Tree=89
num_leaves=31
num_cat=0
split_feature=0 0 0 2 3 0 0 3 2 0 3 2 0 2 2 0 0 3 0 0 3 0 0 0 0 0 0 3 0 0
split_gain=0.053077 0.175135 0.231141 0.188873 0.184624 0.244333 0.131126 0.128948 0.136143 0.124857 0.29898 0.321223 0.147898 0.127524 0.127032 0.204702 0.186568 0.168921 0.11563 0.12212 0.109687 0.136007 0.2803 0.172261 0.105871 0.148653 0.187909 0.103326 0.255995 0.443717
threshold=2.5799100399017338 2.3655949831008916 2.3471150398254399 1.5000000000000002 1.5000000000000002 2.5435550212860112 2.7693750858306889 1.0000000180025095e-35 2.5000000000000004 2.8076500892639165 1.5000000000000002 1.5000000000000002 2.8455899953842168 1.5000000000000002 1.0000000180025095e-35 3.8010050058364873 3.872674942016602 1.5000000000000002 2.6509549617767338 2.6061549186706547 1.5000000000000002 2.6243550777435307 2.6509549617767338 2.6061549186706547 2.5083100795745854 2.4373950958251958 2.3928849697113042 1.0000000180025095e-35 3.1264350414276127 3.115745067596436
decision_type=2 2 2 2 2 2 2 2 2 2 2 2 2 2 2 2 2 2 2 2 2 2 2 2 2 2 2 2 2 2
left_child=1 2 -1 -3 -5 24 7 -2 20 10 11 -8 13 -11 16 27 -14 -18 19 -10 -9 23 -23 -22 25 26 -6 -16 29 -29
right_child=6 3 -4 4 5 -7 9 8 18 12 -12 -13 14 -15 15 -17 17 -19 -20 -21 21 22 -24 -25 -26 -27 -28 28 -30 -31
leaf_value=2.0787469669715172e-06 -0.00024045744901632444 0.0002139036533717291 -0.00047760701150034886 -0.00022420334743204596 0.00059846640364130677 0.0010939322387316104 0.0002953794438512553 -6.6987448909196099e-05 -0.00061181507386610023 -0.00010790659219089411 0.00093791990441518982 -0.00073028991290909106 -7.8941153528695218e-06 -0.00065283424435813727 9.1975123370655461e-05 0.00019143365230754033 -0.000115230511639324 -0.00052443693384586335 -0.00059092118844638816 0.00050228599058790358 0.00029434284318748962 0.001367689711559475 0.00018931424547894362 -0.0010392776674370777 -0.0005510703664120658 0.00056823873738430584 -0.00068379148603001799 6.1063436380872391e-05 -0.00015877287420166096 0.0015973220680294057
leaf_weight=326825 32258 51769 6558 15501 1162 1695 7597 17153 1016 8699 3016 2631 102008 4018 45747 44232 23272 8935 4318 1656 1507 1592 6854 1053 1577 3169 1974 33559 57466 1248
leaf_count=326825 32258 51769 6558 15501 1162 1695 7597 17153 1016 8699 3016 2631 102008 4018 45747 44232 23272 8935 4318 1656 1507 1592 6854 1053 1577 3169 1974 33559 57466 1248
internal_value=-2.60398e-06 1.77388e-05 -7.35718e-06 0.000126612 -5.35863e-05 0.000222569 -2.29664e-05 -0.000124957 -1.89569e-05 -2.88944e-06 0.000237947 3.15413e-05 -1.2579e-05 -0.000280079 -1.82966e-06 4.16661e-05 -6.0893e-05 -0.000228754 -0.000334967 7.86607e-05 5.94872e-05 0.0002566 0.000411428 -0.000254213 3.51845e-05 0.000181818 -0.000208669 -6.33075e-06 -5.50687e-05 0.000116146
internal_weight=820065 410230 333383 76847 25078 9577 409835 67407 35149 342428 13244 10228 329184 12717 316467 182252 134215 32207 6990 2672 28159 11006 8446 2560 7882 6305 3136 138020 92273 34807
internal_count=820065 410230 333383 76847 25078 9577 409835 67407 35149 342428 13244 10228 329184 12717 316467 182252 134215 32207 6990 2672 28159 11006 8446 2560 7882 6305 3136 138020 92273 34807
is_linear=0
shrinkage=0.08


Tree=90
num_leaves=31
num_cat=0
split_feature=1 0 0 0 0 1 1 3 0 0 0 3 0 0 1 1 0 3 1 3 1 0 3 0 0 0 0 1 1 3
split_gain=0.0452705 0.319754 0.0774339 0.0694259 0.0417708 0.742906 0.8957 0.843487 0.743582 0.612108 0.567537 0.385279 0.656299 0.442875 0.420346 0.353248 0.651894 0.405696 0.760251 0.401028 1.84959 2.50904 0.894097 0.776372 0.710929 0.554539 0.395334 0.375368 0.37296 0.480245
threshold=2.1327749490737919 4.2789301872253427 2.0753901004791264 3.6377300024032597 3.083110094070435 -0.71593499183654774 0.74265000224113475 1.0000000180025095e-35 3.5854150056838994 3.2908449172973637 4.3863151073455819 1.5000000000000002 3.6377300024032597 3.6949000358581547 -0.16760500520467755 0.73063498735427868 1.8852050304412844 1.0000000180025095e-35 1.0208449959754946 1.0000000180025095e-35 -0.32310499250888819 1.8112099766731264 1.5000000000000002 1.7600449919700625 2.6955149173736577 2.2459249496459965 1.3255900144577029 0.2281950041651726 -0.58638501167297352 1.5000000000000002
decision_type=2 2 2 2 2 2 2 2 2 2 2 2 2 2 2 2 2 2 2 2 2 2 2 2 2 2 2 2 2 2
left_child=4 2 -2 -4 15 -6 7 8 -7 -9 11 13 -13 -11 -14 19 26 18 -18 27 23 -22 24 -21 25 -23 -17 -1 29 -25
right_child=1 -3 3 -5 5 6 -8 9 -10 10 -12 12 14 -15 -16 16 17 -19 -20 20 21 22 -24 28 -26 -27 -28 -29 -30 -31
leaf_value=-1.0044323935192332e-05 -0.00025942079702500671 -0.00092008924883263854 0.00061108930358174957 2.9627622638348831e-05 0.00039987738537949457 -0.00016827309386765018 0.0002055567831337631 7.973489606902541e-05 0.00040787746996587862 -0.00061106693286511551 0.00015075583061359798 -0.00031615511505852796 -0.00048180343081056267 7.1564314528699683e-05 -0.0014019311838202714 -0.00030223871457235883 -0.00050258872385912248 -0.00045171165676917289 0.00021708534604890028 0.00015643723846526654 -0.00034248157445893366 0.00014372516465304975 0.00078923244781182848 -0.00018615757537565831 -0.00012536268809518606 0.00074765975090933798 0.00045807264000679313 -0.00025024061823803682 -1.9898881200041963e-05 -0.00065129793156174485
leaf_weight=178664 1096 1463 5197 1759 28999 33210 67663 18681 25226 14199 8767 11973 4630 10641 10129 6188 16136 38027 22485 37171 30233 17370 38867 31556 17932 22124 14954 54293 23982 25838
leaf_count=178664 1096 1463 5197 1759 28999 33210 67663 18681 25226 14199 8767 11973 4630 10641 10129 6188 16136 38027 22485 37171 30233 17370 38867 31556 17932 22124 14954 54293 23982 25838
internal_value=-5.58716e-06 0.000167896 0.000365576 0.000464052 -7.6252e-06 2.0867e-05 -3.27161e-05 -0.000150006 8.0443e-05 -0.000320426 -0.000444316 -0.000545475 -0.000756256 -0.00031864 -0.00111328 -1.92096e-05 -0.000157747 -0.000266228 -8.35972e-05 9.1308e-06 8.05706e-05 0.000293304 0.000492921 -0.000146481 0.000292372 0.000482041 0.000235539 -6.60245e-05 -0.000284849 -0.000395557
internal_weight=819453 9515 8052 6956 809938 234118 205119 137456 58436 79020 60339 51572 26732 24840 14759 575820 97790 76648 38621 478030 245073 126526 96293 118547 57426 39494 21142 232957 81376 57394
internal_count=819453 9515 8052 6956 809938 234118 205119 137456 58436 79020 60339 51572 26732 24840 14759 575820 97790 76648 38621 478030 245073 126526 96293 118547 57426 39494 21142 232957 81376 57394
is_linear=0
shrinkage=0.08


Tree=91
num_leaves=31
num_cat=0
split_feature=0 1 1 1 3 0 1 0 1 0 0 1 1 1 3 1 0 0 1 1 0 1 0 1 1 0 3 1 0 0
split_gain=0.0591298 0.256175 0.288371 0.341406 0.348377 0.339444 0.303031 0.584337 0.266551 0.612184 0.235425 0.240096 0.211343 0.190565 0.189683 0.792865 0.183307 0.18107 0.183029 0.171207 0.15445 0.151211 0.145019 0.137804 0.268138 1.05537 0.714065 0.457905 0.425403 0.632311
threshold=1.8722299933433535 1.7208549976348879 0.86929500102996837 -0.3509449958801269 1.0000000180025095e-35 1.3501800298690798 -1.1957349777221677 1.5110000371932986 -0.71593499183654774 1.4741650223731997 1.823825001716614 0.17466999590396884 -0.99682998657226551 1.3000449538230898 1.5000000000000002 -0.50982502102851857 1.5460549592971804 1.798830032348633 0.39493499696254736 0.42347499728202825 0.97341999411582958 -2.193194985389709 1.5110000371932986 -1.3896800279617307 -0.52108499407768238 3.217230081558228 1.0000000180025095e-35 -0.70328500866889943 2.1270649433135991 2.855045080184937
decision_type=2 2 2 2 2 2 2 2 2 2 2 2 2 2 2 2 2 2 2 2 2 2 2 2 2 2 2 2 2 2
left_child=1 2 3 6 16 13 7 21 12 -10 20 -12 -8 -4 -11 -16 19 -18 -19 -5 -6 -1 -3 -2 25 26 -25 -28 -29 -30
right_child=23 22 5 4 10 -7 8 -9 9 14 11 -13 -14 -15 15 -17 17 18 -20 -21 -22 -23 -24 24 -26 -27 27 28 29 -31
leaf_value=0.00023912086582192991 0.00016381232324059073 -0.0015237410755281678 0.00015043935060940808 8.7269120594357058e-05 5.099217752455099e-05 0.00066143999999696999 0.00012141164717784795 0.00040861089818898419 0.00041540438035421733 -0.00018205970659849007 0.0010969936105255981 -0.00035064683627711611 0.00057047442422352563 -0.001008646027031185 -0.0022366565318771145 0.0005792818751008213 -0.00027985108756168421 0.00064478550743822223 -0.00045982259783957968 0.00060126179623186827 -0.00041176659333141827 -0.00046974301367261822 -0.00022058528798728504 -1.6969265504859986e-05 5.1383707594195593e-06 0.00030179695524187395 -0.00062365543733313659 -0.00099499613787909784 0.00047041198812956955 -0.00079722315342234038
leaf_weight=2218 26994 1010 3140 16590 5500 9696 10597 9487 14919 11094 1542 1398 18274 1277 1394 1183 13158 3139 1383 5530 28716 14625 1191 42229 495244 28016 34774 2749 8757 3535
leaf_count=2218 26994 1010 3140 16590 5500 9696 10597 9487 14919 11094 1542 1398 18274 1277 1394 1183 13158 3139 1383 5530 28716 14625 1191 42229 495244 28016 34774 2749 8757 3535
internal_value=-1.81897e-06 3.9113e-05 4.9909e-05 1.9468e-05 -0.000102187 0.000396632 0.0001312 -9.35484e-05 0.000234185 6.10367e-05 -0.000278353 0.000408626 0.000405647 -0.000184664 -0.000325681 -0.000943969 6.22748e-05 -0.000129764 0.000306954 0.000215767 -0.000337381 -0.000376395 -0.00081858 -1.31026e-05 -2.0864e-05 -0.000128123 -0.000258981 -0.000464138 -9.53414e-05 0.000105859
internal_weight=819359 177061 174860 160747 76956 14113 83791 26330 57461 28590 37156 2940 28871 4417 13671 2577 39800 17680 4522 22120 34216 16843 2201 642298 615304 120060 92044 49815 15041 12292
internal_count=819359 177061 174860 160747 76956 14113 83791 26330 57461 28590 37156 2940 28871 4417 13671 2577 39800 17680 4522 22120 34216 16843 2201 642298 615304 120060 92044 49815 15041 12292
is_linear=0
shrinkage=0.08


Tree=92
num_leaves=31
num_cat=0
split_feature=0 1 0 0 1 3 3 1 3 3 0 1 1 1 0 0 1 1 1 1 0 0 1 1 1 1 1 1 0 0
split_gain=0.0637954 0.313971 0.54351 0.453143 1.54994 1.46256 0.533547 0.512577 0.434872 0.413198 0.40203 0.312198 0.405522 0.266507 0.219906 0.254332 0.212391 0.267108 0.18034 0.306109 0.285943 0.229927 0.180067 0.296064 0.299486 0.210691 0.261019 0.179343 0.464243 0.298212
threshold=2.6243550777435307 0.73063498735427868 2.310095071792603 2.2548649311065678 -0.74143001437187184 1.0000000180025095e-35 1.5000000000000002 -0.0085249999538063986 1.5000000000000002 1.5000000000000002 2.4373950958251958 0.66334000229835521 0.56529501080513012 0.085974998772144332 2.5523250102996831 2.5083100795745854 -0.087965000420808778 -0.17668499797582624 1.7778800129890444 2.5417549610137944 3.6377300024032597 4.7154748439788827 -0.24051500111818311 -0.43813998997211451 -0.52108499407768238 -0.37875001132488245 -0.30440001189708704 -0.91236498951911915 2.9214450120925908 4.2789301872253427
decision_type=2 2 2 2 2 2 2 2 2 2 2 2 2 2 2 2 2 2 2 2 2 2 2 2 2 2 2 2 2 2
left_child=1 3 8 13 6 -6 -5 9 -3 16 -11 12 -9 -1 15 -12 17 22 27 21 -21 -20 23 24 -7 -25 -27 28 -2 -30
right_child=18 2 -4 4 5 7 -8 11 -10 10 14 -13 -14 -15 -16 -17 -18 -19 19 20 -22 -23 -24 25 -26 26 -28 -29 29 -31
leaf_value=4.4474903919368848e-05 -0.00026602581085119275 0.00014907626086080103 -0.00045557666093061988 -0.0001434865319399706 1.6433301423659856e-05 0.0001972514914610656 -0.00099446500674836872 0.0010283568755803229 -0.00048417690841107012 0.00028002784780448332 0.0012127392238101163 0.0021085108219072676 -0.00011322402032019035 -0.0001421203434235067 0.00066829966794411692 0.0028195964047817309 -0.00079070850190485729 0.0011878846625111078 0.0004929873553555749 0.00027721320344059304 -0.0014165089286418419 -0.00071650210915975376 -0.00086586604624785274 0.001742112101224897 -0.0012375885661321168 -0.00042399414066897063 0.0012299522068993935 -5.0080432475722174e-05 0.0004103370088732089 -0.00065205273565847985
leaf_weight=186920 12387 35966 22484 18546 39833 3200 6323 16818 8600 4156 1630 1456 2259 66386 1696 1028 1455 1614 12366 1289 1263 1095 1147 1001 1313 1281 1167 340240 23186 1824
leaf_count=186920 12387 35966 22484 18546 39833 3200 6323 16818 8600 4156 1630 1456 2259 66386 1696 1028 1455 1614 12366 1289 1263 1095 1147 1001 1313 1281 1167 340240 23186 1824
internal_value=2.56876e-06 2.40127e-05 -0.000134906 5.36748e-05 0.000192622 0.000362131 -0.00035985 0.000696189 2.6876e-05 0.000415143 0.000842837 0.000979356 0.000893177 -4.42766e-06 0.00138005 0.0018342 0.00011627 0.000239338 -2.06526e-05 0.000242302 -0.00056102 0.0003946 7.12674e-05 0.00020627 -0.000220197 0.0007643 0.000364468 -3.18028e-05 0.000134489 0.000332856
internal_weight=819929 426279 67050 359229 105923 81054 24869 41221 44566 20688 8510 20533 19077 253306 4354 2658 12178 10723 393650 16013 2552 13461 9109 7962 4513 3449 2448 377637 37397 25010
internal_count=819929 426279 67050 359229 105923 81054 24869 41221 44566 20688 8510 20533 19077 253306 4354 2658 12178 10723 393650 16013 2552 13461 9109 7962 4513 3449 2448 377637 37397 25010
is_linear=0
shrinkage=0.08


Tree=93
num_leaves=31
num_cat=0
split_feature=0 1 1 0 1 3 1 0 0 0 0 1 1 1 1 0 0 1 0 3 1 0 3 1 1 3 0 1 1 3
split_gain=0.0671014 0.2171 0.311973 0.395354 0.221721 0.464813 0.35624 0.362837 0.33551 0.193939 0.19547 0.174592 0.167079 0.151072 0.151217 0.19593 0.134251 0.130533 0.876209 0.500701 0.44848 0.379944 1.31886 3.22495 1.02145 1.13115 0.601691 0.491856 0.759393 0.899399
threshold=1.8722299933433535 1.7208549976348879 0.89762499928474437 1.3727650046348574 -0.45742000639438624 1.5000000000000002 -1.1957349777221677 1.4359849691390993 1.7734550237655642 1.3727650046348574 1.5637750029563906 -2.193194985389709 1.3000449538230898 -0.0085249999538063986 0.51316997408866893 1.0941300392150881 1.528375029563904 -0.52108499407768238 3.031194925308228 1.0000000180025095e-35 -0.94593498110771168 3.1833050251007085 1.5000000000000002 0.86929500102996837 0.68488499522209179 1.0000000180025095e-35 3.5854150056838994 1.3000449538230898 0.49272499978542333 1.0000000180025095e-35
decision_type=2 2 2 2 2 2 2 2 2 2 2 2 2 2 2 2 2 2 2 2 2 2 2 2 2 2 2 2 2 2
left_child=1 2 4 12 6 -6 7 11 9 13 -11 -1 -4 -7 15 -15 -3 18 19 20 -2 22 27 -24 25 26 -23 28 29 -19
right_child=17 16 3 -5 5 8 -8 -9 -10 10 -12 -13 -14 14 -16 -17 -18 21 -20 -21 -22 24 23 -25 -26 -27 -28 -29 -30 -31
leaf_value=0.00032650916997752517 0.00025029101635979756 -0.0014146902056898876 0.0001400036970674629 0.00073914559996090146 2.5992596216463262e-05 0.00017003163751833639 0.00025449624558867998 0.00023577535678798682 0.00040255608898271463 -0.0014051517840455914 -0.00055402483805546115 -0.00047226687303054303 -0.00093020210515564025 -0.00029089843952855753 0.00014240205453678578 -0.0017855286357477997 -0.00015362195976862154 -0.0001060351981253293 0.00022178241439417366 -0.00036410451205624584 -0.00024596543038462546 -0.00023177705834900492 0.00067248670744921859 -0.00066705986142679373 0.00015120336177494364 -0.00046743107180224479 0.00035886483296177982 0.00032623341409516044 -0.00026288894792700303 0.00029339669262827084
leaf_weight=2021 22254 1023 3012 8821 70915 2656 48895 11144 2454 2890 4291 13122 1353 1163 1072 1085 1145 94691 44511 56136 24471 21947 52354 14741 70700 60410 22208 23692 76253 58286
leaf_count=2021 22254 1023 3012 8821 70915 2656 48895 11144 2454 2890 4291 13122 1353 1163 1072 1085 1145 94691 44511 56136 24471 21947 52354 14741 70700 60410 22208 23692 76253 58286
internal_value=3.35707e-06 4.69635e-05 5.68262e-05 0.000430997 2.63156e-05 -6.10039e-05 0.00012681 -0.000110691 -0.000456197 -0.000616369 -0.000896562 -0.000365661 -0.000191723 -0.000279678 -0.000639445 -0.00101228 -0.000748674 -8.65723e-06 -7.47541e-05 -0.000203074 -9.61035e-06 1.101e-05 6.28643e-05 0.000378184 -8.36709e-05 -0.000242477 6.52895e-05 -2.07835e-05 -5.66493e-05 4.6153e-05
internal_weight=819716 177062 174894 13186 161708 86526 75182 26287 15611 13157 7181 15143 4365 5976 3320 2248 2168 642654 147372 102861 46725 495282 320017 67095 175265 104565 44155 252922 229230 152977
internal_count=819716 177062 174894 13186 161708 86526 75182 26287 15611 13157 7181 15143 4365 5976 3320 2248 2168 642654 147372 102861 46725 495282 320017 67095 175265 104565 44155 252922 229230 152977
is_linear=0
shrinkage=0.08


Tree=94
num_leaves=31
num_cat=0
split_feature=0 1 2 2 1 1 1 0 1 2 0 1 2 0 1 2 0 2 0 1 0 1 0 1 0 1 1 1 0 1
split_gain=0.0371419 0.108393 0.301676 0.10448 0.0695768 0.0495004 0.0462081 0.248347 0.115967 0.0816724 0.0464712 0.188721 0.595533 0.508656 0.277074 0.454144 0.874195 0.344376 0.335681 0.313033 0.445075 0.395998 0.390851 0.454086 0.307727 0.285985 0.276413 0.268953 0.226953 0.317451
threshold=0.67178499698638927 -0.91236498951911915 1.5000000000000002 1.5000000000000002 -1.6821500062942503 -0.26704500615596766 -2.4603549242019649 2.1775450706481938 -2.0247749090194698 1.5000000000000002 2.1981151103973393 -0.76716500520706166 2.5000000000000004 1.2228899598121645 0.89762499928474437 1.5000000000000002 1.3727650046348574 1.5000000000000002 2.032885074615479 0.44294500350952154 1.5796549916267397 -0.32310499250888819 1.8974449634552004 -0.19490000605583188 1.6437050104141238 1.0000000180025095e-35 0.19279000163078311 1.5011050105094912 1.9673299789428713 -0.57517498731613148
decision_type=2 2 2 2 2 2 2 2 2 2 2 2 2 2 2 2 2 2 2 2 2 2 2 2 2 2 2 2 2 2
left_child=1 3 -3 4 -1 -4 7 -2 9 -8 11 12 -10 -14 15 -13 -17 27 -19 21 -21 24 -23 -24 -18 -25 -27 -16 -26 -30
right_child=6 2 5 -5 -6 -7 8 -9 10 -11 -12 14 13 -15 17 16 19 18 -20 20 -22 22 23 25 28 26 -28 -29 29 -31
leaf_value=0.00054417298342230105 0.00035440159389126631 -1.4688096493608187e-05 0.0012838279425008818 -0.00067803744184785956 -0.00016468739259671266 0.00064318731720197696 0.00017194306348066276 -0.0011292750318072358 -2.4935648814026855e-06 0.00083272867445536919 1.0875221980782087e-05 -1.4495889575038953e-05 -0.00055569437297923964 0.0010774988589540996 0.00017001917149171507 0.00032405731792006825 -2.3602643584539234e-05 0.00092479745423616386 -0.00029590726200852266 0.00051082397800599855 -0.0011279261252410868 -0.00046511078582725025 0.0013455001624369958 -0.00069204449517041189 -0.0013025545948994164 0.00085279142831974609 -0.00023678951420774331 -0.00051220556530734158 -0.0013596556924014053 3.7677443879122943e-05
leaf_weight=1323 1591 6808 1423 1707 2684 1687 4562 1322 53300 1623 540292 112155 1524 6128 13750 11579 3118 5797 1919 1240 7335 12079 1832 2886 5095 2823 3156 5059 1723 2627
leaf_count=1323 1591 6808 1423 1707 2684 1687 4562 1322 53300 1623 540292 112155 1524 6128 13750 11579 3118 5797 1919 1240 7335 12079 1832 2886 5095 2823 3156 5059 1723 2627
internal_value=1.48812e-06 0.000123622 0.00028352 -0.000153918 6.93586e-05 0.000936316 -8.84977e-07 -0.000318932 2.70797e-07 0.000345339 -2.41238e-06 -3.05523e-05 9.2255e-05 0.000752226 -6.91022e-05 -0.000107114 -0.000294302 0.000171149 0.000621203 -0.000457348 -0.000890952 -0.000352134 -0.000153242 0.000198919 -0.000712713 -3.8028e-05 0.000277659 -1.34768e-05 -0.000940204 -0.000515795
internal_weight=820147 15632 9918 5714 4007 3110 804515 2913 801602 6185 795417 255125 60952 7652 194173 167648 55493 26525 7716 43914 8575 35339 22776 10697 12563 8865 5979 18809 9445 4350
internal_count=820147 15632 9918 5714 4007 3110 804515 2913 801602 6185 795417 255125 60952 7652 194173 167648 55493 26525 7716 43914 8575 35339 22776 10697 12563 8865 5979 18809 9445 4350
is_linear=0
shrinkage=0.08


Tree=95
num_leaves=31
num_cat=0
split_feature=1 1 2 3 2 1 2 3 2 1 1 3 2 1 1 3 1 1 1 2 1 1 3 2 1 2 1 1 1 1
split_gain=0.0445997 0.123709 0.0471292 0.0683182 0.0462168 0.0436403 0.247393 0.235005 0.149632 0.583611 0.187191 0.370273 0.24409 0.203323 0.190783 0.14402 0.136222 0.131628 0.216753 0.106078 0.219906 0.157787 0.149517 0.125029 0.120023 0.10356 0.315342 0.419003 0.257905 0.163452
threshold=-2.4603549242019649 -2.0247749090194698 1.0000000180025095e-35 1.0000000180025095e-35 1.5000000000000002 0.79055002331733715 2.5000000000000004 1.5000000000000002 1.5000000000000002 -0.8083449900150298 -1.0697450041770933 1.5000000000000002 1.0000000180025095e-35 0.69628500938415538 0.60791999101638805 1.5000000000000002 0.81671500205993663 -0.75479999184608448 -0.99682998657226551 1.0000000180025095e-35 1.1880750060081484 1.2754200100898745 1.0000000180025095e-35 1.5000000000000002 1.91745001077652 1.0000000180025095e-35 0.085974998772144332 0.12142500281333925 -0.19490000605583188 0.50270497798919689
decision_type=2 2 2 2 2 2 2 2 2 2 2 2 2 2 2 2 2 2 2 2 2 2 2 2 2 2 2 2 2 2
left_child=-1 2 -2 -4 -5 8 7 19 10 -10 12 13 15 14 25 -3 -9 18 -13 20 -7 22 23 -21 -22 -12 28 -28 -27 -29
right_child=1 5 3 4 -6 6 -8 16 9 -11 11 17 -14 -15 -16 -17 -18 -19 -20 21 24 -23 -24 -25 -26 26 27 29 -30 -31
leaf_value=-0.00029413860913628627 0.00010409240117771394 -0.00019389190960601227 1.0869376185585064e-06 0.00039869171002800699 0.0010701435733692351 0.00013163315431253777 0.00030400822849327089 0.00067474100331643043 0.00021024114809300537 -0.0001340023773164766 3.4618265094609566e-05 0.00074244171702414681 8.1909801299672507e-05 -0.00029520149746793087 0.00029521038080722268 -0.00066815574542979583 -0.00024008345319553157 0.0002607502993554969 -0.00031077652214328669 2.7407003954658206e-05 -0.00025082681750605769 0.00030606826232884034 -0.00017553944253270696 0.00049447319356939179 0.00013556413845753468 -6.5148890721288455e-05 -0.0011923514670701099 -8.9933891460899139e-05 0.0002640804003502043 -0.00052961046254369575
leaf_weight=3343 3001 28188 1102 1249 1382 30424 19026 1082 38782 168300 188693 1574 21852 14374 14567 4795 27985 52241 6086 11193 24755 20506 13815 5456 6495 50363 2805 27770 21828 6721
leaf_count=3343 3001 28188 1102 1249 1382 30424 19026 1082 38782 168300 188693 1574 21852 14374 14567 4795 27985 52241 6086 11193 24755 20506 13815 5456 6495 50363 2805 27770 21828 6721
internal_value=-2.5298e-06 -1.33573e-06 0.000340137 0.000529896 0.000751389 -4.17573e-06 3.31426e-05 -3.22358e-06 -1.34192e-05 -6.9533e-05 1.28793e-05 3.24791e-05 -0.000125455 -1.00556e-06 1.25158e-05 -0.000262839 -0.00020603 0.00021534 -9.4358e-05 4.91091e-05 -2.14664e-05 0.000134506 1.90236e-05 0.000180468 -0.000170519 -1.29467e-06 -6.3188e-05 -0.000252079 3.43984e-05 -0.00017561
internal_weight=819753 816410 6734 3733 2631 809676 160737 141711 648939 207082 441857 387022 54835 327121 312747 32983 29067 59901 7660 112644 61674 50970 30464 16649 31250 298180 109487 37296 72191 34491
internal_count=819753 816410 6734 3733 2631 809676 160737 141711 648939 207082 441857 387022 54835 327121 312747 32983 29067 59901 7660 112644 61674 50970 30464 16649 31250 298180 109487 37296 72191 34491
is_linear=0
shrinkage=0.08


Tree=96
num_leaves=31
num_cat=0
split_feature=1 0 1 0 0 1 1 0 0 0 1 3 1 1 3 1 1 3 0 0 3 1 0 1 0 1 3 1 0 0
split_gain=0.0629017 0.183778 0.0627406 0.0420843 0.0416962 0.369535 0.046774 0.243327 0.0692049 0.0536327 0.111757 0.846842 0.293702 0.22726 0.446814 0.200451 0.175102 0.242541 0.16231 0.117734 0.0891258 0.0553584 0.0537155 0.0465603 0.513416 0.519729 0.394456 0.297954 0.453832 0.350696
threshold=-2.4603549242019649 2.2548649311065678 -2.193194985389709 1.528375029563904 5.2949051856994638 1.2303000092506411 2.1327749490737919 3.8987249135971074 2.0860500335693364 4.0425500869750985 1.0908250212669375 1.5000000000000002 0.42347499728202825 -0.30440001189708704 1.5000000000000002 1.6690800189971926 -1.0146600008010862 1.5000000000000002 4.3302948474884042 4.6075801849365243 1.0000000180025095e-35 0.13024000078439715 4.7154748439788827 0.65214499831199657 3.0940248966217045 0.74265000224113475 1.0000000180025095e-35 0.88355499505996715 1.7862750291824343 3.0104351043701176
decision_type=2 2 2 2 2 2 2 2 2 2 2 2 2 2 2 2 2 2 2 2 2 2 2 2 2 2 2 2 2 2
left_child=1 -1 3 -2 6 -6 9 8 -8 23 12 15 13 16 -15 20 17 -11 21 -13 -12 -16 -20 -4 26 -26 -25 29 -29 -28
right_child=2 -3 4 -5 5 -7 7 -9 -10 10 11 19 -14 14 18 -17 -18 -19 22 -21 -22 -23 -24 24 25 -27 27 28 -30 -31
leaf_value=0.00011850730845441266 -6.7591397624455494e-05 -0.001095647093743159 1.1812133316486178e-05 0.00055401996323721893 0.00030186393805182082 -0.001545557421273202 -0.00017593719416883252 -0.00054460027911286532 0.0005215840098610168 -0.0011532169122171626 -0.0012395235173826803 0.0012199886885812534 0.00045200347443386462 0.00013691782434175004 -0.00095187691704199707 3.7905525194999832e-05 0.00049093756950946681 0.00052273351222985862 -0.00066671279492762489 0.00022663489394076128 -0.00051696713250290764 -0.001741030013481658 2.181910711244925e-05 1.4388333314036186e-05 -0.00049180506226657373 0.00025391148284209265 5.6491808619052412e-05 0.00020195965106538225 -0.00054368390299299948 -0.0014161122894637247
leaf_weight=2132 1014 1275 584872 2230 2198 1012 1073 2217 6005 1121 2889 2202 13407 8652 1301 1752 6911 1090 1960 1169 1757 1011 1151 57053 6814 48958 18037 6295 30709 1098
leaf_count=2132 1014 1275 584872 2230 2198 1012 1073 2217 6005 1121 2889 2202 13407 8652 1301 1752 6911 1090 1960 1169 1757 1011 1151 57053 6814 48958 18037 6295 30709 1098
internal_value=7.16343e-06 -0.000335865 8.59574e-06 0.000359719 7.19421e-06 -0.000280563 8.33528e-06 0.000186762 0.000415842 6.26272e-06 8.9767e-05 -0.000150633 0.000153926 -1.8352e-05 -0.000219936 -0.000691292 0.000292687 -0.000326991 -0.000789271 0.000875512 -0.000966271 -0.00129696 -0.000411971 1.12587e-06 -3.58648e-05 0.000162803 -0.000133752 -0.000284305 -0.000416837 -2.80088e-05
internal_weight=819365 3407 815958 3244 812714 3210 809504 9295 7078 800209 46373 9769 36604 23197 14075 6398 9122 2211 5423 3371 4646 2312 3111 753836 168964 55772 113192 56139 37004 19135
internal_count=819365 3407 815958 3244 812714 3210 809504 9295 7078 800209 46373 9769 36604 23197 14075 6398 9122 2211 5423 3371 4646 2312 3111 753836 168964 55772 113192 56139 37004 19135
is_linear=0
shrinkage=0.08


Tree=97
num_leaves=31
num_cat=0
split_feature=1 1 1 1 2 1 1 3 3 1 3 1 1 1 2 1 1 1 3 1 1 1 1 1 1 1 1 3 1 1
split_gain=0.0809389 0.0696402 0.250461 0.141364 0.094132 0.245036 0.157222 0.300626 0.154948 0.151109 0.139568 0.138268 0.123699 0.245425 0.197952 0.341166 0.122931 0.120918 0.23187 0.110463 0.110202 0.109417 0.131484 0.137225 0.117354 0.156365 0.152856 0.100048 0.198407 0.0979174
threshold=2.5417549610137944 -0.070014998316764818 -0.043800000101327889 -0.078710000962018953 1.0000000180025095e-35 -1.0697450041770933 -0.91236498951911915 1.5000000000000002 1.0000000180025095e-35 -0.14055000245571134 1.5000000000000002 -0.89737498760223378 -0.14055000245571134 -0.14952500164508817 2.5000000000000004 -0.71593499183654774 -0.82248499989509571 -0.09674499928951262 1.0000000180025095e-35 -0.21294500678777692 -0.19490000605583188 -0.34146000444889063 -0.22169499844312665 -0.18604499846696851 -0.14055000245571134 -0.10584500059485434 -0.14952500164508817 1.0000000180025095e-35 -0.12342000007629393 -0.53252500295639027
decision_type=2 2 2 2 2 2 2 2 2 2 2 2 2 2 2 2 2 2 2 2 2 2 2 2 2 2 2 2 2 2
left_child=1 3 -3 4 5 8 -6 12 -1 16 21 -12 13 14 -8 -16 -9 27 -19 -18 -17 29 -23 -24 26 -26 -25 -14 -29 -7
right_child=-2 2 -4 -5 6 10 7 9 -10 -11 11 -13 17 -15 15 20 19 18 -20 -21 -22 22 23 24 25 -27 -28 28 -30 -31
leaf_value=-0.0001001909447821438 -0.00038623501592322424 0.00043116379174566082 2.2821722826495972e-05 -0.00054207710522853516 0.00012482175236658757 -4.0238665587655889e-05 1.3990145121587778e-05 -0.00066218168905098334 -0.00043026167058404834 0.00026773773040645688 -0.00043372635082978683 0.00035885004997329094 -0.00010658528681510812 0.0011320522170153527 0.0010830721609153989 0.00021825388824430175 -0.0001397461621745749 -0.00046885716766068919 0.0010141188626884357 -0.00054372458286816431 -0.00059509214087538045 -0.00032671631474352639 0.00037040079551094765 -0.00019630905691824589 0.00037419603791145716 -0.00033374347532238969 -0.0012021550306383589 -0.0015206370179294904 -0.00022376060388009809 0.00016397355223227684
leaf_weight=22126 3305 9831 434082 3229 67358 45568 76125 3863 15464 4262 1623 10669 3369 1406 3069 11229 35091 1441 1269 4942 1178 14892 4617 4691 4572 3545 1218 1243 1923 22421
leaf_count=22126 3305 9831 434082 3229 67358 45568 76125 3863 15464 4262 1623 10669 3369 1406 3069 11229 35091 1441 1269 4942 1178 14892 4617 4691 4572 3545 1218 1243 1923 22421
internal_value=8.86363e-06 1.04633e-05 3.1865e-05 -1.50481e-05 -1.04384e-05 -5.88856e-05 2.32451e-05 -2.22438e-05 -0.000235977 -0.000187047 -3.97457e-07 0.000254201 5.53743e-05 8.3116e-05 6.70157e-05 0.000327843 -0.000231204 -0.000223714 0.00022557 -0.000189617 0.00014103 -3.12229e-05 -0.000149477 -7.89929e-06 -0.000132426 6.50122e-05 -0.00040364 -0.000410027 -0.000732926 2.71052e-05
internal_weight=819621 816316 443913 372403 369174 151406 217768 150410 37590 48158 113816 12292 102252 93007 91601 15476 43896 9245 2710 40033 12407 101524 33535 18643 14026 8117 5909 6535 3166 67989
internal_count=819621 816316 443913 372403 369174 151406 217768 150410 37590 48158 113816 12292 102252 93007 91601 15476 43896 9245 2710 40033 12407 101524 33535 18643 14026 8117 5909 6535 3166 67989
is_linear=0
shrinkage=0.08


Tree=98
num_leaves=31
num_cat=0
split_feature=0 0 3 0 3 2 0 0 0 0 0 3 0 2 0 0 2 2 0 2 0 0 0 2 0 0 2 0 0 0
split_gain=0.0953721 0.154742 0.155917 0.154265 0.174754 0.255494 0.206432 0.379026 0.163999 0.260696 0.174302 0.121406 0.189198 0.238811 0.183295 0.181136 0.703144 0.589417 0.538345 0.17456 0.150979 0.144312 0.125042 0.133193 0.111261 0.108322 0.0901228 0.208635 0.237991 0.19897
threshold=2.6243550777435307 2.660234928131104 1.5000000000000002 2.3655949831008916 1.5000000000000002 1.5000000000000002 2.4737600088119511 2.4457800388336186 2.4373950958251958 2.383835077285767 2.4555249214172368 1.5000000000000002 1.9783749580383303 2.5000000000000004 2.0860500335693364 1.658895015716553 2.5000000000000004 1.5000000000000002 1.3255900144577029 1.0000000180025095e-35 2.3379249572753911 1.3947499990463259 1.7862750291824343 2.5000000000000004 1.8482049703598025 2.301554918289185 1.5000000000000002 2.2737300395965581 2.2175250053405766 2.291815042495728
decision_type=2 2 2 2 2 2 2 2 2 2 2 2 2 2 2 2 2 2 2 2 2 2 2 2 2 2 2 2 2 2
left_child=3 2 -2 11 5 -5 7 -7 9 -6 -10 -1 15 20 -15 16 21 19 -18 24 26 -13 23 -19 -17 -16 29 28 -28 -14
right_child=1 -3 -4 4 8 6 -8 -9 10 -11 -12 12 13 14 25 17 18 22 -20 -21 -22 -23 -24 -25 -26 -27 27 -29 -30 -31
leaf_value=2.151408849907734e-05 -0.0004552697630096662 -2.2385364876075178e-05 0.00020731842045293544 0.00014427159311124617 0.00090994245139860226 -0.00017773679394256244 2.625001911097581e-05 -0.001441436191657349 0.0013187095589250863 -0.00037960922518546862 0.00037205704865279308 -0.00054053297969610379 -1.23257398052758e-05 0.00037093840408442366 -0.00073273327553522989 0.0012597559673253864 0.0012228718182882943 -0.00067707413048524398 -0.00015526658083265041 -0.00013045225566650522 -0.00055692230973995011 -5.5836018324246301e-05 -0.0005895618164492325 -0.0016609819853813366 0.00013657977393147404 8.2247503799810396e-05 0.0004679029517776353 -0.00034398019691561562 0.0017592676184146237 0.0010234685490265181
leaf_weight=267436 9960 380807 2945 54256 1338 5722 10881 2068 1372 4011 13427 10340 8335 1906 4313 1243 3921 1705 3376 3933 1452 6343 6260 1821 1034 1377 4484 1454 1147 1384
leaf_count=267436 9960 380807 2945 54256 1338 5722 10881 2068 1372 4011 13427 10340 8335 1906 4313 1243 3921 1705 3376 3933 1452 6343 6260 1821 1034 1377 4484 1454 1147 1384
internal_value=-3.22794e-06 -3.16181e-05 -0.000304063 2.29896e-05 0.000114049 5.64308e-05 -0.000198826 -0.000513209 0.000322601 -5.70405e-05 0.00045982 -2.44171e-06 -9.97657e-05 6.88878e-05 -0.000308059 -0.000208832 -6.97489e-05 -0.000417335 0.000585268 0.000192276 0.000225729 -0.000356248 -0.000804181 -0.00118521 0.000749715 -0.000535505 0.000293356 0.000510347 0.000730946 0.000135173
internal_weight=820051 393712 12905 426339 93075 72927 18671 7790 20148 5349 14799 333264 65828 25852 7596 39976 23980 15996 7297 6210 18256 16683 9786 3526 2277 5690 16804 7085 5631 9719
internal_count=820051 393712 12905 426339 93075 72927 18671 7790 20148 5349 14799 333264 65828 25852 7596 39976 23980 15996 7297 6210 18256 16683 9786 3526 2277 5690 16804 7085 5631 9719
is_linear=0
shrinkage=0.08


Tree=99
num_leaves=31
num_cat=0
split_feature=1 0 0 0 2 1 1 2 2 1 0 1 2 2 2 1 0 1 1 0 0 2 0 1 1 0 2 2 1 0
split_gain=0.040318 0.535987 0.677147 0.403262 0.541074 0.459098 0.360933 0.458201 0.261557 0.372444 0.251462 0.288069 0.231261 0.182385 0.166548 0.224457 0.14651 0.678015 0.413768 0.772634 0.382526 0.540537 0.332361 0.309171 0.279172 0.271647 0.58214 0.559183 0.271461 0.224403
threshold=-0.76716500520706166 3.0104351043701176 2.0860500335693364 1.4359849691390993 2.5000000000000004 -0.91236498951911915 -1.3896800279617307 2.5000000000000004 1.5000000000000002 -0.86674499511718739 1.7028499841690066 -1.0893749594688413 2.5000000000000004 1.5000000000000002 2.5000000000000004 -1.4231849908828733 2.855045080184937 0.74265000224113475 0.69628500938415538 2.1981151103973393 4.3302948474884042 2.5000000000000004 1.7461850047111513 1.4673249721527102 2.2850900888442998 1.2228899598121645 2.5000000000000004 1.0000000180025095e-35 -0.71593499183654774 1.4741650223731997
decision_type=2 2 2 2 2 2 2 2 2 2 2 2 2 2 2 2 2 2 2 2 2 2 2 2 2 2 2 2 2 2
left_child=1 2 3 5 -5 14 7 -4 -3 -10 -6 -12 -8 -7 -1 -16 18 20 19 25 -18 -22 23 -20 -24 26 -2 -27 -21 -25
right_child=16 8 6 4 10 13 12 -9 9 -11 11 -13 -14 -15 15 -17 17 -19 22 28 21 -23 24 29 -26 27 -28 -29 -30 -31
leaf_value=-0.0001673880957568286 2.117544299808526e-05 0.0001937632847699631 -6.7152163759438447e-05 0.00018774739285398807 0.0019013709025372406 0.00027394656262072579 -0.00030892784929602047 0.0014070486599623909 0.00046914999541195965 0.0018979643939337557 0.0014028481242126757 -0.00020995002786987596 -0.00090265197466755823 0.0013311958965687154 -0.0016770187669798956 -0.00022872606141695475 -0.00018264440318111708 0.00011854811640422054 0.00032925001831439276 -0.00048059002897732101 8.7656000729351464e-05 0.001767475275559085 -0.00023900369166201808 -0.0011573824101548814 0.00076034268792002618 9.3283421667763119e-05 0.0010707864525687956 -0.00024216008946935806 0.00021368907202097722 0.00017809195590298284
leaf_weight=20468 25843 21709 13936 32628 1669 3262 34788 1494 6209 1438 1550 1306 4775 1536 1160 1672 171356 90188 14599 3701 13748 1346 69945 1728 1836 52749 3891 80103 137921 1508
leaf_count=20468 25843 21709 13936 32628 1669 3262 34788 1494 6209 1438 1550 1306 4775 1536 1160 1672 171356 90188 14599 3701 13748 1346 69945 1728 1836 52749 3891 80103 137921 1508
internal_value=-8.53049e-06 2.90219e-05 -4.57982e-05 0.000128487 0.000301441 -0.000100204 -0.000252593 7.55864e-05 0.00033549 0.000737835 0.00112124 0.000665343 -0.000380587 0.000612407 -0.000246947 -0.000821953 -1.69095e-05 -6.15298e-05 1.44335e-05 5.89402e-05 -0.000148636 0.000237453 -0.000136647 0.000172432 -0.000213443 -6.00511e-05 0.000158528 -0.000108972 0.000195546 -0.000535041
internal_weight=820062 149600 120244 65251 37153 28098 54993 15430 29356 7647 4525 2856 39563 4798 23300 2832 670462 276638 393824 304208 186450 15094 89616 17835 71781 162586 29734 132852 141622 3236
internal_count=820062 149600 120244 65251 37153 28098 54993 15430 29356 7647 4525 2856 39563 4798 23300 2832 670462 276638 393824 304208 186450 15094 89616 17835 71781 162586 29734 132852 141622 3236
is_linear=0
shrinkage=0.08


Tree=100
num_leaves=31
num_cat=0
split_feature=1 1 1 2 3 2 2 3 3 2 3 1 1 1 1 2 3 1 2 2 3 1 2 3 1 2 1 3 1 3
split_gain=0.0601129 0.0614571 0.042822 0.0712797 0.226501 0.360978 0.127587 0.30996 0.155027 0.147131 0.10741 0.0544248 0.0519869 0.195772 0.189092 0.181425 0.171991 0.138548 0.297706 0.121784 0.29444 0.103175 0.0989641 0.179425 0.199438 0.0942265 0.138209 0.0883662 0.0781279 0.452219
threshold=-2.193194985389709 -2.4603549242019649 1.7208549976348879 1.0000000180025095e-35 1.0000000180025095e-35 1.5000000000000002 1.5000000000000002 1.5000000000000002 1.5000000000000002 2.5000000000000004 1.0000000180025095e-35 2.1327749490737919 0.26465499401092535 0.21030499786138537 0.36592499911785131 1.0000000180025095e-35 1.5000000000000002 0.37631000578403478 1.0000000180025095e-35 1.0000000180025095e-35 1.0000000180025095e-35 0.28307500481605535 2.5000000000000004 1.0000000180025095e-35 0.33780500292778021 1.5000000000000002 0.30093999207019811 1.5000000000000002 0.19279000163078311 1.0000000180025095e-35
decision_type=2 2 2 2 2 2 2 2 2 2 2 2 2 2 2 2 2 2 2 2 2 2 2 2 2 2 2 2 2 2
left_child=1 -1 12 10 5 -5 8 -8 -6 -9 11 -4 13 28 15 -14 22 18 -16 20 -15 -18 23 24 -17 26 -25 -21 -2 -30
right_child=2 -3 3 4 6 -7 7 9 -10 -11 -12 -13 14 19 17 16 21 -19 -20 27 -22 -23 -24 25 -26 -27 -28 -29 29 -31
leaf_value=-1.2298143345589559e-05 -1.1092258426759753e-05 0.00047665196416872796 -2.9578176156128391e-05 0.00034222470632698954 0.00060935181532731462 -0.00110387424270061 8.6830837137928436e-06 0.00078438044193401824 -0.00037729243787187265 0.00197515063108363 -0.00034911521982051037 0.00042029971555423214 3.480298873670101e-07 0.00013267096785626973 -0.00043966679154847104 -0.00043984649447883237 0.0006277475245233011 -3.0267597034776276e-05 0.001083127006700041 0.00022734286738318812 0.0011622166238853698 -0.00018223384587417866 -0.00097855372638286343 -0.0010859471416649305 -0.0014293690042284474 0.00028929307003930274 3.0507963929910692e-05 -0.00024952760647633853 0.00041709988008718942 -0.0009387477684715173
leaf_weight=3385 463482 3201 4686 2708 2027 1866 2182 1568 2050 1152 4835 2720 14242 5172 1359 4826 1238 259549 2078 7999 2709 5382 2519 1125 1786 2390 1922 3609 3000 3313
leaf_count=3385 463482 3201 4686 2708 2027 1866 2182 1568 2050 1152 4835 2720 14242 5172 1359 4826 1238 259549 2078 7999 2709 5382 2519 1125 1786 2390 1922 3609 3000 3313
internal_value=-1.53731e-05 0.000225347 -1.73219e-05 8.41083e-05 0.000210496 -0.000247723 0.000443917 0.000718937 0.000113247 0.00128871 -5.58255e-05 0.000135648 -2.06434e-05 -4.59292e-06 -4.69598e-05 -0.000220459 -0.000368879 -2.35856e-05 0.00048101 0.00024386 0.000486565 -3.076e-05 -0.000522527 -0.000427189 -0.000707131 -8.67471e-05 -0.000381705 7.90808e-05 -1.48998e-05 -0.000294436
internal_weight=820080 6586 813494 25794 13553 4574 8979 4902 4077 2720 12241 7406 787700 489284 298416 35430 21188 262986 3437 19489 7881 6620 14568 12049 6612 5437 3047 11608 469795 6313
internal_count=820080 6586 813494 25794 13553 4574 8979 4902 4077 2720 12241 7406 787700 489284 298416 35430 21188 262986 3437 19489 7881 6620 14568 12049 6612 5437 3047 11608 469795 6313
is_linear=0
shrinkage=0.08


Tree=101
num_leaves=31
num_cat=0
split_feature=1 2 3 1 1 1 2 1 3 3 1 1 1 1 3 1 1 1 1 1 1 1 1 1 1 1 1 1 1 1
split_gain=0.042837 0.149696 0.148848 0.134311 0.131306 0.0979446 0.0800918 0.266081 0.207718 0.164988 0.480456 0.180941 0.114359 0.273348 0.180472 0.214001 0.18518 0.230604 0.497851 0.144499 0.315346 0.207048 0.245159 0.181803 0.138252 0.135888 0.225423 0.124123 0.120879 0.222315
threshold=0.79055002331733715 1.5000000000000002 1.5000000000000002 2.1327749490737919 0.73063498735427868 1.1669950485229494 2.5000000000000004 -0.71593499183654774 1.0000000180025095e-35 1.0000000180025095e-35 -1.0893749594688413 -1.6286799907684324 -0.52108499407768238 -0.45742000639438624 1.5000000000000002 -0.23139999806880948 -0.034919999539852135 0.19279000163078311 0.12142500281333925 0.24607999622821811 0.45309500396251684 0.14820500463247302 0.20120500028133395 0.56529501080513012 -0.30440001189708704 0.36592499911785131 0.30093999207019811 0.61858499050140392 0.34728500247001654 0.46295499801635748
decision_type=2 2 2 2 2 2 2 2 2 2 2 2 2 2 2 2 2 2 2 2 2 2 2 2 2 2 2 2 2 2
left_child=4 2 3 -2 6 -4 -1 9 -9 10 -8 -11 -10 -14 15 24 -17 18 -18 21 25 -16 -23 -22 -15 26 -21 -25 -19 -30
right_child=1 -3 5 -5 -6 -7 7 8 12 11 -12 -13 13 14 19 16 17 28 -20 20 23 22 -24 27 -26 -27 -28 -29 29 -31
leaf_value=2.3775397374456907e-06 8.0416102696478211e-08 0.00015115366348936965 -1.1472178081210447e-05 0.00040959941464052213 -0.00024283628114580449 -0.00037387131414600013 -0.0011814462739910222 0.00012800733764171241 -0.00057141787117925044 0.0010186141061344282 0.00058860292853933432 0.00019697825887969795 0.00072003349983403508 -0.00020892990993440553 -0.00012805379658391405 -0.0010918374673050122 -0.00051474370496558972 -0.001110152555470379 0.001499867211177398 0.0010838094449784684 -0.00082379723329269042 -0.0017603958911610199 -6.6691587790196442e-05 0.00084736042618260398 0.00089623941812021039 0.0011841259183266754 -0.00040136147296350255 -0.00023789799349902853 0.0003218919799972088 -0.00080063657105301788
leaf_weight=561233 88154 47561 8333 5442 15666 11172 1917 12828 5654 1986 2011 12588 2019 2188 13601 3245 2502 2515 1144 1209 2209 1165 1031 1024 1083 1787 1425 1976 1679 3448
leaf_count=561233 88154 47561 8333 5442 15666 11172 1917 12828 5654 1986 2011 12588 2019 2188 13601 3245 2502 2515 1144 1209 2209 1165 1031 1024 1083 1787 1425 1976 1679 3448
internal_value=-4.96906e-06 3.20714e-05 -1.80048e-05 2.38913e-05 -1.39976e-05 -0.000219046 -8.42622e-06 -8.216e-05 -0.000159696 0.000184919 -0.000275242 0.000308943 -0.000232198 -0.000189812 -0.000232304 -0.000427642 -0.000559226 -0.000406114 0.000117378 -9.55291e-05 0.000148729 -0.000244431 -0.000965219 -0.000273019 0.000156982 0.00064565 0.000280329 0.000132537 -0.000655872 -0.000433029
internal_weight=819795 160662 113101 93596 659133 19505 643467 82234 63732 18502 3928 14574 50904 45250 43231 17804 14533 11288 3646 25427 9630 15797 2196 5209 3271 4421 2634 3000 7642 5127
internal_count=819795 160662 113101 93596 659133 19505 643467 82234 63732 18502 3928 14574 50904 45250 43231 17804 14533 11288 3646 25427 9630 15797 2196 5209 3271 4421 2634 3000 7642 5127
is_linear=0
shrinkage=0.08


Tree=102
num_leaves=31
num_cat=0
split_feature=0 1 0 1 1 1 3 1 3 1 0 0 1 0 0 3 0 1 1 1 3 0 0 3 1 0 3 0 0 1
split_gain=0.0515891 0.30922 0.0365883 0.324402 0.31851 0.174112 0.236182 0.122142 0.137199 0.114675 0.15501 0.119035 0.106928 0.466597 0.699195 0.330626 0.516905 0.52575 0.262262 0.250547 0.328998 0.192156 0.187378 0.866311 1.91131 1.72029 0.531916 0.556661 0.530884 0.506181
threshold=5.2949051856994638 1.2303000092506411 1.3727650046348574 1.3000449538230898 -1.1279700398445127 -0.3509449958801269 1.5000000000000002 -0.91236498951911915 1.5000000000000002 -1.2978749871253965 4.0425500869750985 3.2054899930953984 -0.52108499407768238 1.7734550237655642 3.115745067596436 1.5000000000000002 2.4996850490570073 -0.66707000136375416 -0.71593499183654774 -0.72843000292778004 1.5000000000000002 2.855045080184937 2.9707000255584721 1.0000000180025095e-35 0.88355499505996715 2.0004749298095708 1.5000000000000002 2.032885074615479 1.8852050304412844 1.2086899876594546
decision_type=2 2 2 2 2 2 2 2 2 2 2 2 2 2 2 2 2 2 2 2 2 2 2 2 2 2 2 2 2 2
left_child=2 -2 3 4 -1 7 -7 8 -6 10 11 -4 13 19 15 -15 -17 -18 -16 -11 -21 -19 23 29 25 -25 -27 -28 -26 -14
right_child=1 -3 9 -5 5 6 -8 -9 -10 12 -12 -13 22 14 18 16 17 21 -20 20 -22 -23 -24 24 28 26 27 -29 -30 -31
leaf_value=-0.00034591333277458625 0.00021396974142436583 -0.0014799383439053344 0.00010783787175057669 -0.0010441352980634399 -0.00028318652498012615 4.5642443411170528e-05 -0.00051205392014652467 0.00033167195705987343 0.00071001648393285532 0.00049416375167413433 -0.00075106185975362845 0.0005090236284025166 -0.00012302041928677823 -0.00015161504965927302 0.00038184843747609626 -0.00088894649185752481 -0.00043705980401477474 0.0015065241970892609 -9.8730474175399329e-05 0.0001672559000218353 -0.0012473403905857016 8.7041756446584634e-05 -4.1382236254477127e-05 -0.00015108082571718497 0.00035536442516127256 0.00033592147000200448 0.0025767378202112513 0.00066697164900458091 -0.00050698446961484585 0.00033162075608673285
leaf_weight=15388 2189 1007 36937 2048 4630 27057 5924 18043 1102 13382 1232 5429 150039 68098 19595 11096 7187 1450 11552 5557 1298 1054 222941 36881 5477 58414 1002 38857 27557 17501
leaf_count=15388 2189 1007 36937 2048 4630 27057 5924 18043 1102 13382 1232 5429 150039 68098 19595 11096 7187 1450 11552 5557 1298 1054 222941 36881 5477 58414 1002 38857 27557 17501
internal_value=1.03834e-06 -0.000319749 2.29364e-06 -5.1274e-05 -2.3089e-05 6.44369e-05 -5.45302e-05 0.00022947 -9.22393e-05 7.64596e-06 0.000133524 0.000159248 -2.06013e-07 -6.26532e-05 -0.000122564 -0.000236861 -0.000516125 -8.92526e-05 0.000203608 0.000292696 -0.000100599 0.000909026 1.5473e-05 5.32279e-05 0.000181489 0.000314818 0.000489666 0.000714981 -0.000364008 -7.55292e-05
internal_weight=819924 3196 816728 74192 72144 56756 32981 23775 5732 742536 43598 42366 698938 140269 120032 88885 20787 9691 31147 20237 6855 2504 558669 335728 168188 135154 98273 39859 33034 167540
internal_count=819924 3196 816728 74192 72144 56756 32981 23775 5732 742536 43598 42366 698938 140269 120032 88885 20787 9691 31147 20237 6855 2504 558669 335728 168188 135154 98273 39859 33034 167540
is_linear=0
shrinkage=0.08


Tree=103
num_leaves=31
num_cat=0
split_feature=1 0 1 3 0 1 3 0 0 0 0 0 0 0 0 3 0 1 1 1 0 0 0 0 0 0 1 1 1 0
split_gain=0.0565106 0.250133 1.03988 0.637016 1.16409 0.620681 0.875181 0.427549 0.299712 0.268995 0.248655 0.299158 0.233391 0.232676 0.665444 0.430528 0.491745 0.333176 0.227324 0.28902 0.226212 0.223326 0.239547 0.206326 0.271997 0.300743 0.249534 0.270355 0.223149 0.210663
threshold=-0.12342000007629393 3.3692250251770024 0.32790499925613409 1.5000000000000002 3.5683250427246098 0.28307500481605535 1.5000000000000002 3.2783350944519047 3.6949000358581547 4.6075801849365243 1.7461850047111513 3.031194925308228 1.5637750029563906 2.6509549617767338 2.7231450080871586 1.0000000180025095e-35 2.6061549186706547 0.17466999590396884 0.025634999386966232 -0.0085249999538063986 3.6017599105834965 1.823825001716614 2.383835077285767 2.5975749492645268 2.096270084381104 1.9560250043869021 0.034244999289512641 0.085974998772144332 0.051725000143051154 2.227124929428101
decision_type=2 2 2 2 2 2 2 2 2 2 2 2 2 2 2 2 2 2 2 2 2 2 2 2 2 2 2 2 2 2
left_child=20 5 3 8 -5 6 10 12 -3 -6 -2 13 -8 15 17 16 21 -15 19 -16 -1 -12 -23 24 25 -17 -26 -28 -27 -29
right_child=1 2 -4 4 9 -7 7 -9 -10 -11 11 -13 -14 14 18 23 -18 -19 -20 -21 -22 22 -24 -25 26 28 27 29 -30 -31
leaf_value=-3.478355538170831e-05 -0.00015545794211739897 -0.00055018723074403775 7.4529940676495564e-05 0.00059016097340425591 -0.0016535501247836291 -1.5559548358346437e-05 -8.9548557707341074e-05 0.0021750433469026791 5.0656922271027659e-05 -0.00037220238183086323 0.0008941643055517082 -0.00017683046813582264 0.00065804488574360692 0.00096329978242610745 0.00014217252319102813 0.00030108097498105087 -0.0014498061165801343 0.0026454569275942879 0.00046648845140089082 -0.0012230598219830483 0.00019039507760188271 -0.00021169989006471017 0.00033518372141294893 0.0015162343016571619 -0.00036294325774695817 0.0023378902521578532 0.0015183509584403585 -0.00073210449170631675 0.00080493467182567082 0.00049057801882159118
leaf_weight=320997 19590 9609 82358 2316 6617 231721 3072 1099 11885 1246 1756 13546 20556 2901 4226 3026 1537 1018 9540 1297 31340 16389 7459 1100 3928 1102 1223 1200 1355 3630
leaf_count=320997 19590 9609 82358 2316 6617 231721 3072 1099 11885 1246 1756 13546 20556 2901 4226 3026 1537 1018 9540 1297 31340 16389 7459 1100 3928 1102 1223 1200 1355 3630
internal_value=9.42623e-06 2.76969e-05 -7.5287e-05 -0.00046485 -0.000986196 6.1033e-05 0.000208259 0.00063259 -0.000217953 -0.0014505 9.87611e-05 0.000164089 0.000560846 0.000237758 0.000471627 0.000136184 -5.99688e-05 0.00140026 0.000230021 -0.000178433 -1.47542e-05 2.34627e-05 -4.06497e-05 0.000457591 0.000382287 0.000834965 0.000133611 0.000455843 0.00149249 0.000186806
internal_weight=818639 466302 114031 31673 10179 352271 120550 24727 21494 7863 95823 76233 23628 62687 18982 43705 27141 3919 15063 5523 352337 25604 23848 16564 15464 5483 9981 6053 2457 4830
internal_count=818639 466302 114031 31673 10179 352271 120550 24727 21494 7863 95823 76233 23628 62687 18982 43705 27141 3919 15063 5523 352337 25604 23848 16564 15464 5483 9981 6053 2457 4830
is_linear=0
shrinkage=0.08


Tree=104
num_leaves=31
num_cat=0
split_feature=1 0 1 0 0 1 1 3 1 0 0 1 1 1 1 1 0 1 0 3 0 1 1 0 0 0 0 1 1 1
split_gain=0.044732 0.239975 0.152691 0.0621893 0.0469923 0.121402 0.316046 0.389929 0.281077 0.184979 0.181319 0.164485 0.398171 0.331979 0.161616 0.148783 0.14591 0.138641 0.153908 0.226513 0.145592 0.134149 0.281062 0.178878 0.137501 0.133789 0.164906 0.113859 0.164853 0.112553
threshold=2.1327749490737919 3.6377300024032597 2.5417549610137944 2.0753901004791264 1.8722299933433535 -1.358114957809448 -0.63126501441001881 1.5000000000000002 -0.50982502102851857 1.7600449919700625 1.528375029563904 0.13906000554561618 0.51316997408866893 -0.087965000420808778 0.38572500646114355 -0.24051500111818311 1.5460549592971804 -0.97958502173423756 1.4155600070953371 1.5000000000000002 1.8112099766731264 0.75447499752044689 1.4064800143241885 1.0168750286102297 1.4741650223731997 1.3255900144577029 1.7461850047111513 0.54358500242233287 -0.0085249999538063986 -2.193194985389709
decision_type=2 2 2 2 2 2 2 2 2 2 2 2 2 2 2 2 2 2 2 2 2 2 2 2 2 2 2 2 2 2
left_child=4 3 -3 -2 5 10 17 21 -9 11 29 13 14 15 -13 16 -10 18 19 -7 -19 23 25 -8 -24 -23 -27 28 -11 -1
right_child=1 2 -4 -5 -6 6 7 8 9 27 -12 12 -14 -15 -16 -17 -18 20 -20 -21 -22 22 24 -25 -26 26 -28 -29 -30 -31
leaf_value=0.00018498939039813739 -9.616472130588012e-05 4.8576907902733046e-05 -0.0010711727528887637 0.00057262260775785691 -1.6702276374455999e-05 -0.00034526195096512677 0.00027208093848871329 -0.0012789482670642852 0.0002314423541678404 -6.4500605792635723e-05 0.00018619096656940487 -0.00090257289997742009 -0.0001207928973735091 0.00066449057324125568 -0.0021056507884774632 -0.0010220718563348449 -0.00089881689129267918 0.00042819237879714386 0.00031488350819052185 0.00064476106815548645 -0.00029284017117259118 4.1484147461788356e-05 -0.00099249563011711769 -4.5322195610676844e-05 4.5114772548051012e-05 0.00084261653182712295 9.7970801378404485e-05 -0.00038572387799029134 0.0012682393818884276 -0.00043560579386650914
leaf_weight=2259 1074 2005 1275 5190 633651 7523 13821 1814 2262 1187 6561 2360 4545 2511 1025 1889 1080 21780 8834 1841 1953 3800 1393 63910 1978 6069 2773 1088 1189 10871
leaf_count=2259 1074 2005 1275 5190 633651 7523 13821 1814 2262 1187 6561 2360 4545 2511 1025 1889 1080 21780 8834 1841 1953 3800 1393 63910 1978 6069 2773 1088 1189 10871
internal_value=-4.50881e-06 0.000167674 -0.000386692 0.000457955 -6.53767e-06 2.99923e-05 5.35297e-05 -1.51821e-05 -0.000327209 -0.000236989 -0.000157228 -0.000353926 -0.000610009 -9.16246e-05 -0.00126687 -0.000454577 -0.000133812 0.000241478 7.53534e-05 -0.000150619 0.000368858 5.455e-05 0.0002654 1.11138e-05 -0.000383657 0.000438471 0.000609083 0.000292063 0.00060243 -0.000328833
internal_weight=819511 9544 3280 6264 809967 176316 156625 114694 20950 19136 19691 15672 7930 7742 3385 5231 3342 41931 18198 9364 23733 93744 16013 77731 3371 12642 8842 3464 2376 13130
internal_count=819511 9544 3280 6264 809967 176316 156625 114694 20950 19136 19691 15672 7930 7742 3385 5231 3342 41931 18198 9364 23733 93744 16013 77731 3371 12642 8842 3464 2376 13130
is_linear=0
shrinkage=0.08


Tree=105
num_leaves=31
num_cat=0
split_feature=1 0 0 2 0 2 0 2 0 0 1 1 1 1 1 1 0 2 2 0 1 0 0 1 1 1 2 2 0 1
split_gain=0.0420205 0.273655 0.341405 0.599799 0.304293 0.290129 0.224206 0.261472 0.288308 0.195437 0.160398 0.151698 0.134488 0.126595 0.122724 0.121108 0.115093 0.383286 0.17668 0.149779 0.290656 0.524254 0.260071 0.701275 0.301371 0.211967 0.269954 0.208288 0.173411 0.358511
threshold=0.91235998272895824 3.0007400512695317 4.074855089187623 2.5000000000000004 2.310095071792603 2.5000000000000004 1.2779699563980105 1.5000000000000002 1.7734550237655642 5.0118300914764413 1.352235019207001 1.4064800143241885 2.2850900888442998 1.7778800129890444 1.4064800143241885 1.3000449538230898 4.3863151073455819 1.0000000180025095e-35 2.5000000000000004 2.6061549186706547 -0.78109499812126149 2.8455899953842168 2.4905850887298588 -0.71593499183654774 0.81671500205993663 -1.0328249931335447 1.5000000000000002 2.5000000000000004 2.9214450120925908 -0.078710000962018953
decision_type=2 2 2 2 2 2 2 2 2 2 2 2 2 2 2 2 2 2 2 2 2 2 2 2 2 2 2 2 2 2
left_child=16 4 5 9 6 -3 15 11 -9 13 -10 -8 -6 -4 -11 -2 19 -18 -19 22 21 25 -1 -24 -25 -21 -27 -23 29 -22
right_child=1 2 3 -5 12 -7 7 8 10 14 -12 -13 -14 -15 -16 -17 17 18 -20 20 28 27 23 24 -26 26 -28 -29 -30 -31
leaf_value=-7.9003134035343787e-06 -8.1822689268581071e-05 0.00018940362914859836 -2.0625155918314128e-05 -0.0016876797334359113 -0.00025718790943493478 0.000796999975163564 0.00019482008561868763 0.0013210541082060553 -5.656556472938264e-05 -2.8869953473498984e-05 0.00082226351134345385 -0.00027193885732503415 0.00052045663253304838 0.0005983337186896237 -0.0011930262035183233 -0.00098387130669863165 -0.0002116011830050062 0.00039759390303428902 0.00137508184444743 -5.6302672731100519e-05 -0.00020989268004764389 0.00021987333467631334 -0.00044304717120300134 0.00046319914675567729 -0.00087642416361320241 -0.0003251793451811528 -0.0015893623543962185 0.000889765837488179 -0.00013995673533725704 0.00014813164090918127
leaf_weight=337167 2290 41153 8729 1505 36543 5730 12749 2340 3612 1049 2103 6851 1481 2791 1295 1631 7982 7533 1404 8135 29750 31030 7953 26615 1120 3501 1564 3285 175995 44940
leaf_count=337167 2290 41153 8729 1505 36543 5730 12749 2340 3612 1049 2103 6851 1481 2791 1295 1631 7982 7533 1404 8135 29750 31030 7953 26615 1120 3501 1564 3285 175995 44940
internal_value=-6.83871e-06 3.45329e-05 0.000156397 -0.000170818 -7.44657e-05 0.000263664 0.000109096 0.000189365 0.000573082 -6.15559e-06 0.000266825 3.16688e-05 -0.000226899 0.000129333 -0.000672036 -0.000457044 -1.47677e-05 0.000191305 0.000551157 -1.99633e-05 -6.22255e-05 0.00011919 1.38369e-05 0.000219202 0.000409102 -0.00030926 -0.000715541 0.000284003 -9.66111e-05 5.52589e-06
internal_weight=819826 131852 62252 15369 69600 46883 31576 27655 8055 13864 5715 19600 38024 11520 2344 3921 687974 16919 8937 671055 298200 47515 372855 35688 27735 13200 5065 34315 250685 74690
internal_count=819826 131852 62252 15369 69600 46883 31576 27655 8055 13864 5715 19600 38024 11520 2344 3921 687974 16919 8937 671055 298200 47515 372855 35688 27735 13200 5065 34315 250685 74690
is_linear=0
shrinkage=0.08


Tree=106
num_leaves=31
num_cat=0
split_feature=0 2 0 2 0 3 0 0 2 0 0 0 0 3 0 0 2 0 0 0 0 2 0 0 0 0 0 0 0 2
split_gain=0.0424514 0.200159 0.373205 0.149422 0.141802 0.133391 0.519617 0.234572 0.210555 0.155508 0.136335 0.115675 0.116464 0.100796 0.662128 0.272521 0.456562 0.19667 0.151856 0.260122 0.131227 0.294096 0.128405 0.161945 0.161563 0.170589 0.422139 0.172374 0.143072 0.115906
threshold=2.8929450511932377 1.5000000000000002 1.658895015716553 1.5000000000000002 2.7599399089813237 1.0000000180025095e-35 1.5460549592971804 2.7599399089813237 1.0000000180025095e-35 2.5882999897003178 2.7789149284362797 1.6880499720573428 2.5260450839996342 1.5000000000000002 4.523980140686036 4.2789301872253427 2.5000000000000004 3.355854988098145 3.0623250007629399 3.0940248966217045 2.941275000572205 2.5000000000000004 3.1711750030517583 3.8010050058364873 3.6189699172973637 3.4116849899291997 3.3692250251770024 3.2783350944519047 3.6949000358581547 2.5000000000000004
decision_type=2 2 2 2 2 2 2 2 2 2 2 2 2 2 2 2 2 2 2 2 2 2 2 2 2 2 2 2 2 2
left_child=1 5 -3 -2 -4 9 -7 8 11 -1 -9 -8 -13 15 18 17 -17 20 -15 -20 21 -5 -21 24 25 26 27 -24 -26 -25
right_child=3 2 4 13 -6 6 7 10 -10 -11 -12 12 -14 14 -16 16 -18 -19 19 22 -22 -23 23 29 28 -27 -28 -29 -30 -31
leaf_value=9.6882590129368744e-06 -1.7364098941596403e-05 0.0001228749807166164 -0.00012678402049613144 0.0011368074826873127 -0.00039169732827668089 -0.0002400454644674842 -0.00020337087982017583 0.001082903479238144 -1.9981592280295882e-06 -0.00016321313914294234 0.00036029112675955917 0.00033825216704569806 4.2057975538240996e-05 0.00026217873831653617 0.0013768115822177015 0.00016878181888391961 -0.0016063478561031406 0.00040696351675590709 -0.0012783684633156684 0.00039968728367774305 1.3525202967922326e-05 -0.00051030015829140406 -0.0005195072618440819 -0.00012127829856694791 -0.00130994973825407 0.00017612837741574298 -0.0017572789380046947 0.00030444772765343122 -0.00032438179187744339 0.00050298242784762204
leaf_weight=168664 210642 40030 112990 2019 14603 26946 3667 1964 52545 41479 11201 33815 11347 6949 2133 2669 1421 22132 1260 2910 22374 1057 3636 4557 1683 5442 1246 2938 2143 3269
leaf_count=168664 210642 40030 112990 2019 14603 26946 3667 1964 52545 41479 11201 33815 11347 6949 2133 2669 1421 22132 1260 2910 22374 1057 3636 4557 1683 5442 1246 2938 2143 3269
internal_value=-4.45388e-06 -1.83029e-05 -9.02418e-05 1.94782e-05 -0.000157103 1.59908e-05 7.60409e-05 0.000150402 0.000109145 -2.44398e-05 0.000468093 0.000228747 0.000263833 0.000105862 7.26337e-06 0.000178689 -0.000447956 0.000232553 -7.3808e-05 -0.000154085 8.08817e-05 0.000570815 -0.000103172 -0.000161907 -0.000299938 -0.000167813 -0.000407165 -0.000151272 -0.000757918 0.000139482
internal_weight=819731 519251 167623 300480 127593 351628 141485 114539 101374 210143 13165 48829 45162 89838 38166 51672 4090 47582 36033 29084 25450 3076 27824 24914 17088 13262 7820 6574 3826 7826
internal_count=819731 519251 167623 300480 127593 351628 141485 114539 101374 210143 13165 48829 45162 89838 38166 51672 4090 47582 36033 29084 25450 3076 27824 24914 17088 13262 7820 6574 3826 7826
is_linear=0
shrinkage=0.08


Tree=107
num_leaves=31
num_cat=0
split_feature=1 1 2 3 1 1 1 3 1 1 1 2 3 1 1 1 1 1 1 1 2 1 2 2 1 2 1 1 1 2
split_gain=0.0389182 0.166324 0.214495 0.210656 0.148707 0.133497 0.32691 0.106586 0.212956 0.0914889 0.102749 0.0855929 0.147213 0.0866716 0.116171 0.0838375 0.104272 0.083096 0.127072 0.0822131 0.12495 0.101358 0.399546 0.0814547 0.0787529 0.212181 0.0773058 0.129345 0.0844873 0.131031
threshold=-0.12342000007629393 0.15719499439001086 2.5000000000000004 1.5000000000000002 0.17466999590396884 0.11249499768018724 0.085974998772144332 1.5000000000000002 -0.017509999684989449 0.10368499904870988 0.085974998772144332 1.5000000000000002 1.0000000180025095e-35 0.12142500281333925 0.11249499768018724 -0.061204999685287469 1.0000000180025095e-35 0.12142500281333925 0.068785000592470183 0.19279000163078311 1.0000000180025095e-35 0.21030499786138537 1.0000000180025095e-35 1.5000000000000002 -0.043800000101327889 1.0000000180025095e-35 0.0082950000651180762 0.034244999289512641 -0.043800000101327889 1.0000000180025095e-35
decision_type=2 2 2 2 2 2 2 2 2 2 2 2 2 2 2 2 2 2 2 2 2 2 2 2 2 2 2 2 2 2
left_child=-1 2 3 9 -3 6 7 15 -9 10 26 13 -13 14 -11 -4 -17 18 24 20 -6 22 -21 -22 25 -5 28 -28 -2 -30
right_child=1 4 5 17 19 -7 -8 8 -10 11 -12 12 -14 -15 -16 16 -18 -19 -20 21 23 -23 -24 -25 -26 -27 27 -29 29 -31
leaf_value=-1.8681100232896645e-05 0.00010869397143348663 -0.00039031181683141654 -0.00085008541924169474 -0.00035104119343652533 0.00070093197730790747 0.00038971392396383315 -0.0014543422590170482 0.00064576873230813613 -0.00039899422544036989 0.00032422417031811401 -0.00031330445593064505 6.4402569897550779e-05 0.0012725051073461482 0.00033860767236281445 -0.00056283717861245431 0.00031143428502327747 -0.00053342107615808891 -6.6784670258332563e-05 0.00091859163275940831 0.00046416089430391063 -0.00039975646343737222 -1.637482813320717e-06 -0.00084458553253691031 0.00032942298379975824 0.00017498610155121546 0.00088945331600927475 0.00048918800050811275 5.9961902953085556e-05 -0.00038574610457648811 0.00010937663642445618
leaf_weight=352782 20522 6431 1694 1157 2662 2186 1367 2522 2473 1842 4631 1243 1343 7529 1940 1627 2198 2102 3186 2470 1827 343713 3774 2116 6892 3719 6747 13451 7119 6585
leaf_count=352782 20522 6431 1694 1157 2662 2186 1367 2522 2473 1842 4631 1243 1343 7529 1940 1627 2198 2102 3186 2470 1827 343713 3774 2116 6892 3719 6747 13451 7119 6585
internal_value=1.3745e-06 1.65227e-05 0.000105679 0.000151082 -9.03963e-06 -0.000184834 -0.000290545 -0.000139232 0.000128512 9.19049e-05 4.8445e-05 0.000276586 0.000691812 0.000181654 -0.000130799 -0.000381555 -0.000174054 0.000404197 0.0004704 -2.16296e-06 0.000277454 -7.44038e-06 -0.000326872 -8.44434e-06 0.000349059 0.000595103 7.92267e-05 0.000203342 5.98189e-06 -0.000147831
internal_weight=819850 467068 104075 90008 362993 14067 11881 10514 4995 72952 59055 13897 2586 11311 3782 5519 3825 17056 14954 356562 6605 349957 6244 3943 11768 4876 54424 20198 34226 13704
internal_count=819850 467068 104075 90008 362993 14067 11881 10514 4995 72952 59055 13897 2586 11311 3782 5519 3825 17056 14954 356562 6605 349957 6244 3943 11768 4876 54424 20198 34226 13704
is_linear=0
shrinkage=0.08


Tree=108
num_leaves=31
num_cat=0
split_feature=1 1 2 1 1 1 1 3 2 3 2 1 1 1 1 3 1 2 2 1 1 1 1 2 1 3 1 1 3 1
split_gain=0.0443548 0.0391129 0.174881 0.282843 0.141599 0.116003 0.269157 0.236134 0.0738511 0.0727371 0.178103 0.10855 0.100023 0.108326 0.119511 0.0722581 0.249459 0.245883 0.0877822 0.204645 0.07079 0.0678897 0.125468 0.0717779 0.466979 0.354319 0.440687 0.394277 0.241713 0.159718
threshold=2.5417549610137944 0.91235998272895824 1.0000000180025095e-35 1.1669950485229494 0.65214499831199657 0.53323501348495495 0.55470499396324169 1.0000000180025095e-35 1.5000000000000002 1.0000000180025095e-35 2.5000000000000004 0.89762499928474437 0.803624987602234 0.82949000597000133 0.85535499453544628 1.5000000000000002 1.7778800129890444 1.5000000000000002 2.5000000000000004 1.1291350126266482 0.54358500242233287 0.28307500481605535 0.29182499647140508 2.5000000000000004 -0.76716500520706166 1.5000000000000002 -1.0514999628067014 -1.0893749594688413 1.0000000180025095e-35 -0.24051500111818311
decision_type=2 2 2 2 2 2 2 2 2 2 2 2 2 2 2 2 2 2 2 2 2 2 2 2 2 2 2 2 2 2
left_child=1 4 3 -3 5 21 7 20 -9 10 12 -11 -6 -14 -15 -4 18 -18 -17 -20 -7 23 -23 29 25 27 -27 -25 -26 -1
right_child=-2 2 15 -5 9 6 -8 8 -10 11 -12 -13 13 14 -16 16 17 -19 19 -21 -22 22 -24 24 28 26 -28 -29 -30 -31
leaf_value=-2.1005425646452458e-05 -0.00029383018430751573 0.00016951022802190788 0.00017682147423856651 -0.00020239274451040027 -0.00019661679459452062 0.00050722271351500445 3.7783826385444315e-05 0.0014084693261630209 0.00065922053693083591 -0.00016977703580547387 0.0007219491840762467 -0.00083835895590888025 0.00053052190910535192 -0.00046036865384960354 0.00016837640744544631 -0.00021961615303464497 -0.00013630344505582309 0.00119924325828551 -0.00042303076459965043 0.00052654571089900254 -0.0002481285385845278 -0.00057260284337942475 -5.3504891854604621e-05 -0.00055248088599485024 0.0001606521671565526 0.001189978526579626 -1.8202942367659743e-05 0.00050686672590038811 -0.00029610829803471513 7.8627004628018757e-05
leaf_weight=272766 3343 20609 48690 35862 18513 1509 28916 1856 1541 32593 1878 1632 2857 2869 5942 13588 1561 2029 2421 3631 1676 3094 80868 4808 9255 4545 3361 4224 37293 165428
leaf_count=272766 3343 20609 48690 35862 18513 1509 28916 1856 1541 32593 1878 1632 2857 2869 5942 13588 1561 2029 2421 3631 1676 3094 80868 4808 9255 4545 3361 4224 37293 165428
internal_value=-3.02366e-06 -1.83201e-06 3.87001e-05 -6.66674e-05 -9.40225e-06 2.45865e-06 0.000142883 0.000604606 0.00106858 -0.000120549 -3.39608e-05 -0.000201658 -8.0997e-05 0.000102451 -3.63529e-05 0.000121434 5.34139e-06 0.000618522 -0.000106742 0.000146684 0.000109744 -6.05303e-06 -7.26337e-05 5.09002e-06 -7.44098e-05 0.000285273 0.000676356 -5.70553e-05 -0.000205292 1.6608e-05
internal_weight=819158 815815 128391 56471 687424 621140 35498 6582 3397 66284 32059 34225 30181 11668 8811 71920 23230 3590 19640 6052 3185 585642 83962 501680 63486 16938 7906 9032 46548 438194
internal_count=819158 815815 128391 56471 687424 621140 35498 6582 3397 66284 32059 34225 30181 11668 8811 71920 23230 3590 19640 6052 3185 585642 83962 501680 63486 16938 7906 9032 46548 438194
is_linear=0
shrinkage=0.08


Tree=109
num_leaves=31
num_cat=0
split_feature=0 1 2 1 0 0 2 2 0 1 1 0 2 0 2 0 1 1 0 0 1 1 1 2 2 0 0 1 0 1
split_gain=0.0310155 0.218843 0.056976 0.0303702 0.172739 0.0419731 0.109133 0.0603105 0.0440049 0.0396006 0.031323 0.235069 0.379453 0.184056 0.201706 0.167744 0.343266 0.227766 0.225963 0.237728 0.20743 0.20246 0.194178 0.233115 0.183106 0.354825 0.279212 0.208944 0.182041 0.181079
threshold=5.2949051856994638 1.2303000092506411 1.0000000180025095e-35 -1.9179549813270567 3.4258000850677495 1.3018200397491457 1.5000000000000002 1.0000000180025095e-35 2.2644751071929936 -2.0247749090194698 -0.14952500164508817 3.5854150056838994 1.5000000000000002 1.8112099766731264 1.0000000180025095e-35 2.9121649265289311 -0.86674499511718739 -0.60804000496864308 1.9560250043869021 2.6243550777435307 -0.29524999856948847 -0.20375499874353406 -1.0146600008010862 1.5000000000000002 1.0000000180025095e-35 2.6692450046539311 2.6863999366760258 -0.48883000016212458 2.1169149875640874 -0.16760500520467755
decision_type=2 2 2 2 2 2 2 2 2 2 2 2 2 2 2 2 2 2 2 2 2 2 2 2 2 2 2 2 2 2
left_child=3 2 -2 4 5 7 9 -1 -8 -7 11 13 -13 14 -5 17 -17 22 20 -20 -19 24 28 -24 25 -21 -26 -27 -15 -18
right_child=1 -3 -4 10 -6 6 8 -9 -10 -11 -12 12 -14 15 -16 16 29 18 19 21 -22 -23 23 -25 26 27 -28 -29 -30 -31
leaf_value=0.00035505007603621805 -0.00020235171097462398 -0.0012264805571963423 0.0006147645082640481 -9.1656140763202762e-05 -0.00088819480624146468 0.00024066311295754364 0.0010651733984394999 -0.00033983538952224137 0.00036367306056291342 -0.00020951879572439315 1.2350302188917546e-05 2.6058952256654227e-05 0.00067813815098507601 0.00019017466057929847 0.00015755894535504189 0.00033196544245441115 -5.9198879168213062e-05 -0.00070278593271436238 0.00013022054428524303 0.00090485903275254952 0.00016793424138143175 -0.00088446735386861247 -0.00020198605165448944 -0.00059360953906112065 -0.00069390569441799953 0.00012369936630673842 0.00034370785609218478 -0.0010034467551669818 -0.00019496003038779508 -0.00097382197852767332
leaf_weight=1399 1108 1004 1077 34754 1003 4997 1331 1865 1004 1668 473661 22114 7700 11051 51712 17397 40847 5410 44683 1053 2589 2473 29818 14438 2132 1438 7493 3927 27156 1434
leaf_count=1399 1108 1004 1077 34754 1003 4997 1331 1865 1004 1668 473661 22114 7700 11051 51712 17397 40847 5410 44683 1053 2589 2473 29818 14438 2132 1438 7493 3927 27156 1434
internal_value=1.82278e-07 -0.000248821 0.00020041 1.15475e-06 0.000121207 0.00020376 0.000292888 -4.19969e-05 0.000763543 0.000127999 -8.28032e-07 -1.97652e-05 0.00019447 -4.10698e-05 5.73898e-05 -8.09753e-05 3.28537e-05 -0.000125184 -2.03626e-05 3.03409e-05 -0.000420964 -0.00021069 -0.000215685 -0.000329749 -0.000106828 -0.000437806 0.00011387 -0.000701334 -8.35636e-05 -9.02192e-05
internal_weight=819736 3189 2185 816547 13267 12264 9000 3264 2335 6665 803280 329619 29814 299805 86466 213339 59678 153661 71198 63199 7999 18516 82463 44256 16043 6418 9625 5365 38207 42281
internal_count=819736 3189 2185 816547 13267 12264 9000 3264 2335 6665 803280 329619 29814 299805 86466 213339 59678 153661 71198 63199 7999 18516 82463 44256 16043 6418 9625 5365 38207 42281
is_linear=0
shrinkage=0.08


Tree=110
num_leaves=31
num_cat=0
split_feature=0 0 2 3 0 0 0 2 0 0 3 0 0 0 0 2 0 0 0 0 0 2 0 3 0 2 2 2 0 0
split_gain=0.0585307 0.119179 0.149858 0.191941 0.158554 0.153629 0.174369 0.120925 0.127673 0.137786 0.112397 0.258964 0.150358 0.225568 0.110306 0.0971043 0.119161 0.174626 0.096246 0.397389 0.150774 0.096076 0.0930394 0.108962 0.113736 0.347323 0.0724924 0.0705662 0.280728 0.111148
threshold=2.1062049865722661 2.5882999897003178 2.5000000000000004 1.0000000180025095e-35 2.4996850490570073 2.157310009002686 2.1878750324249272 1.5000000000000002 2.40149998664856 2.3379249572753911 1.5000000000000002 2.301554918289185 2.3928849697113042 2.4737600088119511 2.5260450839996342 1.0000000180025095e-35 2.5260450839996342 2.5612649917602544 2.3379249572753911 2.310095071792603 2.40149998664856 1.5000000000000002 2.096270084381104 1.5000000000000002 0.75101500749588024 2.5000000000000004 1.5000000000000002 1.0000000180025095e-35 1.3727650046348574 1.5110000371932986
decision_type=2 2 2 2 2 2 2 2 2 2 2 2 2 2 2 2 2 2 2 2 2 2 2 2 2 2 2 2 2 2
left_child=22 2 3 4 7 -4 -7 -2 9 -9 14 -12 -13 -14 -8 16 -5 -18 19 -17 -20 -22 23 -1 25 -25 -21 28 -26 -29
right_child=1 -3 5 15 -6 6 10 8 -10 -11 11 12 13 -15 -16 18 17 -19 20 26 21 -23 -24 24 27 -27 -28 29 -30 -31
leaf_value=-6.0211861586527698e-07 2.027964497489448e-06 -9.2239380361771182e-06 0.00051645728353876517 0.00040829110940394502 0.00025160376513144272 -0.0010759006619537445 -0.00019661366634495436 -0.00033863511385470713 -0.0008533157991301183 0.00058435886790309693 -0.00065358299424043964 0.00093521451565455396 -0.0006041351522411059 0.00056007229075132753 -0.00092710844803000464 0.00012288867841070384 -0.00066312256568414692 0.0005702430666010051 -0.00031940842401199877 0.0015341760663471721 -3.6679947971534874e-05 0.00032733034585579645 -0.00046724773981434667 -0.00020298523169699098 -0.00093931146422529088 0.0015271916004673592 0.00071617485932676944 -2.2793694984031936e-05 0.00038039319119840452 -0.00031265883818467163
leaf_weight=195632 54369 406571 2172 19257 14577 1333 8554 4783 2170 1321 2250 1926 1791 2628 1565 18662 1712 1287 6141 1468 9682 8912 3110 2584 1330 1042 1314 12920 4598 24560
leaf_count=195632 54369 406571 2172 19257 14577 1333 8554 4783 2170 1321 2250 1926 1791 2628 1565 18662 1712 1287 6141 1468 9682 8912 3110 2584 1330 1042 1314 12920 4598 24560
internal_value=2.12211e-07 1.41908e-05 7.08984e-05 0.00010042 1.39658e-05 -0.000122628 -0.00019187 -4.13325e-05 -0.000326257 -0.000138885 -0.0001289 8.38308e-05 0.000345325 8.82245e-05 -0.000309592 0.000197972 0.00033524 -0.000133832 0.000131816 0.000255856 2.42792e-05 0.000137788 -3.24594e-05 -2.68872e-05 -0.000136217 0.000294214 0.00114782 -0.000172172 8.43056e-05 -0.000212737
internal_weight=820221 574445 167874 145655 77220 22219 20047 62643 8274 6104 18714 8595 6345 4419 10119 68435 22256 2999 46179 21444 24735 18594 245776 242666 47034 3626 2782 43408 5928 37480
internal_count=820221 574445 167874 145655 77220 22219 20047 62643 8274 6104 18714 8595 6345 4419 10119 68435 22256 2999 46179 21444 24735 18594 245776 242666 47034 3626 2782 43408 5928 37480
is_linear=0
shrinkage=0.08


Tree=111
num_leaves=31
num_cat=0
split_feature=2 0 0 0 3 3 0 0 0 0 0 0 0 0 0 0 0 3 3 0 0 3 3 0 0 0 0 0 0 0
split_gain=0.0872832 0.233987 0.312121 0.382834 0.262897 0.217528 0.242081 0.373546 0.224297 0.211529 0.142703 0.138992 0.0993112 0.354168 0.109462 0.0953523 0.158692 0.33623 0.219569 0.681716 0.340096 0.95783 0.544974 0.0955006 0.0841542 0.166551 0.12499 0.12677 0.0994622 0.11557
threshold=2.5000000000000004 3.3420850038528447 2.157310009002686 2.1169149875640874 1.0000000180025095e-35 1.5000000000000002 2.2175250053405766 2.6154251098632817 2.5260450839996342 2.0860500335693364 3.2299000024795537 2.7504100799560551 2.3928849697113042 2.3379249572753911 2.283195018768311 2.0549700260162358 1.798830032348633 1.5000000000000002 1.0000000180025095e-35 1.5110000371932986 1.3947499990463259 1.5000000000000002 1.5000000000000002 1.193715035915375 2.5612649917602544 2.301554918289185 2.7599399089813237 2.855045080184937 3.1378250122070317 3.031194925308228
decision_type=2 2 2 2 2 2 2 2 2 2 2 2 2 2 2 2 2 2 2 2 2 2 2 2 2 2 2 2 2 2
left_child=-1 2 3 9 11 10 -7 8 12 15 24 -4 13 14 -8 16 18 -18 19 23 22 -22 -20 -2 25 -6 -26 -28 29 -29
right_child=1 -3 4 -5 5 6 7 -9 -10 -11 -12 -13 -14 -15 -16 -17 17 -19 20 -21 21 -23 -24 -25 26 -27 27 28 -30 -31
leaf_value=3.9821632609420047e-06 -0.0016323830478681917 0.00018261553685713409 -0.00016292157455407015 0.0012106620206664314 -0.00028934526059435641 -0.0012970798685236246 0.00028776342792366196 -0.00039192672360919282 0.001004699741024524 -0.0010314050093951546 0.00029543379510753678 0.00042988113311459011 -0.0002992779379380377 0.0014953084348143452 -0.00077846483111948658 0.00070365942991663976 0.00017291049629318273 -0.00078842568633516756 -0.00012669433243357492 0.00088491056742223044 0.00089105258656996733 -0.00082770568005621152 0.0012268711435899932 -0.00067924750782478939 -7.1412985848389617e-05 -0.0011570504388314844 -0.0013757157494236863 -0.00063500596432568084 -0.0011983093575303777 0.00030091862161437001
leaf_weight=716498 1370 18556 5608 1742 2152 1207 1325 13791 2074 1240 1133 4614 2900 1141 1152 1304 5077 4301 3332 1692 3649 4811 4441 1322 3146 4138 1352 2389 1015 1306
leaf_count=716498 1370 18556 5608 1742 2152 1207 1325 13791 2074 1240 1133 4614 2900 1141 1152 1304 5077 4301 3332 1692 3649 4811 4441 1322 3146 4138 1352 2389 1015 1306
internal_value=-5.92862e-06 -7.4684e-05 -0.000131037 5.52241e-05 -0.00025762 -0.000349691 -0.000193478 -0.000133967 0.000280084 -6.63314e-06 -0.000571268 0.000104657 4.95146e-05 0.000329088 -0.000208117 3.39661e-05 4.85196e-06 -0.000267984 0.000128956 -0.000373417 0.000264631 -8.63642e-05 0.000646647 -0.00116431 -0.00063463 -0.000860182 -0.000480555 -0.000692887 -0.000496882 -0.000304203
internal_weight=819778 103280 84724 34281 50443 40221 23590 22383 8592 32539 16631 10222 6518 3618 2477 31299 29995 9378 20617 4384 16233 8460 7773 2692 15498 6290 9208 6062 4710 3695
internal_count=819778 103280 84724 34281 50443 40221 23590 22383 8592 32539 16631 10222 6518 3618 2477 31299 29995 9378 20617 4384 16233 8460 7773 2692 15498 6290 9208 6062 4710 3695
is_linear=0
shrinkage=0.08


Tree=112
num_leaves=31
num_cat=0
split_feature=2 0 0 3 0 0 3 3 3 0 0 0 0 3 0 0 0 0 0 0 0 0 0 0 0 0 0 0 3 0
split_gain=0.0227864 0.165813 0.215268 0.189219 0.576404 0.206116 0.338848 0.231722 0.184352 0.133922 0.123558 0.0998201 0.0925788 0.0862156 0.138275 0.343467 0.167749 0.159611 0.13493 0.123735 0.11994 0.141921 0.0826281 0.123933 0.0792582 0.168456 0.166349 0.0792461 0.0740675 0.650948
threshold=2.5000000000000004 3.3420850038528447 1.8362749814987185 1.0000000180025095e-35 1.528375029563904 1.3255900144577029 1.5000000000000002 1.5000000000000002 1.0000000180025095e-35 1.7600449919700625 1.8974449634552004 1.0558300018310549 1.6880499720573428 1.5000000000000002 2.301554918289185 2.6154251098632817 2.6863999366760258 2.1775450706481938 2.1169149875640874 3.0623250007629399 2.5169450044631962 2.3928849697113042 2.7693750858306889 2.5348649024963383 2.7693750858306889 2.8361749649047856 2.9309849739074711 1.989254951477051 1.0000000180025095e-35 3.9545400142669682
decision_type=2 2 2 2 2 2 2 2 2 2 2 2 2 2 2 2 2 2 2 2 2 2 2 2 2 2 2 2 2 2
left_child=-1 2 3 4 11 6 -5 -7 22 12 -10 -2 -9 27 17 20 -17 18 -15 24 21 -16 23 -4 -18 -26 -27 -12 29 -3
right_child=1 28 8 5 -6 7 -8 9 10 -11 13 -13 -14 14 15 16 19 -19 -20 -21 -22 -23 -24 -25 25 26 -28 -29 -30 -31
leaf_value=-4.8234192340932477e-06 -0.0016145684437557264 0.00065939992582810165 0.00022103903366149202 1.5249890326647452e-05 0.00085154187165042473 0.00053872398612474757 0.0011576424425177049 -0.00022391380625182033 -0.00084354232148651414 0.00054574578089988993 0.00037069910518803292 -0.0006161668978863406 -0.0010717672560754479 -0.000305753394856536 0.00081003040801421074 -0.00095537087275488375 -0.00034175438407822245 -0.00085702652202830707 0.00066173608263343938 -0.00039660362388969445 0.00099845508389242782 -8.5353528239667239e-05 0.00045991066151102863 -0.00047446837935514937 0.0010530434747656379 -0.00051777263519620466 0.00045870285465144788 -0.00030025386120291031 0.00033270290505844544 -0.0015631918476647583
leaf_weight=716770 1005 2601 6111 2902 1829 4456 3888 3718 1621 1162 1198 1769 1059 3936 1951 1536 1767 2512 1205 4599 2279 2702 4492 2241 1352 1969 2579 18906 14793 1248
leaf_count=716770 1005 2601 6111 2902 1829 4456 3888 3718 1621 1162 1198 1769 1059 3936 1951 1536 1767 2512 1205 4599 2279 2702 4492 2241 1352 1969 2579 18906 14793 1248
internal_value=2.40892e-07 3.53515e-05 -1.21667e-05 0.000204571 -0.00025096 0.000326585 0.000669392 0.000102665 -8.7176e-05 -0.000224509 -0.000156483 -0.000977881 -0.000411872 -0.000133515 -4.37445e-05 6.35251e-05 -0.000167229 -0.000334366 -7.89833e-05 -6.85346e-05 0.000522969 0.00029008 0.00018323 3.44212e-05 0.000128256 0.00026902 3.59499e-05 -0.000260272 0.000251363 -6.12534e-05
internal_weight=820156 103386 84744 21788 4603 17185 6790 10395 62956 5939 50112 2774 4777 48491 28387 20734 13802 7653 5141 12266 6932 4653 12844 8352 7667 5900 4548 20104 18642 3849
internal_count=820156 103386 84744 21788 4603 17185 6790 10395 62956 5939 50112 2774 4777 48491 28387 20734 13802 7653 5141 12266 6932 4653 12844 8352 7667 5900 4548 20104 18642 3849
is_linear=0
shrinkage=0.08


Tree=113
num_leaves=31
num_cat=0
split_feature=2 0 1 2 1 0 1 1 1 1 0 0 2 2 0 1 2 1 1 0 1 1 1 0 1 1 1 0 0 0
split_gain=0.0281587 0.232715 1.21668 0.478697 0.470701 0.280452 0.837246 0.609195 0.352621 0.492346 0.712879 0.296661 0.228056 0.203892 0.200442 0.184451 0.167626 0.252343 0.178276 0.159839 0.153314 0.14135 0.134906 0.177432 0.283003 0.306472 0.265713 0.391759 0.314464 0.483815
threshold=1.5000000000000002 3.8010050058364873 1.4064800143241885 2.5000000000000004 1.4064800143241885 1.5956749916076662 -1.1279700398445127 -1.327624976634979 -0.25813500583171839 0.54358500242233287 1.4155600070953371 2.2175250053405766 2.5000000000000004 2.5000000000000004 1.3947499990463259 1.91745001077652 2.5000000000000004 0.97230499982833873 0.36592499911785131 1.528375029563904 -1.3896800279617307 0.53323501348495495 -0.69141998887062062 3.7358449697494511 0.42347499728202825 -0.14952500164508817 0.69628500938415538 3.2669749259948735 3.1264350414276127 1.798830032348633
decision_type=2 2 2 2 2 2 2 2 2 2 2 2 2 2 2 2 2 2 2 2 2 2 2 2 2 2 2 2 2 2
left_child=22 4 16 -4 5 7 11 12 -9 10 -10 -7 -2 -6 -11 -15 21 18 -18 -12 -13 -3 -1 26 25 -25 28 -28 29 -24
right_child=1 2 3 -5 13 6 -8 8 9 14 19 20 -14 15 -16 -17 17 -19 -20 -21 -22 -23 23 24 -26 -27 27 -29 -30 -31
leaf_value=-6.0364762721258893e-05 -0.0002832152878262288 7.2374817313557879e-05 -0.00047204626562680061 -0.0025746583960956373 0.00019123914127396337 0.00090286509190736527 -0.00015320210975969134 0.00054534855658186433 0.00015467814739982599 0.00031772577990067555 -0.001663275454335337 0.00048332056877089461 -0.0014574414266251305 0.00058150607522054873 0.0014546336198318392 0.0017586042745868363 0.00064208331306417159 -0.00029286007501449883 0.0015496176211462335 -0.00056360073212137214 -0.00016555534463938838 0.00064796370467245276 -6.2081599094178621e-05 5.1282788569244769e-05 6.3806027084554142e-05 -0.0005100862879882438 -0.00012816958040348807 0.00026230898527552864 -7.9504680897065499e-05 0.00020540119690544583
leaf_weight=118471 2811 7284 1802 1126 6911 5987 174213 15128 7702 2725 2099 5017 1698 3296 1561 1149 3516 1160 2286 1417 4352 4368 58145 10236 32419 15880 85177 20378 52923 169262
leaf_count=118471 2811 7284 1802 1126 6911 5987 174213 15128 7702 2725 2099 5017 1698 3296 1561 1149 3516 1160 2286 1417 4352 4368 58145 10236 32419 15880 85177 20378 52923 169262
internal_value=5.46428e-06 -1.64431e-05 0.000235264 -0.00128063 -3.94124e-05 -6.48074e-05 -0.000103287 0.000142772 0.000270567 2.44966e-06 -0.000276208 0.000462997 -0.000725406 0.000463097 0.000731798 0.000885777 0.000473716 0.000784297 0.000999654 -0.00122009 0.000181911 0.000288147 1.54902e-05 3.57112e-05 -9.40755e-05 -0.000290061 5.53986e-05 -5.27854e-05 9.6134e-05 0.000137009
internal_weight=820499 257608 21542 2928 236066 224710 189569 35141 30632 15504 11218 15356 4509 11356 4286 4445 18614 6962 5802 3516 9369 11652 562891 444420 58535 26116 385885 105555 280330 227407
internal_count=820499 257608 21542 2928 236066 224710 189569 35141 30632 15504 11218 15356 4509 11356 4286 4445 18614 6962 5802 3516 9369 11652 562891 444420 58535 26116 385885 105555 280330 227407
is_linear=0
shrinkage=0.08


Tree=114
num_leaves=31
num_cat=0
split_feature=1 0 1 0 0 2 0 1 2 2 1 0 1 1 0 2 1 1 0 1 0 1 2 2 0 2 1 1 1 0
split_gain=0.0434617 0.187656 0.0267188 0.0888175 0.0915905 0.0879012 0.0237705 0.0449771 0.122595 0.0754305 0.0346423 0.240792 0.0396151 0.0340969 0.0238416 0.271152 0.334439 0.860778 0.459061 0.334286 0.279892 0.19584 0.327147 0.249492 0.458719 0.186421 0.264351 0.14385 0.406471 0.615791
threshold=2.5417549610137944 3.6377300024032597 2.1327749490737919 2.660234928131104 3.715865015983582 1.0000000180025095e-35 0.46347999572753912 -0.96281999349594105 1.0000000180025095e-35 1.5000000000000002 -2.4603549242019649 2.2085049152374272 -2.193194985389709 -1.4580650329589842 3.5167798995971684 1.0000000180025095e-35 -0.27666500210762018 0.34728500247001654 3.9832749366760258 1.7208549976348879 3.7575850486755376 1.0908250212669375 2.5000000000000004 2.5000000000000004 3.9832749366760258 1.5000000000000002 -1.0697450041770933 0.39493499696254736 -0.070014998316764818 1.7461850047111513
decision_type=2 2 2 2 2 2 2 2 2 2 2 2 2 2 2 2 2 2 2 2 2 2 2 2 2 2 2 2 2 2
left_child=2 -2 6 -4 5 -5 7 9 -9 13 11 -8 -12 -1 27 19 25 18 -18 20 -16 22 -19 -23 -25 -17 -27 28 -14 -30
right_child=1 -3 3 4 -6 -7 10 8 -10 -11 12 -13 14 -15 15 16 17 21 -20 -21 -22 23 -24 24 -26 26 -28 -29 29 -31
leaf_value=0.00043711317535862328 0.00019368564720924052 -0.0010534505637354449 -0.00028956153722810372 0.00018334728219167405 -6.2788585372345793e-05 0.0011228159598238633 0.0003369639695386273 -0.00015660255870760144 0.00059077385493105504 -0.0006673799953613907 0.00028991608500307411 -0.0010871175993080648 -2.8231125602362462e-05 -0.00018063751814488861 0.00012782762754557801 0.00020628798077777032 -0.00070672627555756491 0.00026763592355972995 8.8960626621130962e-05 0.00082360805261283811 -0.00026791495089719834 0.00020952141494084804 0.0010265379869694874 0.0003075191090321123 -0.001808101041405904 -0.00025110376640445262 0.00098443968928583711 -5.8547990956235439e-05 -0.00022629959850940237 0.00021229381663892533
leaf_weight=1250 2002 1257 1887 1214 1847 1342 1802 2467 3262 1036 3083 1314 320767 1054 16842 8477 11491 17837 7784 2405 35646 10266 4566 1431 1211 1359 6007 208511 24884 115959
leaf_count=1250 2002 1257 1887 1214 1847 1342 1802 2467 3262 1036 3083 1314 320767 1054 16842 8477 11491 17837 7784 2405 35646 10266 4566 1431 1211 1359 6007 208511 24884 115959
internal_value=4.2298e-06 -0.000287336 5.39285e-06 0.000169639 0.000366439 0.000676605 4.11853e-06 0.00013291 0.000268941 -0.000100421 2.66151e-06 -0.000263563 3.70037e-06 0.000154514 2.59105e-06 3.46181e-05 0.000138506 4.45878e-05 -0.000385397 -9.86728e-05 -0.000140932 0.000279301 0.000422309 3.10967e-05 -0.000662207 0.000462096 0.000756486 -3.39845e-06 2.15128e-05 0.000134804
internal_weight=820260 3259 817001 6290 4403 2556 810711 9069 5729 3340 801642 3116 798526 2304 795443 125322 70429 54586 19275 54893 52488 35311 22403 12908 2642 15843 7366 670121 461610 140843
internal_count=820260 3259 817001 6290 4403 2556 810711 9069 5729 3340 801642 3116 798526 2304 795443 125322 70429 54586 19275 54893 52488 35311 22403 12908 2642 15843 7366 670121 461610 140843
is_linear=0
shrinkage=0.08


Tree=115
num_leaves=31
num_cat=0
split_feature=1 1 1 1 2 3 2 2 1 1 1 3 3 1 1 3 1 1 2 2 2 1 1 2 2 1 3 1 2 1
split_gain=0.0416847 0.046796 0.311231 0.175206 0.174413 0.102676 0.137294 0.0893857 0.0857918 0.102274 0.165938 0.19227 0.120323 0.0854824 0.28559 0.0833928 0.0812071 0.182947 0.101182 0.0852206 0.141648 0.0829648 0.0740402 0.154518 0.16825 0.264079 0.133187 0.102691 0.0700436 0.601269
threshold=2.5417549610137944 -0.070014998316764818 -0.043800000101327889 -0.078710000962018953 2.5000000000000004 1.5000000000000002 1.0000000180025095e-35 1.5000000000000002 -0.087965000420808778 -0.38854500651359553 -0.40793499350547785 1.5000000000000002 1.0000000180025095e-35 0.0082950000651180762 0.025634999386966232 1.0000000180025095e-35 -0.22169499844312665 -0.18604499846696851 2.5000000000000004 2.5000000000000004 1.5000000000000002 -0.13198500126600263 -0.025834999978542324 1.5000000000000002 1.0000000180025095e-35 -0.017509999684989449 1.5000000000000002 -0.0085249999538063986 2.5000000000000004 -0.92924499511718739
decision_type=2 2 2 2 2 2 2 2 2 2 2 2 2 2 2 2 2 2 2 2 2 2 2 2 2 2 2 2 2 2
left_child=1 3 4 8 5 6 -3 -5 9 10 12 -12 -1 22 -15 -10 -11 18 -18 20 -19 -21 26 24 25 -24 -4 -25 -14 -30
right_child=-2 2 13 7 -6 -7 -8 -9 15 16 11 -13 28 14 -16 -17 17 19 -20 21 -22 -23 23 27 -26 -27 -28 -29 29 -31
leaf_value=6.9857661014745956e-05 -0.00027321691909597495 0.00082368842393754581 -0.00012330283842575655 -0.00029562927206767877 -0.00037507631593184184 0.0011790794676403008 0.00010229123744734987 -0.0011853649789511967 -2.4687688478337044e-05 -0.00013780498942243767 0.00018135256150661361 0.0012184696843292253 -6.7025672711132258e-05 0.00055957611074260215 1.9170391298729304e-05 0.00076977434203541657 0.00017368054241876453 -0.00013264214352788883 0.00083366095529675019 -0.00070396298211646512 0.00028169360856828465 -3.7759998789023888e-05 -0.0013339237332925689 -0.00026894326093145434 0.00036400522543178764 -2.2455205963139723e-05 0.00072501317707528645 -0.0010690666516557713 0.00056436106739134412 -0.00025060214266989461
leaf_weight=115333 3287 3483 5153 2152 1327 1643 3277 1088 1594 57486 4960 1487 113916 6356 408764 1801 11084 23978 1717 2647 6772 2183 1315 2095 3491 3888 1538 2013 9819 14134
leaf_count=115333 3287 3483 5153 2152 1327 1643 3277 1088 1594 57486 4960 1487 113916 6356 408764 1801 11084 23978 1717 2647 6772 2183 1315 2095 3491 3888 1538 2013 9819 14134
internal_value=1.11023e-05 1.22469e-05 2.97743e-05 -8.68064e-06 0.000477247 0.000611846 0.000473982 -0.000594405 -3.53646e-06 -7.25454e-06 1.97668e-05 0.000420564 9.56172e-06 1.97564e-05 2.74447e-05 0.000396763 -7.35269e-05 2.84795e-06 0.000262204 -9.04633e-05 -4.1394e-05 -0.000402861 -0.000143972 -0.00025669 -6.56399e-05 -0.000353914 7.16919e-05 -0.000661019 -4.08783e-05 8.34739e-05
internal_weight=819781 816494 444343 372151 9730 8403 6760 3240 368911 365516 259649 6447 253202 434613 415120 3395 105867 48381 12801 35580 30750 4830 19493 12802 8694 5203 6691 4108 137869 23953
internal_count=819781 816494 444343 372151 9730 8403 6760 3240 368911 365516 259649 6447 253202 434613 415120 3395 105867 48381 12801 35580 30750 4830 19493 12802 8694 5203 6691 4108 137869 23953
is_linear=0
shrinkage=0.08


Tree=116
num_leaves=31
num_cat=0
split_feature=2 0 0 3 0 0 3 3 0 3 0 0 3 0 0 0 0 0 0 0 0 3 0 0 0 3 3 3 0 0
split_gain=0.0731117 0.175525 0.272069 0.184824 0.547706 0.241703 0.274294 0.260855 0.141639 0.0887792 0.0929691 0.309454 0.189859 0.161882 0.135733 0.115542 0.095523 0.149531 0.300948 0.0832065 0.0750413 0.153602 0.0745115 0.12687 0.0673325 0.708263 0.265533 0.0580178 0.388127 0.382728
threshold=2.5000000000000004 1.798830032348633 2.7413899898529057 1.0000000180025095e-35 1.4741650223731997 1.3255900144577029 1.5000000000000002 1.5000000000000002 1.5110000371932986 1.0000000180025095e-35 2.0437750816345219 1.989254951477051 1.5000000000000002 2.301554918289185 1.9560250043869021 2.40149998664856 2.6154251098632817 2.301554918289185 2.1775450706481938 2.6863999366760258 1.8608150482177737 1.5000000000000002 2.6509549617767338 2.5612649917602544 3.8234599828720097 1.0000000180025095e-35 1.0000000180025095e-35 1.5000000000000002 4.2329599857330331 4.074855089187623
decision_type=2 2 2 2 2 2 2 2 2 2 2 2 2 2 2 2 2 2 2 2 2 2 2 2 2 2 2 2 2 2
left_child=-1 3 9 4 -2 7 -7 -5 -8 -3 11 14 13 -12 20 -15 17 18 -14 -18 -11 -22 23 -17 26 -26 -4 29 -29 -27
right_child=1 2 24 5 -6 6 8 -9 -10 10 12 -13 16 15 -16 22 19 -19 -20 -21 21 -23 -24 -25 25 27 -28 28 -30 -31
leaf_value=2.4326585188444618e-05 -0.0010843531264570496 -1.3761905438077868e-05 0.00043771439254382851 6.9026150306400152e-05 0.00072966312955850452 0.00052125573031137212 0.00026124015432616045 0.0010706123676643884 -0.00062773906436247172 -3.2622969684380488e-05 -6.5637555683073566e-05 -0.0014842144175068375 0.00032124039868641806 -0.0013294223264879253 0.00054984677296274925 -0.00070999873422237364 -0.00086497807602144432 0.00029054436753778374 -0.00091289777789716267 4.3550086178453521e-05 -1.4654521338306823e-05 -0.0012341481629238036 -0.001042510897746313 0.00022510603542918024 -0.0012263071200885553 0.0015049674821785448 -0.00011765457264209082 0.00016215819943974204 0.001793688231680843 -0.0005804013255109573
leaf_weight=715655 2470 8340 6916 2879 1873 4028 1662 3944 3702 1642 3736 1754 2589 1542 1061 2539 1531 6924 2472 1115 1146 1562 1420 1464 1629 1001 27098 2245 1597 1288
leaf_count=715655 2470 8340 6916 2879 1873 4028 1662 3944 3702 1642 3736 1754 2589 1542 1061 2539 1531 6924 2472 1115 1146 1562 1420 1464 1629 1001 27098 2245 1597 1288
internal_value=1.52502e-05 -4.77099e-05 -9.97642e-05 0.000161467 -0.000302025 0.000285608 2.23498e-05 0.000647988 -0.000352295 -0.000246602 -0.000306357 -0.000560785 -0.000234394 -0.000490486 -0.000261451 -0.000718373 -4.70908e-05 4.8956e-05 -0.000281563 -0.000482133 -0.000459333 -0.00071807 -0.000544624 -0.000368007 4.37798e-05 0.000256421 -4.73249e-06 0.00065038 0.000840335 0.000331549
internal_weight=818824 103169 82611 20558 4343 16215 9392 6823 5364 40837 32497 7165 25332 10701 5411 6965 14631 11985 5061 2646 4350 2708 5423 4003 41774 7760 34014 6131 3842 2289
internal_count=818824 103169 82611 20558 4343 16215 9392 6823 5364 40837 32497 7165 25332 10701 5411 6965 14631 11985 5061 2646 4350 2708 5423 4003 41774 7760 34014 6131 3842 2289
is_linear=0
shrinkage=0.08


Tree=117
num_leaves=31
num_cat=0
split_feature=0 3 2 2 0 0 0 2 0 3 0 2 3 0 0 0 0 2 0 0 0 0 0 0 0 0 0 0 0 0
split_gain=0.0647496 0.215308 0.253072 0.186439 0.884948 0.083728 0.0774115 0.0744685 0.607652 0.315132 0.0660347 0.0499147 0.229152 0.523815 0.127393 0.160731 0.192885 0.227517 0.128723 0.209469 0.209094 0.198098 0.112071 0.260074 0.202327 0.111107 0.105276 0.112596 0.104005 0.0976681
threshold=3.6377300024032597 1.5000000000000002 1.0000000180025095e-35 2.5000000000000004 4.3302948474884042 3.7575850486755376 3.8987249135971074 2.5000000000000004 4.3302948474884042 1.0000000180025095e-35 4.8342800140380868 1.5000000000000002 1.5000000000000002 1.3727650046348574 3.0623250007629399 2.4373950958251958 2.40149998664856 1.0000000180025095e-35 2.1981151103973393 2.1062049865722661 2.283195018768311 1.9673299789428713 2.5348649024963383 2.5706551074981694 2.4996850490570073 3.031194925308228 2.5260450839996342 2.2459249496459965 2.6061549186706547 3.1378250122070317
decision_type=2 2 2 2 2 2 2 2 2 2 2 2 2 2 2 2 2 2 2 2 2 2 2 2 2 2 2 2 2 2
left_child=11 2 -2 10 5 -5 -7 -4 9 -9 -3 12 26 -14 15 16 17 -15 19 21 -20 -19 24 -24 -17 28 27 -1 -25 -16
right_child=1 3 7 4 -6 6 -8 8 -10 -11 -12 -13 13 14 29 22 -18 18 20 -21 -22 -23 23 25 -26 -27 -28 -29 -30 -31
leaf_value=1.3988566629003538e-05 -0.00011302304343812291 -0.00032327846190223725 0.00024627558436089258 -0.00091331740230802638 0.0020941444825312663 0.0004520720029092317 -0.00039934991153753709 -0.00043855113892979727 -0.0016192217786909111 0.00095375180533439907 1.5581858123929468e-05 -1.2592952329946719e-05 -0.00057509730156059431 0.00055096558724045607 -0.00039015708474615901 0.00041472958812058817 -0.00085469480819057449 0.00023246337054075888 -0.0010799106183802631 0.0010168472434306376 0.00012638739215999772 -0.00066225925828168218 -0.00076302224169792559 0.0011231601468283576 0.0017239249132975198 0.0012421508909640784 -3.4993518042806388e-05 0.00014232832499161665 0.00035397242690299161 0.00013238157371889037
leaf_weight=175233 35797 27510 27898 1142 1253 1035 2012 1772 1260 2520 4249 227746 5584 7972 2670 2063 1144 6261 1596 1556 2170 2120 1182 1215 1192 1098 183090 58308 15196 16054
leaf_count=175233 35797 27510 27898 1142 1253 1035 2012 1772 1260 2520 4249 227746 5584 7972 2670 2063 1144 6261 1596 1556 2170 2120 1182 1215 1192 1098 183090 58308 15196 16054
internal_value=9.62486e-06 -4.85776e-05 3.4815e-05 -0.000203807 0.000228842 -0.000329101 -0.00011014 0.000193026 -7.45457e-05 0.000378924 -0.000277943 1.83088e-05 3.27986e-05 0.000167753 0.000233089 0.000306378 0.000157716 0.000211151 1.3457e-05 0.000164404 -0.000384832 6.1405e-06 0.000460954 0.000385511 0.000894165 0.000463047 1.04245e-05 4.60311e-05 0.00041092 5.78687e-05
internal_weight=819898 106448 69247 37201 5442 4189 3047 33450 5552 4292 31759 713450 485704 69073 63489 44765 22819 21675 13703 9937 3766 8381 21946 18691 3255 17509 416631 233541 16411 18724
internal_count=819898 106448 69247 37201 5442 4189 3047 33450 5552 4292 31759 713450 485704 69073 63489 44765 22819 21675 13703 9937 3766 8381 21946 18691 3255 17509 416631 233541 16411 18724
is_linear=0
shrinkage=0.08


Tree=118
num_leaves=31
num_cat=0
split_feature=0 1 1 0 1 1 0 0 2 2 0 0 1 0 1 1 1 1 1 1 2 0 1 0 0 0 0 0 1 2
split_gain=0.037886 0.0661951 0.0826102 0.0469516 0.308107 0.339185 0.293483 0.219292 0.458769 0.1982 0.183755 0.280693 0.262524 0.259054 0.412979 0.269469 0.255224 0.466269 0.396348 0.247287 0.185171 0.197881 0.325314 0.174612 0.267362 0.162806 0.161465 0.157338 0.206491 0.144115
threshold=0.67178499698638927 0.7778649926185609 0.41397500038146978 2.7504100799560551 -0.72843000292778004 0.74265000224113475 2.8361749649047856 4.2329599857330331 2.5000000000000004 1.0000000180025095e-35 2.5523250102996831 2.4996850490570073 -0.50982502102851857 2.5612649917602544 0.31859999895095831 0.81671500205993663 -0.72843000292778004 -0.44781500101089472 -0.31415499746799463 -0.18604499846696851 1.0000000180025095e-35 2.5348649024963383 0.43287500739097601 2.7413899898529057 2.7050449848175053 2.6955149173736577 2.8929450511932377 5.0118300914764413 1.3000449538230898 2.5000000000000004
decision_type=2 2 2 2 2 2 2 2 2 2 2 2 2 2 2 2 2 2 2 2 2 2 2 2 2 2 2 2 2 2
left_child=1 2 -1 10 9 6 -6 -8 -9 -5 11 -2 -12 14 -14 23 -13 -18 -19 -20 -21 -22 -23 24 25 -15 -11 -7 -29 -28
right_child=3 -3 -4 4 5 27 7 8 -10 26 12 16 13 15 -16 -17 17 18 19 20 21 22 -24 -25 -26 -27 29 28 -30 -31
leaf_value=0.00011320509611040395 -1.5159430421545954e-05 -0.00050301333299296498 0.00086621860116296867 2.4695590765188816e-05 0.00023768863568729391 0.00012929716758527888 -0.00012776701996018188 3.7902308402361412e-05 0.0014390033331651941 -6.9482414490386386e-05 -0.00040568602810806979 -0.0003073939967021506 -0.0019288687338580772 7.2350726422970127e-05 0.00019860120844365369 -0.00033430622591805134 0.0016110602709580903 -0.0012275361363495824 0.0015183970454214601 -0.0001015376760222037 0.00086306886571637308 0.00092972049236414033 -0.00097066623261008291 -0.00066481311440010971 0.00056802811090481088 -0.00071274656826965138 0.00036160473332480752 0.0002756192541854354 -0.001052632668596029 0.00092541070351618562
leaf_weight=13608 365057 1016 1001 20023 18129 94934 169328 16577 1644 4549 17788 3605 1178 27309 1158 12542 1908 1037 1149 4653 4488 1120 1188 1851 7206 1802 17136 1359 1669 3493
leaf_count=13608 365057 1016 1001 20023 18129 94934 169328 16577 1644 4549 17788 3605 1178 27309 1158 12542 1908 1037 1149 4653 4488 1120 1188 1851 7206 1802 17136 1359 1669 3493
internal_value=-2.00123e-06 0.000121377 0.000164801 -4.39934e-06 1.76823e-05 -1.1326e-05 -6.96791e-05 -9.93901e-05 0.000164317 0.000212547 -2.13275e-05 5.01056e-07 -0.000139726 -5.0541e-05 -0.000874241 -1.25965e-05 0.000299069 0.00043973 0.000275821 0.000399569 0.000287286 0.0005535 -4.84682e-05 9.31172e-05 0.000131747 2.37524e-05 0.000361937 0.00011119 -0.000456498 0.000457071
internal_weight=819505 15625 14609 803880 348841 303640 205678 187549 18221 45201 455039 384205 70834 53046 2336 50710 19148 15543 13635 12598 11449 6796 2308 38168 36317 29111 25178 97962 3028 20629
internal_count=819505 15625 14609 803880 348841 303640 205678 187549 18221 45201 455039 384205 70834 53046 2336 50710 19148 15543 13635 12598 11449 6796 2308 38168 36317 29111 25178 97962 3028 20629
is_linear=0
shrinkage=0.08


Tree=119
num_leaves=31
num_cat=0
split_feature=1 3 1 1 1 1 3 2 1 1 3 2 1 3 1 2 3 3 2 1 2 3 3 1 1 1 2 1 1 3
split_gain=0.0416226 0.0201269 0.0200291 0.0203608 0.209749 0.150014 0.118329 0.0593383 0.137425 0.13011 0.139939 0.121366 0.0840975 0.151274 0.137287 0.113651 0.0929641 0.0630542 0.0901083 0.0621608 0.16874 0.130406 0.12752 0.0566001 0.053217 0.0418103 0.191089 0.0645016 0.117823 0.0931553
threshold=-2.4603549242019649 1.0000000180025095e-35 -2.193194985389709 -0.070014998316764818 -0.052595000714063637 -0.078710000962018953 1.0000000180025095e-35 1.5000000000000002 -0.67946499586105336 -0.60804000496864308 1.5000000000000002 2.5000000000000004 -0.13198500126600263 1.0000000180025095e-35 -0.21294500678777692 2.5000000000000004 1.5000000000000002 1.5000000000000002 2.5000000000000004 -1.0697450041770933 1.0000000180025095e-35 1.0000000180025095e-35 1.5000000000000002 -0.061204999685287469 -0.061204999685287469 -0.56418499350547779 2.5000000000000004 -0.55357497930526722 -0.54321500658988942 1.0000000180025095e-35
decision_type=2 2 2 2 2 2 2 2 2 2 2 2 2 2 2 2 2 2 2 2 2 2 2 2 2 2 2 2 2 2
left_child=1 -1 -2 5 6 7 24 19 -9 10 -10 -12 14 -14 25 16 -15 -16 -19 20 22 -22 -4 -8 -5 26 -11 -27 -29 -30
right_child=2 -3 3 4 -6 -7 23 8 9 12 11 -13 13 15 17 -17 -18 18 -20 -21 21 -23 -24 -25 -26 27 -28 28 29 -31
leaf_value=-3.3605680517590068e-05 0.00020686771412320104 -0.00043472456799114505 -0.00014458872726672166 -0.00021889102010945284 1.2094933598094831e-05 -0.00054803034476493971 0.0011100590259017174 0.00014535942034329599 -6.8101300953126085e-05 0.00071873231123250811 -0.00031445941229901888 -0.0014234574145909902 -0.00036807182400612162 0.00040537682056580898 -0.0001381752090634452 8.9139771036342576e-05 0.0013772885465176635 -0.00094594318368405753 -0.0001559161309080606 -1.7870464910681938e-06 0.00030229355207546914 -8.5845116187590177e-05 -0.00057854298099146387 0.00045983050715371859 0.00044286253819327334 -0.00061858721058210317 -0.00038506185264317483 0.00088011278448054992 -0.00021585344652042389 7.9039883602662243e-05
leaf_weight=1331 3232 2009 29437 1559 440849 3247 1755 49979 3780 2496 1342 1193 1694 1292 5841 2167 1229 1893 1805 191314 9307 13687 5082 1674 1552 1023 1679 1004 9313 25984
leaf_count=1331 3232 2009 29437 1559 440849 3247 1755 49979 3780 2496 1342 1193 1694 1292 5841 2167 1229 1893 1805 191314 9307 13687 5082 1674 1552 1023 1679 1004 9313 25984
internal_value=6.95732e-06 -0.000274877 8.11033e-06 7.32036e-06 1.87667e-05 -6.67948e-06 0.000468499 -1.83102e-06 4.60453e-05 -3.18337e-05 -0.000376502 -0.000836367 6.07264e-06 0.000279863 -2.81632e-05 0.000513993 0.000879189 -0.000301833 -0.00056033 -2.37105e-05 -9.66378e-05 7.1257e-05 -0.000208477 0.000792625 0.000111241 3.47426e-05 0.000274835 7.88629e-06 2.5541e-05 1.23323e-06
internal_weight=819749 3340 816409 813177 447389 365788 6540 362541 113714 63735 6315 2535 57420 6382 51038 4688 2521 9539 3698 248827 57513 22994 34519 3429 3111 41499 4175 37324 36301 35297
internal_count=819749 3340 816409 813177 447389 365788 6540 362541 113714 63735 6315 2535 57420 6382 51038 4688 2521 9539 3698 248827 57513 22994 34519 3429 3111 41499 4175 37324 36301 35297
is_linear=0
shrinkage=0.08


Tree=120
num_leaves=31
num_cat=0
split_feature=2 1 1 3 1 1 1 1 3 1 1 1 1 1 1 1 1 1 3 1 3 1 1 1 1 1 2 3 1 3
split_gain=0.037683 0.248158 0.311535 0.144406 0.19104 0.145186 0.138771 0.149393 0.126353 0.119749 0.119719 0.105047 0.105234 0.101874 0.100303 0.226214 0.131616 0.150673 0.0986795 0.0941584 0.0875613 0.127254 0.238622 0.182518 0.0822605 0.259747 0.0720667 0.204223 0.378267 0.150261
threshold=1.0000000180025095e-35 1.1669950485229494 -1.0514999628067014 1.0000000180025095e-35 0.73063498735427868 0.62961500883102428 1.1477900147438052 -0.72843000292778004 1.0000000180025095e-35 0.85535499453544628 -2.193194985389709 -0.69141998887062062 0.25529499351978308 0.33780500292778021 0.17466999590396884 0.13906000554561618 0.0082950000651180762 -0.025834999978542324 1.5000000000000002 0.84239500761032116 1.5000000000000002 -0.2492600008845329 -0.16760500520467755 -0.42821499705314631 0.56529501080513012 0.53323501348495495 2.5000000000000004 1.0000000180025095e-35 -1.0893749594688413 1.0000000180025095e-35
decision_type=2 2 2 2 2 2 2 2 2 2 2 2 2 2 2 2 2 2 2 2 2 2 2 2 2 2 2 2 2 2
left_child=1 2 8 9 5 11 7 26 10 -4 -1 -5 14 -14 15 16 17 20 -3 -6 -13 23 -23 -22 25 -15 29 28 -28 -2
right_child=6 18 3 4 19 -7 -8 -9 -10 -11 -12 12 13 24 -16 -17 -18 -19 -20 -21 21 22 -24 -25 -26 -27 27 -29 -30 -31
leaf_value=0.00062914065099894294 0.0001860025334860498 -0.0001138040861192438 1.9001285539189688e-05 -3.007389281468163e-05 -0.00043560672286495551 0.0006845511161020887 0.00012332313730521255 -4.4843322125356944e-05 -0.00033075823085762285 0.00024184169016924781 -8.7913078346975226e-05 0.00018504434481559503 -0.00030092223297662613 0.00011017382208638409 0.00068032936435489567 -0.00063104759141863643 0.0006240284179436081 -0.00048205353697206536 -0.00049117819010811837 2.7052540467987467e-05 0.00064082497029332585 0.0017922225464264239 0.00036395317060337754 -0.00025908846188367495 -0.00023717893276906701 0.0012942068183992976 -0.0010949571413010773 0.00035270015204698997 0.00048770713138734581 -5.1234422310538676e-05
leaf_weight=1601 26839 32239 155017 11790 4056 3984 47738 340517 15987 17140 21530 21632 3870 8777 3931 1756 6560 1791 5142 9203 3404 1177 2057 2503 2562 1371 1931 14268 1935 47025
leaf_count=1601 26839 32239 155017 11790 4056 3984 47738 340517 15987 17140 21530 21632 3870 8777 3931 1756 6560 1791 5142 9203 3404 1177 2057 2503 2562 1371 1931 14268 1935 47025
internal_value=8.29808e-06 2.87162e-05 5.28065e-05 8.41836e-05 0.000166044 0.000214245 -6.11805e-06 -2.04049e-05 -0.000157813 4.11873e-05 -3.82826e-05 0.000188641 0.000230645 5.84519e-05 0.000294356 0.000257241 0.00029711 0.000231252 -0.000165714 -0.000114477 0.000272767 0.00048036 0.000883765 0.000259501 0.000167876 0.000270137 7.00504e-05 0.000212952 -0.000302806 3.49673e-05
internal_weight=819333 339080 301699 262581 90424 77165 480253 432515 39118 172157 23131 73181 61391 16580 44811 40880 39124 32564 37381 13259 30773 9141 3234 5907 12710 10148 91998 18134 3866 73864
internal_count=819333 339080 301699 262581 90424 77165 480253 432515 39118 172157 23131 73181 61391 16580 44811 40880 39124 32564 37381 13259 30773 9141 3234 5907 12710 10148 91998 18134 3866 73864
is_linear=0
shrinkage=0.08


Tree=121
num_leaves=31
num_cat=0
split_feature=1 1 1 3 2 3 2 1 1 1 1 2 2 1 3 2 1 1 2 1 1 1 1 1 1 3 1 1 1 1
split_gain=0.0393111 0.0710891 0.114737 0.159974 0.131761 0.10777 0.182124 0.0967555 0.0708323 0.0694399 0.0682129 0.0634309 0.056562 0.21486 0.178352 0.249102 0.12393 0.094626 0.0560526 0.33219 0.31094 0.116151 0.156415 0.115146 0.114586 0.102853 0.0993794 0.0926784 0.135335 0.0885805
threshold=0.025634999386966232 -0.070014998316764818 -0.034919999539852135 1.5000000000000002 1.5000000000000002 1.0000000180025095e-35 1.0000000180025095e-35 -0.078710000962018953 0.0082950000651180762 0.042975001037120826 0.034244999289512641 1.5000000000000002 1.0000000180025095e-35 -0.017509999684989449 1.5000000000000002 1.5000000000000002 -0.017509999684989449 1.0000000180025095e-35 1.0000000180025095e-35 0.36592499911785131 0.65214499831199657 0.28307500481605535 0.2373050004243851 0.29182499647140508 1.1291350126266482 1.0000000180025095e-35 0.44294500350952154 1.2303000092506411 0.88355499505996715 0.46295499801635748
decision_type=2 2 2 2 2 2 2 2 2 2 2 2 2 2 2 2 2 2 2 2 2 2 2 2 2 2 2 2 2 2
left_child=1 7 3 4 5 -3 -7 -1 12 10 -2 -5 16 -14 15 -15 -4 -18 20 21 25 22 -20 -23 -21 26 -11 28 -22 -28
right_child=9 2 8 11 -6 6 -8 -9 -10 18 -12 -13 13 14 -16 -17 17 -19 19 24 27 23 -24 -25 -26 -27 29 -29 -30 -31
leaf_value=1.2334390210985764e-05 -1.8449540671875376e-05 0.00012454611781188949 -0.00067772651577872932 0.0012279502907579158 -0.00032321015472989967 0.0014295281217486806 2.6814078404450458e-05 -0.00042535205525149044 0.0002436505942489628 0.00014225491142914144 -0.00053718225264550129 0.00049648394213988296 0.00051742990552236827 0.00066372351901341218 -0.00092534102896047333 -0.00060027692692244696 0.00030056335607133014 -0.00054323504095335896 -0.00019101714609203683 -1.9197586359872955e-05 -0.000152671160418211 -0.00095287689880410597 0.00016326157518020936 -0.00029144788565032404 0.00012586336407996671 0.00025784756763077763 -0.00062402186544639347 -0.00018803108272804313 0.0001052377197371981 -2.7610979488765735e-05
leaf_weight=368975 3270 5082 2634 1357 2659 1273 1108 3261 6323 38116 3220 1721 3814 2021 1769 1971 2671 1248 42579 116507 24835 1892 9814 15356 49725 28011 1774 33438 27374 15688
leaf_count=368975 3270 5082 2634 1357 2659 1273 1108 3261 6323 38116 3220 1721 3814 2021 1769 1971 2671 1248 42579 116507 24835 1892 9814 15356 49725 28011 1774 33438 27374 15688
internal_value=1.23463e-06 1.88359e-05 0.000126754 0.000313925 0.000160346 0.000332633 0.000776774 8.50001e-06 1.67078e-05 -1.62079e-05 -0.000275818 0.000818966 -7.22653e-05 5.16751e-05 -0.000256672 3.96391e-05 -0.000253362 3.1857e-05 -1.20489e-05 -3.72552e-05 2.30825e-05 -0.000183935 -0.000124655 -0.000364003 2.41945e-05 0.000132847 6.9848e-05 -8.40449e-05 -1.74455e-05 -8.82016e-05
internal_weight=819486 407887 35651 13200 10122 7463 2381 372236 22451 411599 6490 3078 16128 9575 5761 3992 6553 3919 405109 235873 169236 69641 52393 17248 166232 83589 55578 85647 52209 17462
internal_count=819486 407887 35651 13200 10122 7463 2381 372236 22451 411599 6490 3078 16128 9575 5761 3992 6553 3919 405109 235873 169236 69641 52393 17248 166232 83589 55578 85647 52209 17462
is_linear=0
shrinkage=0.08


Tree=122
num_leaves=31
num_cat=0
split_feature=1 0 1 0 0 0 1 1 3 3 1 1 3 0 1 0 1 1 1 0 1 1 3 0 1 0 1 0 0 1
split_gain=0.0466809 0.204863 0.0680475 0.0656045 0.0256831 0.151931 0.475507 0.694622 0.847583 0.48241 0.279566 0.703317 0.264384 0.215504 0.211402 0.19153 0.43417 0.292822 0.226472 0.189586 0.18104 0.374026 0.253665 0.222858 0.308801 0.200285 0.153157 0.145465 0.136977 0.125696
threshold=2.5417549610137944 3.020920038223267 2.2850900888442998 3.5499849319458012 2.2548649311065678 2.5799100399017338 0.82949000597000133 -0.72843000292778004 1.5000000000000002 1.5000000000000002 0.35660000145435339 0.47293500602245336 1.0000000180025095e-35 2.4276549816131596 -0.49946500360965723 2.3566550016403203 -0.034919999539852135 0.15719499439001086 -0.37875001132488245 2.3289599418640141 0.042975001037120826 0.35660000145435339 1.0000000180025095e-35 2.3744699954986577 -0.043800000101327889 2.3471150398254399 1.1291350126266482 2.3655949831008916 2.310095071792603 0.53323501348495495
decision_type=2 2 2 2 2 2 2 2 2 2 2 2 2 2 2 2 2 2 2 2 2 2 2 2 2 2 2 2 2 2
left_child=2 -2 4 -4 -1 6 7 9 13 -6 15 -12 26 14 19 16 18 -17 -10 -9 23 22 27 24 28 -24 -8 -22 -16 -15
right_child=1 -3 3 -5 5 -7 12 8 10 -11 11 -13 -14 29 20 17 -18 -19 -20 -21 21 -23 25 -25 -26 -27 -28 -29 -30 -31
leaf_value=-2.7543130930159998e-05 0.00051345345983053062 -0.00078947868494040662 0.00064769038649988616 -0.00010504715146590807 -2.006043045508358e-05 -2.1036458890017866e-05 -0.00035726651679278312 -0.00011058814432117833 0.00028893726424086006 -0.00087221553118107132 0.0030903713846484556 0.00071453190611165957 -0.0006015951576739966 0.00022203990324209128 -0.00026016878830729202 0.0010573654236672387 0.0012852909708288549 -0.00020883463314998077 -0.0013414233622988203 0.0010064634990724632 -0.00020345617719164769 -0.00026325771642304109 0.001821181595530619 -0.00084005422237044423 -0.0011731051809517441 0.00041388167357026657 0.00029078235360026171 0.00077470419535043784 0.00045416301648168472 0.0006825493789699642
leaf_weight=293528 1225 2090 1964 1190 16872 404207 4175 1683 1029 5684 1112 2819 8940 23381 3167 6323 1268 1434 1160 2303 2682 8382 1371 3676 1406 1226 5293 1527 3755 4528
leaf_count=293528 1225 2090 1964 1190 16872 404207 4175 1683 1029 5684 1112 2819 8940 23381 3167 6323 1268 1434 1160 2303 2682 8382 1371 3676 1406 1226 5293 1527 3755 4528
internal_value=-8.40588e-06 -0.000308003 -7.18889e-06 0.000363684 -8.6278e-06 2.06174e-06 8.31102e-05 0.000153993 0.000272131 -0.000234799 0.000806076 0.00138661 -0.000289588 0.000135272 -9.27883e-06 0.000602574 0.000107323 0.000823289 -0.000575027 0.000534813 -8.90358e-05 9.44783e-05 0.000535052 -0.000321226 -9.2214e-05 0.00115682 5.01936e-06 0.000151415 0.000127337 0.000296754
internal_weight=819400 3315 816085 3154 812931 519403 115196 96788 74232 22556 15145 3931 18408 59087 31178 11214 3457 7757 2189 3986 27192 15188 6806 12004 8328 2597 9468 4209 6922 27909
internal_count=819400 3315 816085 3154 812931 519403 115196 96788 74232 22556 15145 3931 18408 59087 31178 11214 3457 7757 2189 3986 27192 15188 6806 12004 8328 2597 9468 4209 6922 27909
is_linear=0
shrinkage=0.08


Tree=123
num_leaves=31
num_cat=0
split_feature=1 1 3 2 1 3 1 1 1 3 3 1 1 2 1 1 1 1 2 1 1 1 1 2 1 1 1 2 1 1
split_gain=0.0448629 0.137782 0.258707 0.069068 0.193781 0.14201 0.118396 0.109081 0.0824754 0.0781924 0.0779365 0.185378 0.12491 0.153175 0.253122 0.180759 0.132764 0.105294 0.116598 0.105885 0.219282 0.23646 0.19502 0.194173 0.102906 0.0936238 0.280771 0.0985027 0.165709 0.174278
threshold=-0.38854500651359553 -0.40793499350547785 1.0000000180025095e-35 2.5000000000000004 0.81671500205993663 1.0000000180025095e-35 0.31859999895095831 0.71913000941276561 -0.35998500883579249 1.5000000000000002 1.0000000180025095e-35 0.81671500205993663 0.85535499453544628 1.0000000180025095e-35 0.025634999386966232 -0.29524999856948847 0.085974998772144332 0.18355499953031543 1.5000000000000002 0.36592499911785131 0.38572500646114355 0.40447999536991125 0.32790499925613409 1.5000000000000002 0.69628500938415538 -0.070014998316764818 -0.061204999685287469 1.0000000180025095e-35 1.0000000180025095e-35 0.068785000592470183
decision_type=2 2 2 2 2 2 2 2 2 2 2 2 2 2 2 2 2 2 2 2 2 2 2 2 2 2 2 2 2 2
left_child=1 -1 -3 8 5 6 -5 -7 9 -2 12 25 13 -10 15 -15 -16 18 -18 22 -21 -22 -19 -23 -25 -12 -27 -28 -29 -30
right_child=3 2 -4 4 -6 7 -8 -9 10 -11 11 -13 -14 14 16 -17 17 19 -20 20 21 23 -24 24 -26 26 27 28 29 -31
leaf_value=1.3930370060090668e-05 -0.00013408356854640086 -0.00014494001700802455 0.00087164606732419798 -0.0001128984992466228 0.00013542745222853666 -0.00019923828982824175 0.00043075848688184436 -0.00073571027985204539 -6.2184330896248212e-06 -0.00074890639582644359 -2.3998783832825218e-05 -8.1828171003079078e-05 6.1758380381458686e-05 -0.00043267771500625659 -0.0006984763866687277 0.00014283340368042048 -0.00016720815160045817 -0.00030830210351720066 0.00054228013855141613 0.00084910703131917131 -0.0013206658569048064 -2.0572619107854361e-05 -0.0011173717465369996 -0.00069962108269936221 -7.3161545685408494e-05 0.0012575304414064665 0.00020390043975324347 -0.000340768201922221 0.00045739064647758578 4.2936509087206808e-05
leaf_weight=253399 6731 3050 3375 6817 18249 40555 4109 2580 108453 1648 43139 65690 65670 4175 4086 21375 4395 9383 2237 1252 1223 16041 2393 5429 2429 1357 39392 6409 7194 66674
leaf_count=253399 6731 3050 3375 6817 18249 40555 4109 2580 108453 1648 43139 65690 65670 4175 4086 21375 4395 9383 2237 1252 1223 16041 2393 5429 2429 1357 39392 6409 7194 66674
internal_value=-4.26045e-06 2.32068e-05 0.000389064 -1.70253e-05 -8.99802e-05 -0.00016607 9.15575e-05 -0.000231326 -6.18794e-06 -0.000255008 -1.82991e-06 3.17469e-05 -3.28823e-05 -6.68683e-05 -0.000155256 4.8792e-05 -0.00026194 -0.00022211 7.21051e-05 -0.000273256 -0.000184198 -0.000235695 -0.000472713 -0.000180173 -0.000505975 7.71935e-05 0.000113263 0.000100287 4.94442e-05 8.33002e-05
internal_weight=818909 259824 6425 559085 72310 54061 10926 43135 486775 8379 478396 229855 248541 182871 74418 25550 48868 44782 6632 38150 26374 25122 11776 23899 7858 164165 121026 119669 80277 73868
internal_count=818909 259824 6425 559085 72310 54061 10926 43135 486775 8379 478396 229855 248541 182871 74418 25550 48868 44782 6632 38150 26374 25122 11776 23899 7858 164165 121026 119669 80277 73868
is_linear=0
shrinkage=0.08


Tree=124
num_leaves=31
num_cat=0
split_feature=1 2 3 1 3 1 1 1 3 1 1 2 1 1 1 3 2 1 1 1 1 1 3 1 1 1 1 1 1 1
split_gain=0.0815674 0.206517 0.289784 0.560332 0.19765 0.165603 0.212639 0.116901 0.111719 0.197643 0.0919745 0.0727104 0.0752091 0.0717915 0.0697511 0.0666446 0.0832762 0.07762 0.163689 0.0832737 0.0617307 0.101767 0.129203 0.0610516 0.0584288 0.0570895 0.0900693 0.0929711 0.123833 0.0831689
threshold=0.91235998272895824 2.5000000000000004 1.0000000180025095e-35 1.3000449538230898 1.0000000180025095e-35 1.1291350126266482 0.98798999190330516 0.73063498735427868 1.5000000000000002 1.6690800189971926 1.6224150061607363 1.0000000180025095e-35 1.1291350126266482 2.1327749490737919 1.3000449538230898 1.0000000180025095e-35 2.5000000000000004 0.81671500205993663 0.79055002331733715 0.803624987602234 0.74265000224113475 0.76607000827789318 1.5000000000000002 0.71913000941276561 0.68488499522209179 0.803624987602234 0.82949000597000133 0.85535499453544628 0.84239500761032116 0.79055002331733715
decision_type=2 2 2 2 2 2 2 2 2 2 2 2 2 2 2 2 2 2 2 2 2 2 2 2 2 2 2 2 2 2
left_child=7 4 3 -3 11 6 -4 23 10 14 -7 12 -2 -14 -10 16 25 18 20 -20 -17 -22 -23 24 -1 29 -27 28 -28 -9
right_child=1 2 5 -5 -6 8 -8 15 9 -11 -12 -13 13 -15 -16 17 -18 -19 19 -21 21 22 -24 -25 -26 26 27 -29 -30 -31
leaf_value=-1.7886251456828343e-05 0.00020532621723353206 0.00063349038881466125 0.00080587480902117583 -0.0014514359334376016 -0.00010220977036625303 0.00064580676224456138 -0.00037815738423381719 -0.00013218774807199928 0.0010501677782435224 0.0017759955008509059 -0.00026536886455037013 0.00021972322491785429 -8.5544081048857993e-05 0.00034965905663540193 0.00031730393567230814 -0.00073061361008690717 0.00058673917130425471 -0.000394762182940862 0.00078262893444404574 -2.2621864983450323e-05 0.00014390668611372385 -0.00092923229673998685 7.9986465455978762e-05 0.0003314303324522372 -0.00021778503079778749 0.00040972538063819365 4.2872134734162946e-05 7.8289593626186627e-05 -0.0010050688785656588 -0.00078533702429897244
leaf_weight=630756 11730 1756 1593 1556 56861 2166 2485 7029 1457 1352 1054 22494 22851 2714 1935 1647 1231 11515 1627 1661 3145 1873 1433 3164 9499 2909 1458 5894 1429 1517
leaf_count=630756 11730 1756 1593 1556 56861 2166 2485 7029 1457 1352 1054 22494 22851 2714 1935 1647 1231 11515 1627 1661 3145 1873 1433 3164 9499 2909 1458 5894 1429 1517
internal_value=-1.67254e-05 4.08756e-05 0.000316683 -0.000346022 4.57255e-06 0.000498952 8.43643e-05 -2.77805e-05 0.000711243 0.000958099 0.000347552 0.000106126 3.76105e-05 -3.93426e-05 0.000632098 -0.000153379 -5.21095e-05 -0.000248307 -0.000100194 0.00037584 -0.000293476 -0.00018187 -0.000491782 -1.91197e-05 -2.0852e-05 -9.0972e-05 2.39174e-05 -0.000103894 -0.000475835 -0.000248128
internal_weight=819791 132004 15354 3312 116650 12042 4078 687787 7964 4744 3220 59789 37295 25565 3392 44368 21467 22901 11386 3288 8098 6451 3306 643419 640255 20236 11690 8781 2887 8546
internal_count=819791 132004 15354 3312 116650 12042 4078 687787 7964 4744 3220 59789 37295 25565 3392 44368 21467 22901 11386 3288 8098 6451 3306 643419 640255 20236 11690 8781 2887 8546
is_linear=0
shrinkage=0.08


Tree=125
num_leaves=31
num_cat=0
split_feature=1 1 3 2 1 1 1 1 1 1 3 1 2 1 1 1 1 1 1 1 1 1 1 1 1 1 3 1 1 1
split_gain=0.0561945 0.0707444 0.0826237 0.0463388 0.187276 0.134868 0.127831 0.0881925 0.296775 0.077906 0.1534 0.108007 0.0673421 0.229864 0.261379 0.218638 0.202555 0.230385 0.195471 0.169346 0.0923751 0.21265 0.0761908 0.145035 0.110062 0.0666399 0.0662762 0.0624911 0.244918 0.149514
threshold=-0.3509449958801269 -0.35998500883579249 1.0000000180025095e-35 1.5000000000000002 -0.32310499250888819 -0.31415499746799463 0.79055002331733715 -0.017509999684989449 0.0082950000651180762 0.5971449911594392 1.5000000000000002 0.57619997859001171 2.5000000000000004 0.20120500028133395 0.14820500463247302 0.45309500396251684 0.19279000163078311 0.53323501348495495 0.10368499904870988 0.11249499768018724 0.36592499911785131 0.30093999207019811 0.32790499925613409 0.24607999622821811 0.39493499696254736 0.54358500242233287 1.5000000000000002 0.11249499768018724 0.16599000245332721 0.14820500463247302
decision_type=2 2 2 2 2 2 2 2 2 2 2 2 2 2 2 2 2 2 2 2 2 2 2 2 2 2 2 2 2 2
left_child=1 -1 -3 -2 26 -6 7 -7 -9 10 11 27 16 14 18 20 19 22 -14 -12 21 -15 23 -18 -24 -17 -5 -10 29 -29
right_child=3 2 -4 4 5 6 -8 8 9 -11 12 -13 13 15 -16 25 17 -19 -20 -21 -22 -23 24 -25 -26 -27 -28 28 -30 -31
leaf_value=1.5832983165056617e-05 -8.4525715586321184e-06 -3.7737597270419627e-05 0.0007977655088510445 -0.00037379878979753223 0.00086720000537937017 1.1280382850523713e-05 5.8421432323610249e-05 -0.00090618973339098342 -0.00039620856526069676 -0.00026318534256565779 0.0002303009083433956 0.00056329806021237063 -0.00057089806689708999 0.00076226378483209341 -0.0015341796023021993 -7.83724881732747e-05 0.00019624301974283372 0.00099427031866094508 0.00074318505145338067 0.0012460318510112746 0.00097019513691243688 -0.00049569688917643106 0.00058598561306162558 -0.0009494037884037438 -0.00026110460366111438 -0.00088585015855214058 -0.0011277227249309322 0.0001107991009682887 -0.00022451474105732996 0.0011706825519895631
leaf_weight=269560 373899 1433 1607 1881 1026 34799 47543 3115 7667 17104 2494 1253 2239 2188 1176 1853 1167 1240 1071 1815 1795 1417 1489 1795 2881 1011 1237 2647 28044 1256
leaf_count=269560 373899 1433 1607 1881 1026 34799 47543 3115 7667 17104 2494 1253 2239 2188 1176 1853 1167 1240 1071 1815 1795 1417 1489 1795 2881 1011 1237 2647 28044 1256
internal_value=-9.51334e-06 2.01609e-05 0.000403925 -2.42989e-05 -5.85069e-05 -4.72438e-05 -5.27934e-05 -9.63061e-05 -0.00013948 -0.000110912 -7.17462e-05 -0.000167973 8.1681e-05 -4.86567e-05 -0.000509693 0.000201611 0.000210693 -1.42299e-05 -0.000145707 0.000658138 0.000501284 0.000267803 -0.000184789 -0.00049803 2.75264e-05 -0.000363414 -0.000672902 -0.000191103 -0.00014188 0.000451874
internal_weight=819702 272600 3040 547102 173203 170085 169059 121516 86717 83602 66498 40867 25631 12750 4486 8264 12881 8572 3310 4309 5400 3605 7332 2962 4370 2864 3118 39614 31947 3903
internal_count=819702 272600 3040 547102 173203 170085 169059 121516 86717 83602 66498 40867 25631 12750 4486 8264 12881 8572 3310 4309 5400 3605 7332 2962 4370 2864 3118 39614 31947 3903
is_linear=0
shrinkage=0.08


Tree=126
num_leaves=31
num_cat=0
split_feature=1 1 3 0 0 0 0 0 1 0 1 1 0 1 3 1 3 1 0 1 1 3 3 1 1 0 0 0 1 0
split_gain=0.047408 0.194375 0.220197 0.432097 0.213913 0.221857 0.145163 0.128248 0.27414 0.191948 0.251483 0.135186 0.125467 0.152399 0.111893 0.108188 0.0988808 0.0983493 0.0916777 0.468603 0.221638 1.45791 0.405695 0.93309 0.489217 0.397982 0.553038 0.308198 0.237919 0.395913
threshold=0.36592499911785131 0.39493499696254736 1.5000000000000002 2.941275000572205 2.236474990844727 2.6421949863433842 1.798830032348633 1.6741399765014651 1.4673249721527102 3.2669749259948735 0.42347499728202825 2.5417549610137944 1.4155600070953371 0.85535499453544628 1.0000000180025095e-35 2.2850900888442998 1.5000000000000002 0.30093999207019811 1.9783749580383303 1.0208449959754946 0.73063498735427868 1.5000000000000002 1.5000000000000002 0.88355499505996715 1.1477900147438052 2.8076500892639165 2.2175250053405766 2.6243550777435307 1.0732450485229494 2.9606549739837651
decision_type=2 2 2 2 2 2 2 2 2 2 2 2 2 2 2 2 2 2 2 2 2 2 2 2 2 2 2 2 2 2
left_child=17 2 4 -4 6 -6 -2 8 12 15 14 -12 16 -14 -11 18 -3 -1 19 -9 21 27 24 -24 -22 26 -23 -20 29 -25
right_child=1 7 3 -5 5 -7 -8 9 -10 10 11 -13 13 -15 -16 -17 -18 -19 20 -21 22 25 23 28 -26 -27 -28 -29 -30 -31
leaf_value=-1.8470777362558116e-06 0.00020379516089681266 0.00022154868570742345 0.0021679838346072323 -6.6633860717035538e-05 -0.00094528601488596056 0.00021496253219390238 0.0014620781778076639 -0.00048129478796636149 -0.00055875123653894427 -6.755262273993886e-05 0.00013373050645023468 -0.00057785515436355813 0.0002505393310062828 0.00089705243902569792 -0.0011568783547448688 0.00043127731138502116 -0.00034211604352789158 -0.00017166810958307765 9.5043620954865602e-05 0.00035061971689798611 -0.00022160953163031944 1.0830774494001352e-05 0.00061220333136507077 0.00022812197515891547 0.0002074839925722946 0.00028185333928832041 0.0016636279207236386 -0.00032940318005265766 -0.00097451272739094736 -0.0015290954620705256
leaf_weight=508760 1216 10727 1140 1077 1460 3800 1134 13715 2804 1042 84344 1744 6216 3736 1434 2941 2446 22804 21713 6335 37388 1706 4084 3004 31192 4178 5387 22085 9903 1129
leaf_count=508760 1216 10727 1140 1077 1460 3800 1134 13715 2804 1042 84344 1744 6216 3736 1434 2941 2446 22804 21713 6335 37388 1706 4084 3004 31192 4178 5387 22085 9903 1129
internal_value=5.04742e-06 3.11214e-05 0.000380817 0.00108243 0.000176419 -0.000107084 0.000810984 1.88155e-05 0.000188273 1.47063e-06 9.64527e-05 0.000119315 0.000278853 0.000493242 -0.000698446 -4.95854e-05 0.000116886 -9.13237e-06 -5.83249e-05 -0.000218443 -3.56798e-05 8.98298e-05 -0.000115399 -0.000452066 -2.64464e-05 0.000901253 0.0012661 -0.000118982 -0.000761732 -0.000251892
internal_weight=820644 289080 9827 2217 7610 5260 2350 279253 25929 253324 88564 86088 23125 9952 2476 164760 13173 531564 161819 20050 141769 55069 86700 18120 68580 11271 7093 43798 14036 4133
internal_count=820644 289080 9827 2217 7610 5260 2350 279253 25929 253324 88564 86088 23125 9952 2476 164760 13173 531564 161819 20050 141769 55069 86700 18120 68580 11271 7093 43798 14036 4133
is_linear=0
shrinkage=0.08


Tree=127
num_leaves=31
num_cat=0
split_feature=1 1 3 1 1 3 2 2 2 1 2 1 1 1 3 1 1 2 1 2 1 1 1 1 1 2 1 2 1 1
split_gain=0.0349444 0.225413 0.167205 0.110438 0.11388 0.0961534 0.0927135 0.0583227 0.0551864 0.0537335 0.0464724 0.17317 0.0905035 0.0851688 0.253744 0.276361 0.180381 0.14681 0.115478 0.106191 0.192402 0.124297 0.344845 0.190707 0.114496 0.214387 0.128859 0.097751 0.124792 0.135009
threshold=0.55470499396324169 0.53323501348495495 1.0000000180025095e-35 0.49272499978542333 0.48253999650478369 1.0000000180025095e-35 1.5000000000000002 2.5000000000000004 1.0000000180025095e-35 0.57619997859001171 2.5000000000000004 -0.61973500251770008 -0.56418499350547779 -0.070014998316764818 1.0000000180025095e-35 -0.061204999685287469 0.32790499925613409 1.5000000000000002 0.35660000145435339 1.5000000000000002 0.46295499801635748 0.10368499904870988 0.060300000011920936 0.16599000245332721 -0.034919999539852135 1.0000000180025095e-35 -1.0000000180025095e-35 1.0000000180025095e-35 -1.0697450041770933 -0.28576499223709101
decision_type=2 2 2 2 2 2 2 2 2 2 2 2 2 2 2 2 2 2 2 2 2 2 2 2 2 2 2 2 2 2
left_child=1 3 8 4 10 -6 -4 -5 -3 -2 13 -12 -13 27 16 -16 -15 18 -18 20 21 22 24 -23 25 -17 -26 28 -1 -30
right_child=9 2 6 7 5 -7 -8 -9 -10 -11 11 12 -14 14 15 19 17 -19 -20 -21 -22 23 -24 -25 26 -27 -28 -29 29 -31
leaf_value=-0.00018446527084623786 -0.00025377236678430631 -0.00023437556730585365 0.0012409716063414404 -0.00029755631252221528 0.0009186698765010292 6.1216751924778279e-05 0.00040362679939867267 0.00019781910450910388 0.00043338806501716899 -2.3108940049077422e-05 0.00013200681115597534 -0.0006563305085314691 -0.00011493424435541411 3.4293998186503077e-05 0.0012823816535828211 0.001325734531900697 -0.00053609605507899856 -0.00072428359688609387 -5.2895418078155626e-05 6.5535477809973204e-06 0.0010244596784777691 -0.00030031585244242871 0.00095087288839959083 0.00017876759743942872 -0.00035306612898906582 -7.6271649528045256e-05 0.00023772949061138748 3.0088226286320618e-05 3.62459966469094e-05 -0.00015868766496709253
leaf_weight=37470 6659 1814 1864 11124 1606 1748 1550 1762 1406 220151 21969 2060 48536 65305 1382 1335 3903 3229 16749 25500 1771 6509 4546 29055 3803 1463 6239 173797 84169 31156
leaf_count=37470 6659 1814 1864 11124 1606 1748 1550 1762 1406 220151 21969 2060 48536 65305 1382 1335 3903 3229 16749 25500 1771 6509 4546 29055 3803 1463 6239 173797 84169 31156
internal_value=-3.17561e-06 7.04176e-06 0.000470754 1.79383e-06 6.99979e-06 0.000471792 0.000860806 -0.00022982 5.72007e-05 -2.98811e-05 4.26459e-06 -5.55424e-05 -0.000136977 1.29901e-05 5.87683e-05 0.00016071 -3.45062e-05 -0.000222647 -0.000144215 0.000141387 0.000204219 0.000176785 0.000352089 9.10847e-05 0.00014009 0.000592663 1.39896e-05 -1.09493e-05 -5.76275e-05 -1.64169e-05
internal_weight=819630 592820 6634 586186 573300 3354 3414 12886 3220 226810 569946 72565 50596 497381 170789 81603 89186 23881 20652 80221 54721 52950 17386 35564 12840 2798 10042 326592 152795 115325
internal_count=819630 592820 6634 586186 573300 3354 3414 12886 3220 226810 569946 72565 50596 497381 170789 81603 89186 23881 20652 80221 54721 52950 17386 35564 12840 2798 10042 326592 152795 115325
is_linear=0
shrinkage=0.08


Tree=128
num_leaves=31
num_cat=0
split_feature=1 1 0 3 0 1 0 0 0 0 0 0 0 0 1 1 0 1 1 3 3 0 1 1 0 0 1 0 0 0
split_gain=0.0477346 0.147288 0.850386 0.40692 0.334242 0.347309 0.32602 0.57419 0.325974 0.213509 0.205923 0.181655 0.170819 0.161826 0.249704 0.207963 0.184904 0.185358 0.152271 0.356516 0.168386 0.35131 0.321287 0.151571 0.194664 0.149254 0.146801 0.141142 0.132174 0.127989
threshold=0.13906000554561618 0.0082950000651180762 3.4116849899291997 1.5000000000000002 2.227124929428101 0.051725000143051154 1.6123750209808352 2.1673500537872319 2.0216650962829594 3.1264350414276127 3.217230081558228 1.5460549592971804 2.1270649433135991 3.1378250122070317 -0.71593499183654774 -0.47867499291896815 3.115745067596436 -0.48883000016212458 -0.64330500364303578 1.0000000180025095e-35 1.5000000000000002 3.6189699172973637 -0.92924499511718739 0.077495001256465926 2.8929450511932377 3.4258000850677495 -0.12342000007629393 3.3973799943923955 4.1522002220153817 2.9707000255584721
decision_type=2 2 2 2 2 2 2 2 2 2 2 2 2 2 2 2 2 2 2 2 2 2 2 2 2 2 2 2 2 2
left_child=1 10 3 4 5 11 -5 -8 -7 29 13 -3 -10 16 -15 -16 -1 -18 20 25 21 -12 -23 -9 -25 -20 -17 -22 -4 -6
right_child=-2 2 28 6 9 8 7 23 12 -11 18 -13 -14 14 15 26 17 -19 19 -21 27 22 -24 24 -26 -27 -28 -29 -30 -31
leaf_value=-1.4404211221324797e-05 -1.4407028433875686e-05 -0.00028078706527997018 -0.00075163915253069122 -0.0004662971575591496 0.00043330121292431216 -0.0001394323679693597 0.0023283128451555509 0.00022895043858438412 -0.0019864367801569025 -0.00016444060668815736 0.00045873918189715229 0.00081282157664451223 -0.00055660169075479288 0.00022248781881990817 -0.0014279766798234465 -7.2509210287307227e-05 1.0144137293414286e-05 0.001324055797939358 -2.8183112506731881e-05 -0.00014253577017415593 -1.3287267963018196e-05 -0.00074391599113381157 0.00030958431782236875 0.00048078019356533822 0.0019244609473225989 0.00046384270082799764 -0.0010783381750807167 0.00070695318889061178 -2.7386873457399089e-05 0.0010814485839121819
leaf_weight=317462 369353 1446 6373 1096 12686 6663 1639 2925 1074 3458 9217 2966 1065 3221 1611 3161 1424 1328 5697 27154 2252 4192 3320 1438 1023 12836 1315 7679 2159 2304
leaf_count=317462 369353 1446 6373 1096 12686 6663 1639 2925 1074 3458 9217 2966 1065 3221 1611 3161 1424 1328 5697 27154 2252 4192 3320 1438 1023 12836 1315 7679 2159 2304
internal_value=6.90853e-06 2.43969e-05 0.000156368 0.000311798 0.00018222 -0.000124901 0.000816994 0.00101721 -0.000415275 0.000402205 8.53052e-06 0.0004544 -0.00127453 -1.83024e-05 -0.000347127 -0.000648544 -8.74415e-06 0.000644183 0.000130748 4.20888e-05 0.000282682 0.000127774 -0.000278311 0.000618226 0.0010809 0.000312595 -0.000368011 0.000543628 -0.000568369 0.000532923
internal_weight=819537 450184 48315 39783 31662 13214 8121 7025 8802 18448 401869 4412 2139 329522 9308 6087 320214 2752 72347 45687 26660 16729 7512 5386 2461 18533 4476 9931 8532 14990
internal_count=819537 450184 48315 39783 31662 13214 8121 7025 8802 18448 401869 4412 2139 329522 9308 6087 320214 2752 72347 45687 26660 16729 7512 5386 2461 18533 4476 9931 8532 14990
is_linear=0
shrinkage=0.08


Tree=129
num_leaves=31
num_cat=0
split_feature=1 0 0 1 1 1 0 0 3 1 0 0 0 3 1 0 3 0 1 0 0 0 1 0 0 0 0 3 1 1
split_gain=0.0279082 0.157483 0.0371674 0.0358946 0.0276444 0.136926 0.216052 0.253776 0.20457 0.164854 0.147247 0.143385 0.262994 0.655223 0.140348 0.17815 0.138379 0.119596 0.109623 0.105309 0.212654 0.127622 0.104853 0.245561 0.108652 0.314379 0.0776965 0.190802 0.356853 0.239333
threshold=-1.9179549813270567 3.3832299709320073 1.4934149980545046 -2.4603549242019649 0.17466999590396884 0.28307500481605535 1.5796549916267397 2.7326350212097172 1.0000000180025095e-35 0.21030499786138537 2.2737300395965581 2.9804151058197026 3.4401249885559086 1.5000000000000002 0.20120500028133395 3.2546050548553471 1.5000000000000002 2.8171350955963139 0.2281950041651726 2.283195018768311 1.8852050304412844 2.5260450839996342 0.24607999622821811 2.383835077285767 1.9215899705886843 2.1472198963165288 1.7028499841690066 1.5000000000000002 0.51316997408866893 1.4359099864959719
decision_type=2 2 2 2 2 2 2 2 2 2 2 2 2 2 2 2 2 2 2 2 2 2 2 2 2 2 2 2 2 2
left_child=1 2 -1 -4 -2 6 -6 8 9 10 -8 17 13 14 -13 -16 -14 -9 -18 20 -11 -21 24 -24 -10 -26 27 29 -29 -7
right_child=4 -3 3 -5 5 26 7 11 22 19 -12 12 16 -15 15 -17 18 -19 -20 21 -22 -23 23 -25 25 -27 -28 28 -30 -31
leaf_value=1.9736172861953091e-06 -1.5226873284808394e-05 -0.00079937625643553012 -1.0448625282198391e-05 0.00038952486585788998 -0.00038351220101371264 0.00028385691187815472 0.0012066627908622226 0.00017617436612338546 0.00022421052939902619 0.00049946366358091365 2.9724744640395466e-05 -0.00072117982405910607 3.8535058623445511e-05 0.0019158364349933809 0.00069994143328439701 -0.00046406561284144886 -0.0001620902665957755 -0.0007279390462953916 -0.0012854122241677413 0.00081671292922503246 -0.00089783088183775263 -0.00030109579278824188 -0.00026561240766671877 0.0012483312811073621 0.002328764147359151 0.00073420514857790371 -1.6088283197333306e-05 -0.001255011689222725 0.00010225636758483142 -0.00053630212513835281
leaf_weight=4120 450467 1106 1867 6220 4223 24075 1500 1455 1143 1080 1245 1167 4843 1588 2366 1306 1112 2627 1112 1385 1966 1238 1751 1127 1025 3471 285242 1749 4258 2515
leaf_count=4120 450467 1106 1867 6220 4223 24075 1500 1455 1143 1080 1245 1167 4843 1588 2366 1306 1112 2627 1112 1385 1966 1238 1751 1127 1025 3471 285242 1749 4258 2515
internal_value=-1.58615e-07 0.000114727 0.000197548 0.000297185 -2.05378e-06 1.45883e-05 0.000156606 0.000222706 0.000443751 0.000163974 0.00067286 9.77262e-06 0.000135447 0.000505792 4.30616e-05 0.000285945 -0.000201358 -0.000405674 -0.000723751 -8.2435e-05 -0.000402401 0.000289131 0.000720144 0.000327235 0.000920674 0.00109773 -2.71712e-06 0.000114288 -0.000292926 0.000206283
internal_weight=820349 13313 12207 8087 807036 356569 38730 34507 16931 8414 2745 17576 13494 6427 4839 3672 7067 4082 2224 5669 3046 2623 8517 2878 5639 4496 317839 32597 6007 26590
internal_count=820349 13313 12207 8087 807036 356569 38730 34507 16931 8414 2745 17576 13494 6427 4839 3672 7067 4082 2224 5669 3046 2623 8517 2878 5639 4496 317839 32597 6007 26590
is_linear=0
shrinkage=0.08


Tree=130
num_leaves=31
num_cat=0
split_feature=0 1 1 2 0 2 1 1 2 1 0 0 2 2 0 1 0 0 2 2 1 0 1 0 2 0 1 0 1 1
split_gain=0.0463718 0.1664 0.145689 0.270286 0.388286 0.231846 0.18014 0.248589 0.264018 0.194333 0.303754 0.183968 0.252662 0.195618 0.181946 0.239815 0.179424 0.169127 0.263875 0.192765 0.158025 0.147339 0.138783 0.121205 0.119269 0.103944 0.116403 0.0957438 0.207086 0.545678
threshold=1.8722299933433535 1.6690800189971926 0.85535499453544628 1.5000000000000002 1.4155600070953371 2.5000000000000004 -0.45742000639438624 -1.0893749594688413 2.5000000000000004 -0.71593499183654774 1.5796549916267397 1.4934149980545046 2.5000000000000004 2.5000000000000004 1.7862750291824343 0.61858499050140392 1.1279850006103518 1.4359849691390993 2.5000000000000004 2.5000000000000004 -0.89737498760223378 0.97341999411582958 -0.26704500615596766 1.528375029563904 1.0000000180025095e-35 1.7028499841690066 -0.35998500883579249 2.0004749298095708 -0.92924499511718739 -0.37875001132488245
decision_type=2 2 2 2 2 2 2 2 2 2 2 2 2 2 2 2 2 2 2 2 2 2 2 2 2 2 2 2 2 2
left_child=1 2 6 -4 -5 -6 7 11 -9 20 -11 12 -1 -13 17 22 -14 19 24 -8 -10 -21 -16 -20 -19 26 -26 28 -2 -30
right_child=27 -3 3 4 5 -7 14 8 9 10 -12 13 16 -15 15 -17 -18 18 23 21 -22 -23 -24 -25 25 -27 -28 -29 29 -31
leaf_value=-0.00010188726773169549 0.00028176043299638624 -0.00061022071652785611 6.4081371110056041e-05 -0.000197828886834929 0.00080519214396059023 0.0023158645898728085 -5.4401172609261441e-05 0.0001609626814185412 0.00057802412454014318 0.00090131988406446598 -0.00085398052376626024 7.5479897634833827e-05 -0.0016119589473576532 0.0010970200869710612 -0.00022825733053092006 -0.00073556530783127694 -0.00019509107674178656 2.9864232872853044e-05 -0.00152946418991938 0.0010781584249160978 0.0017120205802127078 0.00016478609303091586 0.00052337167878898185 -0.00056231244194000741 -0.00095518463172648642 -0.00061249371856322084 -8.2607041607778994e-05 -2.0394338237402664e-06 -0.00081509853448904189 -2.6340188280056244e-05
leaf_weight=17308 6279 2509 10025 1524 1662 1068 32930 37644 1518 1673 1013 10651 1304 1352 1950 1412 1019 14338 1048 1720 1632 3297 8115 3974 1076 4521 10792 606316 7485 22450
leaf_count=17308 6279 2509 10025 1524 1662 1068 32930 37644 1518 1673 1013 10651 1304 1352 1950 1412 1019 14338 1048 1720 1632 3297 8115 3974 1076 4521 10792 606316 7485 22450
internal_value=4.02901e-07 3.66508e-05 4.59481e-05 0.000290811 0.000825125 0.00139618 2.41347e-05 0.000114445 0.000238582 0.000739254 0.000239325 -5.61785e-05 -0.000207033 0.000190545 -5.55097e-05 0.000240781 -0.00099044 -0.000101652 -0.000226515 1.59776e-05 0.00116554 0.000477922 0.000377751 -0.000764139 -0.000138646 -0.000286067 -0.000161718 -9.58666e-06 -0.000135947 -0.000223563
internal_weight=819605 177075 174566 14279 4254 2730 160287 75114 43480 5836 2686 31634 19631 12003 85173 11477 2323 73696 35749 37947 3150 5017 10065 5022 30727 16389 11868 642530 36214 29935
internal_count=819605 177075 174566 14279 4254 2730 160287 75114 43480 5836 2686 31634 19631 12003 85173 11477 2323 73696 35749 37947 3150 5017 10065 5022 30727 16389 11868 642530 36214 29935
is_linear=0
shrinkage=0.08


Tree=131
num_leaves=31
num_cat=0
split_feature=1 1 1 3 3 1 1 1 1 1 1 2 1 2 1 1 2 2 1 1 1 1 1 2 1 1 1 2 1 1
split_gain=0.049611 0.136282 0.104528 0.041853 0.0390491 0.193445 0.212245 0.152005 0.16805 0.265577 0.135795 0.183504 0.0939658 0.0899044 0.0694163 0.066374 0.561087 0.274853 0.236757 0.213667 0.177786 0.103885 0.100862 0.0982016 0.0918053 0.201446 0.179998 0.130825 0.0886665 0.0723625
threshold=0.085974998772144332 0.09470000118017198 0.077495001256465926 1.0000000180025095e-35 1.5000000000000002 -0.26704500615596766 -0.061204999685287469 -0.087965000420808778 -0.10584500059485434 -0.14055000245571134 -0.21294500678777692 1.5000000000000002 -0.30440001189708704 1.5000000000000002 -0.12342000007629393 -0.97958502173423756 2.5000000000000004 2.5000000000000004 -0.75479999184608448 -1.6286799907684324 -0.76716500520706166 -0.41817499697208399 -0.85156500339508046 1.0000000180025095e-35 -0.56418499350547779 -0.58638501167297352 -0.54321500658988942 1.5000000000000002 -1.1080900430679319 -0.92924499511718739
decision_type=2 2 2 2 2 2 2 2 2 2 2 2 2 2 2 2 2 2 2 2 2 2 2 2 2 2 2 2 2 2
left_child=2 -2 4 -4 -1 12 7 8 9 10 11 -7 15 -8 -11 16 23 18 29 -18 22 -22 -19 -6 25 27 -26 -20 -21 -17
right_child=1 -3 3 -5 5 6 13 -9 -10 14 -12 -13 -14 -15 -16 17 19 20 24 28 21 -23 -24 -25 26 -27 -28 -29 -30 -31
leaf_value=5.4085594674249207e-06 -0.00055919950621499237 -3.9921677836219092e-05 0.0001475301739090336 0.0007262449651336926 -0.00043614306957554812 0.0010176673520529726 0.00011160718573544228 0.00090865709121568333 -0.00058514087364227902 0.001376873503892587 -0.00013647527805657554 -1.5510082327106496e-05 -0.00056130741477047105 -0.00033478466337769872 0.00059134344238245741 -0.00084258529458639507 0.0016690814820767381 -0.00035808372556442216 0.00039138907535479474 0.00071090416097196866 -0.00086361639532497555 -0.00023956225429535818 0.00063550248086739866 -6.9939581306344541e-05 -0.0010203257515710874 0.0012750761145832604 4.0923697885263001e-05 -0.00026473771355670219 -9.9025986143235493e-05 -0.00028037809347285675
leaf_weight=323858 3262 385010 1529 1677 6635 1995 5176 2307 1524 1431 5949 2453 2952 6531 1449 1845 1217 1550 5134 2794 6033 2381 1131 15959 1108 1145 13310 3131 1253 7118
leaf_count=323858 3262 385010 1529 1677 6635 1995 5176 2307 1524 1431 5949 2453 2952 6531 1449 1845 1217 1550 5134 2794 6033 2381 1131 15959 1108 1145 13310 3131 1253 7118
internal_value=-2.35479e-05 -4.42843e-05 -4.84876e-06 0.000450245 -8.26275e-06 -5.10366e-05 0.000125046 0.000304652 0.000210507 0.000301836 0.000113524 0.000447887 -0.000118963 -0.000137422 0.000981654 -0.000100762 -4.1825e-06 -0.000162069 -4.56121e-05 0.000739639 -0.000506253 -0.000687021 6.10681e-05 -0.00017748 8.62277e-05 0.000280601 -4.06316e-05 0.000142831 0.00046014 -0.000396106
internal_weight=818847 388272 430575 3206 427369 103511 28815 17108 14801 13277 10397 4448 74696 11707 2880 71744 27858 43886 32791 5264 11095 8414 2681 22594 23828 9410 14418 8265 4047 8963
internal_count=818847 388272 430575 3206 427369 103511 28815 17108 14801 13277 10397 4448 74696 11707 2880 71744 27858 43886 32791 5264 11095 8414 2681 22594 23828 9410 14418 8265 4047 8963
is_linear=0
shrinkage=0.08


Tree=132
num_leaves=31
num_cat=0
split_feature=3 0 0 0 0 0 2 0 2 0 0 2 0 2 0 0 2 2 0 0 0 0 0 2 0 0 0 0 0 0
split_gain=0.022274 0.156859 0.196456 0.203289 0.158898 0.116429 0.471539 0.161702 0.103647 0.266632 0.162653 0.498993 0.275724 0.27012 0.233251 0.203388 0.0995238 0.0974515 0.133364 0.307427 0.236291 0.194665 0.197642 0.144132 0.127871 0.175919 0.101475 0.0930911 0.156902 0.0956684
threshold=1.5000000000000002 3.3287749290466313 2.4373950958251958 2.4737600088119511 2.4191350936889653 4.0425500869750985 2.5000000000000004 4.3863151073455819 1.0000000180025095e-35 1.658895015716553 1.5110000371932986 2.5000000000000004 1.8974449634552004 1.5000000000000002 1.823825001716614 1.3727650046348574 1.0000000180025095e-35 1.5000000000000002 3.1048250198364262 3.217230081558228 3.2783350944519047 2.5975749492645268 2.5260450839996342 2.5000000000000004 2.8929450511932377 3.0623250007629399 2.8361749649047856 3.0940248966217045 3.1490499973297124 3.0007400512695317
decision_type=2 2 2 2 2 2 2 2 2 2 2 2 2 2 2 2 2 2 2 2 2 2 2 2 2 2 2 2 2 2
left_child=-1 2 4 -4 8 -3 16 -8 9 -2 11 -10 13 -12 -15 -13 -7 27 21 23 -21 22 -19 -20 26 -26 -23 29 -29 -5
right_child=1 5 3 17 -6 6 7 -9 10 -11 12 15 -14 14 -16 -17 -18 18 19 20 -22 24 -24 -25 25 -27 -28 28 -30 -31
leaf_value=4.6017003167105457e-06 -0.00041514980278030671 -0.00022818699780067779 0.00079278347666131939 0.00020736476690124328 -0.00091053018554716585 -0.00036061668469578289 0.00046725755733155087 0.0017880437579588567 -0.00020287391279276309 0.00046284786624305413 8.6097353136787782e-05 0.0010019829215281121 -3.6417360537854197e-05 -0.00048223002557262154 -0.0014070183060989278 -0.0001502845073997632 2.6199572950744314e-05 -0.00023162570394654169 0.0012191305281157158 -0.0008272581069273681 0.00047740948867031784 -0.00024646446053370888 0.00072751338713566331 0.00027126816984644791 0.00021878884735549532 -0.00070113680450962102 -0.00081796043555413687 -0.00067349620443570804 0.00015949671403927499 0.0006676494165931728
leaf_weight=625793 3266 35166 2732 18530 1423 7117 1306 1087 10485 6870 4078 4254 29396 8008 2232 1274 10593 2344 2136 2004 1596 10427 3326 1977 6957 1645 2457 1905 6022 3424
leaf_count=625793 3266 35166 2732 18530 1423 7117 1306 1087 10485 6870 4078 4254 29396 8008 2232 1274 10593 2344 2136 2004 1596 10427 3326 1977 6957 1645 2457 1905 6022 3424
internal_value=-2.74098e-06 -2.6422e-05 1.8972e-05 0.000116805 -7.36406e-05 -0.000140396 1.31754e-05 0.00106721 -5.65944e-05 0.000179941 -9.67359e-05 0.000121391 -0.000176639 -0.000464524 -0.000683805 0.000736428 -0.000129248 8.82837e-05 -2.56992e-06 0.000291 -0.000248855 -8.59512e-05 0.000331002 0.000763521 -0.000195982 4.28672e-05 -0.00035545 0.000194303 -4.06864e-05 0.000279152
internal_weight=819830 194037 138768 67482 71286 55269 20103 2393 69863 10136 59727 16013 43714 14318 10240 5528 17710 64750 34869 7713 3600 27156 5670 4113 21486 8602 12884 29881 7927 21954
internal_count=819830 194037 138768 67482 71286 55269 20103 2393 69863 10136 59727 16013 43714 14318 10240 5528 17710 64750 34869 7713 3600 27156 5670 4113 21486 8602 12884 29881 7927 21954
is_linear=0
shrinkage=0.08


Tree=133
num_leaves=31
num_cat=0
split_feature=1 1 2 2 1 2 3 1 1 1 3 2 1 1 1 1 1 3 1 1 1 2 2 2 1 3 1 1 1 1
split_gain=0.0422498 0.126811 0.343951 0.141345 0.106441 0.332755 0.149122 0.100057 0.08494 0.0711988 0.154451 0.143265 0.123954 0.0694912 0.0691298 0.0651406 0.0589991 0.0922985 0.116692 0.333088 0.168009 0.280445 0.130806 0.0929927 0.0794796 0.0527754 0.0527313 0.0592908 0.0523963 0.0443112
threshold=0.11249499768018724 0.051725000143051154 1.0000000180025095e-35 2.5000000000000004 0.15719499439001086 1.5000000000000002 1.0000000180025095e-35 0.12142500281333925 0.077495001256465926 0.0082950000651180762 1.0000000180025095e-35 2.5000000000000004 0.042975001037120826 0.13906000554561618 0.068785000592470183 0.085974998772144332 -0.27666500210762018 1.5000000000000002 -0.21294500678777692 -0.2492600008845329 -0.14055000245571134 1.0000000180025095e-35 1.5000000000000002 1.5000000000000002 -0.017509999684989449 1.5000000000000002 -0.19490000605583188 -0.17668499797582624 0.060300000011920936 -0.22169499844312665
decision_type=2 2 2 2 2 2 2 2 2 2 2 2 2 2 2 2 2 2 2 2 2 2 2 2 2 2 2 2 2 2
left_child=1 9 28 8 5 7 -7 -2 14 16 12 -12 -11 -8 -4 -5 -1 29 19 -19 21 -20 -22 -21 -24 -10 -23 -28 -3 -18
right_child=4 2 3 15 -6 6 13 -9 25 10 11 -13 -14 -15 -16 -17 17 18 20 23 22 26 24 -25 -26 -27 27 -29 -30 -31
leaf_value=2.5406891061601203e-06 -0.00050935524036087277 0.00064632477154285 -0.0003613689236117268 -0.00060207997295307135 8.4673091653842966e-06 6.0521375520082862e-05 0.0012850127847806171 8.8685035744591622e-05 -0.00026421381880961024 -0.00026219597599029965 0.00056044009317965978 -0.00026866314517236755 0.00054737680895079743 0.00058858911403965309 -0.0010313976009379527 -0.0013374346094540092 -0.00023374425621589136 -0.00033708098868452408 0.00082900647251486314 0.0014593628663359152 -0.00014763425586018382 -0.0010677034950407869 0.00049551514429529357 0.00056107342053620768 -0.00021931225400338236 0.00026615930686017326 -7.6888786168840819e-06 -0.00069582124328007925 0.00010085089489696084 -8.0323021634599639e-05
leaf_weight=298050 2244 1320 3011 1739 363192 1493 2271 8859 4483 6150 6674 1667 1507 1538 1465 1385 14794 2221 1026 1316 5541 1276 5794 1678 1202 1640 1193 2441 7709 64914
leaf_count=298050 2244 1320 3011 1739 363192 1493 2271 8859 4483 6150 6674 1667 1507 1538 1465 1385 14794 2221 1026 1316 5541 1276 5794 1678 1202 1640 1193 2441 7709 64914
internal_value=-2.0868e-06 -1.89519e-05 -0.000202875 -0.000455178 1.74706e-05 0.000216796 0.000738188 -3.21834e-05 -0.000315789 -8.92751e-06 0.000156576 0.000394739 -0.000102861 0.00100381 -0.00058067 -0.000928093 -1.5523e-05 -6.75935e-05 7.10573e-05 0.000405244 -2.32849e-05 -0.000373905 0.000142726 0.000955913 0.000372699 -0.000122157 -0.000625267 -0.000469915 0.000180597 -0.000108798
internal_weight=819793 440196 22752 13723 379597 16405 5302 11103 10599 417444 15998 8341 7657 3809 4476 3124 401446 103396 23688 5215 18473 5936 12537 2994 6996 6123 4910 3634 9029 79708
internal_count=819793 440196 22752 13723 379597 16405 5302 11103 10599 417444 15998 8341 7657 3809 4476 3124 401446 103396 23688 5215 18473 5936 12537 2994 6996 6123 4910 3634 9029 79708
is_linear=0
shrinkage=0.08


Tree=134
num_leaves=31
num_cat=0
split_feature=1 0 0 1 3 0 0 1 3 0 0 3 3 3 1 1 0 3 3 0 0 1 1 0 1 1 0 0 1 0
split_gain=0.0297636 0.295203 0.202225 0.639662 1.42231 0.430199 0.471846 0.271296 0.738565 0.502151 0.290328 0.240346 0.211594 0.159801 1.36579 0.438897 0.300202 0.281431 0.273604 0.258302 0.225232 0.457137 0.254497 0.203122 0.182012 0.143127 0.168188 0.351173 0.146623 0.14949
threshold=0.41397500038146978 3.4555850028991704 3.5683250427246098 -0.16760500520467755 1.5000000000000002 4.189889907836915 3.6753000020980839 -0.070014998316764818 1.5000000000000002 1.5637750029563906 3.4258000850677495 1.0000000180025095e-35 1.0000000180025095e-35 1.0000000180025095e-35 1.004474997520447 0.93994000554084789 4.074855089187623 1.5000000000000002 1.5000000000000002 3.6949000358581547 4.3863151073455819 1.3000449538230898 1.91745001077652 3.9256449937820439 1.3000449538230898 -0.043800000101327889 3.0007400512695317 2.660234928131104 -0.017509999684989449 1.7461850047111513
decision_type=2 2 2 2 2 2 2 2 2 2 2 2 2 2 2 2 2 2 2 2 2 2 2 2 2 2 2 2 2 2
left_child=2 -2 7 -4 12 6 -6 -1 10 -10 25 -12 -5 14 -3 16 18 23 -15 -16 21 -19 -23 -17 -22 26 27 -9 -27 -30
right_child=1 13 3 4 5 -7 -8 8 9 -11 11 -13 -14 15 19 17 -18 20 -20 -21 24 22 -24 -25 -26 28 -28 -29 29 -31
leaf_value=-4.0670698178267148e-06 -6.1858654840330591e-05 0.00053211036421910943 0.00013352357950046273 0.00022800160740804099 -0.00027734432765654313 -0.00047513100764464116 -0.0019220970508996018 0.00027369797280551322 -0.00044906657633258005 0.00058561328835075508 -0.00012803604555383609 -0.0012958590216138003 -0.00030849492005793308 9.0176258056594091e-05 -3.8240291609874512e-05 0.00052911493299656446 0.00036565224571201476 0.00030705385215201801 -0.00069601640646453709 -0.0007833579297253214 0.00096663574680747987 0.0019241356922927767 0.00056585580849550609 -0.00020653930438237032 -0.00023732629345098809 -0.00032824758908037431 -0.00050142725120275416 0.0018593388210073798 -0.0001379855544416992 0.00010949676753047528
leaf_weight=336923 204661 14646 31373 11795 1441 3782 4954 4250 3368 27620 2932 1833 7827 5653 4209 4912 6895 3439 5679 10177 1292 3128 1230 4701 2126 6562 1046 1132 19328 81441
leaf_count=336923 204661 14646 31373 11795 1441 3782 4954 4250 3368 27620 2932 1833 7827 5653 4209 4912 6895 3439 5679 10177 1292 3128 1230 4701 2126 6562 1046 1132 19328 81441
internal_value=7.73774e-06 -1.38539e-05 1.84919e-05 -0.000118599 -0.000384039 -0.00115149 -0.00155148 3.57319e-05 0.000125418 0.000473157 3.45024e-05 -0.000577274 1.3999e-05 0.000130442 -1.17077e-05 0.000236111 -5.057e-05 0.000486992 -0.000303822 -0.000565354 0.000759251 0.000996621 0.00154078 0.000169361 0.00021777 6.01278e-05 0.000426804 0.000607207 3.81677e-05 6.20284e-05
internal_weight=820355 272748 547607 61172 29799 10177 6395 486435 149512 30988 118524 4765 19622 68087 29032 39055 18227 20828 11332 14386 11215 7797 4358 9613 3418 113759 6428 5382 107331 100769
internal_count=820355 272748 547607 61172 29799 10177 6395 486435 149512 30988 118524 4765 19622 68087 29032 39055 18227 20828 11332 14386 11215 7797 4358 9613 3418 113759 6428 5382 107331 100769
is_linear=0
shrinkage=0.08


Tree=135
num_leaves=31
num_cat=0
split_feature=1 0 3 0 1 1 1 1 0 0 0 0 0 1 0 0 1 1 1 0 0 1 0 0 0 1 0 1 0 0
split_gain=0.0472996 0.165836 0.0365456 0.113304 1.0474 1.25794 0.913948 0.760808 1.15606 0.398089 0.397505 0.494029 0.269765 0.561175 0.760052 0.440711 0.327351 0.320408 0.264677 0.377002 0.24172 0.237043 0.40094 0.223657 0.387999 0.216074 0.628181 0.250853 0.228862 0.316618
threshold=-2.4603549242019649 2.1775450706481938 1.5000000000000002 3.1833050251007085 1.1291350126266482 -0.71593499183654774 1.0908250212669375 -0.14055000245571134 1.7600449919700625 4.7154748439788827 3.4401249885559086 4.1130049228668222 1.5110000371932986 -0.70328500866889943 1.7600449919700625 1.8112099766731264 -0.63126501441001881 -1.1494199633598325 0.86929500102996837 2.9510949850082402 1.658895015716553 -0.99682998657226551 2.032885074615479 3.1048250198364262 3.0623250007629399 -0.56418499350547779 2.096270084381104 -0.49946500360965723 2.855045080184937 2.4996850490570073
decision_type=2 2 2 2 2 2 2 2 2 2 2 2 2 2 2 2 2 2 2 2 2 2 2 2 2 2 2 2 2 2
left_child=1 -1 -2 6 5 -5 7 12 -9 -7 -6 -12 16 15 20 -14 17 -4 23 -20 -15 -17 -23 24 -10 26 -16 -27 29 -28
right_child=2 -3 3 4 10 9 -8 8 18 -11 11 -13 13 14 25 21 -18 -19 19 -21 -22 22 -24 -25 -26 27 28 -29 -30 -31
leaf_value=0.00015194551550068314 1.2738225246871525e-05 -0.00099777530789813386 4.1239021325821788e-05 0.0006048901186824808 -0.00036884369509106451 -0.00050399100947673338 -0.00065166563476135584 -0.00048050204606732845 0.00055172063840751425 0.00035029041925636331 0.0013961763504863564 0.00018328836276149178 0.00036833070330157225 -0.00053374734576081429 -0.0010568504222972094 -0.00037520781787965968 -0.00033974088348121033 0.0010999178260183583 0.00028822565862211651 -0.001428490015543003 -0.0021197587662583309 -0.0022641215657715277 -0.00069100212282141376 0.0013067928044406933 -0.00087095851404576366 -0.00065177744658635891 0.00070003449883206809 0.00021282893838778965 0.00015968326044482419 0.0023582030070883014
leaf_weight=2057 622772 1317 3693 9006 2151 40999 11886 9791 35331 3816 4739 3933 3622 1364 1056 13408 3926 3626 3932 1034 1120 1210 7248 2354 1271 2492 1523 15542 1121 1428
leaf_count=2057 622772 1317 3693 9006 2151 40999 11886 9791 35331 3816 4739 3933 3622 1364 1056 13408 3926 3626 3932 1034 1120 1210 7248 2354 1271 2492 1523 15542 1121 1428
internal_value=2.08218e-06 -0.000296834 3.31906e-06 -2.71343e-05 -0.000113465 -0.000257869 1.64727e-05 8.48796e-05 0.000305581 -0.000431249 0.000604636 0.000846097 -0.000105161 -0.000183178 8.10276e-05 -0.000449022 0.000249602 0.000565733 0.000480813 -6.92218e-05 -0.00124886 -0.000584412 -0.000916052 0.00055093 0.000502318 0.000223651 0.000681872 9.33547e-05 0.00113278 0.00150243
internal_weight=818768 3374 815394 192622 64644 53821 127978 116092 53713 44815 10823 8672 62379 51134 25646 25488 11245 7319 43922 4966 2484 21866 8458 38956 36602 23162 5128 18034 4072 2951
internal_count=818768 3374 815394 192622 64644 53821 127978 116092 53713 44815 10823 8672 62379 51134 25646 25488 11245 7319 43922 4966 2484 21866 8458 38956 36602 23162 5128 18034 4072 2951
is_linear=0
shrinkage=0.08


Tree=136
num_leaves=31
num_cat=0
split_feature=0 3 2 0 3 0 2 2 2 0 0 3 0 0 0 0 0 0 2 2 0 3 2 0 3 0 0 0 2 3
split_gain=0.0246687 0.142836 0.276547 0.175942 0.199339 0.141773 0.321294 0.215978 0.120911 0.0879711 0.0778696 0.156214 0.257127 0.0681072 0.0573738 0.125992 0.122008 0.13737 0.141936 0.0785679 0.115924 0.0643606 0.126149 0.120669 0.164009 0.0826949 0.13311 0.0795221 0.0601204 0.134306
threshold=3.2420299053192143 1.0000000180025095e-35 2.5000000000000004 3.8010050058364873 1.5000000000000002 3.9256449937820439 2.5000000000000004 1.5000000000000002 1.0000000180025095e-35 3.6189699172973637 3.9832749366760258 1.5000000000000002 4.2329599857330331 3.2669749259948735 2.9309849739074711 2.9510949850082402 2.8455899953842168 2.8361749649047856 1.0000000180025095e-35 1.0000000180025095e-35 2.855045080184937 1.5000000000000002 1.5000000000000002 2.9121649265289311 1.0000000180025095e-35 2.8736749887466435 2.8929450511932377 2.8736749887466435 2.5000000000000004 1.0000000180025095e-35
decision_type=2 2 2 2 2 2 2 2 2 2 2 2 2 2 2 2 2 2 2 2 2 2 2 2 2 2 2 2 2 2
left_child=14 5 -3 4 -4 7 8 13 -7 -6 -5 -12 -13 -2 16 -16 17 -1 -19 20 -18 22 23 24 -21 -24 -27 -23 -17 -30
right_child=1 2 3 10 9 6 -8 -9 -10 -11 11 12 -14 -15 15 28 19 18 -20 21 -22 27 25 -25 -26 26 -28 -29 29 -31
leaf_value=-4.6541491317413093e-07 0.0005231496034933473 -8.3652982731951254e-05 0.00049521257604957618 0.0010104321008571958 -3.4486917907943822e-05 -0.00011966179885723682 -0.0012580305821678875 0.00051655713264715862 0.00026716678997056373 -0.00070123976003214474 -0.00020868456019012058 -0.00013185236110301092 0.001437086539868661 8.3886187855434959e-05 -0.00040152181942515241 -1.1805407682753389e-05 0.00071459760967673366 0.00011225471724719683 -0.00098607833521254006 -0.00048644488498732577 -8.4843618626939904e-05 -0.00037633770542357722 0.0010785311203887185 0.0008186153660896888 0.00047775567053812091 -0.00023551151001698594 0.00077841832519063377 0.00026819599452976051 0.00034558972929511284 -0.00035205460111042817
leaf_weight=500457 2379 95531 4272 2004 4949 14653 1340 9928 7992 1702 1642 1153 1591 44799 6530 75864 1309 1280 1829 2591 10258 1850 1932 1256 2001 1258 2428 3627 2210 8792
leaf_count=500457 2379 95531 4272 2004 4949 14653 1340 9928 7992 1702 1642 1153 1591 44799 6530 75864 1309 1280 1829 2591 10258 1850 1932 1256 2001 1258 2428 3627 2210 8792
internal_value=2.93451e-06 2.78626e-05 -3.0338e-05 0.000263847 6.87872e-05 0.000108853 -5.4366e-05 0.000177406 1.68599e-05 -0.00020511 0.000597281 0.000408509 0.000777835 0.000106037 -4.79475e-06 -6.26264e-05 5.35651e-06 -3.75874e-06 -0.000533886 0.000166357 5.62656e-06 0.000276088 0.000383851 0.000123767 -6.62869e-05 0.000654583 0.000432373 5.04879e-05 -3.71505e-05 -0.000211917
internal_weight=819407 193935 112844 17313 10923 81091 23985 57106 22645 6651 6390 4386 2744 47178 625472 93396 532076 503566 3109 28510 11567 16943 11466 5848 4592 5618 3686 5477 86866 11002
internal_count=819407 193935 112844 17313 10923 81091 23985 57106 22645 6651 6390 4386 2744 47178 625472 93396 532076 503566 3109 28510 11567 16943 11466 5848 4592 5618 3686 5477 86866 11002
is_linear=0
shrinkage=0.08


Tree=137
num_leaves=31
num_cat=0
split_feature=0 0 0 0 2 0 0 3 0 0 2 0 0 2 0 0 0 0 2 0 0 0 0 3 2 3 0 3 0 0
split_gain=0.0478466 0.0767951 0.101737 0.0711463 0.0727003 0.130748 0.121138 0.0920844 0.127456 0.112349 0.0987962 0.0982983 0.092771 0.113889 0.0752478 0.0743965 0.0851512 0.0679655 0.064003 0.308315 0.188463 0.150231 0.0710062 0.0937029 0.0700648 0.211979 0.417239 0.190329 0.076125 0.0719497
threshold=2.8643150329589848 2.8834550380706792 2.8929450511932377 2.9309849739074711 2.5000000000000004 3.0519549846649174 3.1711750030517583 1.0000000180025095e-35 3.083110094070435 3.1264350414276127 1.5000000000000002 3.115745067596436 3.020920038223267 1.5000000000000002 2.9804151058197026 4.1130049228668222 3.4258000850677495 2.9707000255584721 1.5000000000000002 2.7599399089813237 2.7504100799560551 1.798830032348633 1.8974449634552004 1.5000000000000002 2.5000000000000004 1.0000000180025095e-35 1.5110000371932986 1.5000000000000002 1.0558300018310549 1.6741399765014651
decision_type=2 2 2 2 2 2 2 2 2 2 2 2 2 2 2 2 2 2 2 2 2 2 2 2 2 2 2 2 2 2
left_child=18 -2 -3 -4 7 14 -7 8 12 11 -10 -9 13 17 -6 16 -12 -5 -1 20 21 24 23 -23 27 26 28 29 -26 -20
right_child=1 2 3 4 5 6 -8 9 10 -11 15 -13 -14 -15 -16 -17 -18 -19 19 -21 -22 22 -24 -25 25 -27 -28 -29 -30 -31
leaf_value=1.1329899690135473e-05 0.00030657449233757538 -0.00042316960916185013 0.00021710696021406403 -0.00010805237744388488 0.00011916220063112223 0.0005866847201575733 0.00012937341741648474 7.5218430926383007e-05 6.8037783878576618e-05 -7.245118831413348e-05 0.00016250304697035232 0.00077046728733817132 -0.0003229099832980662 -0.0005807110892495352 -0.00050347739058116019 -0.00015950827164510218 0.00062391373456062828 0.00029546596291555384 0.00021469277513088271 -0.00045089223565201357 0.001061726692023619 -0.00010276482297278918 -6.3184531227550905e-05 -0.00066706571443972136 -0.00144746255970811 0.00033310427930463029 0.00069146308941847579 -0.00029267815429161366 -0.00057475101986487111 -0.00016796480213606316
leaf_weight=345691 6369 3195 12551 4809 2149 4374 24314 24994 84549 109959 5048 1373 8491 1743 2944 1813 5193 6010 16800 11388 1025 5126 93171 2977 1038 16209 1694 9303 1667 3869
leaf_count=345691 6369 3195 12551 4809 2149 4374 24314 24994 84549 109959 5048 1373 8491 1743 2944 1813 5193 6010 16800 11388 1025 5126 93171 2977 1038 16209 1694 9303 1667 3869
internal_value=6.85845e-06 3.16512e-05 2.5882e-05 3.06594e-05 2.25274e-05 0.000132784 0.000199099 7.86259e-06 5.97144e-05 -3.6888e-05 9.85853e-05 0.000111422 -0.000118647 1.94194e-05 -0.000240754 0.000312851 0.000396475 0.000116104 -8.20693e-06 -4.93211e-05 -1.9408e-05 -2.67056e-05 -8.29393e-05 -0.000310086 8.58886e-05 0.00019944 -0.000293075 7.81389e-06 -0.00090964 0.000143064
internal_weight=819836 309878 303509 300314 287763 33781 28688 253982 117656 136326 96603 26367 21053 12562 5093 12054 10241 10819 509958 164267 152879 151854 101274 8103 50580 20608 4399 29972 2705 20669
internal_count=819836 309878 303509 300314 287763 33781 28688 253982 117656 136326 96603 26367 21053 12562 5093 12054 10241 10819 509958 164267 152879 151854 101274 8103 50580 20608 4399 29972 2705 20669
is_linear=0
shrinkage=0.08


Tree=138
num_leaves=31
num_cat=0
split_feature=0 1 0 1 1 3 1 1 3 1 1 0 1 1 1 1 0 0 1 1 1 3 1 1 0 1 1 3 0 0
split_gain=0.0202961 0.134371 0.0235723 0.132599 0.150281 0.305866 0.145909 0.069007 0.053703 0.138076 0.17603 0.104431 0.0470216 0.0980298 0.0384108 0.0306286 0.0203862 0.213459 0.36479 0.385708 0.262428 0.219595 0.117552 0.107925 0.106503 0.100229 0.0870655 0.133902 0.352948 0.163609
threshold=5.2949051856994638 1.2303000092506411 4.2329599857330331 -1.0893749594688413 1.0732450485229494 1.5000000000000002 1.7778800129890444 1.352235019207001 1.5000000000000002 -0.36913000047206873 0.81671500205993663 4.7154748439788827 -0.0085249999538063986 0.39493499696254736 -0.58638501167297352 0.89762499928474437 2.5260450839996342 2.4905850887298588 -0.70328500866889943 0.68488499522209179 -1.0146600008010862 1.0000000180025095e-35 0.068785000592470183 -0.25813500583171839 2.4737600088119511 0.14820500463247302 1.5398749709129336 1.0000000180025095e-35 2.8929450511932377 3.3973799943923955
decision_type=2 2 2 2 2 2 2 2 2 2 2 2 2 2 2 2 2 2 2 2 2 2 2 2 2 2 2 2 2 2
left_child=2 -2 16 -4 8 6 -6 -7 14 -10 11 12 -11 -14 -5 -16 17 24 20 21 -19 23 -23 -20 -1 -25 -18 29 -29 -28
right_child=1 -3 3 4 5 7 -8 -9 9 10 -12 -13 13 -15 15 -17 26 18 19 -21 -22 22 -24 25 -26 -27 27 28 -30 -31
leaf_value=1.0739617398345002e-05 0.0001511325253104383 -0.00096532476287175084 -0.0007303922455433148 -0.00011488464304360299 -0.00083981817570228962 0.0009951798857025585 6.6627654842293127e-05 0.00018222280825701018 0.00068514803274906996 -4.6254109871376389e-05 0.00081108366012668757 0.00021519279698914288 -0.0010987566713832758 -0.00019565758373434213 0.00040456647501099639 6.9264428533430007e-06 -1.9041387594657371e-05 0.00017243046286839178 -0.00027148112164565379 -0.00024674674949013104 -0.0014681149316577034 0.0016708612716740327 0.00077238804643906379 0.001223495341760118 -0.00032643146133116421 0.0002389619262998147 0.00019197939541428749 -0.00045117139335119547 0.00055631886840137792 -0.00043221063089448806
leaf_weight=371692 2225 1000 1262 1206 3590 1027 1663 1913 1839 1142 1170 2017 1539 1538 10711 1402 370319 1480 1059 2841 1079 2125 1660 1205 6094 1468 6612 2906 9502 4528
leaf_count=371692 2225 1000 1262 1206 3590 1027 1663 1913 1839 1142 1170 2017 1539 1538 10711 1402 370319 1480 1059 2841 1079 2125 1660 1205 6094 1468 6612 2906 9502 4528
internal_value=5.24192e-06 -0.000195056 6.03297e-06 7.33153e-05 0.000106292 -0.000187172 -0.000552855 0.000466205 0.00021285 6.47127e-05 -8.93489e-05 -0.000258288 -0.000484648 -0.000647354 0.000315675 0.000358542 3.28712e-06 1.62348e-05 0.000336026 0.00054734 -0.000519304 0.00084746 0.00127681 0.000412007 5.30077e-06 0.000682794 -9.55661e-06 0.000139602 0.000320361 -6.17309e-05
internal_weight=819814 3225 816589 32019 30757 8193 5253 2940 22564 9245 7406 6236 4219 3077 13319 12113 784570 390703 12917 10358 2559 7517 3785 3732 377786 2673 393867 23548 12408 11140
internal_count=819814 3225 816589 32019 30757 8193 5253 2940 22564 9245 7406 6236 4219 3077 13319 12113 784570 390703 12917 10358 2559 7517 3785 3732 377786 2673 393867 23548 12408 11140
is_linear=0
shrinkage=0.08


Tree=139
num_leaves=31
num_cat=0
split_feature=1 1 0 0 2 1 1 1 1 0 1 0 2 2 0 1 0 0 2 2 0 0 1 1 1 0 1 1 1 0
split_gain=0.0411839 0.131933 0.122043 0.106701 0.146504 0.169936 0.248344 0.142233 0.111216 0.112176 0.221297 0.150066 0.236451 0.136313 0.200436 0.337037 0.152129 0.254157 0.0986153 0.0954281 0.367649 0.363508 0.365867 0.278442 0.174218 0.213447 0.336145 0.18517 0.156374 0.308918
threshold=-0.22169499844312665 -0.21294500678777692 2.5348649024963383 3.355854988098145 1.5000000000000002 -0.99682998657226551 -0.70328500866889943 -0.23139999806880948 -2.0247749090194698 1.7461850047111513 -1.2978749871253965 1.4559049606323244 2.5000000000000004 1.0000000180025095e-35 1.5637750029563906 -0.83697497844696034 1.6123750209808352 1.6437050104141238 1.5000000000000002 1.0000000180025095e-35 3.5683250427246098 1.3018200397491457 1.3000449538230898 1.5398749709129336 0.41397500038146978 2.855045080184937 0.88355499505996715 0.71913000941276561 0.74265000224113475 3.8987249135971074
decision_type=2 2 2 2 2 2 2 2 2 2 2 2 2 2 2 2 2 2 2 2 2 2 2 2 2 2 2 2 2 2
left_child=3 2 -2 7 -5 -6 -7 8 -1 10 11 12 -10 -12 -15 -16 -17 -18 -19 20 21 -3 24 -22 -23 27 -27 -26 29 -21
right_child=1 19 -4 4 5 6 -8 -9 9 -11 13 -13 -14 14 15 16 17 18 -20 28 23 22 -24 -25 25 26 -28 -29 -30 -31
leaf_value=0.00023696387579011166 0.0010075303291395199 -0.00034588684868277765 2.0031678783118216e-05 3.7401125703743924e-06 -0.00024800952353518118 0.0012619287226156622 0.0002649954833967879 -0.00060592293722332255 -0.00027395923602230538 -8.0312400522620833e-05 -4.3739366995734518e-05 0.00012778510040403895 -0.0014771809552110279 0.00031318330820295402 0.00058838587890982499 -0.0011649963142795596 0.00087486546297696032 -8.4612275007238535e-05 -0.00092890009600875691 -9.227454297408295e-05 -0.00025714177703123396 0.00026518067317928657 -0.0001873079191963747 0.00035103610330822335 0.00037543963735377754 -0.00034597560186274296 0.00027944885790698261 3.8514561208549858e-05 6.1132148182049568e-05 0.00028452499529038144
leaf_weight=9105 1632 10889 1573 31149 2439 2114 6567 2851 8921 188253 23767 4814 1184 26771 2888 1485 1028 1599 1984 179269 33791 71462 20023 5619 19196 14532 8849 22886 97532 15098
leaf_count=9105 1632 10889 1573 31149 2439 2114 6567 2851 8921 188253 23767 4814 1184 26771 2888 1485 1028 1599 1984 179269 33791 71462 20023 5619 19196 14532 8849 22886 97532 15098
internal_value=-3.0147e-06 1.12319e-05 0.00052287 -2.55971e-05 9.27287e-05 0.000342001 0.000507769 -4.38076e-05 -3.79113e-05 -4.74385e-05 3.56958e-05 -0.000239816 -0.00041494 0.000104752 0.000203457 -0.000123512 -0.000460776 -0.000233978 -0.000552116 7.94667e-06 4.94599e-05 0.000101092 0.000132104 -0.000170429 0.000178812 8.45288e-05 -0.000109271 0.000192205 -2.15275e-05 -6.30056e-05
internal_weight=819270 502351 3205 316919 42269 11120 8681 274650 271799 262694 74441 14919 10105 59522 35755 8984 6096 4611 3583 499146 207247 167837 156948 39410 136925 65463 23381 42082 291899 194367
internal_count=819270 502351 3205 316919 42269 11120 8681 274650 271799 262694 74441 14919 10105 59522 35755 8984 6096 4611 3583 499146 207247 167837 156948 39410 136925 65463 23381 42082 291899 194367
is_linear=0
shrinkage=0.08


Tree=140
num_leaves=31
num_cat=0
split_feature=0 0 0 2 3 0 0 3 2 2 3 3 2 3 0 0 0 2 0 3 0 0 2 0 0 3 0 0 0 2
split_gain=0.0265399 0.0170205 0.0230054 0.249608 0.11526 0.0523014 0.037485 0.0305386 0.272729 0.0989092 0.139894 0.11304 0.0281796 0.14628 0.0803324 0.109149 0.0473092 0.0455655 0.0497709 0.0271257 0.0255303 0.025516 0.138746 0.101273 0.10252 0.0840043 0.13873 0.197266 0.138162 0.0978978
threshold=5.2949051856994638 0.67178499698638927 1.3501800298690798 1.0000000180025095e-35 1.0000000180025095e-35 1.5956749916076662 1.2228899598121645 1.0000000180025095e-35 2.5000000000000004 2.5000000000000004 1.5000000000000002 1.5000000000000002 1.5000000000000002 1.5000000000000002 1.4559049606323244 1.528375029563904 1.3947499990463259 1.0000000180025095e-35 1.5637750029563906 1.5000000000000002 1.1279850006103518 2.1981151103973393 1.0000000180025095e-35 1.6437050104141238 1.8852050304412844 1.5000000000000002 1.8974449634552004 1.823825001716614 2.1472198963165288 2.5000000000000004
decision_type=2 2 2 2 2 2 2 2 2 2 2 2 2 2 2 2 2 2 2 2 2 2 2 2 2 2 2 2 2 2
left_child=1 -1 3 4 -3 12 20 8 -5 10 -9 -11 17 16 -15 -16 -14 19 -19 -4 -6 22 23 -7 -25 28 27 -27 29 -24
right_child=-2 2 5 7 6 21 -8 9 -10 11 -12 -13 13 14 15 -17 -18 18 -20 -21 -22 -23 25 24 -26 26 -28 -29 -30 -31
leaf_value=9.2488404921357376e-05 -0.00022161709051835094 -0.00012668834212331564 0.00011083939713755388 0.00033515377168777768 -0.00053336530039477985 -0.000322235272169172 -0.00022925643597869943 0.00013357615373677393 -0.00080830810122111459 -9.2439360513859001e-05 -0.00037247348430614663 0.00063521798064449821 -5.5032616562438845e-05 -0.00056735175288313486 0.00059017128373375471 -0.00038208231230380061 0.00047285672070061557 2.3481443469847299e-07 -0.00046778863800061253 0.00053003665271049525 -0.00095544667636219963 1.502354051546084e-05 -4.1715514856379579e-05 0.00022457800530530054 1.258872465563318e-05 -0.00021118041608332672 -4.5431389311317002e-05 -0.00095199047104701378 -0.00036695833463016968 0.00022668437219809548
leaf_weight=15614 3185 15659 15986 11071 3632 3988 2011 8613 1518 2385 5885 3199 1278 1872 1473 1483 7252 9753 1709 1053 1227 541032 51347 23651 38153 8688 15900 3129 7182 10471
leaf_count=15614 3185 15659 15986 11071 3632 3988 2011 8613 1518 2385 5885 3199 1278 1872 1473 1483 7252 9753 1709 1053 1227 541032 51347 23651 38153 8688 15900 3129 7182 10471
internal_value=8.86619e-06 9.76558e-06 8.15224e-06 -4.16813e-05 -0.000246543 1.18426e-05 -0.000519731 9.95854e-05 0.000197273 3.83467e-05 -7.18385e-05 0.000324426 9.87191e-05 0.000194598 -0.000157288 0.0001024 0.000393766 5.37822e-05 -6.95481e-05 0.000136746 -0.00063995 6.67369e-06 -2.1125e-05 6.84995e-05 9.37123e-05 -8.20923e-05 -0.000199728 -0.000407338 -3.48384e-05 3.74722e-06
internal_weight=819399 816214 800600 55200 22529 745400 6870 32671 12589 20082 14498 5584 41859 13358 4828 2956 8530 28501 11462 17039 4859 703541 162509 65792 61804 96717 27717 11817 69000 61818
internal_count=819399 816214 800600 55200 22529 745400 6870 32671 12589 20082 14498 5584 41859 13358 4828 2956 8530 28501 11462 17039 4859 703541 162509 65792 61804 96717 27717 11817 69000 61818
is_linear=0
shrinkage=0.08


Tree=141
num_leaves=31
num_cat=0
split_feature=0 1 1 3 0 3 0 1 3 3 0 1 0 1 3 0 1 0 0 1 3 1 1 1 3 0 1 0 1 1
split_gain=0.0404811 0.200476 0.284923 0.656303 0.657737 0.512013 0.165568 0.140753 0.965842 0.613714 0.384023 0.341351 0.25444 0.196729 0.183271 0.335009 0.241378 0.165059 0.138709 0.194702 0.681958 0.44629 0.277378 0.344009 0.474412 0.168568 0.135193 0.208372 0.1308 0.12886
threshold=3.3158149719238286 -0.27666500210762018 0.42347499728202825 1.0000000180025095e-35 3.4861500263214116 1.5000000000000002 4.3863151073455819 1.1880750060081484 1.0000000180025095e-35 1.5000000000000002 4.0425500869750985 0.7778649926185609 4.523980140686036 1.5398749709129336 1.5000000000000002 3.4555850028991704 2.0098299980163579 3.5338749885559086 2.8361749649047856 1.0382149815559389 1.5000000000000002 1.6690800189971926 0.19279000163078311 0.11249499768018724 1.5000000000000002 2.8834550380706792 1.0208449959754946 3.5683250427246098 0.21030499786138537 -0.86674499511718739
decision_type=2 2 2 2 2 2 2 2 2 2 2 2 2 2 2 2 2 2 2 2 2 2 2 2 2 2 2 2 2 2
left_child=18 -2 3 -3 5 -5 -6 9 13 26 11 -11 14 17 -10 -16 -17 -9 -1 22 -21 -22 23 29 -25 -24 -4 -28 -27 -20
right_child=1 2 7 4 6 -7 -8 8 12 10 -12 -13 -14 -15 15 16 -18 -19 19 20 21 -23 25 24 -26 28 27 -29 -30 -31
leaf_value=1.0687578377161375e-05 0.0001871007351264539 0.00017939621621502526 0.00041180957490167511 -0.00036231462431560879 -0.00069224969074086916 0.0010358056473744406 -0.00015873295077617702 -0.00021614088213691048 0.00019878020821264248 -0.0010214753084348284 0.00024416786544684293 -5.8768036763320365e-05 -0.0003096786648023465 -0.00028124843355969298 -0.0005368503036411559 0.0012850264920615897 -1.7963261766867203e-05 -0.0011553623652429065 0.00012728210265067143 0.00038787581322879809 -0.0011618763225905949 0.00052807756355549725 0.00017087941583878149 0.00017378529810730095 0.0019305724703837916 -0.0011922922484130984 0.00068944125551893885 -0.0003002799499519162 -0.00029803970401665617 -0.00012977464319592294
leaf_weight=500576 41770 21582 29768 3516 19538 3204 4599 1634 6620 5119 5891 4369 3065 6896 1032 4621 1133 4483 16298 16648 3533 1395 4990 4134 1291 1074 1971 4402 41343 53287
leaf_count=500576 41770 21582 29768 3516 19538 3204 4599 1634 6620 5119 5891 4369 3065 6896 1032 4621 1133 4483 16298 16648 3533 1395 4990 4134 1291 1074 1971 4402 41343 53287
internal_value=5.21039e-08 3.41493e-05 -1.37272e-05 -0.000159016 -0.000395708 0.000304289 -0.000590595 8.03274e-05 -5.90716e-05 0.000160103 -0.00026317 -0.000578171 0.000347914 -0.000574207 0.000498258 0.00079041 0.00102846 -0.000904473 -9.21653e-06 -7.8411e-05 0.000143174 -0.00068349 -0.000117465 -2.17312e-05 0.000591852 -0.000268941 0.000340218 5.81459e-06 -0.000320682 -6.95675e-05
internal_weight=819782 175213 133443 52439 30857 6720 24137 81004 29484 51520 15379 9488 16471 13013 13406 6786 5754 6117 644569 143993 21576 4928 122417 75010 5425 47407 36141 6373 42417 69585
internal_count=819782 175213 133443 52439 30857 6720 24137 81004 29484 51520 15379 9488 16471 13013 13406 6786 5754 6117 644569 143993 21576 4928 122417 75010 5425 47407 36141 6373 42417 69585
is_linear=0
shrinkage=0.08


Tree=142
num_leaves=31
num_cat=0
split_feature=1 0 1 0 1 1 3 0 0 1 3 1 1 3 3 0 1 0 0 1 1 1 1 0 0 0 1 1 3 0
split_gain=0.0363178 0.185132 0.0328593 0.03165 0.12143 0.305045 0.695828 0.213549 0.202165 0.138222 0.130139 1.02658 0.238983 0.288965 0.194173 0.145318 0.427377 0.145419 0.111635 0.118261 0.109961 0.107987 0.111338 0.118554 0.104331 0.101163 0.0996056 0.169376 0.214808 0.16739
threshold=2.5417549610137944 3.6559150218963627 2.2850900888442998 3.5499849319458012 0.41397500038146978 -0.061204999685287469 1.5000000000000002 3.6559150218963627 3.9545400142669682 0.21953500062227252 1.0000000180025095e-35 0.98798999190330516 0.88355499505996715 1.5000000000000002 1.5000000000000002 4.3863151073455819 1.3000449538230898 3.8987249135971074 3.9832749366760258 1.0732450485229494 1.3000449538230898 1.91745001077652 1.2086899876594546 3.7575850486755376 4.6075801849365243 3.8234599828720097 0.39493499696254736 0.37631000578403478 1.5000000000000002 1.7461850047111513
decision_type=2 2 2 2 2 2 2 2 2 2 2 2 2 2 2 2 2 2 2 2 2 2 2 2 2 2 2 2 2 2
left_child=2 -2 3 26 5 -5 -7 -8 -9 -10 11 -6 14 18 25 16 17 -15 -14 -20 -17 22 23 -13 -16 -12 27 -1 -29 -28
right_child=1 -3 -4 4 10 6 7 8 9 -11 12 21 13 15 24 20 -18 -19 19 -21 -22 -23 -24 -25 -26 -27 29 28 -30 -31
leaf_value=-6.7763988826514615e-06 0.00018078633831281201 -0.0010631543299748504 0.00024463918499884534 9.1153256122903064e-05 0.00047838604628317876 3.2527302329372016e-05 0.00013182429018981603 -0.0015519644694405854 -0.00031642932999949243 -0.0011902267059199169 -0.00010718191384387369 0.0004268712069873171 0.00034413701545945837 -0.00022941500591586506 -0.00043701913681140452 0.00074754926872526396 0.0015409121453213018 0.00080082342780105325 0.0005005738938671933 -0.00048299902915986632 -0.00018537905623419393 0.0001077253530001583 -0.00084080479493997399 -0.00058345545757858741 0.00031059068602875032 0.00054240083505378411 0.00010914613831662014 0.00018793286716124472 0.0014385041531735853 -9.5664280772931595e-05
leaf_weight=473691 2062 1218 3122 37609 12289 16911 1225 2758 2708 2025 2501 1043 4225 1777 6474 1509 3365 1731 1041 3149 1742 1353 6877 2587 1465 3970 29641 4299 1105 184552
leaf_count=473691 2062 1218 3122 37609 12289 16911 1225 2758 2708 2025 2501 1043 4225 1777 6474 1509 3365 1731 1041 3149 1742 1353 6877 2587 1465 3970 29641 4299 1105 184552
internal_value=-1.54704e-05 -0.00028114 -1.44035e-05 -1.53975e-05 2.24754e-05 -5.38883e-05 -0.000266745 -0.000847399 -0.00100753 -0.000690281 0.000107048 -3.40283e-05 0.000210446 0.000400397 -3.39332e-05 0.000688349 0.000896803 0.00027895 5.39646e-05 -0.000238632 0.000247654 -0.000564978 -0.000651602 -0.00029316 -0.000299061 0.000291341 -2.19711e-05 -1.6958e-06 0.000443647 -6.73217e-05
internal_weight=820024 3280 816744 813622 120334 63236 25627 8716 7491 4733 57098 24149 32949 18539 14410 10124 6873 3508 8415 4190 3251 11860 10507 3630 7939 6471 693288 479095 5404 214193
internal_count=820024 3280 816744 813622 120334 63236 25627 8716 7491 4733 57098 24149 32949 18539 14410 10124 6873 3508 8415 4190 3251 11860 10507 3630 7939 6471 693288 479095 5404 214193
is_linear=0
shrinkage=0.08


Tree=143
num_leaves=31
num_cat=0
split_feature=1 1 3 3 2 1 2 1 1 2 3 3 2 2 3 3 2 1 1 2 1 3 1 2 1 1 1 1 1 1
split_gain=0.0325373 0.0367115 0.0397502 0.0257629 0.0314631 0.0223129 0.0216219 0.0187193 0.026462 0.117159 0.097568 0.0667836 0.152877 0.0993066 0.143199 0.129049 0.118194 0.0295681 0.0278231 0.0226618 0.0841998 0.0762563 0.287481 0.187244 0.178065 0.0869433 0.0865228 0.114022 0.0735221 0.111894
threshold=2.1327749490737919 2.5417549610137944 1.5000000000000002 1.0000000180025095e-35 1.0000000180025095e-35 2.2850900888442998 1.0000000180025095e-35 -2.4603549242019649 -1.6286799907684324 1.0000000180025095e-35 1.5000000000000002 1.0000000180025095e-35 1.5000000000000002 1.5000000000000002 1.5000000000000002 1.5000000000000002 2.5000000000000004 -1.8266999721527097 -1.9179549813270567 1.5000000000000002 0.91235998272895824 1.5000000000000002 1.3788350224494936 2.5000000000000004 1.5011050105094912 1.3000449538230898 1.1098350286483767 1.0555250048637392 -0.67946499586105336 -0.70328500866889943
decision_type=2 2 2 2 2 2 2 2 2 2 2 2 2 2 2 2 2 2 2 2 2 2 2 2 2 2 2 2 2 2
left_child=7 3 -3 6 -5 -6 -2 -1 9 10 17 12 18 15 -15 -13 -16 -9 -11 -10 28 24 25 -24 -22 26 27 -23 29 -21
right_child=1 2 -4 4 5 -7 -8 8 19 11 -12 13 -14 14 16 -17 -18 -19 -20 20 21 22 23 -25 -26 -27 -28 -29 -30 -31
leaf_value=-0.00019813926990241361 0.00024061317956506812 0.0001071861362146387 -0.00049615888399253435 8.30157598739314e-05 0.00084758818091362623 0.00033200253562117634 -0.00022000461399880348 0.00012199716855621703 -2.1846551654284601e-06 0.00067154572593684108 -0.0006528499415370863 0.00053273449460941081 -0.00065845532971809827 8.9073829855414901e-05 0.00056327468771627011 -0.00035832072218645937 0.001635386568581256 -0.00018058695955532289 0.00012728950858486557 1.2450649101519941e-05 0.00030208794608707482 -0.00025158167202853971 -3.7473471168179022e-05 0.00092725216664400203 -0.00022633234256113136 -0.0010132504305010812 6.0199807887660488e-05 -0.0011970983504854867 -7.5164108780515886e-05 0.00061406149862962495
leaf_weight=3361 1812 2289 1006 1254 1064 1085 1019 4702 535653 1034 1850 2010 1550 1994 1702 2156 1073 3688 1436 42585 16790 3463 2770 2406 5392 1073 3384 1068 166881 2075
leaf_count=3361 1812 2289 1006 1254 1064 1085 1019 4702 535653 1034 1850 2010 1550 1994 1702 2156 1073 3688 1436 42585 16790 3463 2770 2406 5392 1073 3384 1068 166881 2075
internal_value=-8.0033e-06 0.000138963 -7.70218e-05 0.000253122 0.000401457 0.000587276 7.48168e-05 -9.73203e-06 -8.94709e-06 7.52639e-05 -0.000126967 0.000235113 -3.56815e-05 0.000356948 0.000606223 7.15931e-05 0.000977825 -1.101e-05 0.000355128 -1.144e-05 -3.14396e-05 8.10436e-05 -6.39694e-05 0.000410967 0.00017364 -0.000337476 -0.000245864 -0.000474449 -5.07659e-05 4.04028e-05
internal_weight=819625 9529 3295 6234 3403 2149 2831 810096 806735 23195 10240 12955 4020 8935 4769 4166 2775 8390 2470 783540 247887 36346 14164 5176 22182 8988 7915 4531 211541 44660
internal_count=819625 9529 3295 6234 3403 2149 2831 810096 806735 23195 10240 12955 4020 8935 4769 4166 2775 8390 2470 783540 247887 36346 14164 5176 22182 8988 7915 4531 211541 44660
is_linear=0
shrinkage=0.08


Tree=144
num_leaves=31
num_cat=0
split_feature=0 0 1 1 0 1 1 1 0 1 1 1 0 2 0 1 1 1 0 0 2 2 1 1 2 1 1 1 1 1
split_gain=0.0579321 0.221439 0.356706 0.458831 0.174557 0.233705 0.219014 0.176242 0.199457 0.166671 0.132987 0.234059 0.13051 0.159822 0.123271 0.159814 0.258742 0.176568 0.158359 0.153256 0.397269 0.219386 0.89425 0.152613 0.197236 0.376521 0.195753 0.13087 0.12659 0.125142
threshold=2.7142848968505864 2.7413899898529057 0.81671500205993663 -0.54321500658988942 2.6243550777435307 -0.10584500059485434 0.26465499401092535 0.17466999590396884 2.6863999366760258 -0.18604499846696851 -0.14055000245571134 0.09470000118017198 2.7504100799560551 1.0000000180025095e-35 2.8076500892639165 0.6741049885749818 -0.71593499183654774 -0.66707000136375416 3.2420299053192143 3.7784500122070317 2.5000000000000004 2.5000000000000004 1.4673249721527102 0.88355499505996715 1.5000000000000002 -0.14055000245571134 -0.33192001283168787 0.76607000827789318 1.4064800143241885 -2.193194985389709
decision_type=2 2 2 2 2 2 2 2 2 2 2 2 2 2 2 2 2 2 2 2 2 2 2 2 2 2 2 2 2 2
left_child=4 2 3 -2 -1 9 7 8 -7 -6 -5 -12 13 -3 23 16 29 18 -18 20 -17 -21 -23 24 25 -14 -26 -22 -25 -16
right_child=1 12 -4 10 5 6 -8 -9 -10 -11 11 -13 14 -15 15 19 17 -19 -20 21 27 22 -24 28 26 -27 -28 -29 -30 -31
leaf_value=-6.6361701759422471e-06 -0.00032278994980085415 0.00018779090072555969 -0.00058936965268617514 0.0016423308725014431 -0.00036451077431703624 0.00049572691490343257 -0.00019821568073216854 0.0011887197635632796 -0.00070428381884098058 -0.0013430598931577133 -0.00025777480804227318 0.001155794442882045 2.3103028581081558e-05 -0.00095556841537924712 -0.00063079165907028122 8.2303304047429786e-05 -0.0011271975656087483 -6.179262283243639e-05 -0.0001266276504199864 1.6243212238045234e-05 -0.00013730339348225434 0.00017890090116880856 -0.0026356281777370474 -0.00063177545745222161 0.00057871255102819811 0.00095879325342459912 -0.00044236454341124547 0.00077448984063984404 0.00038054148234418621 0.0001686711979816227
leaf_weight=426236 2237 1315 1869 1631 12291 3048 12875 1370 1250 1225 1021 2821 5332 1932 1292 61334 1903 179252 2163 29191 1159 2431 1028 2226 1841 5689 3460 7705 1226 41623
leaf_count=426236 2237 1315 1869 1631 12291 3048 12875 1370 1250 1225 1021 2821 5332 1932 1292 61334 1903 179252 2163 29191 1159 2431 1028 2226 1841 5689 3460 7705 1226 41623
internal_value=-1.28639e-06 2.265e-05 0.000402165 0.000642525 -2.01767e-05 -0.000200203 -1.57936e-05 0.000398583 0.000146724 -0.0004532 0.00103708 0.000780143 1.23252e-05 -0.00049252 1.70241e-05 5.36692e-06 -3.22225e-05 -7.36175e-05 -0.000594922 8.80517e-05 0.000154653 -5.51413e-05 -0.000657565 0.000211025 0.000313233 0.000506103 -8.77517e-05 0.00065527 -0.000272245 0.000144603
internal_weight=819976 361681 9579 7710 458295 32059 18543 5668 4298 13516 5473 3842 352102 3247 348855 329081 226233 183318 4066 102848 70198 32650 3459 19774 16322 11021 5301 8864 3452 42915
internal_count=819976 361681 9579 7710 458295 32059 18543 5668 4298 13516 5473 3842 352102 3247 348855 329081 226233 183318 4066 102848 70198 32650 3459 19774 16322 11021 5301 8864 3452 42915
is_linear=0
shrinkage=0.08


Tree=145
num_leaves=31
num_cat=0
split_feature=1 1 0 1 0 0 0 1 0 0 1 0 0 0 3 1 1 1 0 1 3 3 1 1 0 0 1 0 1 1
split_gain=0.0382745 0.139595 0.11594 0.111455 0.140657 0.23606 0.351144 0.151738 0.204763 0.119447 0.0999423 0.0991774 0.269017 0.178905 0.151529 0.320357 0.171317 0.179096 0.37439 0.125073 0.209332 0.109743 0.102985 0.0987146 0.0954723 0.0902454 0.163716 0.154787 0.161222 0.124411
threshold=0.025634999386966232 -0.12342000007629393 3.4258000850677495 0.060300000011920936 3.0519549846649174 2.660234928131104 2.3471150398254399 0.034244999289512641 2.096270084381104 2.8361749649047856 -1.9179549813270567 2.5799100399017338 2.7142848968505864 2.5612649917602544 1.5000000000000002 -0.8083449900150298 -1.1494199633598325 -0.30440001189708704 2.6509549617767338 -0.91236498951911915 1.5000000000000002 1.0000000180025095e-35 -0.13198500126600263 -0.14952500164508817 3.2420299053192143 2.9804151058197026 -0.65519499778747547 3.0412950515747075 -0.72843000292778004 -0.66707000136375416
decision_type=2 2 2 2 2 2 2 2 2 2 2 2 2 2 2 2 2 2 2 2 2 2 2 2 2 2 2 2 2 2
left_child=1 2 11 4 5 6 7 -2 -9 -7 -4 13 14 22 16 -16 -13 -18 -19 20 -14 -15 -1 -12 -22 26 -21 -27 -29 -30
right_child=3 -3 10 -5 -6 9 -8 8 -10 -11 23 12 19 21 15 -17 17 18 -20 25 24 -23 -24 -25 -26 27 -28 28 29 -31
leaf_value=9.986287708147678e-06 -0.00071061766135538146 0.00013634526634115216 -0.00065252517340830295 -8.9339196379626725e-06 -0.00065727742517748225 0.0012891816197179607 -0.0012543351174102546 -6.3488758553484768e-05 0.0012675880960042627 9.6875475887031628e-05 0.00016535915392427593 0.0003550074688743364 0.00030771437998657324 0.00010845522721303736 -0.001526563758550558 -0.00020194317178674084 -0.00051738688676881582 0.0010423533422474511 -0.00074953834341814018 -0.0003256307644538677 -0.00037365909406999564 0.0011079788866945341 -0.000639791934094075 -0.00049361543209928309 0.00035794409026247519 -0.0005686549821371093 0.00014900767092540618 0.00035782015840405665 -0.00083886759432675348 -0.0001238779387388938
leaf_weight=205903 1288 55307 1039 398434 3794 1007 1833 2741 1013 1154 40558 2715 15393 1308 1953 2909 9441 1574 1419 6153 5494 1520 1573 1509 1441 5201 19053 4288 1684 20742
leaf_count=205903 1288 55307 1039 398434 3794 1007 1833 2741 1013 1154 40558 2715 15393 1308 1953 2909 9441 1574 1419 6153 5494 1520 1573 1509 1441 5201 19053 4288 1684 20742
internal_value=8.17376e-07 1.81723e-05 -3.49535e-07 -1.64073e-05 -0.000248491 -7.68512e-05 -0.000306099 3.86292e-05 0.000295696 0.000652476 0.000122577 -1.74557e-05 -8.32791e-05 1.36745e-05 -0.000345438 -0.000734025 -0.000220723 -0.000346436 0.000192806 -1.72484e-05 0.000143298 0.000645682 5.05993e-06 0.000141721 -0.000221642 -8.00044e-05 3.31444e-05 -0.000169368 -9.16297e-05 -0.000177568
internal_weight=819441 408177 352870 411264 12830 9036 6875 5042 3754 2161 43106 309764 99460 210304 20011 4862 15149 12434 2993 79449 22328 2828 207476 42067 6935 57121 25206 31915 26714 22426
internal_count=819441 408177 352870 411264 12830 9036 6875 5042 3754 2161 43106 309764 99460 210304 20011 4862 15149 12434 2993 79449 22328 2828 207476 42067 6935 57121 25206 31915 26714 22426
is_linear=0
shrinkage=0.08


Tree=146
num_leaves=31
num_cat=0
split_feature=3 1 0 1 0 1 0 0 0 0 1 0 1 1 1 0 1 0 1 1 1 0 0 0 0 0 0 0 0 0
split_gain=0.0348952 0.151388 0.702522 1.33678 1.1885 0.689278 0.630967 0.561903 0.507085 0.298398 0.425703 0.359428 0.298342 0.251352 0.199157 0.224388 0.191027 0.178468 0.172671 0.170511 0.334819 0.34639 0.732481 0.330838 0.306408 0.391539 0.269606 0.259015 0.442566 0.194486
threshold=1.5000000000000002 -0.47867499291896815 3.2299000024795537 0.86929500102996837 1.7862750291824343 1.004474997520447 3.2420299053192143 1.528375029563904 3.4401249885559086 3.6377300024032597 0.70775499939918529 4.1130049228668222 -0.86674499511718739 2.0098299980163579 -1.5331450104713438 2.2085049152374272 -0.14055000245571134 4.189889907836915 -0.44781500101089472 0.18355499953031543 0.35660000145435339 2.236474990844727 2.7983599901199345 2.4905850887298588 2.096270084381104 3.0104351043701176 2.383835077285767 3.031194925308228 2.941275000572205 2.4996850490570073
decision_type=2 2 2 2 2 2 2 2 2 2 2 2 2 2 2 2 2 2 2 2 2 2 2 2 2 2 2 2 2 2
left_child=-1 6 3 4 -3 9 7 -2 -7 10 -4 -11 17 -10 15 -9 18 -8 -6 27 24 -22 23 26 -21 29 -23 28 -18 -26
right_child=1 2 5 -5 16 8 12 14 13 11 -12 -13 -14 -15 -16 -17 19 -19 -20 20 21 22 -24 -25 25 -27 -28 -29 -30 -31
leaf_value=-1.357008258627995e-05 0.00033872647046840276 -0.00029896331728225138 0.00012224473587556193 -0.0003973571348398579 0.001190398828882773 -0.00078383724019958799 0.001003371416526891 0.00064289558140949595 0.00073961286052375832 -0.00084226896030894821 -0.0010685200707361174 -0.00019130695049230815 1.7553170178227958e-05 -0.00033607560416264122 -0.00044468479602719597 -0.00035367527316587297 0.00083956108415251325 -7.2049179733526796e-05 0.0002108108461177755 0.0012533074997295244 5.7194342785889566e-05 0.0014673876081779192 0.00022764949542512583 0.0018787757461699926 0.0001297375114175569 0.0010905758397449085 -3.1559362618714956e-05 2.76938576837969e-05 0.0025737775317520575 -0.00087692789016191423
leaf_weight=625746 9171 13601 12134 18408 1257 2136 5221 2478 8774 11519 2283 10267 6050 1652 30442 3472 11730 1218 13738 1157 4176 1710 5898 4285 2047 1279 1394 2140 1024 3071
leaf_count=625746 9171 13601 12134 18408 1257 2136 5221 2478 8774 11519 2283 10267 6050 1652 30442 3472 11730 1218 13738 1157 4176 1710 5898 4285 2047 1279 1394 2140 1024 3071
internal_value=-4.38452e-06 2.52844e-05 7.15423e-05 0.000207897 0.00037053 -0.000171485 -8.28302e-05 -0.000220914 0.000339109 -0.000348655 -6.63185e-05 -0.000535493 0.000420934 0.00056917 -0.000361947 6.13672e-05 0.000536373 0.000799945 0.000292928 0.000627838 0.00050025 0.00069274 0.000892487 0.00142317 5.52622e-05 -0.000161424 0.000794214 0.000842142 0.000978799 -0.000474301
internal_weight=819478 193732 135680 86915 68507 48765 58052 45563 12562 36203 14417 21786 12489 10426 36392 5950 54906 6439 14995 39911 25017 17463 13287 7389 7554 6397 3104 14894 12754 5118
internal_count=819478 193732 135680 86915 68507 48765 58052 45563 12562 36203 14417 21786 12489 10426 36392 5950 54906 6439 14995 39911 25017 17463 13287 7389 7554 6397 3104 14894 12754 5118
is_linear=0
shrinkage=0.08


Tree=147
num_leaves=31
num_cat=0
split_feature=0 0 1 0 1 0 1 1 3 1 1 0 1 1 1 3 1 3 1 0 0 0 1 0 1 3 1 1 0 1
split_gain=0.058699 0.184019 0.127038 0.0757377 0.201679 0.0722585 0.181471 0.190313 0.461984 0.179782 0.144451 0.168264 0.141813 0.464799 0.386754 0.715146 0.279597 0.219251 0.264041 0.175666 0.169564 0.16076 0.225753 0.180959 0.144841 0.143909 0.135837 0.242168 0.131814 0.130932
threshold=2.3193099498748784 2.310095071792603 -0.27666500210762018 2.3289599418640141 -0.20375499874353406 1.5637750029563906 -1.1279700398445127 -0.2492600008845329 1.0000000180025095e-35 1.4064800143241885 0.39493499696254736 0.97341999411582958 0.46295499801635748 0.85535499453544628 -0.26704500615596766 1.0000000180025095e-35 -0.76716500520706166 1.5000000000000002 -0.20375499874353406 2.0860500335693364 2.2737300395965581 1.9560250043869021 -0.57517498731613148 1.989254951477051 -0.47867499291896815 1.0000000180025095e-35 -0.052595000714063637 0.10368499904870988 1.9215899705886843 0.21030499786138537
decision_type=2 2 2 2 2 2 2 2 2 2 2 2 2 2 2 2 2 2 2 2 2 2 2 2 2 2 2 2 2 2
left_child=1 5 -3 4 -2 6 -1 -8 9 -9 11 -10 14 -14 16 -16 19 20 -19 -7 -17 28 -23 -24 -25 -15 -20 -28 -18 -29
right_child=3 2 -4 -5 -6 12 7 8 10 -11 -12 -13 13 25 15 17 21 18 26 -21 -22 22 23 24 -26 -27 27 29 -30 -31
leaf_value=-0.00024068145253917331 0.00032215748627875316 0.0012609947497406835 0.00023897210856586287 -6.7371170454225239e-06 -0.00091705636968024797 0.00023076742194304113 0.00015747938619617763 0.00020926259295982099 -4.1519502977168406e-05 -0.00076596110583956921 -0.00011180980795464781 -0.00069327690014554181 -0.00030904214779961081 0.00035797206550120886 -1.9483034481856985e-05 0.00028305022803345428 -0.00025728707482485695 0.0018901965873609468 0.0001679187342571596 -0.00010344561565933365 0.0012439010670469556 -0.00036052113468585008 0.0010742273079333323 0.00047434372384664496 -8.8533051042505076e-05 -1.5022141076962202e-05 0.0014116821847829225 -5.3995140933382939e-05 -0.00093315598781630626 0.00076853318358710641
leaf_weight=20250 1475 1259 2039 499681 1954 31097 38569 23322 3469 1276 9930 9417 24719 13372 33579 18990 17995 1212 2832 14882 1253 8040 1279 4176 9773 13111 2835 1815 2058 3900
leaf_count=20250 1475 1259 2039 499681 1954 31097 38569 23322 3469 1276 9930 9417 24719 13372 33579 18990 17995 1212 2832 14882 1253 8040 1279 4176 9773 13111 2835 1815 2058 3900
internal_value=7.6715e-06 3.46672e-05 0.000629126 -9.30841e-06 -0.000384003 2.84066e-05 -2.52258e-05 2.55165e-05 -8.18289e-05 0.000158674 -0.000341115 -0.000517819 5.59418e-05 -5.95556e-05 9.39192e-05 0.000240113 -1.48113e-05 0.000505576 0.000767656 0.000122593 0.000342525 -0.000160646 -1.7579e-05 0.000163486 7.99789e-05 0.000173313 0.000648124 0.000807181 -0.00032665 0.00050731
internal_weight=819559 316449 3298 503110 3429 313151 106233 85983 47414 24598 22816 12886 206918 51202 155716 66416 89300 32837 12594 45979 20243 43321 23268 15228 13949 26483 11382 8550 20053 5715
internal_count=819559 316449 3298 503110 3429 313151 106233 85983 47414 24598 22816 12886 206918 51202 155716 66416 89300 32837 12594 45979 20243 43321 23268 15228 13949 26483 11382 8550 20053 5715
is_linear=0
shrinkage=0.08


Tree=148
num_leaves=31
num_cat=0
split_feature=1 1 3 0 0 0 0 0 0 0 1 0 0 1 1 0 0 0 0 3 0 0 0 0 0 1 3 0 3 1
split_gain=0.0370766 0.0852705 0.122837 0.201464 0.46684 0.413259 0.255382 0.15903 0.200929 0.315986 0.124485 0.120121 0.094574 0.0575662 0.149396 0.288671 0.112548 0.0858495 0.309785 0.1266 0.0935164 0.0677705 0.0612306 0.0610578 0.0600162 0.0597814 0.376785 0.140355 0.114521 0.304881
threshold=-0.043800000101327889 0.0082950000651180762 1.0000000180025095e-35 2.5348649024963383 2.9510949850082402 2.1981151103973393 3.3832299709320073 3.3158149719238286 2.7142848968505864 2.4644500017166142 -0.017509999684989449 2.227124929428101 1.8722299933433535 -0.070014998316764818 -0.078710000962018953 2.1673500537872319 2.8929450511932377 3.1490499973297124 2.6061549186706547 1.0000000180025095e-35 2.0004749298095708 3.6189699172973637 3.4116849899291997 2.1270649433135991 3.4555850028991704 -1.0697450041770933 1.5000000000000002 4.074855089187623 1.0000000180025095e-35 -0.70328500866889943
decision_type=2 2 2 2 2 2 2 2 2 2 2 2 2 2 2 2 2 2 2 2 2 2 2 2 2 2 2 2 2 2
left_child=13 2 7 5 -5 12 -6 8 9 11 -8 -2 -4 14 22 -16 -17 18 19 23 -21 -19 -1 -15 -24 26 -26 -28 -27 -30
right_child=1 -3 3 4 6 -7 10 -9 -10 -11 -12 -13 -14 17 15 16 -18 21 -20 20 -22 -23 24 -25 25 28 27 -29 29 -31
leaf_value=9.0339855850375582e-06 6.0778233155710301e-05 -4.7202626861206919e-06 -0.00016201144411339517 -0.0017103583687810297 0.0005834862422682168 0.0011225045000510265 -0.00014894015447151023 0.00077002793450643096 -0.00078351307607898676 0.0013429056007327955 -0.0013817032804298733 -0.00092818360389833007 -0.0010727340483339908 -7.5148785034989495e-05 0.00059516555990817162 -0.0016326396339065375 -0.0004940867533453037 -0.00057668100986112321 0.0011311067716435867 -9.9608579630977099e-05 0.00086861086196865435 0.00026343571885772949 0.0004250638570321095 -0.00087655382871334195 -0.00061936660734207658 0.00030319998868783422 0.00092117866404185322 -0.00021660886757492786 0.00053704638298094655 -0.00015721018938830015
leaf_weight=322088 3461 417722 1991 1896 1628 1488 1072 1567 2090 1112 1026 1017 1152 1519 1014 1055 1174 1350 2254 1233 1324 1128 3510 1015 4223 13928 2073 1043 5336 16775
leaf_count=322088 3461 417722 1991 1896 1628 1488 1072 1567 2090 1112 1026 1017 1152 1519 1014 1055 1174 1350 2254 1233 1324 1128 3510 1015 4223 13928 2073 1043 5336 16775
internal_value=3.55506e-06 -1.23536e-05 -0.000175871 -0.000366554 -0.000688405 2.41702e-05 -0.000168378 3.55567e-05 -0.000114302 0.000135904 -0.000751807 -0.000163825 -0.000495818 2.17614e-05 1.67167e-05 -0.000523896 -0.00103297 0.000212921 0.000350291 4.59051e-06 0.00040173 -0.000194255 2.14682e-05 -0.000396154 0.000106883 8.11366e-05 -0.00012698 0.000540334 0.000123518 1.03333e-05
internal_weight=819264 437222 19500 10253 5622 4631 3726 9247 7680 5590 2098 4478 3143 382042 372219 3243 2229 9823 7345 5091 2557 2478 368976 2534 46888 43378 7339 3116 36039 22111
internal_count=819264 437222 19500 10253 5622 4631 3726 9247 7680 5590 2098 4478 3143 382042 372219 3243 2229 9823 7345 5091 2557 2478 368976 2534 46888 43378 7339 3116 36039 22111
is_linear=0
shrinkage=0.08


Tree=149
num_leaves=31
num_cat=0
split_feature=0 1 2 1 1 0 2 1 1 0 1 1 0 2 0 0 0 1 1 0 0 2 1 0 2 1 0 2 0 0
split_gain=0.0238012 0.148035 0.329429 0.371311 0.206859 0.139397 0.190532 0.739739 0.129748 0.230648 0.146775 0.127599 0.124564 0.118232 0.174104 0.139174 0.115646 0.135726 0.175783 0.101188 0.0995955 0.172113 0.116525 0.0977997 0.187867 0.139543 0.0909083 0.138226 0.0906415 0.0903653
threshold=3.083110094070435 -0.37875001132488245 1.5000000000000002 -1.0328249931335447 0.6741049885749818 3.7784500122070317 2.5000000000000004 1.3788350224494936 1.7208549976348879 4.4493649005889901 2.2850900888442998 -0.8083449900150298 3.2669749259948735 2.5000000000000004 3.5014650821685795 3.5014650821685795 3.1833050251007085 0.48253999650478369 0.24607999622821811 4.4493649005889901 3.9545400142669682 1.0000000180025095e-35 -0.52108499407768238 3.3158149719238286 2.5000000000000004 -0.66707000136375416 4.6075801849365243 1.5000000000000002 3.1942899227142338 3.5499849319458012
decision_type=2 2 2 2 2 2 2 2 2 2 2 2 2 2 2 2 2 2 2 2 2 2 2 2 2 2 2 2 2 2
left_child=-1 2 11 12 16 13 8 -8 -7 10 -10 19 -4 15 28 -6 17 18 -3 -2 21 22 -13 -5 29 -26 -18 -28 -15 -25
right_child=1 4 3 23 5 6 7 -9 9 -11 -12 20 -14 14 -16 -17 26 -19 -20 -21 -22 -23 -24 24 25 -27 27 -29 -30 -31
leaf_value=-1.9390659784722525e-06 0.00022945799959281715 5.8519025692559273e-05 0.00050870279432381699 0.00037366063325534367 2.6553955963057227e-05 -5.3604677594912366e-05 0.00027494441374063279 -0.0021920712271245395 0.0010945540544602967 -0.0002700881438633644 -2.9862399186406816e-05 -0.00021777973516799411 -0.00051177622880495624 0.00022763669547333252 -9.6515899300817645e-05 0.0003368128522312583 -0.00012981527991127401 -0.00041931168783404689 0.000761971621641319 -0.00050955064462853924 0.00022296681351062297 -0.00053355342228623168 0.00036714752377383725 0.0010634600618943371 0.0021671203399078872 0.00095021280806752292 -2.0392194819330753e-05 0.00086918978200019109 0.0010651412384242343 0.00031371572156104746
leaf_weight=580130 16948 8150 1085 3422 27170 23136 2188 1207 2541 2230 1050 5592 2600 1172 1998 14032 87931 2301 3153 1275 4339 6277 3572 1613 1028 1459 4847 1453 2810 2841
leaf_count=580130 16948 8150 1085 3422 27170 23136 2188 1207 2541 2230 1050 5592 2600 1172 1998 14032 87931 2301 3153 1275 4339 6277 3572 1613 1028 1459 4847 1453 2810 2841
internal_value=6.81922e-06 2.80411e-05 0.000147392 0.000478415 -5.1146e-06 9.27627e-05 -3.51397e-05 -0.000602136 3.13365e-05 0.000368942 0.000765777 2.50281e-05 -0.00021131 0.000180463 0.000512876 0.000132218 -7.73043e-05 0.000140737 0.000254749 0.000177752 -0.000115674 -0.000210834 1.02168e-05 0.000723676 0.000896238 0.00145322 -0.000108783 0.000184776 0.000818643 0.000585233
internal_weight=819550 239420 52051 14048 187369 79534 32352 3395 28957 5821 3591 38003 3685 47182 5980 41202 107835 13604 11303 18223 19780 15441 9164 10363 6941 2487 94231 6300 3982 4454
internal_count=819550 239420 52051 14048 187369 79534 32352 3395 28957 5821 3591 38003 3685 47182 5980 41202 107835 13604 11303 18223 19780 15441 9164 10363 6941 2487 94231 6300 3982 4454
is_linear=0
shrinkage=0.08


Tree=150
num_leaves=31
num_cat=0
split_feature=1 1 1 3 1 2 1 2 3 2 1 3 3 1 2 1 3 1 1 1 3 1 1 3 1 1 1 3 3 1
split_gain=0.0168814 0.230664 0.230556 0.162533 0.122462 0.0992201 0.203471 0.0636993 0.0524303 0.0493224 0.0401797 0.0905888 0.142096 0.036372 0.0343705 0.143921 0.203698 0.227428 0.217366 0.0879869 0.0813029 0.504973 0.141546 0.101052 0.130965 0.104184 0.0777013 0.0594911 0.048089 0.180496
threshold=0.53323501348495495 0.55470499396324169 0.49272499978542333 1.0000000180025095e-35 0.48253999650478369 1.0000000180025095e-35 0.50270497798919689 1.0000000180025095e-35 1.0000000180025095e-35 1.5000000000000002 0.51316997408866893 1.5000000000000002 1.0000000180025095e-35 0.51316997408866893 2.5000000000000004 0.81671500205993663 1.0000000180025095e-35 0.61858499050140392 0.6741049885749818 0.73063498735427868 1.0000000180025095e-35 1.3251599669456484 1.2086899876594546 1.5000000000000002 1.3788350224494936 1.5011050105094912 1.0208449959754946 1.5000000000000002 1.0000000180025095e-35 0.81671500205993663
decision_type=2 2 2 2 2 2 2 2 2 2 2 2 2 2 2 2 2 2 2 2 2 2 2 2 2 2 2 2 2 2
left_child=2 3 4 7 -1 6 -4 -2 -6 -5 -7 12 -12 -8 28 16 -16 -18 -19 -20 21 26 27 25 -25 -24 -17 -22 -3 -30
right_child=1 14 5 9 8 10 13 -9 -10 -11 11 -13 -14 -15 15 20 17 18 19 -21 22 -23 23 24 -26 -27 -28 -29 29 -31
leaf_value=9.636402103604188e-06 -0.00022513656743862316 4.3011308001074093e-05 -0.00092083715228946834 0.0011559401463897558 0.00083087494294159113 -0.00033507276035231806 0.0005588725930091628 0.00048982334151646356 0.00019325267720921182 0.00054820918695154628 -0.00039882489324001959 -0.00013457540014361321 -0.0016049402710147356 4.8401197234732662e-05 0.00057098282687975232 0.0010458371710259597 0.00037438613103758783 -0.0013940481944085001 0.00015597332117408424 -0.00061671962044368477 0.00035186060168498526 -0.0012714130854503609 0.00071508926377088168 0.00017204162106510188 0.0011597495735545618 -0.00027924071721418766 0.00015455089935878044 -0.00010246838289322389 0.00012646431755081452 -0.0001099611405127723
leaf_weight=569792 1826 103140 1318 1859 1580 3938 1380 1416 1728 1582 1305 1214 1200 2533 1973 1253 2058 1607 1647 2207 3139 1460 1333 1258 2710 1365 1251 4473 30133 65780
leaf_count=569792 1826 103140 1318 1859 1580 3938 1380 1416 1728 1582 1305 1214 1200 2533 1973 1253 2058 1607 1647 2207 3139 1460 1333 1258 2710 1365 1251 4473 30133 65780
internal_value=1.21768e-05 3.03679e-05 4.92905e-06 0.000493588 1.24541e-05 -0.000329695 -6.11392e-05 8.71346e-05 0.0004978 0.000876536 -0.000513163 -0.00070174 -0.000976605 0.000228429 1.67176e-05 0.000100153 -0.000152488 -0.000342328 -0.000612424 -0.000286511 0.000231612 -8.89218e-05 0.000320602 0.000589769 0.00084661 0.000212028 0.00060055 8.48856e-05 5.09257e-06 -3.56833e-05
internal_weight=819458 233470 585988 6683 573100 12888 5231 3242 3308 3441 7657 3719 2505 3913 226787 27734 9492 7519 5461 3854 18242 3964 14278 6666 3968 2698 2504 7612 199053 95913
internal_count=819458 233470 585988 6683 573100 12888 5231 3242 3308 3441 7657 3719 2505 3913 226787 27734 9492 7519 5461 3854 18242 3964 14278 6666 3968 2698 2504 7612 199053 95913
is_linear=0
shrinkage=0.08


Tree=151
num_leaves=31
num_cat=0
split_feature=0 0 0 3 0 2 0 0 3 3 3 0 0 2 0 0 3 0 0 0 0 0 2 0 3 0 3 3 0 0
split_gain=0.0233592 0.0647408 0.115505 0.157917 0.0882258 0.180265 0.245523 0.181354 0.190128 0.087717 0.068482 0.105343 0.209929 0.0857634 0.190876 0.16868 0.194773 0.187162 0.11665 0.282974 0.0773039 0.0514718 0.0445454 0.198275 0.0804906 0.0735178 0.0703221 0.0650794 0.117545 0.125061
threshold=3.031194925308228 2.4457800388336186 2.4373950958251958 1.0000000180025095e-35 2.4905850887298588 1.5000000000000002 2.4737600088119511 2.4737600088119511 1.5000000000000002 1.0000000180025095e-35 1.0000000180025095e-35 2.660234928131104 2.5882999897003178 2.5000000000000004 2.6331748962402348 2.7050449848175053 1.5000000000000002 2.9121649265289311 2.9214450120925908 2.8361749649047856 2.7693750858306889 2.8361749649047856 1.0000000180025095e-35 3.8010050058364873 1.5000000000000002 3.2420299053192143 1.5000000000000002 1.0000000180025095e-35 3.872674942016602 3.2546050548553471
decision_type=2 2 2 2 2 2 2 2 2 2 2 2 2 2 2 2 2 2 2 2 2 2 2 2 2 2 2 2 2 2
left_child=1 2 -1 -4 5 6 -3 8 -7 -8 11 12 -6 -12 -15 -16 17 21 19 20 -18 -17 23 24 -2 -26 -25 -24 29 -29
right_child=22 4 3 -5 10 7 9 -9 -10 -11 13 -13 -14 14 15 16 18 -19 -20 -21 -22 -23 27 26 25 -27 -28 28 -30 -31
leaf_value=9.2911281835836304e-06 2.533712915671969e-05 0.00026511894086846507 -0.00010030992310245684 0.0010439783541021583 -2.0197740467783223e-05 -0.0014523831235777726 -0.0002084750864311576 -1.2061061489914743e-05 -0.00018082480010163791 -0.00096637290544113132 5.5656125727208e-05 -1.6840783893067169e-05 -0.00045212750537029469 0.00027040110308411343 -0.00085884310731004971 -0.00041714455071819613 -2.7955887558431748e-05 -0.0012370665499070977 0.00060984221371535193 -0.00089646963407372484 0.00082025347116164264 0.00027756219745792428 0.00013083859556219384 -0.00010159684140053759 -6.1657104139792665e-05 0.00040224955598811024 -0.00035283866453310645 0.00010653541329486514 0.00015427463394442387 -0.0001148175753502668
leaf_weight=358359 62805 6601 1471 1624 17117 2027 2312 2010 1197 1693 78569 58940 12432 5433 2681 1961 1360 1643 2146 1767 1391 1047 45389 26585 3107 7378 9743 24925 28097 47402
leaf_count=358359 62805 6601 1471 1624 17117 2027 2312 2010 1197 1693 78569 58940 12432 5433 2681 1961 1360 1643 2146 1767 1391 1047 45389 26585 3107 7378 9743 24925 28097 47402
internal_value=2.30418e-06 -6.78872e-06 1.34939e-05 0.000500118 -4.30233e-05 -0.000224286 -3.46986e-05 -0.000608458 -0.000980282 -0.000528855 -2.76271e-05 -7.86445e-05 -0.000201921 1.84399e-05 -0.000132059 -0.000288287 -0.000153098 -0.000550401 0.000124191 -0.000106487 0.000400928 -0.000175337 2.23738e-05 -1.61573e-05 5.95924e-05 0.000264781 -0.000168979 5.13404e-05 1.54093e-05 -3.85359e-05
internal_weight=819212 563781 361454 3095 202327 15840 10606 5234 3224 4005 186487 88489 29549 97998 19429 13996 11315 4651 6664 4518 2751 3008 255431 109618 73290 10485 36328 145813 100424 72327
internal_count=819212 563781 361454 3095 202327 15840 10606 5234 3224 4005 186487 88489 29549 97998 19429 13996 11315 4651 6664 4518 2751 3008 255431 109618 73290 10485 36328 145813 100424 72327
is_linear=0
shrinkage=0.08


Tree=152
num_leaves=31
num_cat=0
split_feature=2 1 3 1 1 3 1 1 1 1 1 3 1 1 1 1 1 1 3 1 1 3 1 1 1 3 1 1 1 3
split_gain=0.0209921 0.147044 0.126926 0.333253 0.0882754 0.194594 0.310113 0.147176 0.147141 0.148909 0.134604 0.279169 0.257455 0.156343 0.189343 0.105565 0.235861 0.11533 0.110859 0.0828639 0.0827558 0.141502 0.126012 0.0735137 0.0883319 0.176534 0.0495182 0.0992843 0.107071 0.188388
threshold=2.5000000000000004 -0.67946499586105336 1.0000000180025095e-35 -1.0893749594688413 0.24607999622821811 1.5000000000000002 -0.18604499846696851 -0.10584500059485434 -0.43813998997211451 -0.043800000101327889 0.30093999207019811 1.5000000000000002 0.32790499925613409 0.39493499696254736 0.36592499911785131 1.0000000180025095e-35 0.12142500281333925 0.19279000163078311 1.0000000180025095e-35 0.43287500739097601 -0.30440001189708704 1.0000000180025095e-35 -0.37875001132488245 0.46295499801635748 0.69628500938415538 1.0000000180025095e-35 -0.25813500583171839 -0.38854500651359553 -0.40793499350547785 1.0000000180025095e-35
decision_type=2 2 2 2 2 2 2 2 2 2 2 2 2 2 2 2 2 2 2 2 2 2 2 2 2 2 2 2 2 2
left_child=26 2 3 -2 5 6 20 -8 -7 -10 11 -6 -12 14 -14 -9 18 -18 -17 -15 22 -22 -3 -21 25 -25 27 28 -1 -30
right_child=1 4 -4 -5 10 8 7 15 9 -11 12 -13 13 19 -16 16 17 -19 -20 23 21 -23 -24 24 -26 -27 -28 -29 29 -31
leaf_value=-1.6222283881221009e-05 -0.0010023222601259379 0.00034059140269183697 0.0002617030709097651 0.00043108828306631056 -0.00023159571276194364 -0.00076270121455850937 -0.00090366868207677001 0.00024336823878879984 -1.3311745050948027e-05 -0.00051429734298344887 -0.0011756955979696888 0.0014130696664636923 1.6269538939445456e-05 -0.0005904648793555663 0.0012993716457795654 -0.00023228283127561662 0.00054064946731808455 -0.00041367858391924857 -0.0012179670228777426 0.00056891201623867076 -5.0814812023827057e-05 0.0011037916706162659 -0.00042632966046771365 0.00043845678874670092 3.9370854309943477e-05 -0.0004284222629722865 1.5814067032471538e-05 -0.00014568658218300345 -0.00011468667467830801 0.0008136919058855936
leaf_weight=223201 1939 6109 15621 2234 1392 4323 2085 2870 8600 6799 1238 1257 1778 1734 1256 1180 1881 1424 1916 1290 1090 1803 1768 1883 22282 7459 448595 38975 2869 2730
leaf_count=223201 1939 6109 15621 2234 1392 4323 2085 2870 8600 6799 1238 1257 1778 1734 1256 1180 1881 1424 1916 1290 1090 1803 1768 1883 22282 7459 448595 38975 2869 2730
internal_value=-5.29601e-06 -3.90269e-05 0.000156998 -0.000234951 -8.55415e-05 -0.000167563 -4.69345e-06 -0.000296365 -0.000350286 -0.000234508 -2.96908e-06 0.000548829 -4.05259e-05 -3.23119e-06 0.000547442 -0.000159785 -0.000340546 0.000129465 -0.000842286 -5.14516e-05 0.000302848 0.000668769 0.000168455 -2.30549e-05 -4.72023e-05 -0.000253692 -4.36241e-07 -2.76599e-05 -7.55458e-06 0.000337979
internal_weight=819581 103211 19794 4173 83417 41848 22126 11356 19722 15399 41569 2649 38920 37682 3034 9271 6401 3305 3096 34648 10770 2893 7877 32914 31624 9342 716370 267775 228800 5599
internal_count=819581 103211 19794 4173 83417 41848 22126 11356 19722 15399 41569 2649 38920 37682 3034 9271 6401 3305 3096 34648 10770 2893 7877 32914 31624 9342 716370 267775 228800 5599
is_linear=0
shrinkage=0.08


Tree=153
num_leaves=31
num_cat=0
split_feature=0 0 2 1 2 0 1 1 1 1 1 0 1 1 1 0 0 0 1 2 0 1 2 1 1 2 1 2 0 1
split_gain=0.0737346 0.165767 0.198087 0.326106 0.122788 0.25679 0.470935 0.352764 0.269768 0.241406 0.2745 0.252235 0.40988 0.211788 0.216703 0.211453 0.210922 0.198489 0.182223 0.178274 0.256972 0.277191 0.220883 0.585928 0.215486 0.178051 0.170241 0.169016 0.166235 0.172624
threshold=2.8929450511932377 2.9309849739074711 1.5000000000000002 -0.078710000962018953 1.0000000180025095e-35 1.7028499841690066 -1.1957349777221677 -0.60804000496864308 1.352235019207001 0.54358500242233287 0.52312499284744274 2.7413899898529057 -0.18604499846696851 1.4673249721527102 -0.75479999184608448 1.3501800298690798 2.8267350196838383 1.7862750291824343 -0.47867499291896815 2.5000000000000004 2.7599399089813237 0.2373050004243851 1.5000000000000002 0.060300000011920936 0.15719499439001086 2.5000000000000004 0.7778649926185609 2.5000000000000004 2.7050449848175053 -0.017509999684989449
decision_type=2 2 2 2 2 2 2 2 2 2 2 2 2 2 2 2 2 2 2 2 2 2 2 2 2 2 2 2 2 2
left_child=4 2 -2 -4 13 -6 25 -8 9 10 11 17 18 14 -1 -16 27 -9 -13 20 -14 22 23 -22 -21 -7 -18 -11 -19 -30
right_child=1 -3 3 -5 5 6 7 8 -10 16 -12 12 19 -15 15 -17 26 28 -20 24 21 -23 -24 -25 -26 -27 -28 -29 29 -31
leaf_value=-0.00012169795343821207 7.9079779647263639e-05 -7.5343162917357899e-07 -0.00012455873539294588 0.001348370169823625 5.3077899227822731e-05 0.00015380589218802953 -0.00037240965776115097 -0.00049375838329308278 0.00027170347825754526 -0.00024554719272620607 0.00092865878124177902 -0.00058561218703198452 -0.0020466280621398172 -0.00036838081411486078 -0.00018254688725106191 0.00010683333005168601 0.0011346770535469927 -2.8869826974424175e-05 0.0004851090829606259 0.00073761080160949545 0.00048166558470066212 -4.9998468849923069e-05 -0.0017517565043343342 -0.0020447688955698147 -0.00081706602349363973 0.00078962404152211924 -0.00011235117559246893 -0.00063373512650687287 0.001054144252219845 -2.6961438497479265e-05
leaf_weight=48446 8600 287638 1602 2408 79971 15171 36864 5688 11664 32245 1748 1391 1011 9114 18349 135496 1138 90178 3786 1122 1393 2711 1819 1016 1161 3462 1823 9234 1887 1894
leaf_count=48446 8600 287638 1602 2408 79971 15171 36864 5688 11664 32245 1748 1391 1011 9114 18349 135496 1138 90178 3786 1122 1393 2711 1819 1016 1161 3462 1823 9234 1887 1894
internal_value=-1.98706e-05 1.16927e-05 0.000295592 0.000759933 -3.81028e-05 -7.02967e-05 -0.000113493 -0.000147729 -9.98279e-05 -0.000126703 -6.63255e-05 -8.14418e-05 -0.00038265 8.85851e-06 2.58546e-05 7.23191e-05 -0.000285399 -3.48612e-05 0.000197419 -0.000676114 -0.000855051 -0.000681441 -0.00108632 -0.000583863 -5.30067e-05 0.000271941 0.000366919 -0.000331965 -7.08094e-06 0.000512591
internal_weight=820030 300248 12610 4010 519782 308377 228406 209773 172909 161245 116805 115057 15410 211405 202291 153845 44440 99647 5177 10233 7950 6939 4228 2409 2283 18633 2961 41479 93959 3781
internal_count=820030 300248 12610 4010 519782 308377 228406 209773 172909 161245 116805 115057 15410 211405 202291 153845 44440 99647 5177 10233 7950 6939 4228 2409 2283 18633 2961 41479 93959 3781
is_linear=0
shrinkage=0.08


Tree=154
num_leaves=31
num_cat=0
split_feature=2 0 1 1 0 1 0 1 0 1 0 1 1 0 1 1 1 0 1 1 1 1 1 1 0 0 0 0 0 1
split_gain=0.054265 0.187586 0.579843 0.509593 0.667341 0.317858 0.199579 0.2388 0.204929 0.242961 0.237984 0.186645 0.304972 0.332266 0.302916 0.283498 0.222963 0.182108 0.197574 0.269741 0.215932 0.207876 0.282876 0.151224 0.237258 0.194457 0.124929 0.113504 0.106313 0.296428
threshold=2.5000000000000004 3.2299000024795537 1.5398749709129336 1.352235019207001 3.6753000020980839 0.025634999386966232 1.8362749814987185 0.20120500028133395 2.9908800125122075 0.9558599889278413 3.0623250007629399 0.17466999590396884 -0.35998500883579249 3.872674942016602 -0.99682998657226551 -0.67946499586105336 -0.017509999684989449 2.2175250053405766 -1.2447049617767332 -0.70328500866889943 -0.97958502173423756 -0.54321500658988942 -0.47867499291896815 -0.13198500126600263 3.0104351043701176 2.5706551074981694 2.4737600088119511 1.717480003833771 1.7734550237655642 -1.1080900430679319
decision_type=2 2 2 2 2 2 2 2 2 2 2 2 2 2 2 2 2 2 2 2 2 2 2 2 2 2 2 2 2 2
left_child=-1 2 5 11 -5 17 7 -7 -8 10 -10 12 14 16 -3 -16 -14 28 -19 20 -20 -21 -23 24 26 -25 -24 -9 -2 -30
right_child=1 3 -4 4 -6 6 8 27 9 -11 -12 -13 13 -15 15 -17 -18 18 19 21 -22 22 23 25 -26 -27 -28 -29 29 -31
leaf_value=2.3448942828189491e-06 4.3346508544488594e-07 -0.00064362122799004409 0.0011500468192264467 0.00054474900208979576 -0.0020305745955065627 -0.00078500981098378309 -0.00052351149190696942 0.0001086329024447537 0.00066327897638542379 0.0011160667611533931 -0.0007077423120226199 0.00051194979407319233 -0.0003088601367414651 0.00060980374024671615 0.0020057663183526272 0.00036641422493897128 -0.0016168163835710218 0.00054894711988710571 -7.925736364040982e-05 0.00059379838483847769 -0.0011762831806190028 -0.0014771855317170924 -0.00063086616884213971 -0.00044119360199349768 -0.0013502368658088266 0.0007938920589433227 0.0001664303869972398 0.0009901912529928481 0.0012853358035094472 0.00014073643397068448
leaf_weight=716241 12973 1028 2251 1146 1470 1709 23427 4412 1209 1067 2457 10680 2104 1461 1050 1891 1382 2148 1825 2419 3097 1045 1889 1302 1173 2185 3764 1186 1774 7882
leaf_count=716241 12973 1028 2251 1146 1470 1709 23427 4412 1209 1067 2457 10680 2104 1461 1050 1891 1382 2148 1825 2419 3097 1045 1889 1302 1173 2185 3764 1186 1774 7882
internal_value=-5.47642e-06 -5.96507e-05 -0.000116008 0.000146358 -0.000902394 -0.000152108 -0.000329839 4.27088e-05 -0.000426508 5.36287e-05 -0.000255597 0.000286363 1.61443e-05 -0.000402943 0.000538499 0.000951698 -0.00082739 -7.11869e-06 -0.000177704 -0.000261176 -0.000769523 -7.95624e-05 -0.000222973 -9.58858e-05 -0.000314839 0.000332727 -9.99933e-05 0.000295401 0.000150033 0.000351022
internal_weight=819647 103406 81194 22212 2616 78943 35467 7307 28160 4733 3666 19596 8916 4947 3969 2941 3486 43476 20847 18699 4922 13777 11358 10313 6826 3487 5653 5598 22629 9656
internal_count=819647 103406 81194 22212 2616 78943 35467 7307 28160 4733 3666 19596 8916 4947 3969 2941 3486 43476 20847 18699 4922 13777 11358 10313 6826 3487 5653 5598 22629 9656
is_linear=0
shrinkage=0.08


Tree=155
num_leaves=31
num_cat=0
split_feature=0 1 1 0 3 1 1 3 1 0 1 3 0 0 3 0 0 0 1 1 1 3 1 0 1 1 0 0 1 3
split_gain=0.0463288 0.15195 0.208896 0.628675 0.460931 0.331575 0.482991 0.380703 0.385706 0.257459 0.276418 0.197968 0.213037 0.171264 0.213198 0.162382 0.157184 0.146564 0.171891 0.500786 0.256058 0.483293 0.164802 0.14183 0.142481 0.239468 0.140586 0.140537 0.138435 0.123624
threshold=2.6243550777435307 0.68488499522209179 0.19279000163078311 2.3655949831008916 1.0000000180025095e-35 0.29182499647140508 0.34728500247001654 1.5000000000000002 0.51316997408866893 2.5260450839996342 0.41397500038146978 1.0000000180025095e-35 1.3947499990463259 1.0168750286102297 1.5000000000000002 2.227124929428101 2.3379249572753911 2.8267350196838383 0.025634999386966232 -0.0085249999538063986 0.13024000078439715 1.0000000180025095e-35 -0.052595000714063637 2.2459249496459965 0.24607999622821811 0.29182499647140508 2.4276549816131596 2.291815042495728 0.50270497798919689 1.0000000180025095e-35
decision_type=2 2 2 2 2 2 2 2 2 2 2 2 2 2 2 2 2 2 2 2 2 2 2 2 2 2 2 2 2 2
left_child=1 2 -1 11 9 -6 -7 -8 -9 10 26 15 13 -13 -15 -4 29 18 19 22 21 -20 -2 24 -14 -26 -5 -25 -12 -3
right_child=17 16 3 4 5 6 7 8 -10 -11 28 12 23 14 -16 -17 -18 -19 20 -21 -22 -23 -24 27 25 -27 -28 -29 -30 -31
leaf_value=8.5627507762222061e-06 -0.00023356480484407085 0.00011529422234009771 -3.809417562338206e-05 0.0017700292383740757 0.001813579411525835 -0.00082930359750556769 0.00045379200227512075 0.0026774903881129496 0.00070531510670484925 -0.00036714717144413386 -0.00076955507920136519 0.00027600585393425773 0.00077284857773857575 -0.00016771585360167654 -0.0015681986265864926 -0.00055330250551894103 -0.0002636892053925394 3.9501118740936888e-06 -0.00031709567713415066 -0.0018757741595043782 -7.1891887239096828e-05 0.001560732364255846 0.00063654130589170955 0.0013177298758776464 -0.00072828960359159968 0.00021926860508128689 0.00061278156660250522 0.00034214051751270527 0.0003628742534786729 -0.00013538132168859724
leaf_weight=277301 31323 25564 24607 1084 2179 1133 3762 1309 1232 3651 1085 2032 2349 1923 1090 4656 22197 322493 1710 1175 33557 1801 1458 1531 1938 14316 1767 2469 1902 24811
leaf_count=277301 31323 25564 24607 1084 2179 1133 3762 1309 1232 3651 1085 2032 2349 1923 1090 4656 22197 322493 1710 1175 33557 1801 1458 1531 1938 14316 1767 2469 1902 24811
internal_value=8.27423e-07 1.91127e-05 4.07695e-05 0.000158259 0.00055535 0.000945724 0.000691413 0.000964771 0.00172128 0.000159792 0.000489331 2.49629e-05 0.000178466 -0.000291578 -0.000674362 -0.000120068 -8.63236e-05 -1.8962e-05 -0.000122997 -0.000253031 -3.88018e-06 0.000646154 -0.000194865 0.00028338 0.000190456 0.000106289 0.00105279 0.000715547 -4.84702e-05 -8.17001e-06
internal_weight=819405 425888 353316 76015 19104 9615 7436 6303 2541 9489 5838 56911 27648 5045 3013 29263 72572 393517 71024 33956 37068 3511 32781 22603 18603 16254 2851 4000 2987 50375
internal_count=819405 425888 353316 76015 19104 9615 7436 6303 2541 9489 5838 56911 27648 5045 3013 29263 72572 393517 71024 33956 37068 3511 32781 22603 18603 16254 2851 4000 2987 50375
is_linear=0
shrinkage=0.08


Tree=156
num_leaves=31
num_cat=0
split_feature=0 0 3 2 0 2 3 0 2 0 3 0 0 0 2 0 0 0 3 2 2 2 0 0 0 0 0 0 0 3
split_gain=0.0653934 0.154716 0.153811 0.111618 0.0809605 0.0912219 0.158263 0.0911138 0.0956051 0.0834819 0.0763702 0.217 0.168696 0.140859 0.137516 0.118163 0.0615297 0.151215 0.088322 0.14174 0.0772559 0.0614622 0.245696 0.228223 0.125038 0.17342 0.109853 0.0887499 0.0729432 0.258169
threshold=2.5348649024963383 2.4996850490570073 1.5000000000000002 1.5000000000000002 2.6421949863433842 1.0000000180025095e-35 1.5000000000000002 2.5523250102996831 1.5000000000000002 2.5435550212860112 1.0000000180025095e-35 2.6061549186706547 2.5882999897003178 2.6243550777435307 1.5000000000000002 2.6061549186706547 2.6692450046539311 2.660234928131104 1.0000000180025095e-35 1.5000000000000002 1.5000000000000002 2.5000000000000004 1.989254951477051 2.032885074615479 2.157310009002686 2.1169149875640874 2.0860500335693364 1.9560250043869021 1.8608150482177737 1.5000000000000002
decision_type=2 2 2 2 2 2 2 2 2 2 2 2 2 2 2 2 2 2 2 2 2 2 2 2 2 2 2 2 2 2
left_child=1 21 -3 -4 5 9 7 8 -7 -2 15 12 14 -13 -12 -9 17 18 -6 -20 -19 -1 27 -24 25 26 -25 28 -23 -30
right_child=4 2 3 -5 16 6 -8 10 -10 -11 11 13 -14 -15 -16 -17 -18 20 19 -21 -22 22 23 24 -26 -27 -28 -29 29 -31
leaf_value=1.7570051990267559e-05 -0.00061080213471867754 0.00014174345928470762 0.0014010080750385973 0.00037582828990501068 -0.00035458530157447528 -0.00041613557255549606 6.6803711959434852e-05 -1.1798890283320836e-05 0.00055049513680037996 6.3815258516839877e-05 -0.0013191381962098024 0.00051576471566174096 -0.0017972208628441772 -0.00068332832293318852 -0.00015627670144429908 -0.00069164921131025837 -2.5035707319609255e-05 0.00089775576219935818 0.00070873281305968458 -0.00032907537780170622 5.1504977441641806e-05 0.0001035025052917167 -0.0011546622670181124 0.00016139188549468004 -0.00031272592822164221 0.00078636569682210362 -0.00077233863042554512 0.00072700118576094072 0.00034686814954596834 -0.0010501632604435782
leaf_weight=331269 1279 9928 1190 1585 3063 1367 7280 4104 1257 14296 1175 1248 1271 1260 1459 2721 377180 2182 1856 1542 1010 22567 1735 2140 15618 1759 1294 1307 1847 1563
leaf_count=331269 1279 9928 1190 1585 3063 1367 7280 4104 1257 14296 1175 1248 1271 1260 1459 2721 377180 2182 1856 1542 1010 22567 1735 2140 15618 1759 1294 1307 1847 1563
internal_value=-9.22948e-06 1.42646e-05 0.000288917 0.000815455 -3.09708e-05 -0.000141267 -0.000242007 -0.000383739 4.69188e-05 8.4165e-06 -0.000469103 -0.000667329 -0.00104027 -8.66504e-05 -0.000675017 -0.000282843 -1.99315e-05 0.000179509 -4.30461e-05 0.000237779 0.000629988 5.1097e-06 -7.77265e-05 -0.000273144 -0.000199652 0.000140418 -0.000190456 8.37557e-05 5.13917e-05 -0.000293472
internal_weight=819352 393802 12703 2775 425550 38717 23142 15862 2624 15575 13238 6413 3905 2508 2634 6825 386833 9653 6461 3398 3192 381099 49830 22546 20811 5193 3434 27284 25977 3410
internal_count=819352 393802 12703 2775 425550 38717 23142 15862 2624 15575 13238 6413 3905 2508 2634 6825 386833 9653 6461 3398 3192 381099 49830 22546 20811 5193 3434 27284 25977 3410
is_linear=0
shrinkage=0.08


Tree=157
num_leaves=31
num_cat=0
split_feature=1 0 0 1 1 0 3 0 3 0 0 0 1 3 3 1 1 0 1 0 1 1 0 0 1 1 1 1 1 0
split_gain=0.0356448 0.0943359 0.0424094 0.0347532 0.0712242 0.170854 0.262243 0.201552 0.0902953 0.0799006 0.0666389 0.0978159 0.336288 0.395865 0.225602 0.323839 0.164446 0.137185 0.275342 0.267218 0.120355 0.110702 0.111477 0.108375 0.130684 0.121535 0.135709 0.143404 0.0971787 0.361661
threshold=2.1327749490737919 3.8987249135971074 2.0753901004791264 0.19279000163078311 0.21953500062227252 2.6955149173736577 1.0000000180025095e-35 1.989254951477051 1.5000000000000002 2.2644751071929936 3.3158149719238286 2.9121649265289311 0.9558599889278413 1.5000000000000002 1.5000000000000002 0.56529501080513012 1.579819977283478 3.1048250198364262 0.38572500646114355 3.2054899930953984 1.7778800129890444 0.6741049885749818 3.0726850032806401 2.9908800125122075 0.41397500038146978 0.33780500292778021 0.79055002331733715 0.88355499505996715 0.58621501922607433 3.2546050548553471
decision_type=2 2 2 2 2 2 2 2 2 2 2 2 2 2 2 2 2 2 2 2 2 2 2 2 2 2 2 2 2 2
left_child=3 2 -2 -1 5 7 -7 -5 -8 -9 11 20 14 -14 23 17 -15 18 -16 -19 -6 -17 -23 24 -13 -25 28 -28 -27 -30
right_child=1 -3 -4 4 10 6 8 9 -10 -11 -12 12 13 16 15 21 -18 19 -20 -21 -22 22 -24 25 -26 26 27 -29 29 -31
leaf_value=1.0682023329010927e-06 -0.0001731556995727694 -0.00028672841394002677 0.00037332501075920725 -0.00050357339404361501 -9.2392678168582671e-06 6.2619706685530316e-05 -0.0016431554263907882 0.0010700891982724755 -0.00067595512915826796 0.0001941470605313901 3.1259401855139551e-05 -0.0013005380220597782 0.00031923683922876285 -0.00082367786313652339 -0.0008130966609444086 -0.0011008396622048846 0.00032046637108283985 0.001901513472974279 0.0010318018277401773 0.00010574882807819649 -0.00038620048293227252 0.00047647820834752642 -0.00059242750279207964 8.4286167350926044e-05 -0.00046253175110930612 -0.00034504590506288964 0.00042384392697103804 -0.00056410183479889062 -0.0010773628733831344 0.00057587833336520246
leaf_weight=469490 1071 2435 6003 2215 177913 2057 1237 1044 1234 1843 92756 1688 15038 3309 1041 1169 1062 1080 1030 1042 5591 1043 1556 3931 4045 7902 2247 1617 4679 1034
leaf_count=469490 1071 2435 6003 2215 177913 2057 1237 1044 1234 1843 92756 1688 15038 3309 1041 1169 1062 1080 1030 1042 5591 1043 1556 3931 4045 7902 2247 1617 4679 1034
internal_value=-1.12348e-05 0.000142753 0.000290588 -1.30428e-05 -3.25049e-05 -0.000246971 -0.000604661 7.04765e-05 -0.00116014 0.000510906 -2.6261e-05 -4.86769e-05 -0.000142771 0.000124451 -0.000290518 8.39612e-05 -0.000545691 0.000567648 0.000104453 0.00101971 -2.07245e-05 -0.000454281 -0.000163467 -0.000400353 -0.000709271 -0.000317633 -0.000408024 1.04101e-05 -0.000526777 -0.000778142
internal_weight=819402 9509 7074 809893 340403 9630 4528 5102 2471 2887 330773 238017 54513 19409 35104 7961 4371 4193 2071 2122 183504 3768 2599 27143 5733 21410 17479 3864 13615 5713
internal_count=819402 9509 7074 809893 340403 9630 4528 5102 2471 2887 330773 238017 54513 19409 35104 7961 4371 4193 2071 2122 183504 3768 2599 27143 5733 21410 17479 3864 13615 5713
is_linear=0
shrinkage=0.08


Tree=158
num_leaves=31
num_cat=0
split_feature=0 1 0 1 0 1 0 1 0 0 1 3 1 1 3 1 0 0 1 0 0 0 0 1 0 1 1 0 1 1
split_gain=0.072325 0.118425 0.137611 0.122214 0.230613 0.222262 0.107237 0.102088 0.179944 0.167757 0.163581 0.407324 0.143311 0.090154 0.0851443 0.291693 0.473502 0.270932 0.188315 0.225414 0.174792 0.147798 0.17533 0.142573 0.109266 0.415139 0.295208 0.405844 0.190242 0.32456
threshold=2.7693750858306889 -0.72843000292778004 4.6075801849365243 -0.63126501441001881 3.2299000024795537 -0.61973500251770008 2.7983599901199345 0.69628500938415538 1.7461850047111513 1.4155600070953371 1.352235019207001 1.5000000000000002 1.3000449538230898 0.75447499752044689 1.0000000180025095e-35 -0.087965000420808778 1.5637750029563906 2.7231450080871586 -0.42821499705314631 1.4559049606323244 2.7504100799560551 1.6123750209808352 1.658895015716553 0.20120500028133395 2.2459249496459965 0.26465499401092535 0.33780500292778021 2.5348649024963383 -0.034919999539852135 0.042975001037120826
decision_type=2 2 2 2 2 2 2 2 2 2 2 2 2 2 2 2 2 2 2 2 2 2 2 2 2 2 2 2 2 2
left_child=7 2 -2 4 -3 -5 -7 14 9 12 -10 -12 -9 -11 18 -16 -17 21 -1 -20 -21 -18 -23 -19 25 -24 27 28 -26 -30
right_child=1 3 -4 5 -6 6 -8 8 10 13 11 -13 -14 -15 15 16 17 23 19 20 -22 22 24 -25 26 -27 -28 -29 29 -31
leaf_value=4.871300802675971e-05 0.00017216050556656748 -0.0007219695510234719 -0.00069963970199586254 0.0011518221162331015 0.00010920250882272492 0.00030114327484945204 4.2401701083154343e-06 6.3990844388502996e-05 -0.00024326681730007301 -0.00035991314218608204 0.00024093422379388972 -0.00069157534638806791 -0.00067558881818497829 0.00044339763253275523 -4.2123874693118618e-05 -0.00027467791902515684 0.0011210757756817697 0.00017649764369757779 0.00014361925740959841 -0.0001470809498985466 -0.0010156920783910171 -0.00061572629871351695 0.00048812244303634954 -0.00097472056842031276 -0.00040027146891036058 -0.00015416379208353219 0.00070545330659151854 -0.00029026246167810309 0.0015599368058167625 0.00038495412720687536
leaf_weight=82727 42831 4110 1191 1100 4449 8008 280401 6270 46956 1002 14010 3814 2289 8305 126717 13262 1341 1159 18637 91926 1507 1391 13167 1696 1293 12607 11936 6837 1918 6980
leaf_count=82727 42831 4110 1191 1100 4449 8008 280401 6270 46956 1002 14010 3814 2289 8305 126717 13262 1341 1159 18637 91926 1507 1391 13167 1696 1293 12607 11936 6837 1918 6980
internal_value=-1.98587e-06 2.60943e-05 0.000148574 8.00507e-06 -0.000289923 1.6813e-05 1.2484e-05 -2.20926e-05 -0.00010295 0.000121828 -0.000164943 4.13948e-05 -0.000133801 0.000356912 -5.17905e-06 3.14445e-05 0.000158129 0.000253279 -4.28379e-05 -0.000110418 -0.000161091 0.000291067 0.000271237 -0.000507378 0.000293776 0.000173957 0.000400399 0.000186567 0.000506465 0.000638226
internal_weight=819837 342090 44022 298068 8559 289509 288409 477747 82646 17866 64780 17824 8559 9307 395101 200304 73587 60325 194797 112070 93433 57470 56129 2855 54738 25774 28964 17028 10191 8898
internal_count=819837 342090 44022 298068 8559 289509 288409 477747 82646 17866 64780 17824 8559 9307 395101 200304 73587 60325 194797 112070 93433 57470 56129 2855 54738 25774 28964 17028 10191 8898
is_linear=0
shrinkage=0.08


Tree=159
num_leaves=31
num_cat=0
split_feature=0 1 0 3 1 0 0 1 3 1 3 1 0 1 1 1 0 1 3 0 1 1 3 1 3 1 0 1 1 1
split_gain=0.037665 0.102943 0.259455 0.549476 0.202207 0.160221 0.111517 0.679873 0.343163 0.350252 0.242038 0.18045 0.123009 0.183731 0.31274 0.242556 0.217343 0.214059 0.186534 0.128342 0.311855 0.245181 0.320549 0.304177 0.200051 0.185189 0.118726 0.133293 0.224628 0.278964
threshold=2.236474990844727 -0.82248499989509571 2.855045080184937 1.5000000000000002 -1.1494199633598325 4.4493649005889901 2.6061549186706547 0.82949000597000133 1.0000000180025095e-35 0.2373050004243851 1.0000000180025095e-35 1.1477900147438052 2.2737300395965581 -0.38854500651359553 -0.42821499705314631 -0.32310499250888819 2.3379249572753911 -0.53252500295639027 1.5000000000000002 2.4373950958251958 -0.025834999978542324 -0.025834999978542324 1.5000000000000002 -0.19490000605583188 1.5000000000000002 0.077495001256465926 2.4555249214172368 -0.078710000962018953 0.56529501080513012 0.49272499978542333
decision_type=2 2 2 2 2 2 2 2 2 2 2 2 2 2 2 2 2 2 2 2 2 2 2 2 2 2 2 2 2 2
left_child=-1 2 3 4 -2 -4 7 8 26 12 11 -9 -10 14 16 -15 -14 18 -18 21 24 22 23 -17 -21 -23 27 -3 29 -29
right_child=1 6 5 -5 -6 -7 -8 10 9 -11 -12 -13 13 15 -16 19 17 -19 -20 20 -22 25 -24 -25 -26 -27 -28 28 -30 -31
leaf_value=-5.4554554468054759e-06 0.00019481583473229041 0.00014861612321965409 0.00013619880686791534 -0.00075146341917978502 -0.00025699955205318815 -0.00072159003778155982 2.2053387239984853e-05 -0.00038040486406193413 -0.00028320294347338343 0.00069050091241364955 -0.0005582424630465072 0.00027156390915241915 0.0011984884550010249 -0.00078378785433470127 0.0018621686851883151 -0.00089963998374487488 5.494215274912306e-05 -0.00049013473565669608 0.0010466224954351038 0.00044088185978420294 -8.9422251392983401e-05 0.0011758239605681106 -0.0013378480349998624 0.00088582586075708933 0.0015609955248681651 -1.1253206305956978e-05 0.00021149498340747763 -0.00026353237136357587 0.00035244860025102721 -0.0016376476581542614
leaf_weight=288349 13036 11273 31551 9033 12341 1458 354579 4960 2893 14589 10686 6008 1704 1750 1029 1072 2853 2078 2113 2442 3831 1403 1585 1419 1753 2100 17851 9935 3369 1045
leaf_count=288349 13036 11273 31551 9033 12341 1458 354579 4960 2893 14589 10686 6008 1704 1750 1029 1072 2853 2078 2113 2442 3831 1403 1585 1419 1753 2100 17851 9935 3369 1045
internal_value=1.78265e-05 3.04517e-05 -6.1924e-05 -0.000215634 -2.49049e-05 9.83105e-05 4.38646e-05 0.000114338 0.000213064 0.000368933 -0.000287274 -2.32724e-05 0.000212684 0.000265559 0.000542923 0.000109305 0.000387744 0.000191619 0.000476896 0.000209459 0.000432405 -2.6635e-05 -0.000448458 0.000117452 0.000908953 0.000464188 5.31045e-05 -5.72472e-05 -0.000218979 -0.000394311
internal_weight=820088 531739 67419 34410 25377 33009 464320 109741 88087 44614 21654 10968 30025 27132 9777 17355 8748 7044 4966 15605 8026 7579 4076 2491 4195 3503 43473 25622 14349 10980
internal_count=820088 531739 67419 34410 25377 33009 464320 109741 88087 44614 21654 10968 30025 27132 9777 17355 8748 7044 4966 15605 8026 7579 4076 2491 4195 3503 43473 25622 14349 10980
is_linear=0
shrinkage=0.08


Tree=160
num_leaves=31
num_cat=0
split_feature=2 0 3 2 0 0 0 2 0 3 0 0 3 0 0 2 0 0 0 0 2 0 0 0 0 0 0 0 0 0
split_gain=0.0799941 0.0536106 0.202301 0.216583 0.0860979 0.127616 0.124525 0.212368 0.125591 0.119359 0.172265 0.104716 0.0922706 0.165889 0.294653 0.381545 0.138497 0.135092 0.124593 0.120758 0.105282 0.0992954 0.153107 0.157377 0.0930367 0.0828778 0.096635 0.120915 0.0840278 0.281901
threshold=1.5000000000000002 3.8010050058364873 1.0000000180025095e-35 2.5000000000000004 2.9707000255584721 2.8929450511932377 2.7599399089813237 2.5000000000000004 2.7326350212097172 1.0000000180025095e-35 3.031194925308228 2.9121649265289311 1.5000000000000002 2.0101149082183842 1.3727650046348574 2.5000000000000004 2.0860500335693364 1.4559049606323244 2.0216650962829594 1.1279850006103518 2.5000000000000004 2.6509549617767338 2.6243550777435307 2.5975749492645268 0.75101500749588024 2.2175250053405766 2.1775450706481938 2.1372649669647221 2.383835077285767 2.4276549816131596
decision_type=2 2 2 2 2 2 2 2 2 2 2 2 2 2 2 2 2 2 2 2 2 2 2 2 2 2 2 2 2 2
left_child=-1 4 3 -3 5 6 8 -8 12 10 -6 -7 18 14 15 -14 20 -16 -2 24 -15 22 23 25 -17 26 27 -18 -27 -30
right_child=1 2 -4 -5 9 11 7 -9 -10 -11 -12 -13 13 16 17 19 21 -19 -20 -21 -22 -23 -24 -25 -26 28 -28 -29 29 -31
leaf_value=-3.3769905573002287e-06 0.00011241988073163654 9.8517544535660384e-05 0.0003106108168742841 -0.00099846732093641704 -0.00061730218573824447 0.00087016815563364729 -0.0004206967127867757 0.0002055207722851742 0.00057894970723743099 -0.00010958498280913358 0.0002417127917173479 0.00021057601141393395 -0.00015038770568167313 0.0013120338061254682 -0.00093082645775182369 0.0011495570332067167 -0.00018999278947494179 -0.00013057688050923289 -7.2354597977879932e-05 0.0014356349987268912 0.00031968248997907007 -0.00017399787431351585 0.0011511384940985523 -0.00066892211398459538 0.00016702435263179821 0.0005749582789379452 -0.0005316944577712831 0.00074179133155006919 -0.00063808283165484384 0.00043068336487938719
leaf_weight=562800 44238 3508 16259 1715 1676 2055 8716 5754 3087 44614 13765 6152 4381 1361 1480 1038 2006 15379 49477 1700 1376 3621 1213 1185 1520 7020 1547 1604 1987 7701
leaf_count=562800 44238 3508 16259 1715 1676 2055 8716 5754 3087 44614 13765 6152 4381 1361 1480 1038 2006 15379 49477 1700 1376 3621 1213 1185 1520 7020 1547 1604 1987 7701
internal_value=1.35131e-05 5.04811e-05 0.000171467 -0.000261683 3.94521e-05 6.77312e-05 5.263e-05 -0.000171681 7.38553e-05 -4.32345e-05 0.000148473 0.000375735 6.34489e-05 0.000144576 -6.15408e-06 0.000373753 0.000270088 -0.000200828 1.48679e-05 0.000913034 0.000813139 0.000216784 0.000275105 0.000229004 0.000565722 0.000277668 -2.68054e-06 0.000224019 0.000364199 0.00021148
internal_weight=819935 257135 21482 5223 235653 175598 167391 14470 152921 60055 15441 8207 149834 56119 25498 8639 30621 16859 93715 4258 2737 27884 24263 23050 2558 21865 5157 3610 16708 9688
internal_count=819935 257135 21482 5223 235653 175598 167391 14470 152921 60055 15441 8207 149834 56119 25498 8639 30621 16859 93715 4258 2737 27884 24263 23050 2558 21865 5157 3610 16708 9688
is_linear=0
shrinkage=0.08


Tree=161
num_leaves=31
num_cat=0
split_feature=2 1 3 1 1 3 1 1 3 1 1 1 1 1 1 1 1 1 1 1 1 1 1 1 1 3 1 1 1 3
split_gain=0.0529739 0.0725178 0.108753 0.35035 0.256156 0.319987 0.137034 0.21789 0.106852 0.515768 0.236031 0.225876 0.129776 0.127342 0.252381 0.176944 0.120436 0.111921 0.217758 0.110513 0.243182 0.126542 0.169916 0.106548 0.127518 0.133561 0.316404 0.103257 0.100171 0.212993
threshold=2.5000000000000004 0.7778649926185609 1.0000000180025095e-35 -0.89737498760223378 -1.0697450041770933 1.5000000000000002 0.61858499050140392 0.58621501922607433 1.5000000000000002 -0.18604499846696851 -0.32310499250888819 -0.09674499928951262 0.50270497798919689 -0.034919999539852135 0.24607999622821811 0.39493499696254736 0.50270497798919689 0.15719499439001086 0.11249499768018724 0.34728500247001654 0.26465499401092535 0.12142500281333925 0.20120500028133395 0.86929500102996837 0.91235998272895824 1.0000000180025095e-35 1.1098350286483767 -0.57517498731613148 1.5398749709129336 1.5000000000000002
decision_type=2 2 2 2 2 2 2 2 2 2 2 2 2 2 2 2 2 2 2 2 2 2 2 2 2 2 2 2 2 2
left_child=-1 2 3 -2 5 -4 7 8 9 -6 -10 -11 19 -12 17 -16 -17 18 -15 20 21 -13 -23 -3 -25 26 -26 -5 -27 -30
right_child=1 23 4 27 6 -7 -8 -9 10 11 13 12 -14 14 15 16 -18 -19 -20 -21 -22 22 -24 24 25 28 -28 -29 29 -31
leaf_value=-8.1344144730064536e-07 -0.00071976254116054063 0.0005324095617313759 -0.00033185159278596737 0.00077346200974521238 0.00037570422078678017 0.00074075948245332069 -0.0006169300034008006 0.0010081939584252141 -0.00056600170118678214 -0.0013360791592152211 0.00018053814462766108 -0.00041240351240707867 -0.001081414171095875 -0.0006918674037606718 0.00052178233659688441 -0.00067239873267317804 0.00022989505664760954 -0.0011057107327856993 0.00061696986009993852 0.00030590841924727315 -0.0013239072081590595 0.0009597555058936106 -0.00040626180719195232 -0.00076093439650854486 0.00078892871688801558 5.2156743874655009e-05 -0.00090976616161601994 0.00015989975531747195 -0.00022535783075151026 0.0011262419414735522
leaf_weight=716649 2876 2814 3002 2051 10057 4373 4564 1002 11499 1450 6475 3585 1133 3510 3199 2193 1666 2003 1059 2310 1293 1290 1063 1299 1014 8910 2279 12181 1252 1847
leaf_count=716649 2876 2814 3002 2051 10057 4373 4564 1002 11499 1450 6475 3585 1133 3510 3199 2193 1666 2003 1059 2310 1293 1290 1063 1299 1014 8910 2279 12181 1252 1847
internal_value=-8.5319e-06 -6.21056e-05 -9.43703e-05 8.55782e-05 -0.000140508 0.000304152 -0.000195761 -0.000160676 -0.000182452 -4.78563e-05 -0.000276917 -0.000399205 -0.000271936 -0.000111575 -0.000250345 8.18385e-05 -0.000282862 -0.000607094 -0.000388506 -0.00017581 -0.000329699 -0.00011321 0.000342638 7.72135e-05 5.4232e-08 6.46552e-05 -0.000386694 0.000248321 0.00018842 0.000580194
internal_weight=819898 103249 83834 17108 66726 7375 59351 54787 53785 22181 31604 12124 10674 20105 13630 7058 3859 6572 4569 9541 7231 5938 2353 19415 16601 15302 3293 14232 12009 3099
internal_count=819898 103249 83834 17108 66726 7375 59351 54787 53785 22181 31604 12124 10674 20105 13630 7058 3859 6572 4569 9541 7231 5938 2353 19415 16601 15302 3293 14232 12009 3099
is_linear=0
shrinkage=0.08


Tree=162
num_leaves=31
num_cat=0
split_feature=0 1 1 0 1 1 0 1 1 0 1 1 1 0 0 0 1 1 2 1 2 1 0 0 0 0 1 0 1 1
split_gain=0.0224775 0.0936731 0.161389 0.221866 0.181575 0.0982425 0.091488 0.399905 0.583849 0.277212 0.208231 0.193223 0.552878 0.183229 0.14927 0.145183 0.315827 0.298714 0.139798 0.135432 0.517024 0.285908 0.2363 0.442154 0.396847 0.275691 0.218843 0.172482 0.145761 0.132016
threshold=2.8736749887466435 0.6741049885749818 -0.37875001132488245 2.8929450511932377 0.26465499401092535 -2.0247749090194698 2.3655949831008916 -0.74143001437187184 0.82949000597000133 2.3744699954986577 0.85535499453544628 0.09470000118017198 0.11249499768018724 2.7983599901199345 2.7599399089813237 2.3471150398254399 0.025634999386966232 0.35660000145435339 1.5000000000000002 -0.025834999978542324 1.5000000000000002 -0.061204999685287469 2.5435550212860112 2.7789149284362797 2.7050449848175053 2.6243550777435307 -0.087965000420808778 2.5975749492645268 0.016889999620616439 -1.0146600008010862
decision_type=2 2 2 2 2 2 2 2 2 2 2 2 2 2 2 2 2 2 2 2 2 2 2 2 2 2 2 2 2 2
left_child=6 2 5 4 -4 -2 15 29 9 -9 -10 19 -13 14 -14 -1 -17 -18 -16 21 22 26 -21 24 25 -24 27 -11 -22 -8
right_child=1 -3 3 -5 -6 -7 7 8 10 11 -12 12 13 -15 18 16 17 -19 -20 20 28 -23 23 -25 -26 -27 -28 -29 -30 -31
leaf_value=-1.7285057578506956e-05 -0.00054460622008323386 3.7747308194661269e-05 -0.0012570743234056065 -9.2114007172053579e-05 2.2395608343137758e-05 5.7114769417125047e-05 -8.0377030924611172e-05 0.0011003983270324871 -0.0011571921759954609 0.00028318828049327788 -0.00015722141024453084 0.0017994101056322464 0.00025140955759396538 -0.00013089324389329215 0.0011038521513964917 0.00014235112669761806 -0.0020847521794983342 -0.00043379820830207876 0.00010123011613186032 0.00086900694875401499 -0.0017149263834299508 0.00089228705983299562 -0.00090262471365968916 0.0011563493910117946 -0.0019274424479007307 0.0008939954940447569 -0.00069958009511441016 -2.8090222122806687e-05 -0.00061592738256641599 -0.00041580459754872901
leaf_weight=326464 1782 96689 1915 136404 1128 68098 18926 2077 1393 21054 30817 1489 40003 7460 2635 3395 1033 2185 1344 2291 1192 2922 1110 1233 1022 1077 2214 24827 2194 12449
leaf_count=326464 1782 96689 1915 136404 1128 68098 18926 2077 1393 21054 30817 1489 40003 7460 2635 3395 1033 2185 1344 2291 1192 2922 1110 1233 1022 1077 2214 24827 2194 12449
internal_value=-1.02197e-05 -2.7378e-05 -5.74596e-05 -0.000107186 -0.000782792 4.17704e-05 1.94721e-08 4.60196e-05 0.000100898 0.000184475 -0.000200468 0.000167797 0.000279698 0.00023571 0.000297891 -2.48023e-05 -0.000395904 -0.000963766 0.000765193 7.09149e-05 -0.000196441 0.000123944 0.000209082 -0.00013128 -0.000626029 -1.78694e-05 7.72633e-05 0.00011475 -0.00100282 -0.000213468
internal_weight=818822 306016 209327 139447 3043 69880 512806 179729 148354 116144 32210 114067 52931 51442 43982 333077 6613 3218 3979 61136 10119 51017 6733 4442 3209 2187 48095 45881 3386 31375
internal_count=818822 306016 209327 139447 3043 69880 512806 179729 148354 116144 32210 114067 52931 51442 43982 333077 6613 3218 3979 61136 10119 51017 6733 4442 3209 2187 48095 45881 3386 31375
is_linear=0
shrinkage=0.08


Tree=163
num_leaves=31
num_cat=0
split_feature=0 0 3 1 0 1 0 1 1 3 0 3 1 0 0 3 0 1 1 1 0 1 1 0 0 1 1 1 1 0
split_gain=0.0479711 0.17899 0.121258 0.0903369 0.0704724 0.0616523 0.0616358 0.136579 0.26838 0.174117 0.134679 0.151223 0.31829 0.124585 0.0872987 0.121055 0.083921 0.204552 0.103642 0.0794592 0.0567075 0.302623 0.164876 0.20379 0.0746105 0.161292 0.223824 0.20167 0.10504 0.0785051
threshold=2.4644500017166142 2.4905850887298588 1.0000000180025095e-35 0.39493499696254736 2.4737600088119511 -0.67946499586105336 2.3928849697113042 1.004474997520447 0.09470000118017198 1.5000000000000002 2.4555249214172368 1.5000000000000002 -0.74143001437187184 2.40149998664856 2.383835077285767 1.0000000180025095e-35 2.4276549816131596 -0.43813998997211451 -0.52108499407768238 -0.8083449900150298 2.3655949831008916 0.57619997859001171 -0.28576499223709101 2.3744699954986577 2.3471150398254399 -0.37875001132488245 0.53323501348495495 0.025634999386966232 -0.82248499989509571 2.3289599418640141
decision_type=2 2 2 2 2 2 2 2 2 2 2 2 2 2 2 2 2 2 2 2 2 2 2 2 2 2 2 2 2 2
left_child=6 2 3 4 -2 -4 14 8 10 -10 11 13 -13 -8 20 -16 18 19 -15 -18 24 22 -22 -24 29 28 27 -27 -26 -1
right_child=1 -3 5 -5 -6 -7 7 -9 9 -11 -12 12 -14 16 15 -17 17 -19 -20 -21 21 -23 23 -25 25 26 -28 -29 -30 -31
leaf_value=1.2102318934483771e-05 0.00018426450952766012 -9.6010836477616723e-06 -9.5981742891589216e-05 0.00042870643982352178 -0.00061347432077868088 -0.00079591576078234393 0.00094121423042791308 -0.00035493596378688083 0.00037580491133111315 0.0012599080864789144 -0.00068575774343819789 -0.0015479375426415765 0.00024590894845542171 0.00027506066858992337 -0.00090456166001314311 8.8576120045036086e-05 0.00027343767842843942 0.00097237931206723912 -0.00055139467583098891 -0.000672711858647983 9.0477356160836183e-05 -0.00071320207430863218 0.0017515283665425322 0.00030751431809454582 -0.00023853715203194927 -0.00023801731790987001 0.000175459230610143 -0.0016393084948556952 0.00088623754675764719 0.00029373917027538066
leaf_weight=320552 1117 441703 1026 1545 1939 3746 1362 3113 6899 1797 1656 1033 1635 1872 1567 1575 1279 1915 2018 1022 2438 1580 1226 1277 1079 1215 1723 1432 1047 6462
leaf_count=320552 1117 441703 1026 1545 1939 3746 1362 3113 6899 1797 1656 1033 1635 1872 1567 1575 1279 1915 2018 1022 2438 1580 1226 1277 1079 1215 1723 1432 1047 6462
internal_value=5.55107e-07 -1.69421e-05 -0.000362886 -6.98439e-05 -0.000321892 -0.000645427 2.19572e-05 0.000141701 0.000210451 0.000558502 -8.99932e-06 8.33468e-05 -0.000448635 0.000233255 1.30242e-05 -0.000406728 0.000114301 0.000361556 -0.000153676 -0.000146799 1.69029e-05 0.000250543 0.000558724 0.00101481 1.23346e-05 -0.000256135 -0.00053418 -0.000996102 0.000315385 1.76676e-05
internal_weight=819850 451076 9373 4601 3056 4772 368774 25601 22488 8696 13792 12136 2668 9468 343173 3142 8106 4216 3890 2301 340031 6521 4941 2503 333510 6496 4370 2647 2126 327014
internal_count=819850 451076 9373 4601 3056 4772 368774 25601 22488 8696 13792 12136 2668 9468 343173 3142 8106 4216 3890 2301 340031 6521 4941 2503 333510 6496 4370 2647 2126 327014
is_linear=0
shrinkage=0.08


Tree=164
num_leaves=31
num_cat=0
split_feature=1 0 0 0 0 3 1 0 3 1 1 0 1 3 1 0 1 0 3 1 1 0 1 1 1 0 1 3 1 1
split_gain=0.0408267 0.119374 0.0955899 0.140007 0.186044 0.341058 0.151482 0.103553 0.110323 0.0976653 0.0963283 0.139787 0.0902079 0.136443 0.129353 0.216074 0.103536 0.0775982 0.368177 0.0722627 0.129167 0.0698567 0.0680512 0.0657784 0.0632972 0.0551763 0.16894 0.183864 0.205239 0.208512
threshold=0.91235998272895824 5.0118300914764413 1.2501950263977053 1.8852050304412844 2.6061549186706547 1.0000000180025095e-35 1.4673249721527102 2.5169450044631962 1.5000000000000002 1.3000449538230898 1.1880750060081484 2.3744699954986577 1.1477900147438052 1.5000000000000002 1.0208449959754946 2.227124929428101 1.4673249721527102 3.9545400142669682 1.5000000000000002 1.579819977283478 1.1098350286483767 4.1522002220153817 1.3788350224494936 1.7208549976348879 0.92579501867294323 3.9545400142669682 -1.0893749594688413 1.5000000000000002 -0.34146000444889063 0.53323501348495495
decision_type=2 2 2 2 2 2 2 2 2 2 2 2 2 2 2 2 2 2 2 2 2 2 2 2 2 2 2 2 2 2
left_child=25 2 9 6 5 10 -4 12 -9 -2 11 -5 14 -14 15 -7 -15 24 19 20 -19 -21 -3 -12 -6 -1 -27 -28 -29 -30
right_child=1 22 3 4 17 7 -8 8 -10 -11 23 -13 13 16 -16 -17 -18 18 -20 21 -22 -23 -24 -25 -26 26 27 28 29 -31
leaf_value=-1.5451853217976849e-05 -8.7346212203386993e-06 -1.0743571949195509e-05 0.00050980858475977938 0.00018687230485451447 0.00066697134193485091 -0.0012283621114861762 -0.0001274931199491827 -0.0004234879001283126 -0.0015188337628670564 -0.00085065134859402096 0.00043191478831063995 -0.00055924168946868075 -0.00019698013963903119 -0.0013066228528356831 0.00038597556472604727 0.00027267353658980636 -0.00042603717505954725 -3.6712498397801217e-05 0.00048199647642420803 -0.00056433833257404854 -0.00074810281840360221 0.0001906918060127535 -0.00085315611521221118 -4.4209244442247581e-05 0.00012493382483100483 -0.00054744382123793692 0.00025642692711303004 0.00042877121053526066 -0.00047862676101951662 0.00025390494122972139
leaf_weight=644831 2150 1046 8273 4190 1409 1170 3355 1420 1005 1495 6601 2607 4878 1670 2383 1291 1750 2605 5342 1138 4380 2523 1485 2584 64359 2589 24358 3642 8261 3558
leaf_count=644831 2150 1046 8273 4190 1409 1170 3355 1420 1005 1495 6601 2607 4878 1670 2383 1291 1750 2605 5342 1138 4380 2523 1485 2584 64359 2589 24358 3642 8261 3558
internal_value=-1.83399e-06 3.90761e-05 4.97862e-05 6.15683e-05 3.4438e-05 -0.000130583 0.000325929 -0.0003971 -0.000877435 -0.000354048 0.000129013 -9.93009e-05 -0.000308467 -0.000468606 -3.41417e-05 -0.000440944 -0.000856031 9.81185e-05 -5.99576e-05 -0.000331902 -0.000482795 -4.40048e-05 -0.000505008 0.000297968 0.000136546 -9.63868e-06 7.8753e-05 0.000119468 -9.63041e-05 -0.000258105
internal_weight=818348 131109 128578 124933 113305 31549 11628 15567 2425 3645 15982 6797 13142 8298 4844 2461 3420 81756 15988 10646 6985 3661 2531 9185 65768 687239 42408 39819 15461 11819
internal_count=818348 131109 128578 124933 113305 31549 11628 15567 2425 3645 15982 6797 13142 8298 4844 2461 3420 81756 15988 10646 6985 3661 2531 9185 65768 687239 42408 39819 15461 11819
is_linear=0
shrinkage=0.08


Tree=165
num_leaves=31
num_cat=0
split_feature=1 1 2 1 1 2 1 2 1 1 1 2 1 1 3 1 1 1 1 1 1 3 1 1 1 1 1 3 1 1
split_gain=0.0295233 0.12704 0.141742 0.121353 0.0750443 0.164097 0.0626047 0.0465721 0.0866065 0.14655 0.0399126 0.030238 0.110541 0.195765 0.0767975 0.396935 0.325695 0.127638 0.108819 0.0864284 0.08374 0.0784191 0.0700371 0.089974 0.0571815 0.155104 0.0552313 0.0510179 0.0697305 0.103272
threshold=0.36592499911785131 0.39493499696254736 2.5000000000000004 0.30093999207019811 0.29182499647140508 1.5000000000000002 0.28307500481605535 1.0000000180025095e-35 0.37631000578403478 0.38572500646114355 0.37631000578403478 2.5000000000000004 -0.09674499928951262 0.2373050004243851 1.5000000000000002 -1.0514999628067014 -1.0893749594688413 -0.23139999806880948 -0.34146000444889063 -0.89737498760223378 -0.72843000292778004 1.0000000180025095e-35 -0.78109499812126149 -0.94593498110771168 -1.1957349777221677 -1.4231849908828733 -0.41817499697208399 1.0000000180025095e-35 0.016889999620616439 0.11249499768018724
decision_type=2 2 2 2 2 2 2 2 2 2 2 2 2 2 2 2 2 2 2 2 2 2 2 2 2 2 2 2 2 2
left_child=3 2 7 4 6 -6 11 8 -2 -10 -9 -1 14 27 16 24 21 22 19 -18 -21 -13 23 -17 25 -16 -22 -14 -29 -30
right_child=1 -3 -4 -5 5 -7 -8 10 9 -11 -12 12 13 -15 15 17 18 -19 -20 20 26 -23 -24 -25 -26 -27 -28 28 29 -31
leaf_value=9.0606045330341968e-06 -0.00052484365433969494 1.5515892794083505e-05 0.0010994121230271639 -0.00018738047874730109 -7.4379321611698137e-06 0.001227895517868593 -0.00035955106435459511 0.00068347426062006253 0.0008515421736199093 -0.00034611156091092575 0.00019199402698912525 -0.00086749325016640885 -2.5475748031577316e-05 0.00049991294068564497 0.00083809623418801033 -0.00064954763074934196 -4.244452361379489e-05 0.00018739529546853463 -1.14699109167848e-05 0.00089004646107457286 0.00025294327834458999 -0.00020727946703023203 -0.00048612375655725216 0.00024779844914301133 0.0010320509622335019 -0.00028025951147100052 0.00075901381789776482 -0.00012384785580912803 -0.00081923325306759004 -0.00026512332068109401
leaf_weight=439015 1369 278994 1261 22666 2133 1016 3091 1623 1325 1291 3035 1926 3332 2184 2002 1082 2337 3087 6149 2593 6157 2863 10157 2109 1237 1315 1779 4616 3835 4907
leaf_count=439015 1369 278994 1261 22666 2133 1016 3091 1623 1325 1291 3035 1926 3332 2184 2002 1082 2337 3087 6149 2593 6157 2863 10157 2109 1237 1315 1779 4616 3835 4907
internal_value=4.92614e-06 2.55112e-05 0.000307077 -6.26106e-06 1.80551e-06 0.000391133 -6.18485e-07 0.000191477 -9.29676e-06 0.000260498 0.000363242 1.5886e-06 -4.99345e-05 -0.000212328 1.84916e-05 -9.3063e-05 0.000116854 -0.000276196 0.00026536 0.000397665 0.000495351 -0.000472799 -0.00038341 -5.64725e-05 0.000567847 0.000394732 0.000366388 -0.000305529 -0.000375386 -0.000508204
internal_weight=820486 288898 9904 531588 508922 3149 505773 8643 3985 2616 4658 502682 63667 18874 44793 20989 23804 16435 19015 12866 10529 4789 13348 3191 4554 3317 7936 16690 13358 8742
internal_count=820486 288898 9904 531588 508922 3149 505773 8643 3985 2616 4658 502682 63667 18874 44793 20989 23804 16435 19015 12866 10529 4789 13348 3191 4554 3317 7936 16690 13358 8742
is_linear=0
shrinkage=0.08


Tree=166
num_leaves=31
num_cat=0
split_feature=1 1 1 0 1 3 0 0 1 0 1 0 1 1 3 0 0 1 0 0 1 0 1 1 1 1 1 0 0 1
split_gain=0.0212481 0.205037 0.13243 0.0731301 0.0747862 0.529026 0.2293 0.203078 0.276197 0.536335 0.185925 0.204516 0.200362 0.194449 0.151925 0.857264 0.266916 0.154207 0.184845 0.280924 0.143849 0.175905 0.171814 0.141058 0.116532 0.231902 0.168877 0.179189 0.117043 0.111431
threshold=0.30093999207019811 0.31001999974250799 0.29182499647140508 3.1942899227142338 1.1291350126266482 1.5000000000000002 1.2228899598121645 2.902344942092896 0.37631000578403478 3.083110094070435 2.0098299980163579 1.9440699815750124 1.3000449538230898 1.4064800143241885 1.5000000000000002 2.0753901004791264 1.7028499841690066 0.69628500938415538 2.0216650962829594 1.9560250043869021 0.6741049885749818 1.5637750029563906 0.76607000827789318 0.41397500038146978 0.49272499978542333 0.76607000827789318 0.70775499939918529 2.5435550212860112 2.4819350242614751 0.44294500350952154
decision_type=2 2 2 2 2 2 2 2 2 2 2 2 2 2 2 2 2 2 2 2 2 2 2 2 2 2 2 2 2 2
left_child=2 -2 -1 4 7 6 -6 14 9 -9 11 -7 -13 -14 16 20 -3 18 19 29 21 -16 -22 -10 -17 26 27 -26 -27 -18
right_child=1 3 -4 -5 5 10 -8 8 23 -11 -12 12 13 -15 15 24 17 -19 -20 -21 22 -23 -24 -25 25 28 -28 -29 -30 -31
leaf_value=1.2225518256045659e-07 -0.00065597281772683893 0.00018749333717263958 0.00051922693522794155 3.8007383771895878e-05 -0.00074364776396849313 0.00017290312836605839 0.00020743002230036133 -0.0018836374861954913 0.00055990088008033934 0.00044177430748241022 0.00033474357572359892 -0.00018948774920696501 -0.0019299395781679587 -0.00077797399546711667 -0.00080351742968550149 0.00017124104494509917 0.00028241278375710848 -0.00026731036575166646 3.6102945212912925e-05 -0.0011614309115874136 -0.0017505141464911017 0.00018276639926359515 -0.00052958317715908387 -0.00023665725758356489 0.00033911268580132852 0.00070335972060732248 0.0019308072393320053 0.0013502730771583187 -6.5763863820304322e-05 -0.00037266298871316191
leaf_weight=504499 3243 20121 3165 104195 1691 1841 39979 1738 1519 1000 1649 2579 1232 3927 1876 4475 2714 34134 37175 2165 1001 3021 2804 22466 2444 2249 1047 2073 2898 4287
leaf_count=504499 3243 20121 3165 104195 1691 1841 39979 1738 1519 1000 1649 2579 1232 3927 1876 4475 2714 34134 37175 2165 1001 3021 2804 22466 2444 2249 1047 2073 2898 4287
internal_value=-6.7345e-06 -2.31813e-05 3.35858e-06 -1.6525e-05 -4.43636e-05 3.75093e-05 0.000168835 -7.30059e-05 -0.000273107 -0.00103433 -0.000449873 -0.000584942 -0.000765247 -0.00105307 -3.00502e-05 0.000151313 -7.31175e-05 -0.000138277 -4.3234e-05 -0.000365005 -0.000481783 -0.000195071 -0.000850779 -0.00018621 0.000514094 0.000657337 0.00101536 0.000803167 0.000270307 -0.000118717
internal_weight=819207 311543 507664 308300 204105 52898 41670 151207 26723 2738 11228 9579 7738 5159 124484 23888 100596 80475 46341 9166 8702 4897 3805 23985 15186 10711 5564 4517 5147 7001
internal_count=819207 311543 507664 308300 204105 52898 41670 151207 26723 2738 11228 9579 7738 5159 124484 23888 100596 80475 46341 9166 8702 4897 3805 23985 15186 10711 5564 4517 5147 7001
is_linear=0
shrinkage=0.08


Tree=167
num_leaves=31
num_cat=0
split_feature=1 1 2 3 1 1 3 2 1 2 1 1 1 2 2 1 2 1 1 1 1 1 2 1 1 1 1 1 1 2
split_gain=0.038526 0.0194264 0.180767 0.103773 0.0215313 0.186664 0.0749173 0.070023 0.0495777 0.14592 0.0890061 0.115955 0.0835665 0.15556 0.104649 0.0651725 0.0554476 0.0457402 0.0882545 0.0441742 0.0377771 0.0656055 0.0691781 0.0634787 0.0944654 0.0607631 0.108954 0.0588083 0.0559248 0.0530213
threshold=-2.0247749090194698 -1.0893749594688413 1.0000000180025095e-35 1.0000000180025095e-35 -0.38854500651359553 -0.40793499350547785 1.0000000180025095e-35 2.5000000000000004 -0.44781500101089472 1.0000000180025095e-35 -0.42821499705314631 -0.41817499697208399 -0.47867499291896815 1.5000000000000002 2.5000000000000004 -0.48883000016212458 1.0000000180025095e-35 -0.79456001520156849 -0.59735000133514393 -0.47867499291896815 -0.31415499746799463 -0.32310499250888819 1.5000000000000002 -0.3509449958801269 -0.36913000047206873 -0.33192001283168787 -0.35998500883579249 -0.3509449958801269 -0.37875001132488245 1.0000000180025095e-35
decision_type=2 2 2 2 2 2 2 2 2 2 2 2 2 2 2 2 2 2 2 2 2 2 2 2 2 2 2 2 2 2
left_child=-1 2 3 -2 5 6 7 17 12 -10 -11 -12 15 16 -15 -8 -14 -3 -19 -20 21 22 23 24 -6 26 28 -28 -24 -25
right_child=1 4 -4 -5 20 -7 8 -9 9 10 11 -13 13 14 -16 -17 -18 18 19 -21 -22 -23 25 29 -26 -27 27 -29 -30 -31
leaf_value=0.00015598516219986037 -6.541765057665803e-05 0.00013729898908549029 6.7437265830349742e-05 -0.00035991610488873941 0.00016212098944281463 0.00044929436861070477 -3.1480229488982779e-05 0.00038029183087876845 0.00036954107310629481 -0.00080398924714280076 0.00040025667099277066 -0.00068958660011235614 0.00031326438130257339 -0.00066694139123520569 0.00041650417246101172 -0.00054345477320540407 0.0010240318349346107 -0.00011139588860473051 0.00018863574458988675 -2.4684234717389696e-05 -3.5122852959733315e-07 -0.00044386831610059707 -2.2335155878726423e-05 4.4884983644101812e-05 -0.00036977102269741618 -0.00082921743474113603 0.00065996782537318919 -7.3776455065548347e-05 -0.00074264326096970068 0.00051175349391112586
leaf_weight=10108 18934 25283 42698 12858 4390 6460 76695 4351 1812 2516 1284 1217 1325 1308 1012 1625 1495 22514 15821 10230 534528 3119 1041 3809 4164 1014 1044 2116 2045 2633
leaf_count=10108 18934 25283 42698 12858 4390 6460 76695 4351 1812 2516 1284 1217 1325 1308 1012 1625 1495 22514 15821 10230 534528 3119 1041 3809 4164 1014 1044 2116 2045 2633
internal_value=7.68236e-07 -1.17029e-06 -4.00991e-05 -0.000184525 2.77582e-06 2.72737e-05 1.1093e-05 6.84139e-05 -3.85525e-05 -0.000245794 -0.000468036 -0.000130067 -2.15953e-05 0.000290884 -0.000194335 -4.21028e-05 0.000690072 5.00386e-05 4.61071e-06 0.000104867 -4.8788e-06 -0.000100253 -5.20978e-05 4.60388e-05 -9.67986e-05 -0.000254805 -0.000161553 0.000168638 -0.000499662 0.000235705
internal_weight=819449 809341 74490 31792 734851 174948 168488 78199 90289 6829 5017 2501 83460 5140 2320 78320 2820 73848 48565 26051 559903 25375 22256 14996 8554 7260 6246 3160 3086 6442
internal_count=819449 809341 74490 31792 734851 174948 168488 78199 90289 6829 5017 2501 83460 5140 2320 78320 2820 73848 48565 26051 559903 25375 22256 14996 8554 7260 6246 3160 3086 6442
is_linear=0
shrinkage=0.08


Tree=168
num_leaves=31
num_cat=0
split_feature=1 1 0 0 0 2 0 2 0 1 0 1 2 1 2 2 0 2 2 0 0 1 1 2 0 0 1 1 0 1
split_gain=0.0583953 0.111998 0.196529 0.206128 0.12088 0.297154 0.223933 0.189203 0.179914 0.169135 0.0955108 0.0929214 0.0862495 0.0805687 0.235586 0.169471 0.114213 0.0928958 0.081763 0.0741504 0.126104 0.267429 0.0892882 0.0707417 0.234985 0.23364 0.297364 0.269837 0.214375 0.129007
threshold=-0.70328500866889943 -0.8083449900150298 1.8112099766731264 2.096270084381104 1.2228899598121645 2.5000000000000004 2.1270649433135991 1.5000000000000002 2.7504100799560551 -1.1957349777221677 4.6075801849365243 -1.0328249931335447 1.0000000180025095e-35 -1.3896800279617307 2.5000000000000004 2.5000000000000004 2.3928849697113042 1.0000000180025095e-35 1.0000000180025095e-35 1.4155600070953371 1.798830032348633 -1.0893749594688413 -1.0328249931335447 1.0000000180025095e-35 0.87617999315261852 3.8472249507904057 1.5398749709129336 1.1669950485229494 1.3501800298690798 1.2086899876594546
decision_type=2 2 2 2 2 2 2 2 2 2 2 2 2 2 2 2 2 2 2 2 2 2 2 2 2 2 2 2 2 2
left_child=1 4 -3 12 5 -1 7 11 13 -7 -10 -6 -4 15 16 18 -15 -18 -8 -9 22 -22 -21 25 -25 27 -27 28 -2 -26
right_child=23 2 3 -5 6 9 8 19 10 -11 -12 -13 -14 14 -16 -17 17 -19 -20 20 21 -23 -24 24 29 26 -28 -29 -30 -31
leaf_value=-8.2723068325534142e-05 -0.00016831696057429245 0.00017730267123643664 -0.00041306840001590668 -0.00020916665601796209 -4.2828353361098063e-05 -0.0016790052655757002 -0.00035688147900363344 -2.292367637314588e-05 7.3944302031800336e-05 -0.00029287784165230941 -0.00070064333526581287 0.00025738458029019577 -0.0012727616877435232 2.2556863426722584e-05 -0.00092052629140957384 0.00090460785664845387 -0.00010950451336447516 -0.00054336599127926654 9.964848772744119e-05 0.00052843347740405555 0.00066799613624631449 -0.00041879787164531191 0.0011964588367610217 0.00040582895489574451 -3.5331930417578869e-05 -0.00026473457788116081 0.00047609303803543301 -0.00015130670651480974 0.0001271395014040326 0.00011340194448708928
leaf_weight=16421 17118 6750 1260 15953 21760 1257 4834 2215 37833 1021 1047 9470 1834 9894 3142 1152 5943 6741 5224 3919 3547 2450 1902 8533 334198 26055 4000 30624 192022 42015
leaf_count=16421 17118 6750 1260 15953 21760 1257 4834 2215 37833 1021 1047 9470 1834 9894 3142 1152 5943 6741 5224 3919 3547 2450 1902 8533 334198 26055 4000 30624 192022 42015
internal_value=1.98232e-06 -4.04624e-05 -0.000193618 -0.000325067 -1.21953e-05 -0.000201505 1.70424e-05 0.000157847 -6.70263e-05 -0.00105774 5.30854e-05 4.82064e-05 -0.00092266 -0.00019348 -0.00027149 -1.44954e-05 -0.000181169 -0.000340083 -0.000119765 0.000401849 0.000481462 0.000224 0.000746709 1.27185e-05 -9.30572e-06 4.41238e-05 -0.000166138 7.04806e-05 0.000102957 -1.87215e-05
internal_weight=820134 165569 25797 19047 139772 18699 121073 45263 75810 2278 38880 31230 3094 36930 25720 11210 22578 12684 10058 14033 11818 5997 5821 654565 384746 269819 30055 239764 209140 376213
internal_count=820134 165569 25797 19047 139772 18699 121073 45263 75810 2278 38880 31230 3094 36930 25720 11210 22578 12684 10058 14033 11818 5997 5821 654565 384746 269819 30055 239764 209140 376213
is_linear=0
shrinkage=0.08


Tree=169
num_leaves=31
num_cat=0
split_feature=1 0 0 0 0 0 1 0 1 1 1 1 3 1 1 0 3 0 0 3 1 3 1 0 1 1 3 0 0 3
split_gain=0.0260697 0.19946 0.0405261 0.0216133 0.159995 0.158853 0.10109 0.194476 0.103967 0.091424 0.0846584 0.12193 0.123797 0.0759563 0.11314 0.107681 0.278993 0.0990898 0.0929585 0.237493 0.123496 0.148926 0.113618 0.122149 0.151367 0.109587 0.319521 0.14972 0.139948 0.279443
threshold=-2.0247749090194698 3.2783350944519047 0.92727002501487743 2.0004749298095708 1.9783749580383303 2.0216650962829594 0.89762499928474437 1.4359849691390993 1.6224150061607363 -0.86674499511718739 -0.57517498731613148 0.65214499831199657 1.0000000180025095e-35 -0.47867499291896815 -1.4580650329589842 1.8852050304412844 1.5000000000000002 1.6123750209808352 1.4359849691390993 1.5000000000000002 -0.41817499697208399 1.0000000180025095e-35 -0.33192001283168787 0.75101500749588024 -0.087965000420808778 0.61858499050140392 1.5000000000000002 1.6282950043678286 1.7862750291824343 1.5000000000000002
decision_type=2 2 2 2 2 2 2 2 2 2 2 2 2 2 2 2 2 2 2 2 2 2 2 2 2 2 2 2 2 2
left_child=1 2 -1 4 6 10 13 -8 -9 -6 -5 12 -12 14 17 -16 -17 -2 19 -15 21 -20 -21 -24 -25 28 27 -27 -22 -30
right_child=3 -3 -4 5 9 -7 7 8 -10 -11 11 -13 -14 18 15 16 -18 -19 20 22 25 -23 23 24 -26 26 -28 -29 29 -31
leaf_value=-0.00013341571397646051 -0.00034659092050382825 -0.00094450083301224179 0.00031998372086505995 -6.0284158604077945e-05 0.00023185009854145372 1.0866546238340949e-06 -0.00021212122961126816 0.00044674267272023626 -0.00014043416915793225 -0.00055852534674439127 0.0003669840282960331 -0.00011034598861931518 0.0013578312572594437 0.000113705235379217 0.00010808835164764984 4.0516921590314353e-05 -0.0011689965866453361 0.00011902010393772977 -8.151848073874066e-05 0.00037227605279521237 -0.00017736208817302016 -0.0011466935031718133 0.00020018304128014672 -0.0014568101368497527 -0.00044158738420546541 0.00046463767052851482 -0.0014075501700600897 -0.00036462003760602963 -5.0916649469338985e-05 0.00066371007085450572
leaf_weight=1513 8519 1002 7596 1746 1139 595578 6003 10530 2363 5272 1655 1146 1575 32256 58206 5688 1554 4455 1706 1036 30274 1655 1162 1285 3500 1897 1562 5249 18349 4328
leaf_count=1513 8519 1002 7596 1746 1139 595578 6003 10530 2363 5272 1655 1146 1575 32256 58206 5688 1554 4455 1706 1036 30274 1655 1162 1285 3500 1897 1562 5249 18349 4328
internal_value=-8.36244e-07 0.000126827 0.000244674 -2.43044e-06 -2.46616e-05 5.25414e-06 -1.21485e-05 0.000164002 0.000339126 -0.000418105 0.000410688 0.000598603 0.000850137 -3.0369e-05 2.91099e-05 7.18926e-05 -0.000219022 -0.00018671 -7.51081e-05 2.21313e-05 -0.000133791 -0.000606024 -0.000400869 -0.000535555 -0.000714223 -0.00010805 -0.000371046 -0.000144483 -6.47994e-05 8.54728e-05
internal_weight=819799 10111 9109 809688 207988 601700 201577 18896 12893 6411 6122 4376 3230 182681 78422 65448 7242 12974 104259 39239 65020 3361 6983 5947 4785 61659 8708 7146 52951 22677
internal_count=819799 10111 9109 809688 207988 601700 201577 18896 12893 6411 6122 4376 3230 182681 78422 65448 7242 12974 104259 39239 65020 3361 6983 5947 4785 61659 8708 7146 52951 22677
is_linear=0
shrinkage=0.08


Tree=170
num_leaves=31
num_cat=0
split_feature=2 1 1 3 3 1 1 1 1 2 1 1 1 1 1 1 1 1 1 1 1 1 2 1 3 1 2 1 1 1
split_gain=0.0444823 0.133411 0.172807 0.203913 0.113258 0.0925403 0.166741 0.131437 0.136164 0.123167 0.117579 0.115837 0.118424 0.096982 0.0957601 0.154994 0.486612 0.170061 0.0904449 0.087968 0.0850229 0.0816059 0.0789744 0.108545 0.250101 0.0734047 0.0721028 0.139785 0.158604 0.0884681
threshold=1.0000000180025095e-35 -1.0697450041770933 1.1098350286483767 1.5000000000000002 1.5000000000000002 0.051725000143051154 0.060300000011920936 -0.28576499223709101 -0.54321500658988942 2.5000000000000004 0.35660000145435339 -0.25813500583171839 -0.21294500678777692 -0.27666500210762018 0.28307500481605535 0.2373050004243851 0.2281950041651726 0.24607999622821811 0.88355499505996715 0.21953500062227252 -0.29524999856948847 0.37631000578403478 1.5000000000000002 0.27372500300407415 1.5000000000000002 0.20120500028133395 1.5000000000000002 0.11249499768018724 0.12142500281333925 0.085974998772144332
decision_type=2 2 2 2 2 2 2 2 2 2 2 2 2 2 2 2 2 2 2 2 2 2 2 2 2 2 2 2 2 2
left_child=1 4 3 18 -1 7 -7 8 -2 13 14 -11 -13 -9 15 16 19 -17 -3 25 -10 -12 -19 24 -24 26 29 -28 -29 -8
right_child=5 2 -4 -5 -6 6 10 9 20 11 21 12 -14 -15 -16 17 -18 22 -20 -21 -22 -23 23 -25 -26 -27 27 28 -30 -31
leaf_value=-9.4971867941893306e-05 6.6937686704553233e-05 -8.526238627059733e-06 -0.00014582396984125901 0.00023731363283738656 -0.00047897157551990692 -0.00074021782522469082 0.00025132325367193401 0.00082820810417152046 -6.8806754455723161e-05 -0.00078049706457836902 0.00038818349853872051 0.00057716710026638532 -7.1287014558854959e-05 0.00018744349054821021 -0.00027091550559915769 0.00091706853120191269 -0.0013692870523885545 -0.00019423199198386561 0.00018289819469761688 0.00048894693226539854 -0.00061413366008465718 2.2191099565948363e-05 0.00063466053408064104 0.0010171440798729949 -0.00080852926740363005 -0.00040348852383995207 -0.0002194948333462187 0.0011807900302247152 0.00014973541960474208 -0.00026653884182630634
leaf_weight=31817 123054 215398 41641 27122 5814 1987 2589 1554 48199 1260 3994 2089 13140 55576 15332 1919 1880 3673 17047 1843 1902 163985 2008 1052 1245 3938 6437 1062 9463 11441
leaf_count=31817 123054 215398 41641 27122 5814 1987 2589 1554 48199 1260 3994 2089 13140 55576 15332 1919 1880 3673 17047 1843 1902 163985 2008 1052 1245 3938 6437 1062 9463 11441
internal_value=9.91849e-06 -1.22801e-05 5.46299e-06 2.97332e-05 -0.0001543 2.55685e-05 -1.04924e-05 5.97405e-05 2.16711e-05 0.000149282 -4.23881e-06 -4.3328e-05 1.76631e-05 0.000204873 -9.66192e-05 -4.15767e-05 -0.000113906 0.000240907 5.5124e-06 -4.97252e-05 -8.95092e-05 3.08932e-05 7.82653e-05 0.000310758 8.23177e-05 -7.8147e-05 -3.68075e-05 7.41691e-05 0.000253772 -0.000170976
internal_weight=819461 338839 301208 259567 37631 480622 233848 246774 173155 73619 231861 16489 15229 57130 63882 48550 38653 9897 232445 36773 50101 167979 7978 4305 3253 34930 30992 16962 10525 14030
internal_count=819461 338839 301208 259567 37631 480622 233848 246774 173155 73619 231861 16489 15229 57130 63882 48550 38653 9897 232445 36773 50101 167979 7978 4305 3253 34930 30992 16962 10525 14030
is_linear=0
shrinkage=0.08


Tree=171
num_leaves=31
num_cat=0
split_feature=1 1 3 1 2 1 1 1 3 2 1 2 1 2 1 1 2 1 1 1 1 1 3 1 1 1 1 2 2 1
split_gain=0.0215089 0.145936 0.0836189 0.21537 0.190641 0.0797733 0.0733542 0.159103 0.103759 0.173845 0.0736264 0.0641809 0.122546 0.078342 0.0724549 0.0578336 0.15481 0.118832 0.106287 0.0591756 0.0602325 0.0944104 0.0967715 0.0988453 0.113525 0.0814071 0.0661358 0.0704162 0.0882583 0.0644713
threshold=0.24607999622821811 0.21953500062227252 1.0000000180025095e-35 0.2373050004243851 1.5000000000000002 0.2281950041651726 0.36592499911785131 0.38572500646114355 1.0000000180025095e-35 1.0000000180025095e-35 0.37631000578403478 1.0000000180025095e-35 0.33780500292778021 1.5000000000000002 0.32790499925613409 0.15719499439001086 1.0000000180025095e-35 0.16599000245332721 0.14820500463247302 0.13906000554561618 -0.22169499844312665 -0.18604499846696851 1.5000000000000002 0.11249499768018724 -0.16760500520467755 -0.17668499797582624 -0.19490000605583188 1.0000000180025095e-35 2.5000000000000004 -0.14952500164508817
decision_type=2 2 2 2 2 2 2 2 2 2 2 2 2 2 2 2 2 2 2 2 2 2 2 2 2 2 2 2 2 2
left_child=1 15 5 4 -4 -3 11 8 9 -8 -10 -2 14 -14 -13 18 17 -17 19 20 -1 26 25 24 -24 -23 27 -22 -29 -26
right_child=6 2 3 -5 -6 -7 7 -9 10 -11 -12 12 13 -15 -16 16 -18 -19 -20 -21 21 22 23 -25 29 -27 -28 28 -30 -31
leaf_value=-1.7964289747493261e-05 -2.5877522358354643e-06 0.00054575545626313804 0.00071231200003180506 0.0012771717263310547 -0.00050065556306557357 -0.00017613037726655294 0.00018337317932756142 -1.9655684107069506e-05 0.00042470102405944919 0.0013580605714073619 -0.00031273325095019865 -0.00016128942832069378 -0.0008605409101982098 -0.00026579589866678382 0.00034451328904425274 -0.00058226760341776056 -0.0003015863087304363 0.000244025511691932 0.00046332186738958685 -0.00033132426812827249 0.00041646760087364013 -0.00046205713515616831 0.00078757872680797051 0.00067077148924535161 -0.00043722583177120618 -2.1965368453703683e-06 0.00057095549006395865 -0.00019476284797602074 0.00055371623592666134 0.00010330013039086877
leaf_weight=317817 16776 1456 1841 1674 1509 2995 1847 281948 1794 1431 1676 17348 2544 3201 2024 1300 13480 7781 3169 3457 3797 2533 1495 2201 1509 90068 3155 4493 1300 22028
leaf_count=317817 16776 1456 1841 1674 1509 2995 1847 281948 1794 1431 1676 17348 2544 3201 2024 1300 13480 7781 3169 3457 3797 2533 1495 2201 1509 90068 3155 4493 1300 22028
internal_value=-9.06068e-06 1.59423e-06 0.000312504 0.000536199 0.000165933 6.00111e-05 -2.48231e-05 -1.04679e-05 0.000373421 0.000696179 6.85224e-05 -0.000123748 -0.000204673 -0.000529161 -0.000108443 -4.54833e-06 -0.000129585 0.000125737 1.62414e-06 -1.59964e-06 9.31155e-07 4.62271e-05 2.42109e-05 0.000156777 0.000111583 -1.47755e-05 0.000253233 0.000148706 -2.67976e-05 6.8646e-05
internal_weight=819647 489058 9475 5024 3350 4451 330589 288696 6748 3278 3470 41893 25117 5745 19372 479583 22561 9081 457022 453853 450396 132579 119834 27233 25032 92601 12745 9590 5793 23537
internal_count=819647 489058 9475 5024 3350 4451 330589 288696 6748 3278 3470 41893 25117 5745 19372 479583 22561 9081 457022 453853 450396 132579 119834 27233 25032 92601 12745 9590 5793 23537
is_linear=0
shrinkage=0.08


Tree=172
num_leaves=31
num_cat=0
split_feature=0 0 0 0 2 0 2 0 0 0 0 0 0 0 2 0 3 0 2 2 0 2 2 3 2 0 2 2 0 0
split_gain=0.0306583 0.0731171 0.116697 0.0711756 0.0946805 0.0830704 0.0704627 0.114601 0.0588637 0.0583538 0.137916 0.0536055 0.052219 0.0992498 0.0851174 0.0593891 0.0707625 0.129339 0.1093 0.107646 0.227833 0.0918275 0.082427 0.0812544 0.0760126 0.108439 0.0753053 0.0814639 0.0704497 0.0573405
threshold=1.8112099766731264 2.4996850490570073 2.5260450839996342 2.4191350936889653 1.0000000180025095e-35 2.4276549816131596 1.0000000180025095e-35 1.658895015716553 1.798830032348633 2.310095071792603 2.3193099498748784 2.2737300395965581 2.5435550212860112 2.5348649024963383 1.0000000180025095e-35 2.6692450046539311 1.0000000180025095e-35 2.6331748962402348 1.0000000180025095e-35 1.5000000000000002 2.5706551074981694 1.0000000180025095e-35 2.5000000000000004 1.5000000000000002 2.5000000000000004 2.6061549186706547 1.5000000000000002 1.0000000180025095e-35 2.5975749492645268 2.6243550777435307
decision_type=2 2 2 2 2 2 2 2 2 2 2 2 2 2 2 2 2 2 2 2 2 2 2 2 2 2 2 2 2 2
left_child=6 3 -3 4 9 -5 7 -1 -9 11 -11 -2 13 14 -4 16 18 19 -14 21 23 -18 26 -21 28 -26 27 -19 -22 -20
right_child=1 2 12 5 -6 -7 -8 8 -10 10 -12 -13 15 -15 -16 -17 17 22 29 20 24 -23 -24 -25 25 -27 -28 -29 -30 -31
leaf_value=-9.4139514499744039e-05 2.2255449207794598e-05 0.00028188617691406534 -0.00041475758020752902 -0.00056014474161766848 -7.9866483406712091e-05 -0.000121232917731553 6.9468734350472988e-05 0.00011062162909458426 0.00068159978773692112 0.00095636394970921525 0.00010081780963243917 -0.00024777085428335057 0.00014421946733564261 -0.00054719752806445384 0.00043490722676929882 -7.7145556776781581e-06 -1.1177186536745611e-05 0.00080293860174817202 -7.2831691901022541e-05 -1.0696164220504758e-05 -0.0002694849695278649 0.00049789157295473485 -8.0939860382020029e-05 0.00091776290923971978 -0.00057906563259885354 0.00051181723522527732 0.0010548818686206467 5.0008454063994703e-05 -0.0010525496940829069 -0.00048331066257319383
leaf_weight=51417 56455 9559 1272 3092 113739 25684 95296 13245 1266 1316 14412 5133 12111 3145 1855 377505 4359 1786 6161 1116 1304 4727 1340 1313 1341 1032 1732 1896 1686 3369
leaf_count=51417 56455 9559 1272 3092 113739 25684 95296 13245 1266 1316 14412 5133 12111 3145 1855 377505 4359 1786 6161 1116 1304 4727 1340 1313 1341 1032 1732 1896 1686 3369
internal_value=-5.78831e-06 -1.34443e-05 5.42894e-06 -5.11004e-05 -3.34341e-05 -0.000168394 2.54789e-05 -3.81065e-05 0.000160436 3.48723e-05 0.000172403 -2.49666e-07 -7.30373e-07 -0.000229872 8.92809e-05 2.66899e-06 8.92512e-05 0.000184962 -1.52649e-05 6.65694e-05 -0.000151598 0.000253666 0.00048082 0.000491184 -0.000442726 -0.000104649 0.00061986 0.000415227 -0.000711039 -0.000217942
internal_weight=819664 658440 438609 219831 191055 28776 161224 65928 14511 77316 15728 61588 429050 6272 3127 422778 45273 23632 21641 16878 7792 9086 6754 2429 5363 2373 5414 3682 2990 9530
internal_count=819664 658440 438609 219831 191055 28776 161224 65928 14511 77316 15728 61588 429050 6272 3127 422778 45273 23632 21641 16878 7792 9086 6754 2429 5363 2373 5414 3682 2990 9530
is_linear=0
shrinkage=0.08


Tree=173
num_leaves=31
num_cat=0
split_feature=1 1 1 3 1 1 3 1 1 3 2 2 1 2 2 2 1 1 2 1 3 1 1 1 1 3 1 3 2 2
split_gain=0.0360368 0.160936 0.0805506 0.0729717 0.147917 0.068852 0.220908 0.0853267 0.26218 0.115545 0.225269 0.200059 0.0974545 0.148001 0.0635202 0.0703625 0.175662 0.0950299 0.0602813 0.0803102 0.180844 0.0583791 0.122102 0.239658 0.0726871 0.131724 0.0673533 0.0610702 0.321841 0.144224
threshold=0.2281950041651726 0.21030499786138537 0.26465499401092535 1.5000000000000002 0.24607999622821811 0.20120500028133395 1.0000000180025095e-35 0.0082950000651180762 -0.025834999978542324 1.0000000180025095e-35 1.0000000180025095e-35 1.5000000000000002 -0.0085249999538063986 1.5000000000000002 1.5000000000000002 1.0000000180025095e-35 0.2373050004243851 0.24607999622821811 1.0000000180025095e-35 -0.061204999685287469 1.0000000180025095e-35 -0.91236498951911915 -0.40793499350547785 -0.39802500605583185 -0.35998500883579249 1.5000000000000002 -0.3509449958801269 1.5000000000000002 2.5000000000000004 2.5000000000000004
decision_type=2 2 2 2 2 2 2 2 2 2 2 2 2 2 2 2 2 2 2 2 2 2 2 2 2 2 2 2 2 2
left_child=1 5 3 14 -5 7 -7 8 18 10 -10 -12 -11 -14 15 16 -2 -18 19 -1 -21 -20 27 -24 25 -25 -26 28 -23 -29
right_child=2 -3 -4 4 -6 6 -8 -9 9 12 11 -13 13 -15 -16 -17 17 -19 21 20 -22 22 23 24 26 -27 -28 29 -30 -31
leaf_value=-4.4277144506142312e-05 0.00080694770252757021 0.00040804101692600318 -1.6824491764211323e-05 1.3535632687922035e-05 -0.0011134734134826472 0.00034393281884683623 -0.00097874156931937071 8.7573740122018722e-05 -0.00055018010847740842 -0.00089520272538930862 0.0010103056365271519 -0.00039314719174985183 0.00019114732884120027 -0.00088070536787216813 0.00022996083186239581 -0.0005528846053931408 -0.00092703299767414799 -4.2891982310774497e-05 9.2753436008099685e-05 -6.0994810503205409e-05 0.00093035064248440241 -0.00010414514618790458 0.00092145522170365951 4.7329561287266293e-05 0.0005526005168555346 -0.00066360835312647814 6.3653543507068773e-05 -4.0623825026405429e-05 0.00041457663866949803 -0.00044656036119993214
leaf_weight=154210 1166 6396 324220 1447 1537 1512 1736 70786 3326 3385 1585 1102 1852 1486 2534 2779 1139 2455 67505 3492 1777 45612 2079 5128 1851 2472 69649 18230 9199 8086
leaf_count=154210 1166 6396 324220 1447 1537 1512 1736 70786 3326 3385 1585 1102 1852 1486 2534 2779 1139 2455 67505 3492 1777 45612 2079 5128 1851 2472 69649 18230 9199 8086
internal_value=-4.60876e-06 9.41587e-06 -2.46702e-05 -0.000219488 -0.000566965 4.06023e-06 -0.000363014 6.58186e-06 -7.67864e-06 -0.000364855 -0.000110064 0.000434718 -0.000592739 -0.000286017 -0.000116553 -0.000233022 -4.62793e-05 -0.000323091 4.00674e-06 -3.37834e-05 0.000273342 3.02315e-05 4.22784e-06 7.35934e-05 5.13089e-05 -0.000183912 7.63115e-05 -6.51822e-05 -1.70874e-05 -0.000165354
internal_weight=819733 482456 337277 13057 2984 476060 3248 472812 402026 12736 6013 2687 6723 3338 10073 7539 4760 3594 389290 159479 5269 229811 162306 81179 79100 7600 71500 81127 54811 26316
internal_count=819733 482456 337277 13057 2984 476060 3248 472812 402026 12736 6013 2687 6723 3338 10073 7539 4760 3594 389290 159479 5269 229811 162306 81179 79100 7600 71500 81127 54811 26316
is_linear=0
shrinkage=0.08


Tree=174
num_leaves=31
num_cat=0
split_feature=0 3 0 0 0 2 0 0 0 0 2 0 3 0 3 0 0 0 0 0 0 0 0 0 2 0 0 2 2 0
split_gain=0.0277437 0.0213903 0.133776 0.133205 0.108817 0.160305 0.362999 0.350319 0.175329 0.151363 0.144379 0.163984 0.134842 0.12634 0.152575 0.123463 0.1939 0.122661 0.11066 0.10334 0.103129 0.102939 0.130275 0.101587 0.239171 0.10043 0.258215 0.127321 0.140453 0.0947155
threshold=0.46347999572753912 1.0000000180025095e-35 3.217230081558228 3.3420850038528447 3.1264350414276127 2.5000000000000004 1.989254951477051 1.8608150482177737 1.9560250043869021 1.8722299933433535 2.5000000000000004 3.6949000358581547 1.5000000000000002 1.7028499841690066 1.5000000000000002 2.096270084381104 2.1673500537872319 2.1981151103973393 3.1378250122070317 1.7862750291824343 2.9510949850082402 3.3158149719238286 3.4258000850677495 1.8112099766731264 1.5000000000000002 1.9783749580383303 1.989254951477051 2.5000000000000004 1.5000000000000002 2.9606549739837651
decision_type=2 2 2 2 2 2 2 2 2 2 2 2 2 2 2 2 2 2 2 2 2 2 2 2 2 2 2 2 2 2
left_child=-1 2 25 -4 5 7 8 23 13 -9 18 12 21 -7 -15 -8 -17 -18 -6 -16 -11 -12 -23 -3 -25 -2 -27 28 -28 -22
right_child=1 4 3 -5 10 6 15 9 -10 20 11 -13 -14 14 19 16 17 -19 -20 -21 29 22 -24 24 -26 26 27 -29 -30 -31
leaf_value=0.00012933300630006342 4.3395008676389861e-05 -9.6683006233926335e-05 0.00031127872276069348 4.5978844914930263e-05 -0.00081481611715515212 0.00025325029963053447 -0.00070979431383629281 0.00098141609930795762 0.0011732303689149619 6.1769823543151884e-05 -0.00018488100004426512 0.00039782616341933275 -0.00027618199651778281 0.00026593972762133713 -0.0011203224440097487 0.00048518739566012911 -0.0011087701498669663 -0.00023167439328111925 -0.00011081019794196594 -0.00022539578298498959 0.00090345048713080713 0.0012857167941000476 0.0001687559678943077 -8.2803079297882767e-05 -0.0012567128499418672 -0.0010606502898208062 -3.5177333774972009e-05 0.00021792262180097687 -0.00024043948919828893 0.00020315642131758007
leaf_weight=9170 99679 59323 14661 69673 1448 12874 3461 1218 1038 148279 1986 7869 7712 2883 1198 2400 1053 33017 108623 2658 1309 1030 1903 3353 1661 1621 160237 10977 24612 22183
leaf_count=9170 99679 59323 14661 69673 1448 12874 3461 1218 1038 148279 1986 7869 7712 2883 1198 2400 1053 33017 108623 2658 1309 1030 1903 3353 1661 1621 160237 10977 24612 22183
internal_value=-9.03726e-06 -1.06039e-05 3.17498e-06 9.20998e-05 -2.28707e-05 3.81977e-06 -0.000112331 3.34696e-05 0.000159974 9.27444e-05 -8.37671e-05 0.000111163 -6.7426e-05 0.000106348 -0.000174291 -0.000253159 -0.000209824 -0.000258783 -0.000120071 -0.000503436 8.6443e-05 0.000259861 0.000561006 -0.000125908 -0.000471687 -2.20648e-05 -5.51114e-05 -4.67878e-05 -6.25073e-05 0.000242178
internal_weight=819109 809939 381460 84334 428479 297908 60582 237326 20651 172989 130571 20500 12631 19613 6739 39931 36470 34070 110071 3856 171771 4919 2933 64337 5014 297126 197447 195826 184849 23492
internal_count=819109 809939 381460 84334 428479 297908 60582 237326 20651 172989 130571 20500 12631 19613 6739 39931 36470 34070 110071 3856 171771 4919 2933 64337 5014 297126 197447 195826 184849 23492
is_linear=0
shrinkage=0.08


Tree=175
num_leaves=31
num_cat=0
split_feature=0 0 1 1 1 0 0 1 0 1 1 1 0 0 2 1 0 1 1 1 1 1 0 1 1 1 1 0 0 1
split_gain=0.0211032 0.096585 0.122566 0.362868 0.158531 0.192461 0.175422 0.141331 0.123666 0.115168 0.116549 0.128372 0.183165 0.147746 0.167501 0.128411 0.0962802 0.105024 0.111256 0.0902018 0.0850242 0.163427 0.243966 0.15136 0.0906167 0.141727 0.105742 0.178314 0.113956 0.106267
threshold=2.6154251098632817 2.8076500892639165 -0.10584500059485434 0.2281950041651726 0.025634999386966232 2.6863999366760258 2.7599399089813237 -0.18604499846696851 2.7050449848175053 0.32790499925613409 0.66334000229835521 0.46295499801635748 2.6692450046539311 2.7142848968505864 1.0000000180025095e-35 0.40447999536991125 2.7142848968505864 0.09470000118017198 0.15719499439001086 -0.043800000101327889 -0.30440001189708704 -0.33192001283168787 3.2054899930953984 0.76607000827789318 0.65214499831199657 0.6741049885749818 -0.23139999806880948 3.0412950515747075 2.9214450120925908 -0.16760500520467755
decision_type=2 2 2 2 2 2 2 2 2 2 2 2 2 2 2 2 2 2 2 2 2 2 2 2 2 2 2 2 2 2
left_child=-1 2 7 4 5 -4 16 -2 -9 -5 11 15 -13 -14 -15 -11 17 -6 -19 -7 21 -3 -23 24 26 -26 27 28 -22 -28
right_child=1 20 3 9 6 19 -8 8 -10 10 -12 12 13 14 -16 -17 -18 18 -20 -21 23 22 -24 -25 25 -27 29 -29 -30 -31
leaf_value=-8.8142714637018006e-06 3.2881700599944703e-05 4.5074450170166344e-05 0.00089488886945203515 -0.00041285592265777674 0.0014546342658165799 0.0002846945755637619 0.0015776473878966074 -0.0011819037789406006 -6.2041188191090313e-05 0.00037259794634360917 -2.6512680744426422e-05 0.0013312226756236859 -0.00042583856450666835 0.0013994228115781797 9.8666836467178624e-05 -0.00053866921382910045 8.7290511534533806e-05 -6.0205719882956154e-05 0.0010828953855168599 -0.00066919771588124432 -0.00036364254703171361 0.0014092974983661529 3.4280465947774868e-05 5.6765738354284474e-05 -0.00075333174626778107 -0.00013751147269232904 0.00023814357792470377 -0.0001074776945430279 -0.001463971220181082 -5.3969196990036707e-05
leaf_weight=423067 25920 82220 1603 3103 1182 1190 1569 1201 1330 2340 16281 1508 1245 1075 1543 1715 1562 1077 1103 1359 1222 1424 1966 90605 2992 11923 8537 6951 1188 120082
leaf_count=423067 25920 82220 1603 3103 1182 1190 1569 1201 1330 2340 16281 1508 1245 1075 1543 1715 1562 1077 1103 1359 1222 1424 1966 90605 2992 11923 8537 6951 1188 120082
internal_value=3.61755e-06 1.68651e-05 0.000103733 0.000195001 0.000594129 0.000208057 0.000841005 -2.28353e-05 -0.000593434 4.7527e-05 0.000103098 0.000326968 0.000583492 0.000291601 0.000632782 -1.28085e-05 0.000606279 0.000847403 0.000518161 -0.000223873 -1.05845e-06 6.75185e-05 0.000611869 -2.51688e-05 -7.37229e-05 -0.000261047 -5.3474e-05 -0.00031307 -0.000906045 -3.45804e-05
internal_weight=820083 397016 67906 39455 10645 4152 6493 28451 2531 28810 25707 9426 5371 3863 2618 4055 4924 3362 2180 2549 329110 85610 3390 243500 152895 14915 137980 9361 2410 128619
internal_count=820083 397016 67906 39455 10645 4152 6493 28451 2531 28810 25707 9426 5371 3863 2618 4055 4924 3362 2180 2549 329110 85610 3390 243500 152895 14915 137980 9361 2410 128619
is_linear=0
shrinkage=0.08


Tree=176
num_leaves=31
num_cat=0
split_feature=3 0 0 0 2 2 0 0 0 0 2 0 0 0 0 0 0 0 0 0 0 0 0 0 0 2 0 0 2 0
split_gain=0.0297727 0.117161 0.103002 0.0907423 0.154703 0.0814197 0.130677 0.102859 0.126046 0.182277 0.115075 0.170124 0.154004 0.468268 0.148912 0.156988 0.139676 0.126334 0.116277 0.0964085 0.0861047 0.191611 0.136837 0.103346 0.0821835 0.21185 0.232375 0.167393 0.0782161 0.352678
threshold=1.5000000000000002 3.355854988098145 3.3158149719238286 3.4258000850677495 1.5000000000000002 1.0000000180025095e-35 1.3727650046348574 0.46347999572753912 2.0004749298095708 1.9328650236129763 2.5000000000000004 2.032885074615479 2.5706551074981694 2.3379249572753911 2.5169450044631962 2.40149998664856 3.2669749259948735 2.1270649433135991 2.1775450706481938 1.8852050304412844 3.083110094070435 3.1264350414276127 3.0519549846649174 3.1602449417114262 2.301554918289185 1.5000000000000002 2.1981151103973393 2.2175250053405766 2.5000000000000004 4.189889907836915
decision_type=2 2 2 2 2 2 2 2 2 2 2 2 2 2 2 2 2 2 2 2 2 2 2 2 2 2 2 2 2 2
left_child=-1 2 5 4 -3 6 -2 -7 9 -9 11 -10 13 18 15 -15 17 -13 -12 -8 22 -22 24 -23 25 26 -19 -27 -5 -30
right_child=1 3 -4 28 -6 7 19 8 10 -11 12 16 -14 14 -16 -17 -18 20 -20 -21 21 23 -24 -25 -26 27 -28 -29 29 -31
leaf_value=1.581752210505157e-05 -0.00047828361773476707 -1.9593842036453794e-05 0.00051927264814893305 -0.00013453445345963175 -0.00098124104743212408 0.00064279044873961748 0.00063367736919804358 -9.4048285813760264e-05 0.0011063519323252177 -0.00071086514685714632 -7.2258515955905382e-06 -0.00038210256541583036 -0.00028620717187467044 0.0011376715015572109 0.0014466301355915002 6.8562889281218784e-05 -0.00062295442825247851 0.00075785711615852899 -0.00067235546751089384 0.00013696123868973435 0.0011207848902711484 -0.00044701984217622947 -0.00069960695257127335 0.00035721970403266581 6.2289297370062994e-05 0.00025515500665786937 -0.00065501681523972828 0.0013640257266815754 -0.00014391215283444115 0.0011414091687655498
leaf_weight=625709 1948 2268 2578 41106 2028 1487 2913 30652 1044 3407 3414 3264 14306 1342 1232 2548 1773 1219 3316 17673 1732 1368 1367 4050 32470 1771 1916 1715 6193 1753
leaf_count=625709 1948 2268 2578 41106 2028 1487 2913 30652 1044 3407 3414 3264 14306 1342 1232 2548 1773 1219 3316 17673 1732 1368 1367 4050 32470 1771 1916 1715 6193 1753
internal_value=7.33044e-06 -2.00637e-05 1.82592e-05 -0.000120997 -0.000473556 8.89474e-06 0.000147986 -1.82671e-05 -2.6897e-05 -0.00015575 2.80657e-05 9.51021e-05 -0.000109526 0.000103738 0.000680145 0.000437392 7.50481e-05 9.9375e-05 -0.000334948 0.000207249 0.000132385 0.00038831 8.71563e-05 0.000154156 0.000114669 0.000371545 -0.000105641 0.000800684 -9.01193e-05 0.000139648
internal_weight=819562 193853 140505 53348 4296 137927 22534 115393 113906 34059 79847 53689 26158 11852 5122 3890 52645 50872 6730 20586 47608 7150 40458 5418 39091 6621 3135 3486 49052 7946
internal_count=819562 193853 140505 53348 4296 137927 22534 115393 113906 34059 79847 53689 26158 11852 5122 3890 52645 50872 6730 20586 47608 7150 40458 5418 39091 6621 3135 3486 49052 7946
is_linear=0
shrinkage=0.08


Tree=177
num_leaves=31
num_cat=0
split_feature=2 0 0 0 0 3 3 0 3 0 3 0 0 0 0 0 0 0 3 3 0 0 0 0 0 0 0 0 0 0
split_gain=0.0852561 0.0552044 0.22935 0.182659 0.122595 0.284832 0.145201 0.0770071 0.0675864 0.242578 0.063199 0.418547 0.237558 0.262664 0.222482 0.190774 0.173389 0.1623 0.138331 0.0866258 0.0652979 0.0601535 0.231605 0.132266 0.165563 0.154076 0.137088 0.118032 0.101079 0.0744205
threshold=2.5000000000000004 3.0726850032806401 2.9707000255584721 2.941275000572205 3.9545400142669682 1.0000000180025095e-35 1.5000000000000002 3.031194925308228 1.5000000000000002 4.189889907836915 1.5000000000000002 1.3947499990463259 1.7734550237655642 1.8482049703598025 1.3727650046348574 1.658895015716553 1.798830032348633 1.9560250043869021 1.0000000180025095e-35 1.0000000180025095e-35 1.1618149876594546 2.7693750858306889 2.6154251098632817 2.3471150398254399 2.40149998664856 2.1673500537872319 2.4737600088119511 2.8361749649047856 2.1169149875640874 2.2548649311065678
decision_type=2 2 2 2 2 2 2 2 2 2 2 2 2 2 2 2 2 2 2 2 2 2 2 2 2 2 2 2 2 2
left_child=-1 2 3 10 6 -6 -3 -4 -7 -10 14 -12 15 -14 19 -13 -16 -15 -18 -2 -21 22 23 25 -25 28 -26 -23 -19 -27
right_child=1 4 7 -5 5 8 -8 -9 9 -11 11 12 13 17 16 -17 18 21 -20 20 -22 27 -24 24 26 29 -28 -29 -30 -31
leaf_value=-5.6569549499797462e-06 -0.00092147890340545254 0.00045378691317767022 -0.00082482552000354039 0.0010085963224056836 -0.0012278494565757744 -0.00025901688086842826 4.1842545192151343e-05 -0.00012063655774824996 -0.00053915129251569719 0.00095573783605542445 0.00085170526984797612 -0.00012162706326582146 0.001302078803686576 -0.00067748347073496402 0.00044211430236419945 -0.0012092991883818397 0.00020435868275422796 9.3922010241923005e-05 -0.00017135428062542836 1.9231026417225066e-05 -0.00073976597068843824 0.0010143188479941317 -0.00054704692223939871 0.0013686128328812802 -0.00033119668748750949 -0.00075539990268572296 0.0005846332210893495 5.8681032798592451e-05 0.0010064694158863029 -4.0568808363360552e-05
leaf_weight=716443 1977 11377 2479 1303 1249 1762 10558 1659 1144 1769 4489 2853 1147 1756 6158 1617 10102 2970 16541 2066 1118 1344 3235 1117 1551 1779 3213 2151 1052 1958
leaf_count=716443 1977 11377 2479 1303 1249 1762 10558 1659 1144 1769 4489 2853 1147 1756 6158 1617 10102 2970 16541 2066 1118 1344 3235 1117 1551 1779 3213 2151 1052 1958
internal_value=4.14763e-06 7.20204e-05 3.65603e-05 7.00745e-05 0.000168292 -0.000154635 0.000255505 -0.000542503 0.000132091 0.000368662 5.26529e-05 0.000135034 1.90715e-05 0.000121666 -1.72934e-05 -0.000515087 5.95287e-05 6.04743e-05 -2.88984e-05 -0.00050554 -0.000247276 0.00012409 6.15258e-05 0.000205861 0.000492005 -1.10241e-05 0.000286469 0.000426171 0.000332609 -0.000380864
internal_weight=819937 103494 75635 71497 27859 5924 21935 4138 4675 2913 70194 32232 27743 23273 37962 4470 32801 22126 26643 5161 3184 20370 16875 13640 5881 7759 4764 3495 4022 3737
internal_count=819937 103494 75635 71497 27859 5924 21935 4138 4675 2913 70194 32232 27743 23273 37962 4470 32801 22126 26643 5161 3184 20370 16875 13640 5881 7759 4764 3495 4022 3737
is_linear=0
shrinkage=0.08


Tree=178
num_leaves=31
num_cat=0
split_feature=1 1 1 0 0 0 0 0 0 2 0 0 0 0 1 0 1 2 0 0 1 0 1 0 0 1 0 2 0 0
split_gain=0.031199 0.07691 0.183815 0.130419 0.398041 0.180142 0.116112 0.115974 0.392957 0.13541 0.298545 0.190298 0.0989658 0.143393 0.306399 0.226264 0.182271 0.147854 0.111814 0.110026 0.0986261 0.0818983 0.0803977 0.140033 0.107298 0.0787188 0.0774447 0.0748764 0.146351 0.333037
threshold=-0.16760500520467755 -0.070014998316764818 -0.043800000101327889 3.1490499973297124 2.6061549186706547 2.236474990844727 1.8722299933433535 2.5799100399017338 2.5169450044631962 1.0000000180025095e-35 2.7326350212097172 2.855045080184937 2.4373950958251958 1.989254951477051 -0.10584500059485434 2.1169149875640874 -0.087965000420808778 1.5000000000000002 2.2459249496459965 2.291815042495728 -0.11453500017523764 3.6949000358581547 -0.14055000245571134 3.0412950515747075 3.4707949161529545 0.034244999289512641 2.8834550380706792 1.0000000180025095e-35 3.0104351043701176 3.5167798995971684
decision_type=2 2 2 2 2 2 2 2 2 2 2 2 2 2 2 2 2 2 2 2 2 2 2 2 2 2 2 2 2 2
left_child=-1 7 3 4 5 6 -3 8 12 22 -11 -12 13 16 15 -15 17 -2 -16 -17 -13 -5 -9 -24 -25 27 -6 -4 -29 -30
right_child=1 2 25 21 26 -7 -8 9 -10 10 11 20 -14 14 18 19 -18 -19 -20 -21 -22 -23 23 24 -26 -27 -28 28 29 -31
leaf_value=2.0721711211904816e-05 6.1133610829035788e-05 6.1325575568374997e-05 -0.00029167453424309531 -0.00054007128504144752 0.0018217129496110958 -0.00058054537508897693 0.0010101579378345572 -0.00068976195799663926 -0.0017735705514484077 0.0012415479696462634 -0.00090703954506558761 0.00044333678741637143 0.00051328391190722834 -0.0010680831783749449 -0.0016953975355959261 0.00068492658041410001 0.00072570526907356941 -0.00068466830410166067 -0.00061970610007789273 -0.00026260184422315693 -0.00013268093175876128 0.00039689124074560012 0.00044190309293444643 -0.00091522375123303048 2.9047907567224825e-05 -5.7117871309846504e-07 0.00087875314232871286 -0.00018309847770665527 0.00091107273303151198 -0.00037341011584641082
leaf_weight=336711 5052 2043 11840 1473 1235 1613 1385 1913 1041 1525 1200 4107 1247 1129 1372 1714 1702 2565 1126 1446 3544 1004 1991 1464 1625 408366 1016 12112 2827 2379
leaf_count=336711 5052 2043 11840 1473 1235 1613 1385 1913 1041 1525 1200 4107 1247 1129 1372 1714 1702 2565 1126 1446 3544 1004 1991 1464 1625 408366 1016 12112 2827 2379
internal_value=2.02844e-06 -1.10016e-05 -1.97541e-06 0.000341234 0.000511597 0.000116631 0.000444678 -0.000123893 -0.000263885 2.43598e-05 0.000207737 2.96142e-05 -0.000173319 -0.000226479 -0.000506188 -9.5972e-05 -2.27682e-05 -0.000190013 -0.00121052 0.000251342 0.000176521 -0.000160293 -0.000247729 -8.12708e-05 -0.00041848 -9.63857e-06 0.0013961 -0.00013663 -3.06288e-05 0.000324099
internal_weight=819767 483056 447293 9769 7292 5041 3428 35763 18394 17369 10376 8851 17353 16106 6787 4289 9319 7617 2498 3160 7651 2477 6993 5080 3089 437524 2251 29158 17318 5206
internal_count=819767 483056 447293 9769 7292 5041 3428 35763 18394 17369 10376 8851 17353 16106 6787 4289 9319 7617 2498 3160 7651 2477 6993 5080 3089 437524 2251 29158 17318 5206
is_linear=0
shrinkage=0.08


Tree=179
num_leaves=31
num_cat=0
split_feature=2 0 0 0 0 3 0 0 0 0 0 3 3 3 0 0 0 0 3 0 0 0 0 0 0 0 0 0 3 0
split_gain=0.033402 0.136125 0.358275 0.297753 0.114934 0.13839 0.143739 0.131252 0.0763826 0.197531 0.0701104 0.271233 0.0856032 0.0821144 0.0639041 0.0986322 0.0931342 0.0633208 0.059349 0.0671487 0.123174 0.110829 0.107499 0.0516834 0.103585 0.0483434 0.0446485 0.0429279 0.138266 0.0895051
threshold=2.5000000000000004 2.157310009002686 2.7693750858306889 2.1169149875640874 1.989254951477051 1.0000000180025095e-35 2.0437750816345219 2.0860500335693364 2.1878750324249272 2.236474990844727 1.4359849691390993 1.0000000180025095e-35 1.5000000000000002 1.5000000000000002 1.5460549592971804 1.7862750291824343 1.8608150482177737 1.0941300392150881 1.0000000180025095e-35 2.4905850887298588 2.4555249214172368 2.6509549617767338 2.6061549186706547 1.798830032348633 1.8974449634552004 2.4276549816131596 1.0558300018310549 2.310095071792603 1.5000000000000002 2.2737300395965581
decision_type=2 2 2 2 2 2 2 2 2 2 2 2 2 2 2 2 2 2 2 2 2 2 2 2 2 2 2 2 2 2
left_child=-1 3 8 4 10 -6 -7 -8 -3 -10 11 26 -13 23 -15 -16 -17 -14 -11 20 25 22 -21 -12 -25 27 -2 29 -29 -20
right_child=1 2 -4 -5 5 6 7 -9 9 18 13 12 17 14 15 16 -18 -19 19 21 -22 -23 -24 24 -26 -27 -28 28 -30 -31
leaf_value=1.2084057405082757e-06 -0.0012344402022204184 -0.00093459636052099185 3.9346565464219427e-05 0.0011103281005208126 0.00049697526482754128 -0.0010869139824160278 0.00039073801707200268 -0.0008114272530781977 0.00043349455969459572 -0.000121250424741084 0.00051567613626870212 -0.00015003043130614477 0.0006586230879305063 0.00057448606029000826 -0.00041235838157823015 0.00079348494409573031 -9.9582949601697686e-05 7.9596898203128209e-05 -0.00074940614885466881 -0.00027316809442960038 -0.0013024717365017961 -0.0006009356962285269 0.00048533336976095375 -0.00030570495881163345 0.00054389919868003947 4.5367156236116012e-05 -0.00052449389043772411 -0.0012172089673834279 -0.00031128403966256018 0.00019322525381422999
leaf_weight=716404 1006 1283 40799 1715 1059 1716 1353 1019 2146 5028 5422 3610 2382 1068 3164 1151 2131 2454 1303 4467 1315 4286 1633 1803 1872 1027 1299 1866 2554 1276
leaf_count=716404 1006 1283 40799 1715 1059 1716 1353 1019 2146 5028 5422 3610 2382 1068 3164 1151 2131 2454 1303 4467 1315 4286 1633 1803 1872 1027 1299 1866 2554 1276
internal_value=-4.92142e-06 -4.74711e-05 -0.000112185 8.29685e-05 2.87705e-05 -0.000318054 -0.000529188 -0.000125707 -0.000331542 -0.00030278 9.40109e-05 -6.51663e-05 0.00014475 0.000197034 1.32274e-06 -9.36413e-05 0.000213617 0.0003648 -0.000366607 -0.000429143 -0.000584778 -0.000289168 -7.01135e-05 0.000358688 0.000127073 -0.000467189 -0.000834345 -0.000542399 -0.00069374 -0.000283025
internal_weight=819611 103207 68983 34224 32509 5147 4088 2372 28184 26901 27362 10751 8446 16611 7514 6446 3282 4836 24755 19727 9341 10386 6100 9097 3675 8026 2305 6999 4420 2579
internal_count=819611 103207 68983 34224 32509 5147 4088 2372 28184 26901 27362 10751 8446 16611 7514 6446 3282 4836 24755 19727 9341 10386 6100 9097 3675 8026 2305 6999 4420 2579
is_linear=0
shrinkage=0.08


Tree=180
num_leaves=31
num_cat=0
split_feature=0 0 1 1 1 1 1 0 1 3 1 1 1 0 1 1 3 1 0 1 1 0 1 1 0 0 1 0 0 1
split_gain=0.0250783 0.097056 0.183426 0.272405 0.241334 0.241521 0.209434 0.181426 0.234798 0.119568 0.196553 0.105815 0.256259 0.0977007 0.105847 0.0862849 0.189748 0.620129 0.930109 0.277139 0.228329 0.175772 0.228698 0.206292 0.162337 0.413517 0.109246 0.195256 0.174552 0.110364
threshold=2.9707000255584721 2.8929450511932377 0.19279000163078311 0.43287500739097601 -0.48883000016212458 -0.35998500883579249 0.31001999974250799 2.9510949850082402 0.97230499982833873 1.0000000180025095e-35 0.025634999386966232 -0.89737498760223378 -1.1080900430679319 2.9214450120925908 1.0908250212669375 -0.22169499844312665 1.5000000000000002 1.0908250212669375 1.7318400144577029 -0.18604499846696851 -0.19490000605583188 2.0004749298095708 1.91745001077652 1.2754200100898745 2.5169450044631962 2.1981151103973393 1.3000449538230898 1.5110000371932986 2.5260450839996342 0.29182499647140508
decision_type=2 2 2 2 2 2 2 2 2 2 2 2 2 2 2 2 2 2 2 2 2 2 2 2 2 2 2 2 2 2
left_child=1 15 4 6 11 -6 -4 13 -9 -7 -11 12 -3 -5 -15 -1 19 18 -18 20 24 -19 23 -23 25 -17 28 -28 -21 -30
right_child=-2 2 3 7 5 9 -8 8 -10 10 -12 -13 -14 14 -16 16 17 21 -20 26 -22 22 -24 -25 -26 -27 27 -29 29 -31
leaf_value=-3.5633311019515368e-05 -2.1464714662125848e-05 -0.00024263418311696068 -7.4631051657569306e-05 0.00023663419566471406 0.0016615723548609345 8.1256186390327024e-05 -0.001492239386291349 0.0015013976542138561 -0.00013057338192456214 0.0003830405832287521 0.0017142935734787007 -0.00036059222357765229 0.001321278160429936 -0.00068650228045051684 0.00024050117866375857 -3.4296582369088993e-05 -0.0004005489757058472 0.00012299275489760869 0.00046292614630558766 9.6821892322148738e-06 0.0013108560697320092 -0.0002097051505757207 0.00038713596512349576 -0.0012355996987758247 -0.00054816649537372446 0.001787902065179246 -0.00055034825850195138 0.00023072513441819084 -2.029967195582351e-05 -0.00025035394345951373
leaf_weight=231573 274800 1865 1341 3446 1284 2907 1327 1239 1036 2377 1012 2942 1047 2269 1208 2752 10164 2542 37222 147148 1677 1943 1110 3540 1272 1122 2282 20004 22463 32882
leaf_count=231573 274800 1865 1341 3446 1284 2907 1327 1239 1036 2377 1012 2942 1047 2269 1208 2752 10164 2542 37222 147148 1677 1943 1110 3540 1272 1122 2282 20004 22463 32882
internal_value=-1.7598e-06 8.17588e-06 0.000161186 -6.80121e-05 0.000363632 0.000661613 -0.000779716 0.000138427 0.000758223 0.000457682 0.00078057 -2.22065e-05 0.000319665 -6.52473e-05 -0.000364437 7.27018e-07 2.99509e-05 0.000161369 0.000277716 -2.1209e-06 0.000500173 -0.000442158 -0.000660058 -0.000872055 0.000235984 0.000493454 -1.73677e-05 0.000150746 -3.587e-05 -0.000156981
internal_weight=819796 544996 25300 11866 13434 7580 2668 9198 2275 6296 3389 5854 2912 6923 3477 519696 288123 56521 47386 231602 6823 9135 6593 5483 5146 3874 224779 22286 202493 55345
internal_count=819796 544996 25300 11866 13434 7580 2668 9198 2275 6296 3389 5854 2912 6923 3477 519696 288123 56521 47386 231602 6823 9135 6593 5483 5146 3874 224779 22286 202493 55345
is_linear=0
shrinkage=0.08


Tree=181
num_leaves=31
num_cat=0
split_feature=0 3 0 2 0 0 0 2 0 0 0 3 0 2 0 2 0 0 2 2 3 0 0 3 0 0 0 0 0 0
split_gain=0.0607567 0.110452 0.154206 0.125881 0.100584 0.0977637 0.142264 0.314521 0.0885586 0.0711586 0.0574873 0.0920257 0.0560215 0.104592 0.161042 0.0618583 0.132098 0.0550412 0.0544983 0.0499656 0.10616 0.197513 0.0994908 0.125344 0.106692 0.109002 0.10818 0.0907532 0.0865818 0.0830029
threshold=3.1711750030517583 1.0000000180025095e-35 3.5499849319458012 2.5000000000000004 3.217230081558228 3.115745067596436 3.1264350414276127 1.0000000180025095e-35 3.5683250427246098 3.1048250198364262 4.1130049228668222 1.5000000000000002 3.5338749885559086 2.5000000000000004 4.0105900764465341 1.0000000180025095e-35 3.6189699172973637 3.1378250122070317 1.0000000180025095e-35 2.5000000000000004 1.0000000180025095e-35 1.5637750029563906 1.8362749814987185 1.0000000180025095e-35 1.8852050304412844 1.9328650236129763 2.032885074615479 1.5460549592971804 1.528375029563904 1.989254951477051
decision_type=2 2 2 2 2 2 2 2 2 2 2 2 2 2 2 2 2 2 2 2 2 2 2 2 2 2 2 2 2 2
left_child=5 4 -3 8 18 9 7 -7 -4 19 -10 -12 -6 15 -15 -14 -17 -8 -2 20 27 28 -21 -24 -25 -26 29 -1 -22 -27
right_child=1 2 3 -5 12 6 17 -9 10 -11 11 -13 13 14 -16 16 -18 -19 -20 22 21 -23 23 24 25 26 -28 -29 -30 -31
leaf_value=8.3131068233989491e-05 -0.00050711873545417052 -0.00019333753710774058 0.00054064889065474984 0.00024731782170853497 0.00013354009339974762 -0.00026520082800745811 -0.00018725263739047539 0.0013647700878589464 -0.00013334947649596516 -0.00036798513591226124 0.00021995519226742082 -9.5087617063734222e-05 -4.1000041720872614e-05 2.299272949225477e-05 -0.0012123042203780094 -0.00037820580652198537 0.00023973764514402624 0.00018935874763516974 -1.5642529678937234e-05 9.500480455913748e-05 -7.0825276483003823e-05 9.2042239552710714e-05 0.00013098995582424162 -0.00088397386115349522 0.00055621015680538271 -0.00025512734987368895 -0.00013234233466225619 -3.6409752821973159e-05 -0.0005578427952639309 -0.0010794440360661274
leaf_weight=49749 3257 49991 1565 10357 33780 1289 3356 1838 36221 3195 9536 15710 30188 1679 1130 2600 14913 9554 2594 21794 39026 196872 11258 1294 1367 1772 37820 222112 2485 1399
leaf_count=49749 3257 49991 1565 10357 33780 1289 3356 1838 36221 3195 9536 15710 30188 1679 1130 2600 14913 9554 2594 21794 39026 196872 11258 1294 1367 1772 37820 222112 2485 1399
internal_value=9.05763e-07 -3.5792e-05 -8.49727e-05 -1.1157e-05 3.15238e-05 1.38322e-05 0.000208725 0.00069287 -5.36278e-05 8.53604e-06 -6.87586e-05 2.39114e-05 5.37887e-05 4.52666e-07 -0.000473941 2.83886e-05 0.000147997 9.14573e-05 -0.000289226 1.05856e-05 1.96355e-05 5.86043e-05 -4.96156e-05 -0.000107016 -0.000168399 -0.000146538 -0.000169974 -1.45345e-05 -9.99799e-05 -0.000618804
internal_weight=819701 213521 123380 73389 90141 606180 16037 3127 63032 590143 61467 25246 84290 50510 2809 47701 17513 12910 5851 586948 510244 238383 76704 54910 43652 42358 40991 271861 41511 3171
internal_count=819701 213521 123380 73389 90141 606180 16037 3127 63032 590143 61467 25246 84290 50510 2809 47701 17513 12910 5851 586948 510244 238383 76704 54910 43652 42358 40991 271861 41511 3171
is_linear=0
shrinkage=0.08


Tree=182
num_leaves=31
num_cat=0
split_feature=1 1 2 0 1 1 0 0 0 0 0 0 1 0 1 0 1 1 1 0 1 0 1 1 0 0 0 0 1 1
split_gain=0.0445275 0.0892793 0.0932318 0.091045 0.541139 0.243918 0.379004 0.281804 0.256745 0.255263 0.177249 0.203252 0.306956 0.131162 0.114145 0.112875 0.19155 0.110008 0.081504 0.0757342 0.0727395 0.225431 0.0760343 0.0647654 0.173024 0.284971 0.056667 0.0524338 0.0516916 0.0469964
threshold=-0.18604499846696851 -0.19490000605583188 2.5000000000000004 1.4359849691390993 -1.1279700398445127 -1.0697450041770933 3.3692250251770024 2.9804151058197026 3.5683250427246098 3.1378250122070317 2.855045080184937 1.717480003833771 -0.48883000016212458 1.3018200397491457 -0.39802500605583185 1.8722299933433535 -1.358114957809448 -0.39802500605583185 -0.47867499291896815 3.1602449417114262 -0.29524999856948847 2.283195018768311 -0.34146000444889063 -0.17668499797582624 2.9309849739074711 2.1673500537872319 2.2459249496459965 2.9510949850082402 -0.8083449900150298 -0.44781500101089472
decision_type=2 2 2 2 2 2 2 2 2 2 2 2 2 2 2 2 2 2 2 2 2 2 2 2 2 2 2 2 2 2
left_child=1 2 -1 4 -4 9 7 10 -8 15 11 12 -7 28 19 -5 -17 29 -10 -9 22 -22 -19 24 25 -2 -3 -28 -6 -13
right_child=23 26 3 5 13 6 8 14 18 -11 -12 17 -14 -15 -16 16 -18 20 -20 -21 21 -23 -24 -25 -26 -27 27 -29 -30 -31
leaf_value=4.063914904059715e-06 0.00013598206845055988 -1.1663797609113615e-06 -0.0012370440666877257 0.0013721513867833149 0.00011859347577864365 0.0012912282354744808 0.0018319801990821609 -0.00081818504730920086 0.00083423539051806408 -0.00055822707908707099 0.00095237426551802811 -0.00018970521389109052 -0.00045904150518170131 -0.00044691642193676352 -0.0013773779908692178 0.0011139487516630717 6.3110748278425425e-05 0.00010040473632844884 -0.00012265870134609352 0.00010061428746888163 0.00074352400744777869 -0.00085222225457053634 0.0010192156415252274 -1.1521099447738137e-05 0.00046641298784041589 -0.0016547471245664316 0.0011064456691326093 0.00029288015651595761 0.00080351017112554766 -0.00075671710928278905
leaf_weight=286962 1136 1157 1987 1625 1010 1730 1153 1235 1167 1034 1371 9735 1019 1001 1113 2239 2202 1205 1113 1073 1075 1198 1105 486564 1087 1139 1016 1012 2337 1035
leaf_count=286962 1136 1157 1987 1625 1010 1730 1153 1235 1167 1034 1371 9735 1019 1001 1113 2239 2202 1205 1113 1073 1075 1198 1105 486564 1087 1139 1016 1012 2337 1035
internal_value=1.36041e-06 2.40804e-05 1.99715e-05 0.000134776 -0.000143297 0.000187476 7.52504e-05 -4.22901e-05 0.000859105 0.000603611 7.53521e-05 8.92863e-06 0.000642438 0.000356536 -0.000711933 0.000801656 0.000592907 -0.000104503 0.00036712 -0.000391031 0.000223772 -9.75248e-05 0.000539923 -1.39389e-05 -0.000363858 -0.000760563 0.000445587 0.000700465 0.000596828 -0.000244195
internal_weight=819835 329909 326724 39762 6335 33427 26327 22894 3433 7100 19473 18102 2749 4348 3421 6066 4441 15353 2280 2308 4583 2273 2310 489926 3362 2275 3185 2028 3347 10770
internal_count=819835 329909 326724 39762 6335 33427 26327 22894 3433 7100 19473 18102 2749 4348 3421 6066 4441 15353 2280 2308 4583 2273 2310 489926 3362 2275 3185 2028 3347 10770
is_linear=0
shrinkage=0.08


Tree=183
num_leaves=31
num_cat=0
split_feature=1 2 1 2 1 3 2 1 3 3 1 1 3 1 1 1 1 1 2 1 1 1 1 3 2 1 1 2 1 1
split_gain=0.0185651 0.0782992 0.0629489 0.0436256 0.0851532 0.167896 0.165534 0.072008 0.126831 0.120467 0.145263 0.0593439 0.147231 0.0671671 0.0629448 0.0976138 0.158191 0.0571772 0.160274 0.11714 0.0647899 0.165019 0.107405 0.115439 0.0612438 0.111538 0.115674 0.0816493 0.0741816 0.168738
threshold=0.9558599889278413 1.0000000180025095e-35 1.1098350286483767 1.0000000180025095e-35 0.88355499505996715 1.5000000000000002 2.5000000000000004 -1.0697450041770933 1.0000000180025095e-35 1.0000000180025095e-35 -2.193194985389709 0.803624987602234 1.0000000180025095e-35 0.82949000597000133 0.034244999289512641 0.060300000011920936 0.068785000592470183 0.36592499911785131 1.5000000000000002 0.37631000578403478 0.50270497798919689 0.53323501348495495 0.40447999536991125 1.0000000180025095e-35 1.5000000000000002 0.30093999207019811 0.32790499925613409 2.5000000000000004 0.2373050004243851 0.2281950041651726
decision_type=2 2 2 2 2 2 2 2 2 2 2 2 2 2 2 2 2 2 2 2 2 2 2 2 2 2 2 2 2 2
left_child=3 2 -2 7 11 6 -6 9 -9 10 -1 14 13 -13 -5 -16 -17 24 20 -20 22 -22 -19 -24 -18 28 27 -27 29 -26
right_child=1 -3 -4 4 5 -7 -8 8 -10 -11 -12 12 -14 -15 15 16 17 18 19 -21 21 -23 23 -25 25 26 -28 -29 -30 -31
leaf_value=0.00077947374393373594 0.00012038316530784745 9.2065606392380841e-05 -8.4171667073261352e-05 1.0162630589718616e-05 -0.0002144651752267262 -0.00076427890106965071 0.00086665431208407724 -3.787675775854491e-07 0.00012017676227200442 -0.00024882502388791312 -1.4879070729763197e-05 0.0010190716371738361 -4.4148780218243167e-05 0.00032632980385574649 -0.00037849749333983404 0.00067724387468731466 -0.00019476889787048622 -0.00010198467318539812 0.00069655915236388781 -0.00013334765898036336 -0.0005676141814804455 0.00011571965490260359 0.00010892950963995966 0.00068995027374959422 1.0958584299814215e-05 -0.00034964979556143661 -4.7315311136098429e-05 -0.0011947170634526369 0.00025438705632712706 -0.0010411661973853635
leaf_weight=1587 12533 68366 41543 242741 5172 2864 1099 162137 85200 15484 20576 1355 7212 2643 5770 1926 28964 3587 1118 41244 2545 20323 4121 4667 19127 1802 4288 1232 7337 1028
leaf_count=1587 12533 68366 41543 242741 5172 2864 1099 162137 85200 15484 20576 1355 7212 2643 5770 1926 28964 3587 1118 41244 2545 20323 4121 4667 19127 1802 4288 1232 7337 1028
internal_value=6.43896e-06 3.51691e-05 -3.67627e-05 1.39301e-06 -1.52477e-05 -0.000256777 -2.49977e-05 2.54601e-05 4.11489e-05 -7.7614e-05 4.20012e-05 -9.77327e-06 0.000171715 0.000561113 -1.49657e-05 -5.58814e-05 -4.2892e-05 -5.27021e-05 -6.58164e-06 -0.000111445 0.000119464 3.96708e-05 0.000266915 0.000417489 -0.000108821 -3.73162e-05 -0.000314784 -0.000692802 3.65824e-05 -4.27047e-05
internal_weight=819591 122442 54076 697149 412165 9135 6271 284984 247337 37647 22163 403030 11210 3998 391820 149079 143309 141383 77605 42362 35243 22868 12375 8788 63778 34814 7322 3034 27492 20155
internal_count=819591 122442 54076 697149 412165 9135 6271 284984 247337 37647 22163 403030 11210 3998 391820 149079 143309 141383 77605 42362 35243 22868 12375 8788 63778 34814 7322 3034 27492 20155
is_linear=0
shrinkage=0.08


Tree=184
num_leaves=31
num_cat=0
split_feature=1 0 1 3 1 0 1 3 0 0 3 3 0 0 0 3 1 0 0 1 0 0 0 1 0 0 1 3 1 1
split_gain=0.0338429 0.101066 0.262624 0.481017 0.218139 0.167939 0.141978 0.183235 0.110257 0.218449 0.107959 0.0937969 0.370221 0.264274 0.220784 0.170115 0.167345 0.23964 0.396522 0.196365 0.30771 0.680703 0.166342 0.316171 0.288002 0.266056 0.350006 0.160298 0.267486 0.395775
threshold=0.45309500396251684 3.4861500263214116 0.0082950000651180762 1.0000000180025095e-35 0.0082950000651180762 3.6949000358581547 0.016889999620616439 1.0000000180025095e-35 3.9832749366760258 3.7575850486755376 1.5000000000000002 1.5000000000000002 3.1048250198364262 3.031194925308228 3.1264350414276127 1.0000000180025095e-35 0.25529499351978308 2.1062049865722661 1.5956749916076662 0.35660000145435339 2.1472198963165288 2.6509549617767338 2.6509549617767338 0.068785000592470183 2.6331748962402348 2.7142848968505864 0.29182499647140508 1.0000000180025095e-35 0.24607999622821811 0.13906000554561618
decision_type=2 2 2 2 2 2 2 2 2 2 2 2 2 2 2 2 2 2 2 2 2 2 2 2 2 2 2 2 2 2
left_child=1 4 -3 5 -1 -4 7 -6 9 -5 -10 14 13 16 22 -16 17 18 -13 -18 -21 -22 24 -24 -8 26 -25 -27 29 -29
right_child=-2 2 3 8 6 -7 11 -9 10 -11 -12 12 -14 -15 15 -17 19 -19 -20 20 21 -23 23 25 -26 27 -28 28 -30 -31
leaf_value=-4.2033559013975747e-06 -1.9747449402627375e-05 4.3217380368952965e-05 -0.0003221236974164917 -0.00043051673432554317 2.6427550504213039e-05 0.0003534896760897422 7.0098591353521115e-05 0.0013559131449925668 8.467211741664404e-05 -0.0012448655231557973 -0.00056341928240476581 -7.1081912955496987e-05 0.0008659573115558074 -0.0011470052631856896 -6.4048340344711499e-06 -0.00058441971701576553 -0.00046361860419826678 7.6959890476187653e-05 0.0014700808059374363 -0.00058314287929730146 0.0020210992567134896 -0.00064360437783845008 0.0010554024905985457 0.0015722069368995385 -0.0012627685366538288 -0.00011710758232161403 -0.00013701542751252198 0.00089813969184689699 0.00084205302172423043 -0.00086164478436836665
leaf_weight=355626 260137 45971 3453 5600 1318 7403 62670 1336 2685 3381 4247 1840 4907 1042 8502 5284 4624 7363 2548 1556 1397 1094 3049 1849 1055 11368 1310 1381 3665 2006
leaf_count=355626 260137 45971 3453 5600 1318 7403 62670 1336 2685 3381 4247 1840 4907 1042 8502 5284 4624 7363 2548 1556 1397 1094 3049 1849 1055 11368 1310 1381 3665 2006
internal_value=4.09306e-06 1.5177e-05 -7.2779e-05 -0.000271982 2.83201e-05 0.000138595 0.000116501 0.000695679 -0.000552082 -0.000737088 -0.000312391 0.00010454 0.000239048 9.57268e-05 6.98116e-05 -0.000227951 0.000159135 0.000355853 0.000823832 -0.000107458 0.000299482 0.000850812 0.000116272 0.000292844 4.80323e-05 0.000185098 0.000863413 6.87686e-05 0.000368406 -0.000144118
internal_weight=819667 559530 72740 26769 486790 10856 131164 2654 15913 8981 6932 128510 26371 21464 102139 13786 20422 11751 4388 8671 4047 2491 88353 24628 63725 21579 3159 18420 7052 3387
internal_count=819667 559530 72740 26769 486790 10856 131164 2654 15913 8981 6932 128510 26371 21464 102139 13786 20422 11751 4388 8671 4047 2491 88353 24628 63725 21579 3159 18420 7052 3387
is_linear=0
shrinkage=0.08


Tree=185
num_leaves=31
num_cat=0
split_feature=1 1 3 1 0 3 1 1 0 1 0 3 1 0 0 1 1 0 1 1 0 1 1 1 1 3 0 0 1 1
split_gain=0.0512703 0.207835 0.211968 0.177802 0.186439 0.291308 0.222021 0.170819 0.108712 0.228909 0.261686 0.259664 0.305319 0.269805 0.23741 0.19282 0.180365 0.153198 0.156295 0.151633 0.172487 0.147204 0.11955 0.119277 0.237184 0.113732 0.269266 0.25891 0.215005 0.250139
threshold=0.19279000163078311 0.17466999590396884 1.5000000000000002 0.2373050004243851 2.4737600088119511 1.0000000180025095e-35 0.2281950041651726 0.21030499786138537 2.9804151058197026 0.0082950000651180762 1.7461850047111513 1.0000000180025095e-35 0.15719499439001086 1.9783749580383303 2.1169149875640874 0.14820500463247302 0.042975001037120826 2.5975749492645268 0.13024000078439715 -0.71593499183654774 3.0007400512695317 0.13024000078439715 0.10368499904870988 0.085974998772144332 0.12142500281333925 1.0000000180025095e-35 3.2783350944519047 3.1378250122070317 -0.11453500017523764 -0.2492600008845329
decision_type=2 2 2 2 2 2 2 2 2 2 2 2 2 2 2 2 2 2 2 2 2 2 2 2 2 2 2 2 2 2
left_child=1 8 -3 4 6 -6 -2 -7 9 -1 -11 13 16 -12 -15 21 -13 18 22 -10 -21 -16 -18 -19 -25 26 28 -27 29 -22
right_child=3 2 -4 -5 5 7 -8 -9 19 10 11 12 -14 14 15 -17 17 23 -20 20 25 -23 -24 24 -26 27 -28 -29 -30 -31
leaf_value=9.5153560933706881e-06 0.00025859940652885537 0.00022253634674390262 0.0013202041418908638 -1.1182921106774503e-05 -1.6619567947481015e-05 -0.0015112690893410705 -0.00089675296681214381 -0.00055671270378847705 9.0188930047331884e-05 -0.00015021080470835912 0.00088177633825862827 0.0011790779003933215 -0.00048182601928955273 -0.00094002736233450806 6.1031649373532349e-05 0.00084252915089761305 0.00034390692026727086 0.00035337578087512938 0.00098929899307987203 -0.00078114757514425464 -0.00025816458068459006 -0.00085727284060059636 -0.00045963127008740356 0.0021265150871332753 0.00048181928596688876 0.0002447277440499379 0.000178612361266571 -0.00024850469923095339 0.00013333704756548307 -0.0012611738402019527
leaf_weight=298940 5448 5124 1443 333991 4059 1959 1323 3096 33860 9768 2338 3404 1639 1677 8298 1787 3795 1400 1608 2376 5835 1291 1723 1109 1136 8129 23548 42017 5082 2188
leaf_count=298940 5448 5124 1443 333991 4059 1959 1323 3096 33860 9768 2338 3404 1639 1677 8298 1787 3795 1400 1608 2376 5835 1291 1723 1109 1136 8129 23548 42017 5082 2188
internal_value=-4.38595e-07 1.68361e-05 0.000463732 -2.36203e-05 -0.000285123 -0.000521354 3.28527e-05 -0.000926639 1.04968e-05 3.38203e-05 0.00021115 0.000324265 0.00055193 9.03429e-05 -5.14154e-05 7.95799e-05 0.000671459 0.000511035 0.000295253 -5.39399e-05 -0.000108666 -6.26028e-05 9.30015e-05 0.000932888 0.00129428 -9.02578e-05 1.68538e-05 -0.000168548 -0.000273805 -0.000531701
internal_weight=819391 469515 6567 349876 15885 9114 6771 5055 462948 339913 40973 31205 15814 15391 13053 11376 14175 10771 7126 123035 89175 9589 5518 3645 2245 86799 36653 50146 13105 8023
internal_count=819391 469515 6567 349876 15885 9114 6771 5055 462948 339913 40973 31205 15814 15391 13053 11376 14175 10771 7126 123035 89175 9589 5518 3645 2245 86799 36653 50146 13105 8023
is_linear=0
shrinkage=0.08


Tree=186
num_leaves=31
num_cat=0
split_feature=3 0 0 2 2 0 0 0 0 2 0 0 2 0 0 0 0 2 0 2 0 2 0 0 0 0 0 0 2 0
split_gain=0.0181871 0.0726543 0.0978067 0.150588 0.140257 0.065482 0.0537535 0.0505728 0.0397484 0.209762 0.041362 0.0287914 0.0277181 0.0229459 0.159271 0.283587 0.0992185 0.130569 0.0936127 0.0696251 0.0835959 0.0649424 0.155147 0.0981125 0.096116 0.156112 0.0694127 0.0669792 0.0581995 0.0547616
threshold=1.5000000000000002 3.0623250007629399 2.941275000572205 1.5000000000000002 2.5000000000000004 2.855045080184937 2.8736749887466435 3.1048250198364262 4.7154748439788827 1.5000000000000002 3.1264350414276127 3.031194925308228 1.0000000180025095e-35 2.2644751071929936 2.4373950958251958 2.383835077285767 2.2175250053405766 1.5000000000000002 2.4555249214172368 1.0000000180025095e-35 2.5612649917602544 1.5000000000000002 2.5083100795745854 2.7413899898529057 2.7599399089813237 2.5612649917602544 2.6863999366760258 2.8076500892639165 2.5000000000000004 2.6331748962402348
decision_type=2 2 2 2 2 2 2 2 2 2 2 2 2 2 2 2 2 2 2 2 2 2 2 2 2 2 2 2 2 2
left_child=-1 2 5 11 -5 13 -7 -3 10 -10 -9 12 -4 16 15 -15 -2 -18 -16 20 -20 22 -21 -23 25 -24 29 -26 -25 -27
right_child=1 7 3 4 -6 6 -8 8 9 -11 -12 -13 -14 14 18 -17 17 -19 19 21 -22 23 24 28 27 26 -28 -29 -30 -31
leaf_value=-7.3696295017696411e-06 6.1294869562544772e-05 -0.00035328483884098847 0.00024175659672252459 -0.00040324060078848712 0.00045176606037986374 -0.00063691906509074031 -8.5446691455439409e-05 0.00035907126086512727 -9.6406973087074729e-05 0.0010252631736210828 -5.598538121498328e-05 0.0010026780636512307 0.00071822241572159086 2.7864472317145545e-05 0.00074297813895162455 -0.00078479219063045161 -8.4589170873672822e-05 0.0009347961460473256 -0.0007235596455588087 -0.00057276268340012034 -1.6331546960677161e-06 0.0001575084490330645 0.0011180521843869745 -0.00052897856590778433 0.0013540528776529003 -3.3460165344149093e-05 -0.00039495817481119877 0.00045921679874263017 2.6288855419070559e-05 0.00069615603008188487
leaf_weight=626206 55263 3193 1290 2574 2348 1445 5209 1575 4466 1402 63061 1105 1982 8673 1404 4023 1374 1939 1380 1107 4008 12848 1077 2541 1042 1519 1513 1101 2303 1162
leaf_count=626206 55263 3193 1290 2574 2348 1445 5209 1575 4466 1402 63061 1105 1982 8673 1404 4023 1374 1939 1380 1107 4008 12848 1077 2541 1042 1519 1513 1101 2303 1162
internal_value=-7.39984e-07 2.06677e-05 5.90048e-05 0.000308221 4.63336e-06 3.81138e-05 -0.000205206 -4.18759e-05 -2.77728e-05 0.000171586 -4.58716e-05 0.00064961 0.000530374 5.36402e-05 1.11543e-05 -0.000229643 8.67878e-05 0.000512027 0.000103782 7.53827e-05 -0.000186536 0.000129219 0.000310662 4.18312e-05 0.000442568 0.000258903 3.82774e-05 0.000894317 -0.000264986 0.00028277
internal_weight=820133 193927 120230 9299 4922 110931 6654 73697 70504 5868 64636 4377 3272 104277 45701 12696 58576 3313 33005 31601 5388 26213 8521 17692 7414 5271 4194 2143 4844 2681
internal_count=820133 193927 120230 9299 4922 110931 6654 73697 70504 5868 64636 4377 3272 104277 45701 12696 58576 3313 33005 31601 5388 26213 8521 17692 7414 5271 4194 2143 4844 2681
is_linear=0
shrinkage=0.08


Tree=187
num_leaves=31
num_cat=0
split_feature=1 0 0 1 0 1 0 3 1 1 0 1 3 0 1 0 0 0 1 0 0 1 0 0 0 0 1 1 1 1
split_gain=0.0311109 0.107463 0.141802 0.116001 0.115128 0.118656 0.0804709 0.239012 0.39015 0.299057 0.232403 0.154302 0.470101 0.481067 0.364219 0.177305 0.272182 0.214767 0.140719 0.201387 0.504856 0.187214 0.190533 0.257962 0.32342 0.266294 0.230131 0.201987 0.179501 0.240478
threshold=0.65214499831199657 1.7461850047111513 2.7326350212097172 0.6741049885749818 1.2779699563980105 1.0555250048637392 3.2669749259948735 1.0000000180025095e-35 -0.67946499586105336 -0.92924499511718739 3.4555850028991704 -0.14055000245571134 1.5000000000000002 1.658895015716553 -0.10584500059485434 3.1833050251007085 3.1048250198364262 3.031194925308228 0.49272499978542333 2.7983599901199345 2.5435550212860112 0.46295499801635748 2.9707000255584721 2.6692450046539311 2.5882999897003178 2.5083100795745854 -0.034919999539852135 0.12142500281333925 0.21030499786138537 0.29182499647140508
decision_type=2 2 2 2 2 2 2 2 2 2 2 2 2 2 2 2 2 2 2 2 2 2 2 2 2 2 2 2 2 2
left_child=6 4 -3 -4 5 -2 11 9 -9 10 -8 -1 -13 -14 -15 16 17 18 21 20 -20 22 23 24 25 26 -16 -28 -29 -30
right_child=1 2 3 -5 -6 -7 7 8 -10 -11 -12 12 13 14 15 -17 -18 -19 19 -21 -22 -23 -24 -25 -26 -27 27 28 29 -31
leaf_value=9.3207223383625065e-07 0.00019481651771999258 -0.00012378559887984216 -0.00045285908768995025 3.7484356742149034e-05 0.00030807324607773102 -0.00048212128115758751 0.00032216565891421341 0.00024219211779332131 -0.00022033030776232116 0.00016894634178344728 -0.00085055243151846774 3.0642554982056678e-05 -0.00031347265404333509 0.001584864001317971 -0.00037131205343064809 -0.00038239796088854595 0.0013541683508607274 -0.00048902100749988794 0.00050562310873639117 -0.00019551040117013943 0.0025139277311920882 -0.00068729935688553246 0.0013701139033001103 -0.00012319685637201513 0.0015481078411562976 -0.0006227472278305449 0.0011189820108291621 -0.00025813993522841148 0.0014092269146734849 0.00024877282830266026
leaf_weight=291347 3793 66724 3178 108733 12724 2943 1576 14638 57605 44022 3447 166676 6329 1703 1680 1819 1916 1751 2872 1017 1111 1079 1205 5728 1694 1518 3653 1988 1718 3414
leaf_count=291347 3793 66724 3178 108733 12724 2943 1576 14638 57605 44022 3447 166676 6329 1703 1680 1819 1916 1751 2872 1017 1111 1079 1205 5728 1694 1518 3653 1988 1718 3414
internal_value=1.55787e-05 -1.2029e-05 -3.14769e-05 2.35598e-05 0.000166494 -0.000100942 2.43782e-05 -3.40816e-05 -0.000126613 0.000102217 -0.000482604 3.8553e-05 9.10292e-05 0.000329565 0.000443036 0.000386117 0.000429338 0.000371103 0.000423621 0.000809258 0.00106581 0.000342184 0.00039134 0.000336209 0.000504193 0.000377617 0.00049956 0.000635368 0.000387244 0.000637249
internal_weight=819601 198095 178635 111911 19460 6736 621506 121288 72243 49045 5023 500218 208871 42195 35866 34163 32344 30428 28677 5000 3983 23677 22598 21393 15665 13971 12453 10773 7120 5132
internal_count=819601 198095 178635 111911 19460 6736 621506 121288 72243 49045 5023 500218 208871 42195 35866 34163 32344 30428 28677 5000 3983 23677 22598 21393 15665 13971 12453 10773 7120 5132
is_linear=0
shrinkage=0.08


Tree=188
num_leaves=31
num_cat=0
split_feature=1 1 0 0 1 0 0 0 0 0 2 0 1 0 0 2 0 0 0 0 1 0 1 0 2 0 0 0 0 0
split_gain=0.0816097 0.117432 0.264228 0.372624 0.10153 0.161903 0.0912588 0.67771 0.185828 0.18053 0.240663 0.13662 0.236659 0.12075 0.251093 0.191867 0.211067 0.320787 0.175047 0.145846 0.126264 0.157963 0.136773 0.11265 0.0809748 0.0808418 0.210446 0.126209 0.0754871 0.108442
threshold=0.11249499768018724 0.25529499351978308 3.355854988098145 1.6282950043678286 0.2373050004243851 3.4401249885559086 2.8929450511932377 2.7890100479125981 2.6692450046539311 3.0104351043701176 1.0000000180025095e-35 3.1602449417114262 0.16599000245332721 2.6154251098632817 2.5612649917602544 1.0000000180025095e-35 2.3655949831008916 2.2644751071929936 2.4373950958251958 2.3379249572753911 0.21953500062227252 1.9440699815750124 0.16599000245332721 2.4555249214172368 1.0000000180025095e-35 1.9783749580383303 1.7862750291824343 2.1673500537872319 4.0105900764465341 3.7358449697494511
decision_type=2 2 2 2 2 2 2 2 2 2 2 2 2 2 2 2 2 2 2 2 2 2 2 2 2 2 2 2 2 2
left_child=-1 2 3 -2 5 -4 7 8 13 10 -8 12 -11 14 15 19 17 25 -18 20 21 -5 -23 -21 -10 26 -17 -27 29 -7
right_child=1 -3 4 6 -6 28 9 -9 24 11 -12 -13 -14 -15 -16 16 18 -19 -20 23 -22 22 -24 -25 -26 27 -28 -29 -30 -31
leaf_value=-1.8108717306344127e-05 -0.00033382452885598324 1.4822520434833337e-05 -0.0011960544788776864 -0.00023399813859022002 0.00044617008707776472 -6.9297671047084379e-05 0.0001857555642011309 -0.0010253597469116746 0.0015394599807318538 0.0008480747402709218 0.0017849967303759321 0.00068318319519909275 -0.0005928612598140896 -0.00043406889619148053 0.0014431164125391983 2.0361509993635414e-05 0.0019282708161866488 -0.00078326795516541999 0.00061096799221421999 -0.0011858484971588442 -0.00050599384984964036 0.00022657451878709735 0.0014415213064493185 -3.2937290786252413e-06 0.00065573719207321875 -8.6608140090087041e-05 0.0013572435056852022 0.00090747860887585271 0.00014964509340782415 -0.00081423333097251083
leaf_weight=440694 6225 327471 1144 1467 1315 3205 1014 2378 1102 1172 1483 3441 1932 1309 1279 1260 1023 1465 1750 1052 1254 1210 1163 1011 1668 2320 1875 1262 2879 2051
leaf_count=440694 6225 327471 1144 1467 1315 3205 1014 2378 1102 1172 1483 3441 1932 1309 1279 1260 1023 1465 1750 1052 1254 1210 1163 1011 1668 2320 1875 1262 2879 2051
internal_value=5.30344e-06 3.25137e-05 0.000144551 0.000236348 -0.000211708 -0.000304941 0.000338077 0.000261553 0.000391944 0.000556832 0.00113557 0.000336038 -4.87965e-05 0.000309598 0.0003598 0.0002833 0.000493758 0.000289331 0.00109694 -3.88416e-05 0.00019098 0.000418586 0.000822016 -0.000606322 0.00100731 0.000523268 0.000819932 0.000263626 -0.000179627 -0.000359987
internal_weight=819874 379180 51709 41115 10594 9279 34890 25848 23470 9042 2497 6545 3104 20700 19391 18112 10955 8182 2773 7157 5094 3840 2373 2063 2770 6717 3135 3582 8135 5256
internal_count=819874 379180 51709 41115 10594 9279 34890 25848 23470 9042 2497 6545 3104 20700 19391 18112 10955 8182 2773 7157 5094 3840 2373 2063 2770 6717 3135 3582 8135 5256
is_linear=0
shrinkage=0.08


Tree=189
num_leaves=31
num_cat=0
split_feature=0 1 3 0 0 0 0 0 0 1 0 1 3 1 0 1 1 0 1 0 1 1 0 3 3 0 1 1 1 1
split_gain=0.0529258 0.107541 0.134016 0.411951 0.21821 0.135334 0.118755 0.0942996 0.0724474 0.0651677 0.064216 0.272214 0.0595661 0.281089 0.289926 0.272112 0.247593 0.2896 0.552499 0.195253 0.276198 0.400601 0.239857 0.258042 0.249281 0.428236 0.233145 0.653456 0.211496 0.268234
threshold=2.9510949850082402 -0.86674499511718739 1.5000000000000002 3.5683250427246098 3.2420299053192143 4.2789301872253427 3.6189699172973637 3.4707949161529545 3.1048250198364262 2.5417549610137944 2.941275000572205 -0.087965000420808778 1.0000000180025095e-35 1.3000449538230898 3.3034549951553349 1.004474997520447 1.0382149815559389 2.9707000255584721 -0.061204999685287469 3.9832749366760258 0.55470499396324169 0.53323501348495495 3.8987249135971074 1.5000000000000002 1.5000000000000002 3.3973799943923955 0.13024000078439715 0.30093999207019811 0.37631000578403478 0.2281950041651726
decision_type=2 2 2 2 2 2 2 2 2 2 2 2 2 2 2 2 2 2 2 2 2 2 2 2 2 2 2 2 2 2
left_child=10 2 3 -2 8 6 7 -6 -4 12 -1 -12 13 14 15 -3 17 18 -14 20 21 22 24 -24 -19 26 -26 -28 29 -27
right_child=1 9 4 -5 5 -7 -8 -9 -10 -11 11 -13 16 -15 -16 -17 -18 19 -20 -21 -22 -23 23 -25 25 28 27 -29 -30 -31
leaf_value=-1.8831103022688945e-05 0.0003086253694245878 -0.00013481852317407232 0.00020721629461308794 -0.00054855987914197895 0.0008191818647483891 -0.00016688687500273397 0.0012348158713940908 -0.00013972308410943222 -0.00057423749951400114 -0.00043134370413865157 0.000522179730150176 -0.00098978817572252997 -0.00064944450031944353 -0.00027226476200624991 0.00021634619762185231 0.0006079084306020796 0.00018826946115406705 -0.00021966313511700676 0.0017583876904392979 0.00010249618720508592 -0.00041013036550439669 0.0014721899477438793 5.5048114217116348e-05 -0.0014615942778656425 0.00017019608917950128 -0.00026848556600589976 0.0017820531099552637 -1.6606896092844034e-05 -0.0010639183300327655 0.00082151846318314584
leaf_weight=535439 11416 34793 1711 5233 1892 1020 2554 1005 1365 2162 1277 1890 1034 14690 57921 3472 28054 32251 1487 24623 20406 1056 1264 1662 11290 10104 2411 2787 1713 1686
leaf_count=535439 11416 34793 1711 5233 1892 1020 2554 1005 1365 2162 1277 1890 1034 14690 57921 3472 28054 32251 1487 24623 20406 1056 1264 1662 11290 10104 2411 2787 1713 1686
internal_value=-6.27067e-06 2.18703e-05 0.000176223 3.92008e-05 0.000415175 0.00067887 0.000837129 0.000486528 -0.00013956 6.00543e-06 -2.09555e-05 -0.000380131 9.74716e-06 5.36756e-05 0.000103455 -6.74267e-05 -2.45945e-05 -7.70818e-05 0.000770804 -9.62949e-05 -0.000152798 -7.35042e-05 -9.8551e-05 -0.000806421 -6.5274e-05 0.000100749 0.000374318 0.00081767 -0.000233296 -0.000112612
internal_weight=819668 281062 26196 16649 9547 6471 5451 2897 3076 254866 538606 3167 252704 110876 96186 38265 141828 113774 2521 111253 86630 66224 65168 2926 62242 29991 16488 5198 13503 11790
internal_count=819668 281062 26196 16649 9547 6471 5451 2897 3076 254866 538606 3167 252704 110876 96186 38265 141828 113774 2521 111253 86630 66224 65168 2926 62242 29991 16488 5198 13503 11790
is_linear=0
shrinkage=0.08


Tree=190
num_leaves=31
num_cat=0
split_feature=1 0 1 0 3 1 0 0 3 3 1 0 1 1 1 1 3 1 0 0 1 3 0 0 1 0 0 0 1 0
split_gain=0.0502043 0.071535 0.0919197 0.0684184 0.136875 0.119773 0.151248 0.117392 0.406292 0.248065 0.241544 0.316178 0.226141 0.216568 0.191072 0.12403 0.145059 0.115966 0.206117 0.128935 0.11271 0.109509 0.107146 0.102362 0.0850849 0.106922 0.083026 0.0751666 0.0715126 0.0980382
threshold=0.79055002331733715 5.0118300914764413 1.3000449538230898 3.083110094070435 1.0000000180025095e-35 0.88355499505996715 1.7461850047111513 3.6949000358581547 1.5000000000000002 1.5000000000000002 1.2303000092506411 3.4258000850677495 0.98798999190330516 1.004474997520447 2.0098299980163579 1.2754200100898745 1.0000000180025095e-35 1.1880750060081484 2.4191350936889653 1.4741650223731997 1.6690800189971926 1.0000000180025095e-35 1.4359849691390993 4.1522002220153817 1.6224150061607363 4.0425500869750985 3.1833050251007085 4.1130049228668222 0.91235998272895824 3.3973799943923955
decision_type=2 2 2 2 2 2 2 2 2 2 2 2 2 2 2 2 2 2 2 2 2 2 2 2 2 2 2 2 2 2
left_child=-1 3 -3 4 17 -6 22 9 12 15 -11 -12 -9 23 27 28 26 18 -2 -19 -21 24 -7 -10 -14 -26 -17 -15 29 -5
right_child=1 2 -4 7 5 6 -8 8 13 10 11 -13 21 14 -16 16 -18 19 -20 20 -22 -23 -24 -25 25 -27 -28 -29 -30 -31
leaf_value=-1.56441641933223e-05 0.00019411764274350314 0.00017061476511317459 -0.00074843186526744659 -0.00010819195755658389 0.00020401397968515338 -0.00012763859616147624 -0.00022343156910838085 0.0002728982768139306 -0.00071831045722551298 -0.00058823835179757668 -0.00033420325627085787 0.0010754342673727937 -0.00070161141741578866 0.0011246907667483946 -0.00033032282836584643 0.00047349038449231128 0.00049051290072095596 -0.00043826597263600187 -0.00026573719999954237 0.00042069405562202581 1.2482202726747275e-05 -9.1275401582034508e-05 0.00054505022271706023 0.00033198092407893441 -0.00069520243652772241 0.00022029574786403447 -0.00020974850904223905 0.00055050850616185929 0.00058117855788331345 0.00063956107045740963
leaf_weight=658617 13207 1201 1658 2681 6989 3006 32850 4643 1288 4402 2411 1763 6322 2841 1076 1392 4423 1699 11822 13320 6413 5865 3056 1102 1509 1779 6245 3000 10792 1930
leaf_count=658617 13207 1201 1658 2681 6989 3006 32850 4643 1288 4402 2411 1763 6322 2841 1076 1392 4423 1699 11822 13320 6413 5865 3056 1102 1509 1779 6245 3000 10792 1930
internal_value=-5.86257e-06 3.42303e-05 -0.000362362 4.14145e-05 -2.93016e-06 -0.00010091 -0.000155678 0.00010398 -1.45795e-05 0.00020078 -0.000174813 0.000261195 -0.000216771 0.000422478 0.00064932 0.000318069 0.000125933 9.3869e-05 -2.30866e-05 0.000230453 0.00028803 -0.000363688 0.00021148 -0.000234034 -0.000529942 -0.000199864 -8.52142e-05 0.000829785 0.000468504 0.000204791
internal_weight=819302 160685 2859 157826 92362 45901 38912 65464 29425 36039 8576 4174 20118 9307 6917 27463 12060 46461 25029 21432 19733 15475 6062 2390 9610 3288 7637 5841 15403 4611
internal_count=819302 160685 2859 157826 92362 45901 38912 65464 29425 36039 8576 4174 20118 9307 6917 27463 12060 46461 25029 21432 19733 15475 6062 2390 9610 3288 7637 5841 15403 4611
is_linear=0
shrinkage=0.08


Tree=191
num_leaves=31
num_cat=0
split_feature=1 1 0 1 0 0 0 0 0 2 0 2 0 0 1 0 2 1 2 1 0 2 0 0 1 2 2 1 1 0
split_gain=0.0326141 0.0925681 0.210135 0.0775375 0.0685333 0.210983 0.130863 0.142301 0.113016 0.100287 0.120524 0.0698044 0.057709 0.112927 0.157257 0.130967 0.263846 0.175277 0.214004 0.171578 0.137607 0.128032 0.162609 0.117991 0.125332 0.110422 0.11036 0.116878 0.107144 0.0998092
threshold=-0.60804000496864308 -0.61973500251770008 2.5612649917602544 -0.44781500101089472 3.0623250007629399 3.2054899930953984 1.9560250043869021 1.3018200397491457 3.3158149719238286 2.5000000000000004 2.5348649024963383 1.5000000000000002 3.115745067596436 1.9560250043869021 -1.1494199633598325 1.4359849691390993 2.5000000000000004 -0.91236498951911915 2.5000000000000004 -0.76716500520706166 1.1618149876594546 1.5000000000000002 2.0437750816345219 1.658895015716553 -0.92924499511718739 1.5000000000000002 1.5000000000000002 -1.6286799907684324 -2.193194985389709 2.4644500017166142
decision_type=2 2 2 2 2 2 2 2 2 2 2 2 2 2 2 2 2 2 2 2 2 2 2 2 2 2 2 2 2 2
left_child=1 12 -3 4 6 -6 7 -2 -7 -8 -11 -10 13 15 26 17 19 18 28 -17 -20 -16 -23 -18 -25 -19 -15 -28 -1 -24
right_child=3 2 -4 -5 5 8 9 -9 11 10 -12 -13 -14 14 21 16 23 25 20 -21 -22 22 29 24 -26 -27 27 -29 -30 -31
leaf_value=0.00048446324136752165 0.00033619391039355523 0.00012237167190985159 -0.001172822778710964 5.3565631451573746e-06 -0.00075402648033388745 0.00074296473756284027 0.00034620997582293574 -0.00020243763298009195 -0.00016116891977766682 0.0003024048347063972 -0.00070694420266467848 0.00037354565925869389 7.9509800152861097e-05 -5.2889353845653632e-05 -9.6895778647939799e-05 0.00015477870109506951 0.0012385619543667621 1.9285316407846232e-05 -0.0012747147338162364 -0.00032381357041163692 -0.00012248340205753101 -0.0011879181585347303 -6.3174153741345733e-05 0.00082955477891222512 -0.00027749403588443993 0.00058107644566934402 0.00070174965112834253 8.7354708743864979e-05 -0.00016207187745911276 -0.00046560177377046394
leaf_weight=1799 4653 1823 1431 580105 2256 1505 19990 9648 5676 1708 1360 2156 32848 23206 36881 25136 1728 6878 1784 5924 1056 1397 7063 1666 1078 3320 2830 6610 18614 8933
leaf_count=1799 4653 1823 1431 580105 2256 1505 19990 9648 5676 1708 1360 2156 32848 23206 36881 25136 1728 6878 1784 5924 1056 1397 7063 1666 1078 3320 2830 6610 18614 8933
internal_value=4.7067e-06 -2.41531e-05 -0.000447211 1.35155e-05 0.000110203 -5.97216e-05 0.000162932 -2.71875e-05 0.000108036 0.000280848 -0.000145025 -1.39722e-05 -1.68597e-05 -3.71643e-05 -9.78203e-05 3.92634e-05 0.000146217 -7.43437e-05 -0.000195617 6.34979e-05 -0.000846279 -0.000181276 -0.000360199 0.000720737 0.000394643 0.000202179 4.09243e-05 0.000271543 -0.000105093 -0.000287911
internal_weight=821062 192005 3254 629057 48952 11593 37359 14301 9337 23058 3068 7832 188751 155903 86920 68983 35532 33451 23253 31060 2840 54274 17393 4472 2744 10198 32646 9440 20413 15996
internal_count=821062 192005 3254 629057 48952 11593 37359 14301 9337 23058 3068 7832 188751 155903 86920 68983 35532 33451 23253 31060 2840 54274 17393 4472 2744 10198 32646 9440 20413 15996
is_linear=0
shrinkage=0.08


Tree=192
num_leaves=31
num_cat=0
split_feature=1 1 1 3 2 2 1 1 2 3 2 1 1 3 1 2 1 1 1 1 1 3 1 2 2 1 1 3 2 1
split_gain=0.121339 0.116888 0.119831 0.142746 0.116926 0.188199 0.237669 0.250308 0.205397 0.16535 0.101147 0.104855 0.0901277 0.0889344 0.0861713 0.206581 0.0857348 0.0739667 0.260152 0.118166 0.154566 0.0671144 0.0665152 0.280966 0.17968 0.190801 0.0655563 0.0561048 0.0551757 0.0534164
threshold=0.31001999974250799 0.085974998772144332 0.060300000011920936 1.0000000180025095e-35 1.0000000180025095e-35 1.5000000000000002 0.11249499768018724 0.12142500281333925 2.5000000000000004 1.5000000000000002 2.5000000000000004 -0.24051500111818311 0.39493499696254736 1.5000000000000002 0.35660000145435339 2.5000000000000004 0.25529499351978308 0.2373050004243851 0.17466999590396884 0.15719499439001086 0.16599000245332721 1.0000000180025095e-35 0.19279000163078311 2.5000000000000004 2.5000000000000004 0.24607999622821811 0.016889999620616439 1.0000000180025095e-35 1.0000000180025095e-35 0.16599000245332721
decision_type=2 2 2 2 2 2 2 2 2 2 2 2 2 2 2 2 2 2 2 2 2 2 2 2 2 2 2 2 2 2
left_child=1 2 10 28 17 9 8 -8 -7 16 -1 -12 14 29 -2 -16 -6 18 19 -3 -21 -13 23 -15 -24 -26 -23 -20 -4 -9
right_child=12 4 3 -5 5 6 7 13 -10 -11 11 21 -14 22 15 -17 -18 -19 27 20 -22 26 24 -25 25 -27 -28 -29 -30 -31
leaf_value=1.4747887525877372e-05 6.3950140439002193e-05 -6.9851858143758218e-06 0.00021339740283785752 0.00058502741052928429 -0.00036921079222635323 -0.00013856501664131723 0.0012559575603062309 0.00040463494415381905 -0.0014192964488166304 5.1289142103036176e-05 -3.2911256027015632e-05 5.4088825859146939e-05 3.9155215014566116e-05 0.00082804868398667184 0.00021606385831940888 0.0011588613212457483 -0.00079077100087282851 -0.00015855224675361953 0.00029000950446589547 -0.0012385355827230098 -8.0298294405620291e-06 -0.00029391661673986488 -0.00084967940170193061 -0.00067003266058066762 -0.00063730925817270659 0.00073491350515152187 -0.00083744979431768041 0.00071228535640047359 -0.00035115701286325928 3.5647562173119267e-05
leaf_weight=368073 16376 10586 2484 4940 12821 1937 1063 3316 1367 5043 37571 2998 278508 1608 11383 1711 4067 10306 6047 1274 1341 10196 2616 1597 1225 1378 1650 3019 2000 10342
leaf_count=368073 16376 10586 2484 4940 12821 1937 1063 3316 1367 5043 37571 2998 278508 1608 11383 1711 4067 10306 6047 1274 1341 10196 2616 1597 1225 1378 1650 3019 2000 10342
internal_value=1.35701e-05 -1.03409e-05 6.2645e-06 0.000288391 -9.85262e-05 -0.000177417 -3.37386e-05 5.68687e-05 -0.000668456 -0.000350694 -5.85445e-08 -0.000104034 5.32329e-05 -8.53983e-07 0.000186275 0.00033926 -0.000470732 1.86483e-05 0.000100663 -0.000125946 -0.000607519 -0.000284048 -0.000205282 8.15788e-05 -0.000381444 8.91306e-05 -0.000369624 0.000430628 -3.8411e-05 0.000125233
internal_weight=818843 510865 429912 9424 80953 48380 26449 23145 3304 21931 420488 52415 307978 22082 29470 13094 16888 32573 22267 13201 2615 14844 8424 3205 5219 2603 11846 9066 4484 13658
internal_count=818843 510865 429912 9424 80953 48380 26449 23145 3304 21931 420488 52415 307978 22082 29470 13094 16888 32573 22267 13201 2615 14844 8424 3205 5219 2603 11846 9066 4484 13658
is_linear=0
shrinkage=0.08


Tree=193
num_leaves=31
num_cat=0
split_feature=0 0 1 0 0 1 1 1 1 1 2 1 0 0 2 1 2 0 0 1 1 2 0 1 0 0 1 0 1 0
split_gain=0.0559411 0.2539 0.167867 0.104129 0.0987363 0.10909 0.227518 0.107872 0.208162 0.164376 0.140081 0.0756369 0.0514058 0.113081 0.0958435 0.0952689 0.200946 0.227759 0.108943 0.104779 0.3164 0.224809 0.204542 0.344206 0.209984 0.200756 0.185178 0.165122 0.160411 0.13381
threshold=2.4457800388336186 2.4373950958251958 0.18355499953031543 2.4905850887298588 2.4819350242614751 0.84239500761032116 0.43287500739097601 -0.53252500295639027 -0.26704500615596766 -0.025834999978542324 1.0000000180025095e-35 1.1880750060081484 2.1981151103973393 2.1673500537872319 2.5000000000000004 0.92579501867294323 1.5000000000000002 1.4155600070953371 1.7461850047111513 0.068785000592470183 0.034244999289512641 1.5000000000000002 1.5460549592971804 0.46295499801635748 1.9673299789428713 1.4741650223731997 0.54358500242233287 1.658895015716553 0.12142500281333925 1.0941300392150881
decision_type=2 2 2 2 2 2 2 2 2 2 2 2 2 2 2 2 2 2 2 2 2 2 2 2 2 2 2 2 2 2
left_child=1 12 -3 4 5 6 7 -2 -9 -10 -11 -7 13 15 -15 19 -17 -18 -19 20 -1 28 26 24 27 -22 29 -24 -21 -23
right_child=3 2 -4 -5 -6 11 -8 8 9 10 -12 -13 -14 14 -16 16 17 18 -20 21 25 22 23 -25 -26 -27 -28 -29 -30 -31
leaf_value=1.3002591433283826e-05 0.00016924871014106408 0.0012520326844696478 3.6706656090275394e-05 -1.1083778305733361e-05 -0.00062524134394028967 -0.0011244413989379522 0.00077926930326876239 -0.0012434742585210963 0.00060160657079714086 0.00023433787953006582 -0.0009264969830585526 -0.00017467681852652953 7.2627142227086236e-05 -0.0001660459930478158 -0.00089670253936169602 1.6075709518556139e-05 -0.00035489241168429347 0.0012925920360485621 0.00052296566563508223 -0.00047429648174755778 -0.00010260211929825008 0.00033099029911429754 -0.00064127696294699068 -0.00087189986125913322 -0.00060013014399226531 0.0011099253582680642 0.00062468234574031961 0.00044329710837022907 5.5634516109817694e-05 -0.00051379405015704197
leaf_weight=164670 3383 1780 1230 441640 3085 1058 1889 1410 1363 1096 1693 1089 83388 8824 1321 17571 1495 1693 3863 3979 1275 1846 1154 7005 3471 2778 2440 4056 44999 3429
leaf_count=164670 3383 1780 1230 441640 3085 1058 1889 1410 1363 1096 1693 1089 83388 8824 1321 17571 1495 1693 3863 3979 1275 1846 1154 7005 3471 2778 2440 4056 44999 3429
internal_value=2.28289e-07 2.37157e-05 0.000755404 -1.83616e-05 -0.000218423 -0.00012174 -1.84997e-05 -0.000186972 -0.000403638 -0.000118433 -0.000470321 -0.000642702 1.75853e-05 9.47583e-07 -0.000261186 1.09555e-05 0.000160851 0.00052163 0.000757483 -4.35224e-06 3.01897e-05 -8.4873e-05 -0.000288847 -0.00045472 -0.000118082 0.000728486 4.84035e-05 0.000203067 1.25826e-05 -0.00021816
internal_weight=819973 362267 3010 457706 16066 12981 10834 8945 5562 4152 2789 2147 359257 275869 10145 265724 24622 7051 5556 241102 168723 72379 23401 15686 8681 4053 7715 5210 48978 5275
internal_count=819973 362267 3010 457706 16066 12981 10834 8945 5562 4152 2789 2147 359257 275869 10145 265724 24622 7051 5556 241102 168723 72379 23401 15686 8681 4053 7715 5210 48978 5275
is_linear=0
shrinkage=0.08


Tree=194
num_leaves=31
num_cat=0
split_feature=1 1 2 1 3 2 1 1 2 1 1 1 3 1 1 1 1 2 1 3 1 1 1 2 1 1 1 1 1 1
split_gain=0.0259629 0.103563 0.0586691 0.0552406 0.0542018 0.138568 0.0592511 0.0447495 0.0870848 0.168292 0.0774684 0.11031 0.253506 0.201395 0.0850302 0.0819854 0.101258 0.065593 0.0935916 0.0919815 0.0600702 0.0857984 0.114642 0.0554333 0.0427544 0.073939 0.043392 0.0419524 0.0412542 0.0406778
threshold=0.33780500292778021 0.36592499911785131 1.0000000180025095e-35 0.21030499786138537 1.5000000000000002 2.5000000000000004 0.28307500481605535 0.74265000224113475 1.5000000000000002 0.39493499696254736 0.42347499728202825 0.46295499801635748 1.0000000180025095e-35 0.48253999650478369 0.44294500350952154 0.5971449911594392 0.58621501922607433 1.0000000180025095e-35 1.1669950485229494 1.0000000180025095e-35 0.62961500883102428 0.65214499831199657 0.66334000229835521 2.5000000000000004 0.55470499396324169 0.53323501348495495 0.56529501080513012 0.34728500247001654 0.34728500247001654 2.2850900888442998
decision_type=2 2 2 2 2 2 2 2 2 2 2 2 2 2 2 2 2 2 2 2 2 2 2 2 2 2 2 2 2 2
left_child=3 2 28 -1 5 -5 -7 8 -3 -10 23 12 -12 -13 -14 16 24 18 -9 29 -17 -22 -23 -11 25 -15 -26 -4 -2 -20
right_child=1 7 27 4 -6 6 -8 17 9 10 11 13 14 15 -16 20 -18 -19 19 -21 21 22 -24 -25 26 -27 -28 -29 -30 -31
leaf_value=2.2006439967473551e-05 0.00033224971040657819 1.8515125899251133e-05 -0.00072341137294944723 0.00011821806064372215 0.00027640100689539068 -0.00013937783976572144 -0.00083116683514036609 6.7835112884046203e-05 0.00043181089755103721 -0.00083916406412736823 -0.00075015516010322654 -0.00096450408464979112 0.00021343023671909389 -0.00011410536359256944 0.0010623947019199745 -0.0005859395483109426 0.00076953265005444242 7.8250508861779162e-05 -4.5735417841847956e-05 -0.00027434417167484626 0.00026945984167064344 -0.0010779444672830143 -0.00018388510958861724 -0.00015833419023787842 -0.00070679725516798364 0.00044260733985528787 -8.7593396386471118e-05 -0.00026640085108298308 -0.00020857277842720165 0.0003412043005306968
leaf_weight=476555 1392 78453 1923 31638 10244 1885 1367 37840 3129 1857 1192 2050 1548 5298 1474 3073 1037 97430 22004 13839 2127 1058 6931 1302 1113 2145 2074 3878 2568 1888
leaf_count=476555 1392 78453 1923 31638 10244 1885 1367 37840 3129 1857 1192 2050 1548 5298 1474 3073 1037 97430 22004 13839 2127 1058 6931 1302 1113 2145 2074 3878 2568 1888
internal_value=1.92499e-05 4.38481e-07 -0.000255849 3.00178e-05 0.000114608 6.71038e-05 -0.000430176 9.09876e-06 -2.93777e-05 -0.00012982 -0.000181085 -0.000142768 0.00023782 -0.000202376 0.000627518 -0.000139519 1.49596e-05 3.48669e-05 -2.10654e-05 -0.000110223 -0.000276171 -0.000182071 -0.000302287 -0.000558556 -5.86521e-05 4.63338e-05 -0.000303839 -0.000417897 -1.84655e-05 -1.51586e-05
internal_weight=820312 298623 9761 521689 45134 34890 3252 288862 115861 37408 34279 31120 4214 26906 3022 24856 11667 173001 75571 37731 13189 10116 7989 3159 10630 7443 3187 5801 3960 23892
internal_count=820312 298623 9761 521689 45134 34890 3252 288862 115861 37408 34279 31120 4214 26906 3022 24856 11667 173001 75571 37731 13189 10116 7989 3159 10630 7443 3187 5801 3960 23892
is_linear=0
shrinkage=0.08


Tree=195
num_leaves=31
num_cat=0
split_feature=0 1 0 1 0 3 0 1 0 0 0 1 1 0 1 3 3 0 0 1 1 1 1 0 0 1 0 0 1 1
split_gain=0.0261216 0.0678822 0.116003 0.0965344 0.147211 0.124927 0.159313 0.142099 0.261538 0.135523 0.145926 0.136027 0.08759 0.0825615 0.0754395 0.278352 0.217299 0.291707 0.15218 0.174382 0.0849286 0.0701245 0.179672 0.0629429 0.291748 0.179983 0.12013 0.207846 0.198273 0.181863
threshold=2.7326350212097172 0.69628500938415538 1.7461850047111513 0.48253999650478369 2.1981151103973393 1.0000000180025095e-35 2.6331748962402348 0.51316997408866893 2.291815042495728 2.6243550777435307 2.40149998664856 0.60791999101638805 1.4673249721527102 1.2501950263977053 0.98798999190330516 1.0000000180025095e-35 1.5000000000000002 2.032885074615479 2.5169450044631962 0.81671500205993663 1.0555250048637392 0.55470499396324169 0.61858499050140392 2.5523250102996831 2.5435550212860112 -0.27666500210762018 2.5348649024963383 2.5169450044631962 -0.34146000444889063 -0.71593499183654774
decision_type=2 2 2 2 2 2 2 2 2 2 2 2 2 2 2 2 2 2 2 2 2 2 2 2 2 2 2 2 2 2
left_child=1 3 12 23 13 7 21 -6 -9 10 -10 -12 -3 -5 16 -16 -4 -18 19 -19 -17 -7 -23 24 26 -26 27 -1 -28 -29
right_child=-2 2 14 4 5 6 -8 8 9 -11 11 -13 -14 -15 15 20 17 18 -20 -21 -22 22 -24 -25 25 -27 28 29 -30 -31
leaf_value=-1.2021409422595055e-05 1.264804156431943e-05 0.00018035447295609703 -0.00035572610979682176 0.0003666099952080703 0.00088616386712284513 0.00072400665390683647 0.0013010323906859167 0.0010983032071064309 -0.00079800943987434758 -0.0010020429708554809 0.0007975736848604163 -0.00033137894784134053 -0.00027912531125466508 -0.00010612623935581011 0.00015552930245528061 0.00018691578055393329 -0.00096668668199966867 0.0016702664509086489 -0.00012057142706780166 0.00031458338574631088 -0.00034746177396106817 -0.00042292038870191806 0.00066750287477791367 -0.00010292453771033708 0.0016192872040225782 0.00019609478664120417 -0.0014131701656345209 -0.0002765841767699881 0.00010281202025660355 0.0008552288027543416
leaf_weight=298596 354932 14569 20376 2826 1182 2215 1437 1026 1203 1313 1432 1306 3247 14475 18616 2159 1007 1129 1337 1314 16080 1809 2078 44842 1127 1148 1022 1265 1201 3225
leaf_count=298596 354932 14569 20376 2826 1182 2215 1437 1026 1203 1313 1432 1306 3247 14475 18616 2159 1007 1129 1337 1314 16080 1809 2078 44842 1127 1148 1022 1265 1201 3225
internal_value=-3.69249e-06 -1.61769e-05 -8.33088e-05 -2.2465e-06 0.000130119 0.000313528 0.000543211 8.14744e-05 -6.99815e-05 -0.000298124 -6.36033e-05 0.000259074 9.66134e-05 -2.8908e-05 -0.000134995 -6.20893e-05 -0.000241777 0.00024325 0.000565579 0.000941094 -0.000284206 0.000364746 0.000160023 -1.43786e-05 -1.46965e-06 0.000901122 -8.19528e-06 -3.89761e-06 -0.000594144 0.000536355
internal_weight=819494 464562 79834 384728 32302 15001 7539 7462 6280 5254 3941 2738 17816 17301 62018 36855 25163 4787 3780 2443 18239 6102 3887 352426 307584 2275 305309 303086 2223 4490
internal_count=819494 464562 79834 384728 32302 15001 7539 7462 6280 5254 3941 2738 17816 17301 62018 36855 25163 4787 3780 2443 18239 6102 3887 352426 307584 2275 305309 303086 2223 4490
is_linear=0
shrinkage=0.08


Tree=196
num_leaves=31
num_cat=0
split_feature=1 1 0 0 1 0 0 2 1 0 0 2 1 0 0 0 0 1 0 0 2 1 0 0 2 0 1 0 1 1
split_gain=0.0514609 0.132205 0.0773264 0.0701901 0.0469787 0.174042 0.155506 0.227559 0.190239 0.337938 0.141269 0.252213 0.16284 0.191571 0.155718 0.275264 0.134218 0.130631 0.312825 0.110939 0.0572504 0.0525211 0.0477926 0.0977716 0.046553 0.0780262 0.0423154 0.101874 0.136366 0.24802
threshold=0.085974998772144332 0.09470000118017198 2.1673500537872319 2.9214450120925908 0.17466999590396884 3.2054899930953984 2.9121649265289311 1.5000000000000002 0.15719499439001086 2.2459249496459965 2.227124929428101 2.5000000000000004 0.11249499768018724 2.4644500017166142 2.0216650962829594 1.7461850047111513 3.4401249885559086 0.19279000163078311 2.8834550380706792 3.3420850038528447 1.0000000180025095e-35 0.16599000245332721 3.9545400142669682 3.7358449697494511 1.5000000000000002 2.0004749298095708 -0.58638501167297352 3.1490499973297124 -0.017509999684989449 -0.025834999978542324
decision_type=2 2 2 2 2 2 2 2 2 2 2 2 2 2 2 2 2 2 2 2 2 2 2 2 2 2 2 2 2 2
left_child=26 2 -2 -4 5 6 8 -8 10 21 11 14 -12 -14 15 -3 -7 18 24 -20 -15 -10 23 -18 25 -6 -1 28 29 -28
right_child=1 4 3 -5 17 16 7 -9 9 -11 12 -13 13 20 -16 -17 22 -19 19 -21 -22 -23 -24 -25 -26 -27 27 -29 -30 -31
leaf_value=4.5357303688554818e-06 6.6342689724577022e-05 -0.00023483445988632998 -0.0012445760870010412 -0.00035033318357317227 -0.00043330137705566678 -0.00096720424625394491 4.2249275144260384e-05 0.0014258675013960279 -0.00028510378118919112 -0.0013565029663161121 0.00091872032548874288 -0.0013227681872832811 0.00076717266381115469 0.00012552370442863537 -0.00067215584382619253 0.0010114118365073305 -8.7345885486148013e-05 -2.744337768572537e-06 0.0016522241756485568 0.00057907201035482174 -0.00054757838461755868 0.000496844112662391 8.4978001153311372e-05 -0.0010330837286886907 -0.00045598902304032048 0.00045148511718449394 6.6781185860728144e-05 -4.0634742204350277e-05 0.00024474845165005431 -0.00075425447005324372
leaf_weight=198090 1009 3044 1073 1179 1025 2172 2263 1146 1095 1865 2019 1072 1678 1346 1640 1808 2021 350213 1125 1364 2026 1104 2029 1070 1361 1689 147285 54720 28441 2393
leaf_count=198090 1009 3044 1073 1179 1025 2172 2263 1146 1095 1865 2019 1072 1678 1346 1640 1808 2021 350213 1125 1364 2026 1104 2029 1070 1361 1689 147285 54720 28441 2393
internal_value=1.26671e-05 -8.40998e-06 -0.00051565 -0.000776409 -4.12667e-06 -0.000101331 1.04646e-05 0.000507379 -8.01371e-05 -0.000564358 5.43447e-05 -0.000185953 0.000311469 6.86885e-05 1.76539e-06 0.000229554 -0.000440246 3.88289e-06 0.00035747 0.00106412 -0.000278896 0.00010747 -0.0002167 -0.000414728 -7.41538e-05 0.000117327 3.17147e-05 5.48374e-05 8.41675e-05 5.36548e-05
internal_weight=820365 389436 3261 2252 386175 29398 22106 3409 18697 4064 14633 7564 7069 5050 6492 4852 7292 356777 6564 2489 3372 2199 5120 3091 4075 2714 430929 232839 178119 149678
internal_count=820365 389436 3261 2252 386175 29398 22106 3409 18697 4064 14633 7564 7069 5050 6492 4852 7292 356777 6564 2489 3372 2199 5120 3091 4075 2714 430929 232839 178119 149678
is_linear=0
shrinkage=0.08


Tree=197
num_leaves=31
num_cat=0
split_feature=0 0 2 3 2 0 0 2 2 0 0 0 3 0 0 0 2 3 0 0 2 0 0 0 0 0 0 0 0 0
split_gain=0.0568222 0.187532 0.0668519 0.0438818 0.0995336 0.092588 0.0724411 0.146028 0.0998975 0.0676201 0.197478 0.0615183 0.0814965 0.210286 0.0544746 0.0398988 0.061345 0.113919 0.122555 0.0582855 0.0612255 0.0544564 0.0493495 0.113079 0.0984721 0.0488707 0.0897369 0.144456 0.0960764 0.0967132
threshold=3.0726850032806401 3.0623250007629399 1.0000000180025095e-35 1.0000000180025095e-35 2.5000000000000004 3.6949000358581547 3.715865015983582 2.5000000000000004 1.0000000180025095e-35 3.1264350414276127 3.1378250122070317 3.9832749366760258 1.5000000000000002 4.189889907836915 3.6949000358581547 1.8852050304412844 1.0000000180025095e-35 1.0000000180025095e-35 1.9328650236129763 1.7600449919700625 1.0000000180025095e-35 1.7734550237655642 2.4737600088119511 2.5612649917602544 2.4373950958251958 2.8834550380706792 2.7413899898529057 2.6955149173736577 2.6421949863433842 2.6154251098632817
decision_type=2 2 2 2 2 2 2 2 2 2 2 2 2 2 2 2 2 2 2 2 2 2 2 2 2 2 2 2 2 2
left_child=1 15 -3 6 9 -6 14 8 -8 -5 -11 -7 -13 -14 -2 19 17 -17 -19 -1 21 -21 24 -24 -20 26 27 28 29 -25
right_child=3 2 -4 4 5 11 7 -9 -10 10 -12 12 13 -15 -16 16 -18 18 22 20 -22 -23 23 25 -26 -27 -28 -29 -30 -31
leaf_value=-7.4891438499561987e-06 0.00010248031257654006 -0.00020038559643377785 -0.00094456990268299349 0.00020768171892097752 3.0229367903053859e-05 0.00062912030103409874 -9.0635466403959943e-05 -0.00068750995458639007 0.00019417422376015597 -0.00097709526348159948 -3.663021297144289e-05 -0.0002682106115037482 -0.00048445194021339992 0.00096709812452479738 0.00058954178046432637 -4.1514951900302366e-05 -5.8063109502029626e-05 -0.00057084454075878447 0.00016371836826832784 0.00073370850151946053 1.9428894342861298e-05 0.00019048332517665264 -0.00032553671846254648 0.00026163235242170654 0.00079342115803546817 -3.5655254710743969e-05 0.00042248275235929385 -0.00051485415290235986 0.00060125249163212101 -0.00057981454978722714
leaf_weight=148738 66181 1326 1851 6985 14250 3393 21835 2022 12334 1448 108534 1653 1001 1765 1503 106210 233370 1678 21536 1314 18738 11673 4288 2562 1716 8342 6798 2266 2620 1327
leaf_count=148738 66181 1326 1851 6985 14250 3393 21835 2022 12334 1448 108534 1653 1001 1765 1503 106210 233370 1678 21536 1314 18738 11673 4288 2562 1716 8342 6798 2266 2620 1327
internal_value=-7.34795e-06 -2.10256e-05 -0.000633966 2.51059e-05 -4.28535e-06 0.000151573 6.44439e-05 -2.6919e-05 1.21724e-05 -3.3683e-05 -4.90122e-05 0.000372919 0.000176203 0.00044179 0.000113296 -1.76282e-05 -3.19363e-05 6.32836e-06 0.000101965 1.35083e-05 0.000111952 0.000245446 0.000123906 5.27678e-05 0.00021019 0.000120598 0.000204299 3.52718e-05 0.000226789 -2.54852e-05
internal_weight=819257 576353 3177 242904 139029 22062 103875 36191 34169 116967 109982 7812 4419 2766 67684 573176 392713 159343 53133 180463 31725 12987 51455 28203 23252 23915 15573 8775 6509 3889
internal_count=819257 576353 3177 242904 139029 22062 103875 36191 34169 116967 109982 7812 4419 2766 67684 573176 392713 159343 53133 180463 31725 12987 51455 28203 23252 23915 15573 8775 6509 3889
is_linear=0
shrinkage=0.08


Tree=198
num_leaves=31
num_cat=0
split_feature=1 1 0 0 0 1 3 3 0 0 1 0 1 3 0 0 1 0 0 0 1 1 3 1 1 0 0 3 1 0
split_gain=0.0382311 0.0980656 0.202923 0.191474 0.0613361 0.107022 0.502467 0.483799 0.275007 0.15565 0.161375 0.144849 0.161618 0.138354 0.18817 0.162728 0.154852 0.127943 0.0891727 0.0814921 0.168632 0.140563 0.206489 0.706752 0.260156 0.211009 0.212681 0.19206 0.155387 0.121797
threshold=0.49272499978542333 0.50270497798919689 3.083110094070435 2.383835077285767 3.2669749259948735 1.1880750060081484 1.0000000180025095e-35 1.5000000000000002 4.0425500869750985 4.3302948474884042 1.2527549862861636 3.355854988098145 1.004474997520447 1.5000000000000002 3.5167798995971684 3.6559150218963627 1.91745001077652 3.7575850486755376 3.5683250427246098 1.6282950043678286 1.3251599669456484 1.3251599669456484 1.5000000000000002 1.0908250212669375 0.98798999190330516 3.1711750030517583 1.9783749580383303 1.5000000000000002 0.88355499505996715 2.157310009002686
decision_type=2 2 2 2 2 2 2 2 2 2 2 2 2 2 2 2 2 2 2 2 2 2 2 2 2 2 2 2 2 2
left_child=-1 2 3 -2 19 7 18 -6 11 10 -8 -9 -13 15 -15 -12 17 -16 -7 20 -3 22 24 25 -21 26 -24 -23 29 -28
right_child=1 4 -4 -5 5 6 9 8 -10 -11 13 12 -14 14 16 -17 -18 -19 -20 21 -22 27 23 -25 -26 -27 28 -29 -30 -31
leaf_value=5.6099420841919589e-06 -0.00073479936814043248 0.00020735291824534573 -0.0013953475260253376 0.00075689093784793568 0.00026994457845759833 -0.00014598315632011812 -0.00047150384040567942 0.00025800631961824411 0.00017637870950191662 -0.0002250636819179376 0.000591757011536728 -0.00087206900852742134 2.0112091026725535e-05 -1.3443665627927198e-05 0.0019832754655668182 -0.00025151501147250058 0.00019377321027902708 0.00090505681449920929 -0.00058380832232455334 -0.000260333103347619 -0.00040397200059802901 0.00017193962479662838 -0.00032466309790392975 -0.00083079588513397073 4.1026244023965405e-05 -0.0007065819901074502 0.001411920460000948 -0.00029469470017836783 8.4991944801191343e-05 0.00056386718036997754
leaf_weight=573221 1177 16207 1032 1035 33989 4359 1406 1213 5199 4127 2867 6103 1651 1647 1096 2994 1127 1971 9392 63062 3514 25826 2321 4249 25848 1209 1226 7224 4159 9348
leaf_count=573221 1177 16207 1032 1035 33989 4359 1406 1213 5199 4127 2867 6103 1651 1647 1096 2994 1127 1971 9392 63062 3514 25826 2321 4249 25848 1209 1226 7224 4159 9348
internal_value=-5.72086e-06 -3.20616e-05 -0.000469012 -3.6834e-05 -2.62364e-05 3.16162e-05 -8.43585e-05 0.000106242 -0.000286537 0.000203396 0.000338295 -0.000554931 -0.000682104 0.000435593 0.000711142 0.000160985 0.000995689 0.00129036 -0.00044502 -5.41214e-05 9.84236e-05 -7.49444e-05 -0.000117921 9.85107e-05 -0.000172722 0.00031472 0.000387122 6.99437e-05 0.000499255 0.000662195
internal_weight=819799 246578 3244 2212 243334 79141 30986 48155 14166 17235 13108 8967 7754 11702 5841 5861 4194 3067 13751 164193 19721 144472 111422 22512 88910 18263 17054 33050 14733 10574
internal_count=819799 246578 3244 2212 243334 79141 30986 48155 14166 17235 13108 8967 7754 11702 5841 5861 4194 3067 13751 164193 19721 144472 111422 22512 88910 18263 17054 33050 14733 10574
is_linear=0
shrinkage=0.08


Tree=199
num_leaves=31
num_cat=0
split_feature=1 0 0 0 1 1 2 1 1 2 1 0 0 0 1 1 1 0 1 0 1 1 1 1 1 1 1 1 1 1
split_gain=0.0410981 0.113973 0.0279222 0.0731789 0.231604 0.150659 0.17918 0.142135 0.162814 0.145449 0.101753 0.0680426 0.123406 0.111741 0.532744 0.352269 0.14619 0.0853929 0.0871073 0.174225 0.126044 0.158257 0.16838 0.18834 0.186308 0.14891 0.11589 0.14367 0.223577 0.10113
threshold=-2.4603549242019649 2.1775450706481938 2.1981151103973393 2.1270649433135991 -0.24051500111818311 -0.64330500364303578 1.0000000180025095e-35 0.0082950000651180762 0.11249499768018724 2.5000000000000004 -0.13198500126600263 2.3379249572753911 2.3566550016403203 2.383835077285767 0.58621501922607433 0.21953500062227252 0.93994000554084789 2.3289599418640141 -0.3509449958801269 2.3193099498748784 -0.27666500210762018 -0.22169499844312665 -1.0000000180025095e-35 -0.052595000714063637 -0.10584500059485434 0.068785000592470183 0.13906000554561618 0.29182499647140508 0.2373050004243851 -0.44781500101089472
decision_type=2 2 2 2 2 2 2 2 2 2 2 2 2 2 2 2 2 2 2 2 2 2 2 2 2 2 2 2 2 2
left_child=1 -1 3 -2 5 -5 -7 10 -9 -10 -6 17 -13 14 15 -14 -16 18 29 20 -20 -22 23 24 -23 -24 -27 28 -28 -4
right_child=2 -3 11 4 7 6 -8 8 9 -11 -12 12 13 -15 16 -17 -18 -19 19 -21 21 22 25 -25 -26 26 27 -29 -30 -31
leaf_value=9.0690067620530487e-05 -9.6425254517693385e-06 -0.00086764576626625878 -4.6369836870490437e-06 -0.0001221653264118297 -0.00031523839304885721 -0.0001481125602251418 0.00095483878854674207 0.00069819514446267195 -0.00021976675377562938 -0.0011216943900061113 -0.0012950386344126924 -0.00034518869044354019 0.00031955068469310803 -5.4836739921213783e-07 -0.0015014063539092605 0.0016751181760160637 -0.00021650379944436395 0.00049523669045641787 0.00096378703752171644 -0.00052401255519560013 -0.00077470622442978878 0.00077822404831878896 -0.00069704522336232937 0.0015849295252457606 -0.00053143317516272264 0.00090612356824102422 0.0001245499348071048 0.0002224664114438885 -0.0013570317262062981 -0.00062605729355893244
leaf_weight=2039 250018 1301 14109 5646 1176 1552 2401 1069 8473 1323 1603 6531 5801 479436 1024 1556 1269 3260 1352 2236 1084 2183 1346 1075 1020 1289 1845 14407 1008 1902
leaf_count=2039 250018 1301 14109 5646 1176 1552 2401 1069 8473 1323 1603 6531 5801 479436 1024 1556 1269 3260 1352 2236 1084 2183 1346 1075 1020 1289 1845 14407 1008 1902
internal_value=-2.54804e-06 -0.000282602 -1.40313e-06 -2.22653e-05 -0.000158045 0.000143031 0.000521806 -0.000369861 -0.000239274 -0.000341577 -0.000880413 9.08145e-06 2.6367e-07 4.87666e-06 0.000274406 0.000606252 -0.000790311 9.99087e-05 7.11774e-05 0.000154235 0.00021123 0.000170945 0.000213352 0.000668677 0.000361162 0.000115444 0.000174402 0.000119756 -0.000398911 -7.84576e-05
internal_weight=820334 3340 816994 273261 23243 9599 3953 13644 10865 9796 2779 543733 495617 489086 9650 7357 2293 48116 44856 28845 26609 25257 24173 4278 3203 19895 18549 17260 2853 16011
internal_count=820334 3340 816994 273261 23243 9599 3953 13644 10865 9796 2779 543733 495617 489086 9650 7357 2293 48116 44856 28845 26609 25257 24173 4278 3203 19895 18549 17260 2853 16011
is_linear=0
shrinkage=0.08


Tree=200
num_leaves=31
num_cat=0
split_feature=0 0 0 1 2 1 1 0 0 1 1 1 1 1 0 1 0 1 1 0 0 0 1 2 0 1 1 0 1 1
split_gain=0.0506485 0.185022 0.14421 0.165819 0.169199 0.385835 0.251664 0.574233 0.133152 0.102144 0.101673 0.10069 0.110472 0.0973783 0.258159 0.226984 0.197934 0.132191 0.099771 0.0973763 0.096841 0.178891 0.209738 0.15485 0.129447 0.129766 0.15341 0.12286 0.614456 0.158173
threshold=2.6692450046539311 2.660234928131104 2.7504100799560551 -0.38854500651359553 1.5000000000000002 -0.41817499697208399 -0.54321500658988942 3.3832299709320073 4.1130049228668222 0.35660000145435339 -0.58638501167297352 0.42347499728202825 0.41397500038146978 -0.052595000714063637 2.6863999366760258 -0.57517498731613148 2.6955149173736577 1.0208449959754946 -0.1582049950957298 2.6777949333190922 2.7693750858306889 2.8171350955963139 -0.14055000245571134 1.5000000000000002 2.8267350196838383 0.40447999536991125 -0.034919999539852135 2.9908800125122075 -0.33192001283168787 -0.087965000420808778
decision_type=2 2 2 2 2 2 2 2 2 2 2 2 2 2 2 2 2 2 2 2 2 2 2 2 2 2 2 2 2 2
left_child=1 -1 13 4 -4 6 8 -8 10 -3 -6 12 20 14 15 -2 17 19 -16 -15 -5 22 -22 -24 -23 26 27 28 -26 -30
right_child=2 9 3 11 5 -7 7 -9 -10 -11 -12 -13 -14 16 18 -17 -18 -19 -20 -21 21 24 23 -25 25 -27 -28 -29 29 -31
leaf_value=2.4622760985506196e-05 -0.00030927411312444043 0.00096908711840045436 3.0843826162116091e-05 -0.00057992901139320547 0.00035067557307560449 0.0017591767949224741 -0.0010321999281100137 0.00087143147245959942 -0.00047539604043526695 2.149629717624729e-05 0.0010973066637152622 1.8198963150970303e-05 -0.00075965304071159382 8.5618583495444784e-06 -6.999785059431715e-05 -0.0017584296380844374 -0.00024728210800498108 -0.00038167895776984541 -0.00087449982784171168 0.00084959752315284733 -0.00037798540536635394 -0.00091722829688132418 0.0010054715706982846 -1.2059463575565038e-05 -0.001309401323303365 0.00069647900803660335 -0.00016502735670311395 -3.6120908808032925e-05 0.0004058331898155909 0.001360303732162056
leaf_weight=438719 1388 2070 58007 2354 15109 1086 2749 1607 1169 1123 1265 144699 1513 1309 8937 1379 10745 1203 1109 2695 1740 1182 2847 1442 1289 1376 64340 37509 5882 1370
leaf_count=438719 1388 2070 58007 2354 15109 1086 2749 1607 1169 1123 1265 144699 1513 1309 8937 1379 10745 1203 1109 2695 1740 1182 2847 1442 1289 1376 64340 37509 5882 1370
internal_value=1.06587e-05 2.90389e-05 -1.08691e-05 3.33954e-06 0.00010363 0.00028732 0.000214329 -0.000329919 0.000349468 0.000635813 0.000408358 -2.70209e-05 -8.02858e-05 -0.00018303 -0.000347267 -0.0010315 -5.11117e-05 0.000353699 -0.000158809 0.000574644 -7.18141e-05 -6.17609e-05 0.000362829 0.000663369 -8.44249e-05 -7.56174e-05 -8.52415e-05 2.62334e-05 0.000300071 0.000586145
internal_weight=819212 441912 377300 348535 80992 22985 21899 4356 17543 3193 16374 267543 122844 28765 12813 2767 15952 5207 10046 4004 121331 118977 6029 4289 112948 111766 110390 46050 8541 7252
internal_count=819212 441912 377300 348535 80992 22985 21899 4356 17543 3193 16374 267543 122844 28765 12813 2767 15952 5207 10046 4004 121331 118977 6029 4289 112948 111766 110390 46050 8541 7252
is_linear=0
shrinkage=0.08


Tree=201
num_leaves=31
num_cat=0
split_feature=0 0 0 3 2 0 0 2 2 3 0 0 2 2 0 3 0 0 0 0 3 0 0 0 0 0 0 0 0 3
split_gain=0.0160314 0.120678 0.109386 0.044989 0.0832094 0.0525293 0.052314 0.040597 0.0345291 0.0642813 0.217693 0.110577 0.0834945 0.0717075 0.085524 0.0783867 0.0882299 0.0711515 0.249524 0.122302 0.0543703 0.0539607 0.0534744 0.109197 0.0802403 0.171597 0.16418 0.06521 0.122581 0.0592914
threshold=2.9309849739074711 2.9606549739837651 2.8929450511932377 1.0000000180025095e-35 1.5000000000000002 2.902344942092896 2.9121649265289311 1.0000000180025095e-35 2.5000000000000004 1.0000000180025095e-35 1.5637750029563906 1.9328650236129763 1.0000000180025095e-35 1.0000000180025095e-35 1.3018200397491457 1.5000000000000002 1.4359849691390993 2.7504100799560551 2.7050449848175053 2.6061549186706547 1.5000000000000002 2.7789149284362797 2.157310009002686 2.1878750324249272 2.7413899898529057 2.6331748962402348 2.7789149284362797 2.6061549186706547 2.5706551074981694 1.0000000180025095e-35
decision_type=2 2 2 2 2 2 2 2 2 2 2 2 2 2 2 2 2 2 2 2 2 2 2 2 2 2 2 2 2 2
left_child=2 7 8 4 5 -4 -7 -2 9 11 13 -1 17 14 -11 16 -15 18 19 -12 -21 -19 -10 -24 25 27 -26 28 -25 -28
right_child=1 -3 3 -5 -6 6 -8 -9 22 10 12 -13 -14 15 -16 -17 -18 21 -20 20 -22 -23 23 24 26 -27 29 -29 -30 -31
leaf_value=6.1817408461013501e-05 -8.5328765020436343e-05 5.1861760270208903e-06 0.00072684106428450978 0.00011039204420443881 0.0010582021043920083 -0.00029676053026729576 0.00034242299239985847 -0.00041891472143262029 3.0581829393810952e-05 -0.00042629567328443578 0.00013622038718991811 -4.9321863697971728e-05 5.5047012148110537e-05 0.00016929639067085416 -1.1450788898970654e-05 -0.00019978288120732675 -0.00027763978063523483 0.00085883869501762679 -0.00068400975989832912 0.0007264050293596233 0.00012810913845615209 0.0003024302729670292 -0.00082553417832692544 -1.9317559830505838e-05 0.00085273105755760453 -0.00056487559858033238 0.00047311365825721528 0.00051209254426647696 -0.00073458292186785908 -0.00020672333927495765
leaf_weight=92892 3951 277745 1220 6711 1052 1258 2351 5708 34344 8097 40867 149506 113535 13057 5238 11388 3608 1406 2237 3513 1344 5399 1316 17914 1668 5037 1038 1265 1677 3928
leaf_count=92892 3951 277745 1220 6711 1052 1258 2351 5708 34344 8097 40867 149506 113535 13057 5238 11388 3608 1406 2237 3513 1344 5399 1316 17914 1668 5037 1038 1265 1677 3928
internal_value=1.07475e-05 -4.48103e-06 1.89612e-05 0.000251948 0.000413482 0.000273029 0.000119621 -0.000282462 1.33223e-05 2.13263e-05 5.37601e-05 -6.73096e-06 9.41821e-05 -0.000110613 -0.000263344 -3.80119e-05 7.2534e-05 0.000175313 0.000140965 0.000181326 0.000560848 0.000417391 -3.9745e-05 -0.000111113 -8.22084e-05 -0.000145809 0.000166029 -4.45988e-05 -8.05447e-05 -6.46229e-05
internal_weight=820270 287404 532866 12592 5881 4829 3609 9659 520274 452087 209689 242398 168301 41388 13335 28053 16665 54766 47961 45724 4857 6805 68187 33843 32527 25893 6634 20856 19591 4966
internal_count=820270 287404 532866 12592 5881 4829 3609 9659 520274 452087 209689 242398 168301 41388 13335 28053 16665 54766 47961 45724 4857 6805 68187 33843 32527 25893 6634 20856 19591 4966
is_linear=0
shrinkage=0.08


Tree=202
num_leaves=31
num_cat=0
split_feature=1 1 3 1 2 1 1 3 1 1 1 1 1 2 1 1 1 1 3 1 1 3 2 1 1 1 1 3 3 1
split_gain=0.0534791 0.144651 0.0730714 0.107537 0.12831 0.121902 0.0982512 0.0810812 0.154609 0.105421 0.155272 0.0763774 0.0925219 0.0763455 0.173011 0.0833983 0.0726737 0.276146 0.0990313 0.0708577 0.0687818 0.0825589 0.0686308 0.0685338 0.0675044 0.133014 0.0662225 0.0650583 0.0626485 0.129093
threshold=-0.55357497930526722 -0.56418499350547779 1.0000000180025095e-35 0.73063498735427868 1.0000000180025095e-35 0.62961500883102428 0.84239500761032116 1.5000000000000002 0.54358500242233287 0.09470000118017198 0.025634999386966232 -0.24051500111818311 -0.20375499874353406 1.5000000000000002 1.1291350126266482 0.88355499505996715 -0.14055000245571134 -0.12342000007629393 1.5000000000000002 -0.16760500520467755 -0.27666500210762018 1.5000000000000002 2.5000000000000004 -0.21294500678777692 0.53323501348495495 0.57619997859001171 -0.25813500583171839 1.0000000180025095e-35 1.0000000180025095e-35 -0.58638501167297352
decision_type=2 2 2 2 2 2 2 2 2 2 2 2 2 2 2 2 2 2 2 2 2 2 2 2 2 2 2 2 2 2
left_child=1 28 -2 4 5 7 -5 24 9 10 -9 20 23 15 -15 -8 19 18 -18 -14 -6 -22 -16 -13 -4 -26 -23 -3 -1 -30
right_child=2 27 3 6 11 -7 13 8 -10 -11 -12 12 16 14 22 -17 17 -19 -20 -21 21 26 -24 -25 25 -27 -28 -29 29 -31
leaf_value=2.0873217007154428e-05 -1.8014547678185102e-05 -0.00018609652124525937 4.5169361161420663e-05 -0.00022517517032588093 8.8153952927291486e-05 0.00059454165925121739 0.00036099859559654053 0.00029417944288448851 -0.00066774907539822351 0.00060443246138244052 -0.00074802571557263287 -0.00015744405891082302 3.7487026778185493e-05 -0.00012750274283976901 0.00012006262017880769 -9.3998034825501007e-05 -0.0013539727500200783 1.6011638388792068e-05 -0.00032661998402071127 0.0004939083135742661 0.00072624897168188434 0.00047845296468210197 0.00043085604638574472 -0.00081880316609087543 0.0010506409406019759 -5.6088516198750156e-05 -0.00036154164970827958 -0.00091489449485019627 -8.3487359094966933e-05 0.00041360750093388007
leaf_weight=92448 292565 1472 36306 14726 35143 3995 2745 8186 1020 6196 1030 3866 5016 13062 10682 42436 1226 111552 1177 3846 2529 1240 7918 1354 1287 1511 1165 1677 108326 3450
leaf_count=92448 292565 1472 36306 14726 35143 3995 2745 8186 1020 6196 1030 3866 5016 13062 10682 42436 1226 111552 1177 3846 2529 1240 7918 1354 1287 1511 1165 1677 108326 3450
internal_value=-1.03548e-06 -3.61447e-05 1.08654e-05 3.73343e-05 6.67836e-05 0.000167714 -3.58779e-05 0.00013701 0.000286127 0.000349257 0.0001777 3.1043e-05 8.74716e-07 3.98563e-07 9.56537e-05 -6.63544e-05 1.48948e-05 -2.26644e-06 -0.000850771 0.000235568 0.000127424 0.000407128 0.000252367 -0.000328992 7.4349e-05 0.000452975 7.15533e-05 -0.000574218 -2.78479e-05 -6.81444e-05
internal_weight=819152 207373 611779 319214 227645 59531 91569 55536 16432 15412 9216 168114 128037 76843 31662 45181 122817 113955 2403 8862 40077 4934 18600 5220 39104 2798 2405 3149 204224 111776
internal_count=819152 207373 611779 319214 227645 59531 91569 55536 16432 15412 9216 168114 128037 76843 31662 45181 122817 113955 2403 8862 40077 4934 18600 5220 39104 2798 2405 3149 204224 111776
is_linear=0
shrinkage=0.08


Tree=203
num_leaves=31
num_cat=0
split_feature=0 0 0 2 0 2 0 3 0 0 0 0 0 0 0 0 0 0 3 0 0 3 3 0 0 0 0 2 0 0
split_gain=0.0227735 0.141248 0.0901567 0.110337 0.0514946 0.0422611 0.0539321 0.136015 0.223547 0.0614104 0.0524857 0.0883495 0.149505 0.0797155 0.0794644 0.0765983 0.0577692 0.0813628 0.0523511 0.24018 0.124593 0.182939 0.0995227 0.0870526 0.0792986 0.283013 0.0480884 0.140173 0.0434992 0.103389
threshold=2.8076500892639165 2.7789149284362797 2.8267350196838383 1.5000000000000002 2.8171350955963139 2.5000000000000004 2.7413899898529057 1.0000000180025095e-35 2.7504100799560551 2.7693750858306889 2.6777949333190922 2.0860500335693364 2.1169149875640874 2.7504100799560551 2.032885074615479 1.989254951477051 1.8974449634552004 1.8608150482177737 1.0000000180025095e-35 1.528375029563904 1.3255900144577029 1.5000000000000002 1.5000000000000002 1.4934149980545046 1.7600449919700625 1.6880499720573428 2.7326350212097172 1.0000000180025095e-35 2.3566550016403203 2.2459249496459965
decision_type=2 2 2 2 2 2 2 2 2 2 2 2 2 2 2 2 2 2 2 2 2 2 2 2 2 2 2 2 2 2
left_child=1 5 3 -2 -5 6 26 9 -9 -8 11 14 -13 -12 15 16 17 18 19 -7 22 23 -20 -22 25 -23 -1 -28 29 -14
right_child=2 -3 -4 4 -6 10 7 8 -10 -11 13 12 28 -15 -16 -17 -18 -19 20 -21 21 24 -24 -25 -26 -27 27 -29 -30 -31
leaf_value=7.872198735108648e-06 -9.8131447970400778e-05 0.00030237601942252802 -1.9073754549989271e-05 -0.0012116651305452177 -0.00040481543866802003 -0.00073149613609156021 -0.00028061984531768821 -0.00077173651129867806 0.00040334486514959192 -0.00086889003903100573 0.00039439281115659949 -0.0010341202860483787 -3.5338389603931642e-05 -0.0003559083543489175 0.00047556015273593678 -0.00055055982488665068 0.00030687417591900018 -0.00067214278653048118 -2.661364374776258e-05 0.00041751980963784026 -0.00032930559624957988 -0.00022319489622314845 0.00059339554883409583 0.00046232063739459544 0.00011765839209493821 -0.0017026625707007522 -0.00025434989456667341 0.00090563358820878212 -6.2523290868215213e-05 -0.00053347745937920707
leaf_weight=403505 4467 9831 322043 1017 1008 2732 4358 1371 4242 1536 3397 1282 5591 1236 2151 1693 3512 1238 2902 2029 1182 3773 3862 3587 1503 1060 1283 1388 15278 5098
leaf_count=403505 4467 9831 322043 1017 1008 2732 4358 1371 4242 1536 3397 1282 5591 1236 2151 1693 3512 1238 2902 2029 1182 3773 3862 3587 1503 1060 1283 1388 15278 5098
internal_value=-8.72335e-06 2.19205e-06 -2.50239e-05 -0.00032019 -0.000810033 -3.946e-06 5.27324e-06 -0.000165518 0.000116326 -0.000433925 -6.49659e-05 -8.55025e-05 -0.000190767 0.000194226 6.36149e-06 -2.83527e-05 3.93715e-06 -4.06378e-05 -6.09059e-06 -0.000241819 5.67166e-05 -0.000108149 0.000327389 0.000266116 -0.000389851 -0.00054768 1.01118e-05 0.000348442 -0.000149131 -0.00027292
internal_weight=819155 490620 328535 6492 2025 480789 417683 11507 5613 5894 63106 58473 27249 4633 31224 29073 27380 23868 22630 4761 17869 11105 6764 4769 6336 4833 406176 2671 25967 10689
internal_count=819155 490620 328535 6492 2025 480789 417683 11507 5613 5894 63106 58473 27249 4633 31224 29073 27380 23868 22630 4761 17869 11105 6764 4769 6336 4833 406176 2671 25967 10689
is_linear=0
shrinkage=0.08


Tree=204
num_leaves=31
num_cat=0
split_feature=2 0 3 0 0 0 0 3 0 0 0 0 3 0 0 0 0 0 0 0 3 0 0 2 0 0 0 0 0 3
split_gain=0.0793597 0.131408 0.075674 0.265884 0.0754534 0.0708939 0.0970878 0.0853717 0.244432 0.0775305 0.0511993 0.0510646 0.0650061 0.0922082 0.128246 0.109614 0.054407 0.0848562 0.0492249 0.0786501 0.189369 0.0670808 0.0461407 0.0399681 0.0862343 0.0810947 0.184267 0.136841 0.132482 0.13013
threshold=2.5000000000000004 3.115745067596436 1.0000000180025095e-35 4.0105900764465341 2.902344942092896 3.1711750030517583 3.8472249507904057 1.5000000000000002 4.189889907836915 4.3302948474884042 2.855045080184937 3.2299000024795537 1.5000000000000002 3.5854150056838994 3.4555850028991704 3.3034549951553349 3.4116849899291997 3.5854150056838994 2.5083100795745854 2.5612649917602544 1.5000000000000002 2.5882999897003178 3.6377300024032597 1.0000000180025095e-35 3.8987249135971074 3.2546050548553471 3.3158149719238286 3.3287749290466313 3.217230081558228 1.0000000180025095e-35
decision_type=2 2 2 2 2 2 2 2 2 2 2 2 2 2 2 2 2 2 2 2 2 2 2 2 2 2 2 2 2 2
left_child=23 4 3 22 10 -4 11 8 -8 -9 18 -7 16 14 15 -14 -13 -18 -2 20 -20 -21 -3 -1 25 28 29 -28 -25 -27
right_child=1 2 5 -5 -6 6 7 9 -10 -11 -12 12 13 -15 -16 -17 17 -19 19 21 -22 -23 -24 24 -26 26 27 -29 -30 -31
leaf_value=-3.5940391303894972e-05 6.1156217864908618e-05 0.00039632752942094402 0.00079738483602645265 -0.0011541234866842781 -0.00021683817381144103 -0.00030547601556532664 0.00090815085768892188 0.00048199967223495178 -0.00078032986335022775 0.0012564190912132934 0.000429704277909759 0.00075760747273833154 0.00057291029753420706 -0.00038363520007246419 0.00082824562445829922 -0.00040037474026570897 -0.00025741420017620523 0.00061912063595299721 -0.0011681077769587621 0.00052374569659167263 0.00021750519243014847 -8.1124595451754057e-05 -0.00018402284868939179 8.6090894141197133e-07 0.00013174931960066078 -3.004625155315121e-05 0.00070665257809976098 -6.5346073033681175e-05 0.00043348795653679685 -0.00073270419450843186
leaf_weight=338884 50465 3097 1585 1114 8609 1581 1173 2406 1031 1261 2035 1791 1144 2345 1546 2100 1372 1458 1327 1298 1204 12226 1223 286082 30124 2672 1516 47886 4603 4575
leaf_count=338884 50465 3097 1585 1114 8609 1581 1173 2406 1031 1261 2035 1791 1144 2345 1546 2100 1372 1458 1327 1298 1204 12226 1223 286082 30124 2672 1516 47886 4603 4575
internal_value=-6.54059e-06 5.89792e-05 0.00021368 -5.21397e-05 6.39841e-06 0.000283149 0.000240716 0.0005118 0.000118303 0.000748305 3.4432e-05 0.000121383 0.000178789 2.73953e-05 0.00022862 -5.71448e-05 0.000412547 0.000194172 2.23397e-05 -9.96705e-05 -0.00050897 -2.30706e-05 0.000232029 -1.59972e-05 1.90795e-06 -9.35309e-06 -9.69175e-05 -4.16557e-05 7.71156e-06 -0.000473631
internal_weight=819733 103391 26227 5434 77164 20793 19208 5871 2204 3667 68555 13337 11756 7135 4790 3244 4621 2830 66520 16055 2531 13524 4320 716342 377458 347334 56649 49402 290685 7247
internal_count=819733 103391 26227 5434 77164 20793 19208 5871 2204 3667 68555 13337 11756 7135 4790 3244 4621 2830 66520 16055 2531 13524 4320 716342 377458 347334 56649 49402 290685 7247
is_linear=0
shrinkage=0.08


Tree=205
num_leaves=31
num_cat=0
split_feature=0 1 1 0 1 3 0 0 3 1 0 1 3 0 1 1 1 0 0 0 1 1 1 0 1 0 1 1 0 0
split_gain=0.0562753 0.103457 0.148537 0.105009 0.0881563 0.14726 0.382954 0.336817 0.178414 0.135956 0.113657 0.335741 0.432516 0.251587 0.233254 0.260741 0.367122 0.204917 0.228746 0.198331 0.230253 0.199887 0.191393 0.189198 0.509325 0.229755 0.291504 0.378247 0.159437 0.23901
threshold=2.2459249496459965 0.89762499928474437 0.56529501080513012 0.81931999325752269 -0.75479999184608448 1.0000000180025095e-35 3.355854988098145 3.6189699172973637 1.5000000000000002 -1.2978749871253965 2.7413899898529057 0.82949000597000133 1.0000000180025095e-35 2.7142848968505864 0.077495001256465926 -0.078710000962018953 -0.11453500017523764 2.5975749492645268 2.6243550777435307 2.4737600088119511 0.14820500463247302 0.21030499786138537 -0.034919999539852135 2.6061549186706547 0.57619997859001171 2.6509549617767338 -0.25813500583171839 0.29182499647140508 2.4996850490570073 2.6331748962402348
decision_type=2 2 2 2 2 2 2 2 2 2 2 2 2 2 2 2 2 2 2 2 2 2 2 2 2 2 2 2 2 2
left_child=1 2 -1 -4 5 7 8 -2 9 -7 11 12 13 23 15 16 -14 19 -19 20 -16 -22 -15 -6 25 -25 -27 -28 -17 -30
right_child=4 -3 3 -5 10 6 -8 -9 -10 -11 -12 -13 14 22 17 28 -18 18 -20 -21 21 -23 -24 24 -26 26 27 -29 29 -31
leaf_value=-2.8545383075991842e-05 0.00015811996864687448 0.00011016265242119015 0.00050693342795140141 -0.00027262734264555787 2.9522294234591444e-05 0.00020806456914864872 0.00024685471819074886 -0.00067340112840431009 -0.00048860401768895871 -0.00027375764128942826 -2.1906322516273071e-06 -0.00015481595856430165 0.00019361139111813221 0.001430070629947569 0.0015073482331508705 9.5789247448374115e-05 0.0015033271055661546 0.0017107643133917759 0.00060794138136726597 -1.3276142556737656e-05 -0.00060154942584593138 0.0005213922519738801 0.00014282176025194403 -0.00056269414566442559 -0.0016202743003221644 -0.00062639181011245088 0.0011002383820877984 -0.00051708079114059244 -0.0012837246587183396 9.1964171555361865e-05
leaf_weight=237424 27765 29494 1161 23293 40941 5544 11010 3512 16112 11570 308156 29924 23635 1301 1356 3326 1454 1476 6525 6897 1138 9348 1712 4401 1686 1899 2814 1379 1871 1423
leaf_count=237424 27765 29494 1161 23293 40941 5544 11010 3512 16112 11570 308156 29924 23635 1301 1356 3326 1454 1476 6525 6897 1138 9348 1712 4401 1686 1899 2814 1379 1871 1423
internal_value=-3.65903e-06 -3.18836e-05 -4.78815e-05 -0.000235616 1.19113e-05 -6.81097e-05 -0.000162049 6.4751e-05 -0.000297546 -0.000117674 2.52604e-05 8.3799e-05 0.000146115 -1.24881e-05 0.000298434 0.000151675 0.000269514 0.000472465 0.000811387 0.000327755 0.000526379 0.000399524 0.00069865 -5.28243e-05 -0.000329641 -0.000122264 0.000195912 0.000568332 -0.000294923 -0.00068943
internal_weight=819547 291372 261878 24454 528175 75513 44236 31277 33226 17114 452662 144506 114582 56133 58449 31709 25089 26740 8001 18739 11842 10486 3013 53120 12179 10493 6092 4193 6620 3294
internal_count=819547 291372 261878 24454 528175 75513 44236 31277 33226 17114 452662 144506 114582 56133 58449 31709 25089 26740 8001 18739 11842 10486 3013 53120 12179 10493 6092 4193 6620 3294
is_linear=0
shrinkage=0.08


Tree=206
num_leaves=31
num_cat=0
split_feature=0 0 0 2 0 3 0 0 2 0 0 0 3 2 0 2 0 0 0 0 0 0 0 0 0 3 3 0 0 2
split_gain=0.0182619 0.0883602 0.0552868 0.0529159 0.0505159 0.0875633 0.04909 0.078291 0.0768759 0.0719844 0.0683901 0.0754231 0.0546685 0.215593 0.136311 0.0421782 0.100033 0.280502 0.304927 0.0981325 0.0761513 0.0742726 0.0684512 0.118434 0.0949385 0.082526 0.060118 0.0543491 0.0683589 0.0540052
threshold=2.8834550380706792 3.0007400512695317 3.0104351043701176 1.0000000180025095e-35 2.7693750858306889 1.5000000000000002 2.6243550777435307 2.7050449848175053 1.0000000180025095e-35 2.6955149173736577 2.6863999366760258 2.6777949333190922 1.5000000000000002 2.5000000000000004 2.6331748962402348 1.0000000180025095e-35 3.1048250198364262 3.1264350414276127 3.115745067596436 3.1942899227142338 3.0940248966217045 3.8010050058364873 3.031194925308228 3.1048250198364262 3.1264350414276127 1.0000000180025095e-35 1.5000000000000002 3.7784500122070317 3.2546050548553471 1.5000000000000002
decision_type=2 2 2 2 2 2 2 2 2 2 2 2 2 2 2 2 2 2 2 2 2 2 2 2 2 2 2 2 2 2
left_child=4 -2 3 -3 6 -6 -1 8 -8 10 11 12 14 -14 -10 21 20 18 -18 -19 -17 22 -4 -24 25 -25 -23 28 -21 -30
right_child=1 2 15 -5 5 -7 7 -9 9 -11 -12 -13 13 -15 -16 16 17 19 -20 27 -22 26 23 24 -26 -27 -28 -29 29 -31
leaf_value=7.0938401749148544e-07 -0.00014002426774791679 0.00072033074323753373 -0.00039790447283337307 4.6377629464346911e-05 2.105087090342424e-05 0.00030666491501943197 -1.2273204025934981e-05 2.9219837289909687e-05 -0.001077691370962015 -0.00073670468690036322 0.00023226667633135565 -0.00075969313133808232 0.00048153476170250726 -0.00084878442478163727 -0.00017759484121353058 -0.00010781437015359699 -3.4375414827721742e-07 -0.00020695719092125305 0.0014566969775406985 0.00019487491527079589 -0.00064325142213699296 -8.2567692611099764e-05 0.00027315046585309416 -0.00015144883941637104 -9.7112895170108247e-06 -0.0010700629260804364 -0.0003154583936940413 0.00010763129909118076 -0.00011312221579485725 3.623732093993109e-05
leaf_weight=426265 37936 1282 2744 1782 29900 8919 11834 22755 1286 1937 1884 1830 2421 1150 6619 15202 1842 11306 1835 9606 1914 26567 9466 1662 61222 1004 9678 46034 29409 32744
leaf_count=426265 37936 1282 2744 1782 29900 8919 11834 22755 1286 1937 1884 1830 2421 1150 6619 15202 1842 11306 1835 9606 1914 26567 9466 1662 61222 1004 9678 46034 29409 32744
internal_value=-1.02376e-05 -2.58231e-05 -9.49304e-06 0.000328365 -1.09279e-06 8.66732e-05 -8.22066e-06 -8.18259e-05 -0.000169076 -0.000277419 -0.000218852 -0.000282726 -0.000206668 5.31206e-05 -0.000324024 -1.34406e-05 1.43355e-05 3.78002e-05 0.00072679 1.81764e-05 -0.00016769 -5.05006e-05 -5.6086e-06 9.06626e-06 -3.00619e-05 -0.000497394 -0.000144753 3.97851e-05 -3.73874e-06 -3.44353e-05
internal_weight=820035 303235 265299 3064 516800 38819 477981 51716 28961 17127 15190 13306 11476 3571 7905 262235 149892 132776 3677 129099 17116 112343 76098 73354 63888 2666 36245 117793 71759 62153
internal_count=820035 303235 265299 3064 516800 38819 477981 51716 28961 17127 15190 13306 11476 3571 7905 262235 149892 132776 3677 129099 17116 112343 76098 73354 63888 2666 36245 117793 71759 62153
is_linear=0
shrinkage=0.08


Tree=207
num_leaves=31
num_cat=0
split_feature=0 0 1 1 2 2 1 1 1 1 0 1 0 0 1 0 1 0 1 2 1 0 2 0 0 0 0 1 1 1
split_gain=0.0852123 0.0895596 0.125346 0.359015 0.113475 0.111143 0.204582 0.102908 0.0836316 0.161043 0.286372 0.159287 0.226526 0.117181 0.0947453 0.158067 0.114227 0.128488 0.169221 0.288715 0.224504 0.189799 0.179996 0.279349 0.144142 0.192631 0.102873 0.0991082 0.144722 0.140561
threshold=2.4996850490570073 2.5348649024963383 -0.71593499183654774 -0.44781500101089472 1.0000000180025095e-35 1.5000000000000002 0.43287500739097601 -1.0697450041770933 -0.52108499407768238 -0.57517498731613148 2.6955149173736577 -0.48883000016212458 2.9707000255584721 3.4116849899291997 -0.034919999539852135 2.5523250102996831 0.57619997859001171 3.355854988098145 0.0082950000651180762 1.0000000180025095e-35 0.25529499351978308 2.6154251098632817 1.0000000180025095e-35 2.8643150329589848 3.3158149719238286 3.2546050548553471 4.6075801849365243 -0.017509999684989449 0.17466999590396884 0.034244999289512641
decision_type=2 2 2 2 2 2 2 2 2 2 2 2 2 2 2 2 2 2 2 2 2 2 2 2 2 2 2 2 2 2
left_child=-1 2 7 -4 -5 6 -6 -2 9 -3 -11 12 -10 -14 15 -13 17 18 22 20 -20 -22 -16 -24 25 -21 27 -19 29 -29
right_child=1 8 3 4 5 -7 -8 -9 11 10 -12 14 13 -15 16 -17 -18 26 19 24 21 -23 23 -25 -26 -27 -28 28 -30 -31
leaf_value=-2.8234449819171278e-05 0.00020681988518585321 -2.0215598539059863e-05 0.0016373348935125312 -0.00016165552314827318 0.0014800619033672763 8.7388506481186822e-05 8.6884021625234593e-06 -0.0008293342007409906 0.0011924096453842386 -0.0015834555224936734 -0.00019823690470862761 0.00097889743803802063 -0.00046942146034354142 0.00056362668090268267 -0.00099814174713893614 9.1240058432277301e-05 5.3529167446772345e-05 0.00055142187478729638 0.00050716611992170839 -7.1455112339534552e-05 -0.00078375215377879739 0.00014161565677890878 -0.00087932254775445462 0.00062272142818040228 0.00066676113219142283 -0.00080305317844586233 0.00022358186943444996 5.0910616620339223e-06 -0.00011412238333547301 -0.00060089337113412541
leaf_weight=380813 1302 77315 1229 3689 1336 3007 1105 1160 1832 1132 6114 1306 1400 1411 2098 75870 142186 1101 12057 36391 1592 13020 1427 1782 1559 2459 4087 3323 27223 9322
leaf_count=380813 1302 77315 1229 3689 1336 3007 1105 1160 1832 1132 6114 1306 1400 1411 2098 75870 142186 1101 12057 36391 1592 13020 1427 1782 1559 2459 4087 3323 27223 9322
internal_value=-5.44495e-07 2.34843e-05 0.000231753 0.000353625 0.000180956 0.000412948 0.000813996 -0.000281376 1.72129e-05 -5.40138e-05 -0.000414641 3.48526e-05 0.000500233 4.91239e-05 2.84371e-05 0.000106261 5.30329e-06 -5.30838e-05 1.29343e-05 4.73397e-05 0.000251641 4.07954e-05 -0.000421934 -4.52177e-05 -8.74941e-05 -0.000117761 -0.000159146 -0.000197326 -0.000218004 -0.000441646
internal_weight=819648 438835 12828 10366 9137 5448 2441 2462 426007 84561 7246 341446 4643 2811 336803 77176 259627 117441 72385 67078 26669 14612 5307 3209 40409 38850 45056 40969 39868 12645
internal_count=819648 438835 12828 10366 9137 5448 2441 2462 426007 84561 7246 341446 4643 2811 336803 77176 259627 117441 72385 67078 26669 14612 5307 3209 40409 38850 45056 40969 39868 12645
is_linear=0
shrinkage=0.08


Tree=208
num_leaves=31
num_cat=0
split_feature=2 0 0 0 3 0 0 0 0 0 0 0 0 0 3 0 0 0 0 0 0 0 0 3 0 0 0 0 0 0
split_gain=0.0343348 0.0738709 0.132489 0.108663 0.124428 0.0972559 0.0789698 0.191295 0.0696636 0.0703335 0.061955 0.0629975 0.0561259 0.0554035 0.0949852 0.0832688 0.0865174 0.0536044 0.0521796 0.0511023 0.0476514 0.0689838 0.0425741 0.0842561 0.208994 0.150845 0.11372 0.0918516 0.0999352 0.169618
threshold=1.5000000000000002 1.5956749916076662 2.4737600088119511 2.4457800388336186 1.5000000000000002 2.4276549816131596 2.5523250102996831 2.5435550212860112 2.5612649917602544 2.5706551074981694 2.660234928131104 2.7599399089813237 2.7693750858306889 2.4996850490570073 1.5000000000000002 2.5169450044631962 2.5083100795745854 2.7326350212097172 2.6509549617767338 2.5348649024963383 2.6331748962402348 2.6243550777435307 3.6949000358581547 1.5000000000000002 1.3727650046348574 1.8852050304412844 2.7599399089813237 2.902344942092896 3.5167798995971684 3.4707949161529545
decision_type=2 2 2 2 2 2 2 2 2 2 2 2 2 2 2 2 2 2 2 2 2 2 2 2 2 2 2 2 2 2
left_child=22 -2 3 5 -5 -3 7 13 -8 -10 18 17 -13 14 -4 16 -15 -12 20 -17 21 -11 23 -1 -25 -26 -27 -28 29 -29
right_child=1 2 6 4 -6 -7 8 -9 9 10 11 12 -14 15 -16 19 -18 -19 -20 -21 -22 -23 -24 24 25 26 27 28 -30 -31
leaf_value=1.719000592822199e-05 9.390112894223686e-05 -0.00010556797193004711 3.4421976895629224e-05 -0.0009427528333492319 7.7821734285012621e-05 0.00044649756305576132 -0.00064596653495786218 0.0012539193588258519 0.00063211064896017853 -0.00012291691764652272 9.1085437578812038e-05 -0.00058903451704178493 4.7307434320777469e-06 6.324119082053262e-05 0.00093670930255871905 0.00044727840777688031 -0.00097471190739397058 0.00048236693408859079 -0.00072079672082916621 -0.00024344155858532025 0.00020676683409997013 -0.00082958408843814089 -3.5653709346829185e-05 -0.00035998860443822738 0.00047828364370986962 -1.754321678189886e-05 0.00052263791499193655 0.00013246728892327473 0.00046435294376281412 -0.00077728472521725685
leaf_weight=421494 35691 78261 1974 2048 1220 2097 1054 1061 1142 6241 8224 1029 103379 1053 1201 2034 1004 3080 1047 1034 2136 1030 70717 5540 7953 25883 5024 19538 5163 1406
leaf_count=421494 35691 78261 1974 2048 1220 2097 1054 1061 1142 6241 8224 1029 103379 1053 1201 2034 1004 3080 1047 1034 2136 1030 70717 5540 7953 25883 5024 19538 5163 1406
internal_value=1.13223e-05 -1.29024e-05 -3.01238e-05 -0.000109552 -0.000561755 -9.11614e-05 1.81052e-05 0.000242429 1.74604e-06 7.10854e-06 1.45129e-06 1.83016e-05 -1.12115e-06 0.000113128 0.000375728 -4.95555e-05 -0.000443373 0.000197698 -0.00018506 0.000214487 -0.000125432 -0.000223022 2.23878e-05 3.07303e-05 0.000111675 0.000151895 0.000106367 0.000209388 0.000149107 7.13944e-05
internal_weight=819758 257040 221349 83626 3268 80358 137723 9361 128362 127308 126166 115712 104408 8300 3175 5125 2057 11304 10454 3068 9407 7271 562718 492001 70507 64967 57014 31131 26107 20944
internal_count=819758 257040 221349 83626 3268 80358 137723 9361 128362 127308 126166 115712 104408 8300 3175 5125 2057 11304 10454 3068 9407 7271 562718 492001 70507 64967 57014 31131 26107 20944
is_linear=0
shrinkage=0.08


Tree=209
num_leaves=31
num_cat=0
split_feature=0 1 0 0 2 2 0 1 0 0 1 2 2 0 1 0 1 0 1 0 0 1 1 1 0 0 1 1 0 1
split_gain=0.0289117 0.0303064 0.0626476 0.108514 0.126673 0.0981131 0.110037 0.115719 0.0776863 0.0847555 0.39105 0.532757 0.14654 0.123887 0.0935989 0.124054 0.150433 0.172403 0.0779153 0.072722 0.0726369 0.0659532 0.120019 0.0613309 0.105625 0.0606404 0.0653424 0.0606721 0.0603423 0.0587317
threshold=0.46347999572753912 0.62961500883102428 2.7326350212097172 2.4555249214172368 2.5000000000000004 1.0000000180025095e-35 2.7890100479125981 0.88355499505996715 2.8171350955963139 4.0105900764465341 1.2303000092506411 2.5000000000000004 2.5000000000000004 3.6189699172973637 0.75447499752044689 3.020920038223267 0.89762499928474437 3.3973799943923955 1.0732450485229494 3.4401249885559086 2.6331748962402348 1.2754200100898745 1.4064800143241885 0.6741049885749818 3.2783350944519047 3.6753000020980839 1.4673249721527102 1.0208449959754946 4.8342800140380868 1.5011050105094912
decision_type=2 2 2 2 2 2 2 2 2 2 2 2 2 2 2 2 2 2 2 2 2 2 2 2 2 2 2 2 2 2
left_child=-1 -2 3 -3 -5 23 7 -7 -8 12 -11 28 19 14 -14 -16 -17 -18 -15 21 -6 -10 -23 24 -4 26 27 -21 29 -12
right_child=1 2 5 4 20 6 8 -9 9 10 11 -13 13 18 15 16 17 -19 -20 25 -22 22 -24 -25 -26 -27 -28 -29 -30 -31
leaf_value=0.00014593398184726614 -5.92666079609166e-06 3.3536485400575297e-05 -0.00095419945998188361 -9.5870290098265399e-05 -0.00093588978954062707 0.0013035357464104892 -0.0004712135279277349 0.00024564194487098587 -8.2066621920263874e-05 0.00034070872991734743 -0.00043715573894856369 -0.0021509488422113881 -2.2804986091075152e-05 0.00039900049407917416 0.00015906934289479941 0.0017744763681222775 0.0010688000069692873 -6.3252027270838308e-05 -0.00052325599685669347 0.00049856846532146161 -0.00011566292342177988 0.00075516025203828765 2.1967761252726425e-05 5.1583509172166771e-06 6.0661465965118196e-05 8.2223916330482238e-05 0.0008359244471944111 -5.501762645504917e-05 -0.00070918999645083487 0.00022719560463959371
leaf_weight=9165 606664 64383 1180 21278 1971 1014 1435 1905 15669 7059 1367 1078 1356 1140 1915 1036 2565 1296 1207 3057 1064 1903 5735 47281 1479 7475 1734 2164 1061 2259
leaf_count=9165 606664 64383 1180 21278 1971 1014 1435 1905 15669 7059 1367 1078 1356 1140 1915 1036 2565 1296 1207 3057 1064 1903 5735 47281 1479 7475 1734 2164 1061 2259
internal_value=4.64138e-06 3.04412e-06 2.97132e-05 -2.08403e-05 -0.000164835 6.85785e-05 0.000133031 0.000613132 0.000110613 0.000124283 -5.85206e-05 -0.00054736 0.000172867 0.00043698 0.000584176 0.000705002 0.000918492 0.000688811 -7.52916e-05 9.92749e-05 -0.000648337 1.18914e-05 0.000204642 -1.58659e-05 -0.000389709 0.000240415 0.000410433 0.000269118 -0.000178538 -2.32645e-05
internal_weight=819895 810730 204066 88696 24313 115370 65430 2919 62511 61076 12824 5765 48252 10515 8168 6812 4897 3861 2347 37737 3035 23307 7638 49940 2659 14430 6955 5221 4687 3626
internal_count=819895 810730 204066 88696 24313 115370 65430 2919 62511 61076 12824 5765 48252 10515 8168 6812 4897 3861 2347 37737 3035 23307 7638 49940 2659 14430 6955 5221 4687 3626
is_linear=0
shrinkage=0.08


Tree=210
num_leaves=31
num_cat=0
split_feature=1 1 0 1 0 1 0 0 0 0 0 0 0 0 2 0 1 0 0 0 0 0 0 1 0 1 2 0 0 2
split_gain=0.0539185 0.141504 0.129847 0.111971 0.197977 0.0965291 0.0913784 0.171551 0.22562 0.269772 0.518225 0.235409 0.271392 0.159753 0.256595 0.218997 0.182847 0.173378 0.156562 0.129258 0.305545 0.113382 0.119512 0.0982936 0.0895802 0.243381 0.123969 0.160697 0.0843168 0.082584
threshold=-0.070014998316764818 -0.078710000962018953 2.1673500537872319 0.085974998772144332 3.4258000850677495 0.034244999289512641 1.7461850047111513 2.283195018768311 2.7890100479125981 2.9309849739074711 3.0104351043701176 3.1490499973297124 3.217230081558228 2.5435550212860112 1.5000000000000002 2.4276549816131596 -0.043800000101327889 2.3928849697113042 3.083110094070435 2.7142848968505864 2.6421949863433842 1.989254951477051 1.823825001716614 0.060300000011920936 1.5956749916076662 0.0082950000651180762 1.5000000000000002 1.4741650223731997 2.0437750816345219 1.0000000180025095e-35
decision_type=2 2 2 2 2 2 2 2 2 2 2 2 2 2 2 2 2 2 2 2 2 2 2 2 2 2 2 2 2 2
left_child=1 -1 -3 4 6 -6 24 21 13 -10 -11 18 -13 14 17 -16 -15 -9 -12 20 -18 22 -8 28 26 -26 27 -2 -23 -14
right_child=3 2 -4 -5 5 -7 7 8 9 10 11 12 29 16 15 -17 19 -19 -20 -21 -22 23 -24 -25 25 -27 -28 -29 -30 -31
leaf_value=-1.4139729222898515e-05 -0.0003566807287009396 0.00020726469848702275 -0.0008873833649852735 7.0262717379033177e-06 -2.2706612815153825e-05 -0.00055339145210212036 0.00082219091933582057 -4.4523012565034747e-05 0.00097096054332349957 -0.0010351061783550656 0.00046671578437949563 -0.00086413988576211078 -5.1712551963309608e-06 0.00056043596236361531 -0.0012052505831726614 0.00035149065721888612 -0.00093492339427286701 0.0009636107399580646 0.0016033832368678555 -0.0011762700014263671 0.00051897002368699182 0.001245557797478043 -6.4955818440543315e-05 0.001407542687095531 -0.0012528215194635723 0.00040226359363135521 0.00058860341719820756 0.00076349676232964083 0.00044156813036608629 0.00076044498267787786
leaf_weight=369264 3868 1008 2223 389659 6547 3299 1385 1916 3504 1898 1728 1376 1517 1096 1286 1051 2182 2538 1407 1599 1606 1009 3258 1091 1196 1084 2337 1040 4836 2223
leaf_count=369264 3868 1008 2223 389659 6547 3299 1385 1916 3504 1898 1728 1376 1517 1096 1286 1051 2182 2538 1407 1599 1606 1009 3258 1091 1196 1084 2337 1040 4836 2223
internal_value=3.73324e-06 -1.8752e-05 -0.000545878 2.24482e-05 0.000126277 -0.000200518 0.000193268 0.000248148 0.000137419 0.000365753 0.000156802 0.00043098 9.64754e-05 -9.7435e-05 0.00017373 -0.00050515 -0.000381483 0.000529937 0.000976856 -0.000573119 -0.000318516 0.000505651 0.000199679 0.00071047 -2.85941e-05 -0.00046593 0.000109035 -0.000119316 0.000580358 0.0004499
internal_weight=820031 372495 3231 447536 57877 9846 48031 38506 26927 13653 10149 8251 5116 13274 6791 2337 6483 4454 3135 5387 3788 11579 4643 6936 9525 2280 7245 4908 5845 3740
internal_count=820031 372495 3231 447536 57877 9846 48031 38506 26927 13653 10149 8251 5116 13274 6791 2337 6483 4454 3135 5387 3788 11579 4643 6936 9525 2280 7245 4908 5845 3740
is_linear=0
shrinkage=0.08


Tree=211
num_leaves=31
num_cat=0
split_feature=1 1 0 0 1 0 1 0 0 0 0 1 0 0 3 0 0 1 0 3 0 0 0 0 1 0 0 3 0 0
split_gain=0.0390341 0.150941 0.145077 0.256094 0.120353 0.130769 0.546972 0.157242 0.13939 0.123171 0.108438 0.149798 0.138316 0.103672 0.29248 0.103478 0.0935104 0.0898095 0.12665 0.148204 0.0783585 0.0727707 0.0945438 0.0741043 0.0954287 0.0666982 0.0633557 0.12406 0.229362 0.0570921
threshold=0.33780500292778021 0.21953500062227252 2.0549700260162358 3.2783350944519047 0.24607999622821811 2.310095071792603 0.27372500300407415 2.1878750324249272 2.5523250102996831 2.5435550212860112 2.9908800125122075 0.30093999207019811 2.6777949333190922 3.1833050251007085 1.0000000180025095e-35 2.7693750858306889 2.7983599901199345 0.35660000145435339 1.9440699815750124 1.5000000000000002 3.115745067596436 1.9673299789428713 1.7600449919700625 1.0558300018310549 0.30093999207019811 2.6243550777435307 3.355854988098145 1.0000000180025095e-35 3.5683250427246098 3.2546050548553471
decision_type=2 2 2 2 2 2 2 2 2 2 2 2 2 2 2 2 2 2 2 2 2 2 2 2 2 2 2 2 2 2
left_child=1 -1 21 4 9 6 -6 -8 -7 -4 11 12 -10 14 -12 -13 -14 18 -2 20 25 22 23 -3 -25 -20 -5 -28 -29 -19
right_child=17 2 3 26 5 8 7 -9 10 -11 13 15 16 -15 -16 -17 -18 29 19 -21 -22 -23 -24 24 -26 -27 27 28 -30 -31
leaf_value=-5.2943461608152464e-06 0.00038777365673049898 0.00033358069978490861 0.0012339170686272757 -0.00066995096616821541 -0.0016738651202036858 0.00084141552869076877 0.0012092821148225001 -0.00012620184353173637 0.0010879040396707211 0.00041336485885619693 -2.2833768255561567e-05 -0.00091765025483281446 -0.00053543876460225223 -5.7443143629094043e-05 0.0016914673313766079 0.00010423195255274068 0.00044312224209555026 -4.6472091707775866e-05 -0.00017741068919094975 -0.0012467780323526865 0.00022639966872121036 -0.00066353682427100253 0.00037607838167027537 -0.00010943989470769426 -0.000880401056808935 -0.0010050839986287031 0.00032753660057789651 0.00060776727756868629 -0.00059193068022300255 2.9511026204947028e-05
leaf_weight=479432 1291 1327 1958 1094 1044 3440 1127 1130 1180 2912 1214 1315 1058 1083 1340 1225 1527 198930 1516 1276 1398 1321 2621 3430 1467 1058 3732 1385 3869 92817
leaf_count=479432 1291 1327 1958 1094 1044 3440 1127 1130 1180 2912 1214 1315 1058 1083 1340 1225 1527 198930 1516 1276 1398 1321 2621 3430 1467 1058 3732 1385 3869 92817
internal_value=-5.79073e-06 7.41719e-06 0.000153218 0.000237709 0.000393376 0.000291236 -0.000159728 0.000540653 0.000402478 0.000743271 0.000250602 4.99372e-05 0.000370221 0.00059847 0.000876604 -0.000424813 4.26126e-05 -2.88705e-05 -0.000322083 -0.000496706 -0.000255747 -0.000109689 -2.69716e-05 -0.000196701 -0.000340398 -0.000517612 -9.51371e-05 -2.51564e-05 -0.00027568 -2.22987e-05
internal_weight=819517 521231 41799 31633 21553 16683 3301 2257 13382 4870 9942 6305 3765 3637 2554 2540 2585 298286 6539 5248 3972 10166 8845 6224 4897 2574 10080 8986 5254 291747
internal_count=819517 521231 41799 31633 21553 16683 3301 2257 13382 4870 9942 6305 3765 3637 2554 2540 2585 298286 6539 5248 3972 10166 8845 6224 4897 2574 10080 8986 5254 291747
is_linear=0
shrinkage=0.08


Tree=212
num_leaves=31
num_cat=0
split_feature=3 0 1 1 0 0 1 1 0 1 1 0 1 1 0 0 0 1 0 1 0 1 1 0 1 0 0 1 1 1
split_gain=0.0484956 0.150764 0.290221 0.431911 0.63093 0.383081 0.238043 0.282554 0.204214 0.968596 0.387765 0.236446 0.171715 0.17136 0.168849 0.15134 0.183283 0.181796 0.122543 0.120713 0.120184 0.257141 0.1858 0.166464 0.113937 0.11334 0.209843 0.268821 0.582698 0.187621
threshold=1.5000000000000002 3.3287749290466313 0.88355499505996715 -0.58638501167297352 1.7318400144577029 1.5110000371932986 -0.86674499511718739 1.004474997520447 2.0437750816345219 -1.0697450041770933 -0.70328500866889943 1.7862750291824343 -1.1494199633598325 -0.61973500251770008 4.7154748439788827 3.6377300024032597 4.1130049228668222 1.3000449538230898 3.2420299053192143 1.5398749709129336 2.0437750816345219 0.25529499351978308 -0.28576499223709101 1.8608150482177737 -0.43813998997211451 3.6377300024032597 3.6017599105834965 0.39493499696254736 0.2281950041651726 -0.40793499350547785
decision_type=2 2 2 2 2 2 2 2 2 2 2 2 2 2 2 2 2 2 2 2 2 2 2 2 2 2 2 2 2 2
left_child=-1 2 3 5 -5 12 -3 14 9 -7 18 -11 -2 -12 25 17 -17 -9 -10 -18 21 22 24 -24 -6 26 27 28 -8 -27
right_child=1 6 -4 4 20 8 7 15 10 11 13 -13 -14 -15 -16 16 19 -19 -20 -21 -22 -23 23 -25 -26 29 -28 -29 -30 -31
leaf_value=-1.9089880169699643e-07 5.1551262173640628e-05 0.00042085592171879502 -0.00019869155014299507 -0.00024591146434727994 0.00095535602317902985 0.00032382079138782626 -0.00023542377986091059 -0.0010198529851889906 -0.00025882896781003194 -0.00073305045789670196 0.00099401740192473702 -0.0019268818399757557 0.00079144284345474165 -0.00016491867884967819 0.00028703319752236209 0.00081216306950319343 0.0004212692143898861 0.00023878609011407023 0.00064725626949305106 -0.00039804100733800105 0.00030677318267588141 4.2258636159686447e-05 0.00058531742003157551 0.001674536131653237 -0.00020613356606099449 0.00011751776259569381 0.00087120788014389606 -0.00077924526981436695 0.0016917488753258956 -0.00050398043628543357
leaf_weight=625786 4005 5748 19195 13728 1016 4256 6517 1212 19685 1957 2769 2321 4025 1158 3666 3783 2634 1864 1004 2044 55426 3221 1441 2383 1155 3766 1295 3558 1187 17812
leaf_count=625786 4005 5748 19195 13728 1016 4256 6517 1212 19685 1957 2769 2321 4025 1158 3666 3783 2634 1864 1004 2044 55426 3221 1441 2383 1155 3766 1295 3558 1187 17812
internal_value=1.06393e-05 4.56045e-05 9.00614e-05 0.000136424 0.000246649 -7.33467e-05 -6.63689e-05 -0.000123132 -0.000193437 -0.000530665 -7.65252e-05 -0.00138076 0.000422418 0.000652268 -0.000228898 0.00022341 0.000398114 -0.000257141 -0.000214858 6.32807e-05 0.000351254 0.000618765 0.00092851 0.00126409 0.000337429 -0.000284307 -9.32142e-05 -0.000204112 6.15069e-05 -0.000395511
internal_weight=819617 193831 138745 119550 78370 41180 55086 49338 33150 8534 24616 4278 8030 3927 37801 11537 8461 3076 20689 4678 64642 9216 5995 3824 2171 34135 12557 11262 7704 21578
internal_count=819617 193831 138745 119550 78370 41180 55086 49338 33150 8534 24616 4278 8030 3927 37801 11537 8461 3076 20689 4678 64642 9216 5995 3824 2171 34135 12557 11262 7704 21578
is_linear=0
shrinkage=0.08


Tree=213
num_leaves=31
num_cat=0
split_feature=1 1 0 0 0 3 0 1 0 3 1 1 1 1 3 1 0 0 0 1 0 0 1 1 1 1 1 1 1 0
split_gain=0.035636 0.104144 0.0848452 0.06721 0.0623365 0.119657 0.204591 0.2022 0.0883045 0.156869 0.542873 0.26745 0.112507 0.200733 0.124627 0.215289 0.21545 0.41825 0.381356 0.197026 0.170415 0.259498 0.140353 0.144039 0.13577 0.164996 0.116833 0.129788 0.113656 0.116554
threshold=-0.61973500251770008 -0.60804000496864308 2.0004749298095708 2.7983599901199345 1.8362749814987185 1.0000000180025095e-35 1.5637750029563906 0.75447499752044689 2.9214450120925908 1.5000000000000002 1.2086899876594546 2.0098299980163579 1.2754200100898745 0.69628500938415538 1.0000000180025095e-35 -0.31415499746799463 2.301554918289185 2.2737300395965581 2.3289599418640141 -0.24051500111818311 1.9673299789428713 2.3566550016403203 0.54358500242233287 0.47293500602245336 -0.35998500883579249 -0.46793998777866358 -0.19490000605583188 -0.1582049950957298 0.37631000578403478 1.8852050304412844
decision_type=2 2 2 2 2 2 2 2 2 2 2 2 2 2 2 2 2 2 2 2 2 2 2 2 2 2 2 2 2 2
left_child=-1 2 -2 -4 5 6 -3 -8 9 12 -11 -12 13 14 -6 20 17 22 -18 -20 -16 -22 23 28 25 -23 -21 -28 29 -17
right_child=1 4 3 -5 8 -7 7 -9 -10 10 11 -13 -14 -15 15 16 18 -19 19 26 21 24 -24 -25 -26 -27 27 -29 -30 -31
leaf_value=3.0042615608613996e-05 0.00012049743354134408 0.00014289567966424316 -0.0011935548366409337 -0.00030535102879987886 -2.8654326143787013e-05 -0.00014953442403239459 -0.00029527404621339839 0.0003223150587269075 -3.0757574503486556e-05 0.00024072408355993422 -0.00081075055939274778 0.00058943348226383465 0.00018829408538542384 -0.00017427723167211099 -0.001010672913767551 -0.00054024824815763475 -0.0012926854727151849 0.0017917691434590289 0.00087792631165647353 -0.00067481616075027492 0.00037716227217396496 -0.00061517004443511114 0.00092931007810337254 -0.00069722100274235586 -0.0011587974239924206 0.00024933973876589948 0.00098688234913672139 6.3031953924496035e-05 0.0009528257562965662 0.00028784200566845617
leaf_weight=188215 1076 33549 1086 1095 99165 52236 17209 4226 245263 50125 4951 1060 19467 39675 1382 1200 1276 1300 2043 1308 4847 3119 2029 1020 1203 2583 1015 23644 1471 11635
leaf_count=188215 1076 33549 1086 1095 99165 52236 17209 4226 245263 50125 4951 1060 19467 39675 1382 1200 1276 1300 2043 1308 4847 3119 2029 1020 1203 2583 1015 23644 1471 11635
internal_value=-5.09643e-07 -9.61906e-06 -0.000460824 -0.00074762 -7.27898e-06 -6.28273e-05 1.95464e-05 -0.000173514 4.15748e-06 3.52385e-05 0.000154572 -0.000563837 4.70304e-06 -1.31744e-05 2.67142e-05 0.000116614 0.000195231 0.000407722 5.98747e-05 0.000121491 -0.000170348 -7.15281e-05 0.000304048 0.00022127 -0.000386489 -0.000223548 6.19769e-05 0.000101059 0.000286757 0.00021042
internal_weight=819473 631258 3257 2181 628001 107220 54984 21435 520781 275518 56136 6011 219382 199915 160240 61075 47941 18655 29286 28010 13134 11752 17355 15326 6905 5702 25967 24659 14306 12835
internal_count=819473 631258 3257 2181 628001 107220 54984 21435 520781 275518 56136 6011 219382 199915 160240 61075 47941 18655 29286 28010 13134 11752 17355 15326 6905 5702 25967 24659 14306 12835
is_linear=0
shrinkage=0.08


Tree=214
num_leaves=31
num_cat=0
split_feature=1 1 3 0 0 0 0 0 1 0 1 0 0 1 0 3 0 0 0 0 1 1 1 1 0 1 3 1 0 0
split_gain=0.0399344 0.0866938 0.189925 0.278372 0.131639 0.16 0.157095 0.102251 0.0859723 0.0863892 0.135134 0.127696 0.156895 0.0836891 0.0806586 0.0786858 0.122398 0.127962 0.166842 0.1408 0.123586 0.104205 0.16873 0.193809 0.176054 0.100414 0.133809 0.0982123 0.108976 0.366264
threshold=-0.38854500651359553 -0.41817499697208399 1.5000000000000002 2.6777949333190922 2.7789149284362797 2.4737600088119511 2.0753901004791264 3.2546050548553471 -0.24051500111818311 3.5338749885559086 -0.27666500210762018 3.1711750030517583 3.1048250198364262 -0.29524999856948847 3.715865015983582 1.0000000180025095e-35 1.4934149980545046 2.291815042495728 2.1878750324249272 2.0753901004791264 -0.29524999856948847 -0.26704500615596766 -0.33192001283168787 -0.30440001189708704 2.8076500892639165 -0.35998500883579249 1.5000000000000002 -0.3509449958801269 1.8852050304412844 2.3379249572753911
decision_type=2 2 2 2 2 2 2 2 2 2 2 2 2 2 2 2 2 2 2 2 2 2 2 2 2 2 2 2 2 2
left_child=1 -1 4 -4 5 6 -3 -6 9 11 14 12 15 -13 -11 16 -2 18 19 20 -18 22 24 -24 -19 26 -17 -27 -29 -30
right_child=8 2 3 -5 7 -7 -8 -9 -10 10 -12 13 -14 -15 -16 25 17 21 -20 -21 -22 -23 23 -25 -26 27 -28 28 29 -31
leaf_value=1.4326502882355324e-05 0.00019401304851039258 -0.00031274793757907763 0.0017728999306277993 -1.5147632947279821e-05 0.001021877354759286 -0.0010770338100395097 0.00074996485957886814 9.8429189791931427e-06 -4.5835155337461256e-06 0.00092424185282384704 -0.00047548963188770042 -0.00027188712051302985 0.00080736688255197357 -0.00093923485430274763 0.00017696848993469538 2.8406963468100018e-06 -0.00030289736402578613 0.00058174312536495563 -0.001472195940906809 0.00036103157151123172 -0.0011329997645079777 0.00045690410224576421 -0.0013207817914100955 -0.00014234645503817243 -0.0006781019839112337 0.00077644860660085202 -0.00096631603079003984 -0.00031785291501279029 0.00079367656215533226 -0.00020155126085005416
leaf_weight=249720 3320 2581 1149 1082 1317 1005 1359 1241 509125 1290 1553 3110 1174 1961 3262 2252 3111 2129 1147 1188 1819 1580 1531 2144 1065 1164 1532 4445 3695 6583
leaf_count=249720 3320 2581 1149 1082 1317 1005 1359 1241 509125 1290 1553 3110 1174 1961 3262 2252 3111 2129 1147 1188 1819 1580 1531 2144 1065 1164 1532 4445 3695 6583
internal_value=-2.49044e-06 2.34565e-05 0.000257682 0.000905725 6.49885e-05 -0.00017602 5.38071e-05 0.000530894 -1.45081e-05 -0.000113477 0.000168896 -0.000151828 -0.000103745 -0.000529956 0.00038874 -0.000131381 -0.00024734 -0.000340587 -0.000586778 -0.00042078 -0.000609177 -0.000128897 -0.000263642 -0.000633281 0.000161663 -1.91778e-05 -0.000389535 6.90346e-05 1.31065e-05 0.000156239
internal_weight=819634 259454 9734 2231 7503 4945 3940 2558 560180 51055 6105 44950 39879 5071 4552 38705 19034 15714 7265 6118 4930 8449 6869 3675 3194 19671 3784 15887 14723 10278
internal_count=819634 259454 9734 2231 7503 4945 3940 2558 560180 51055 6105 44950 39879 5071 4552 38705 19034 15714 7265 6118 4930 8449 6869 3675 3194 19671 3784 15887 14723 10278
is_linear=0
shrinkage=0.08


Tree=215
num_leaves=31
num_cat=0
split_feature=1 1 0 0 0 0 1 0 1 2 0 1 2 1 0 1 1 0 0 1 1 0 1 1 0 1 0 0 0 0
split_gain=0.0331444 0.0637266 0.0907044 0.196208 0.266841 0.244288 0.199637 0.177749 0.128225 0.191583 0.31836 0.186184 0.195723 0.17447 0.286379 0.528582 0.224093 0.217042 0.150343 0.172782 0.248658 0.144233 0.174403 0.261831 0.139026 0.134343 0.123481 0.123533 0.20087 0.115314
threshold=-0.16760500520467755 0.43287500739097601 2.5523250102996831 2.3655949831008916 2.3471150398254399 2.40149998664856 0.077495001256465926 2.5799100399017338 0.2281950041651726 2.5000000000000004 1.193715035915375 0.36592499911785131 1.5000000000000002 0.034244999289512641 2.096270084381104 0.085974998772144332 0.16599000245332721 2.291815042495728 1.8112099766731264 0.016889999620616439 0.13024000078439715 1.5110000371932986 0.25529499351978308 0.32790499925613409 2.227124929428101 0.0082950000651180762 2.1878750324249272 1.9783749580383303 1.658895015716553 2.5348649024963383
decision_type=2 2 2 2 2 2 2 2 2 2 2 2 2 2 2 2 2 2 2 2 2 2 2 2 2 2 2 2 2 2
left_child=-1 2 3 4 8 6 -5 -4 9 13 -11 12 21 17 -15 -16 -17 24 25 -20 -21 -10 -23 -24 -2 -12 27 28 -14 -7
right_child=1 -3 7 5 -6 29 -8 -9 11 10 18 -13 26 14 15 16 -18 -19 19 20 -22 22 23 -25 -26 -27 -28 -29 -30 -31
leaf_value=1.5067421087622431e-05 -3.7824706722761451e-05 8.5896125267955458e-06 -0.0007315471406425378 0.00013846380017146489 -0.0010128926478990882 2.0035701253946835e-05 0.0013764010712221419 -8.3128434033102815e-05 -2.838194437080517e-05 0.00097048576914637364 -0.0015745178537470222 0.00014414907689170431 -0.00040851054278512794 8.5790308082685113e-05 0.0019166264580475773 -0.00021051122542280694 0.00090264126346639197 -0.00094350636744196736 0.00030154680417909617 -0.0014850405128453421 0.00019865957416736625 -0.0013820238366779856 -0.0001401995530226123 -0.0011750252072623066 0.00068866329445915937 -0.00045258478896414783 0.00083926800167091851 -0.00079076399667870061 0.00083790255527001927 0.00070330429821202362
leaf_weight=336774 22408 266456 2773 1446 1791 13140 1969 111449 2977 1067 1279 7992 1890 16827 1714 2650 2055 1606 2106 1213 1045 1771 4591 2374 1823 1466 1065 1263 1472 1797
leaf_count=336774 22408 266456 2773 1446 1791 13140 1969 111449 2977 1067 1279 7992 1890 16827 1714 2650 2055 1606 2106 1213 1045 1771 4591 2374 1823 1466 1065 1263 1472 1797
internal_value=-4.20074e-06 -1.76224e-05 -4.98054e-05 4.7126e-06 -4.68117e-05 0.000241797 0.000852226 -9.88703e-05 -2.58781e-05 4.04803e-05 -0.000318063 -0.000175499 -0.000322291 0.000100205 0.000259217 0.000713845 0.00027568 -4.28616e-05 -0.000511464 -0.000219683 -0.000705826 -0.000509282 -0.000673161 -0.000492917 1.6832e-05 -0.000975336 6.2635e-05 -0.0001162 0.000137212 0.000102237
internal_weight=820249 483475 217019 102797 84445 18352 3415 114222 82654 57259 8176 25395 17403 49083 23246 6419 4705 25837 7109 4364 2258 11713 8736 6965 24231 2745 5690 4625 3362 14937
internal_count=820249 483475 217019 102797 84445 18352 3415 114222 82654 57259 8176 25395 17403 49083 23246 6419 4705 25837 7109 4364 2258 11713 8736 6965 24231 2745 5690 4625 3362 14937
is_linear=0
shrinkage=0.08


Tree=216
num_leaves=31
num_cat=0
split_feature=0 0 1 2 1 0 2 1 0 1 1 1 1 0 1 0 0 1 1 1 0 1 2 0 1 1 0 1 1 0
split_gain=0.032925 0.110696 0.189219 0.0648487 0.157371 0.425276 0.296826 0.234391 0.194037 0.229628 0.209592 0.239257 0.201967 0.105971 0.0932942 0.0924026 0.0855476 0.0830921 0.0761644 0.237562 0.13395 0.322914 0.209036 0.164586 0.316972 0.144536 0.140892 0.180636 0.207436 0.129111
threshold=2.8455899953842168 2.8361749649047856 0.44294500350952154 1.5000000000000002 1.2754200100898745 3.6017599105834965 2.5000000000000004 1.6690800189971926 3.7575850486755376 0.75447499752044689 -0.72843000292778004 -1.0146600008010862 -0.97958502173423756 3.1378250122070317 1.0732450485229494 3.1490499973297124 3.355854988098145 -0.79456001520156849 -0.41817499697208399 -0.37875001132488245 3.031194925308228 0.30093999207019811 2.5000000000000004 2.9121649265289311 0.042975001037120826 -0.043800000101327889 3.1490499973297124 0.016889999620616439 0.37631000578403478 3.0412950515747075
decision_type=2 2 2 2 2 2 2 2 2 2 2 2 2 2 2 2 2 2 2 2 2 2 2 2 2 2 2 2 2 2
left_child=1 -1 -3 -2 8 7 -7 13 9 10 11 -5 -10 -6 -14 -11 -17 -13 29 -20 21 23 -23 25 -25 -21 27 -22 -29 -12
right_child=3 2 -4 4 5 6 -8 -9 12 15 18 17 14 -15 -16 16 -18 -19 19 20 26 22 -24 24 -26 -27 -28 28 -30 -31
leaf_value=3.0699858224993156e-06 9.3379286923320482e-06 -0.0009192834584365781 0.00039856796276940658 -3.7595726544299524e-05 0.00036229148592129961 -0.00025639720700068212 -0.0015421886273569432 0.00085368891249699823 -0.00075402682287739999 0.00010857968627795561 -0.0008218329610770504 0.00057836048095082462 0.00045929598497304342 -0.00052052387131239577 -0.00020577624576081363 0.0009448096933304599 0.000352297216588277 0.0013952751090063403 0.001167146320099778 0.00065360798665018858 0.00010673956606165226 9.1864204456780038e-05 -0.001116294823762885 0.00025916984270664824 0.0017113716196531434 -0.00060014962862365911 -6.6917160452451682e-05 -0.0014089052397076949 -0.00022450658759735832 -8.2468125383302357e-05
leaf_weight=500391 221498 2068 1052 4787 1468 2948 1883 2445 1012 4413 2254 2978 17043 2137 1466 2546 4025 1088 1022 1120 1974 2214 1564 2419 1597 1240 20837 1960 1830 4589
leaf_count=500391 221498 2068 1052 4787 1468 2948 1883 2445 1012 4413 2254 2978 17043 2137 1466 2546 4025 1088 1022 1120 1974 2214 1564 2419 1597 1240 20837 1960 1830 4589
internal_value=1.28157e-05 1.08058e-07 -0.000474931 3.30411e-05 8.83885e-05 -0.000197872 -0.000757566 0.00024905 0.000125479 5.85577e-05 -9.87767e-06 0.000345696 0.000346449 -0.000161031 0.000406619 0.000391719 0.000581872 0.000796954 -8.04266e-05 -3.59419e-05 -6.93946e-05 0.000177797 -0.000408284 0.00052507 0.000836651 -5.14601e-06 -0.000163751 -0.000513809 -0.000837019 -0.000326006
internal_weight=819868 503511 3120 316357 94859 10881 4831 6050 83978 64457 53473 8853 19521 3605 18509 10984 6571 4066 44620 37777 36755 10154 3778 6376 4016 2360 26601 5764 3790 6843
internal_count=819868 503511 3120 316357 94859 10881 4831 6050 83978 64457 53473 8853 19521 3605 18509 10984 6571 4066 44620 37777 36755 10154 3778 6376 4016 2360 26601 5764 3790 6843
is_linear=0
shrinkage=0.08


Tree=217
num_leaves=31
num_cat=0
split_feature=0 0 0 2 0 0 0 2 2 2 2 3 2 0 0 3 2 2 3 0 0 0 2 0 3 3 0 0 0 3
split_gain=0.0199688 0.160268 0.0691643 0.0811112 0.0541531 0.0428389 0.0584299 0.057365 0.0759833 0.0528759 0.131843 0.0367602 0.121003 0.0512863 0.0495172 0.0333873 0.0356159 0.0596395 0.0280052 0.0668973 0.0402158 0.0276719 0.0556002 0.0499438 0.0624244 0.0431221 0.0568541 0.0392849 0.0602096 0.0380219
threshold=2.9214450120925908 2.7693750858306889 2.941275000572205 1.5000000000000002 2.7413899898529057 2.7983599901199345 2.8171350955963139 1.5000000000000002 2.5000000000000004 1.5000000000000002 1.0000000180025095e-35 1.5000000000000002 1.5000000000000002 2.8361749649047856 2.8834550380706792 1.5000000000000002 1.5000000000000002 1.0000000180025095e-35 1.0000000180025095e-35 2.8834550380706792 2.9121649265289311 3.5167798995971684 1.0000000180025095e-35 3.872674942016602 1.5000000000000002 1.0000000180025095e-35 3.6949000358581547 3.6017599105834965 3.6949000358581547 1.5000000000000002
decision_type=2 2 2 2 2 2 2 2 2 2 2 2 2 2 2 2 2 2 2 2 2 2 2 2 2 2 2 2 2 2
left_child=1 4 3 -2 -1 7 9 -3 -9 10 -7 12 18 -14 -15 16 17 -6 20 -20 -8 -4 23 24 25 -23 -27 -26 -29 -25
right_child=2 5 21 -5 15 6 11 8 -10 -11 -12 -13 13 14 -16 -17 -18 -19 19 -21 -22 22 -24 29 27 26 -28 28 -30 -31
leaf_value=1.6403790586781721e-06 -0.00047026804129745615 0.00042546858211252168 -3.0836125333322233e-05 0.00014158794949974913 -0.00017367235287286319 -0.00030741748553412618 -1.2392811597491923e-05 -0.0003104166059355051 0.00048147155010530281 -0.00044071772565566764 0.00057640895922050981 2.8820690022079029e-06 0.0009445233939336503 0.00017060912740267313 0.00065314289281237579 8.2665574337747441e-05 2.5744806156800375e-05 -0.00071869615941839906 0.00043079966104856338 -9.6092999094381256e-05 0.00047394556654266486 5.8818714422920188e-05 6.5879551154806199e-05 -5.1636525915425221e-05 -9.9127559485475759e-05 -0.00042673192063332919 8.22965770407755e-05 0.00090994071112829192 0.0001956340817544915 -0.00024576859214034576
leaf_weight=467569 4334 6836 154915 2039 3498 2699 12173 1886 1317 2089 1801 8148 1280 3099 2427 2221 1924 2031 4103 2471 1195 14957 72313 23246 1063 3153 2532 1203 2029 8940
leaf_count=467569 4334 6836 154915 2039 3498 2699 12173 1886 1317 2089 1801 8148 1280 3099 2427 2221 1924 2031 4103 2471 1195 14957 72313 23246 1063 3153 2532 1203 2029 8940
internal_value=2.97589e-06 1.22357e-05 -1.38658e-05 -0.000274509 -2.23587e-06 0.000146279 0.000110395 0.000294567 1.51896e-05 -0.000108099 4.63095e-05 0.000151651 0.000196969 0.000488229 0.000382536 -0.000189585 -0.000270716 -0.000373879 9.75646e-05 0.000232754 3.10822e-05 -8.02415e-06 1.92783e-05 -3.97151e-05 4.52688e-05 -1.24678e-05 -0.000200019 0.000322754 0.00046151 -0.000105559
internal_weight=819491 528767 290724 6373 477243 51524 41485 10039 3203 6589 4500 34896 26748 6806 5526 9674 7453 5529 19942 6574 13368 284351 129436 57123 24937 20642 5685 4295 3232 32186
internal_count=819491 528767 290724 6373 477243 51524 41485 10039 3203 6589 4500 34896 26748 6806 5526 9674 7453 5529 19942 6574 13368 284351 129436 57123 24937 20642 5685 4295 3232 32186
is_linear=0
shrinkage=0.08


Tree=218
num_leaves=31
num_cat=0
split_feature=1 1 3 2 2 1 1 3 3 3 1 3 1 1 1 1 2 1 1 2 2 1 1 1 3 1 1 1 2 3
split_gain=0.0257982 0.110743 0.0693054 0.160244 0.0659636 0.17682 0.0521125 0.0681822 0.0677852 0.0463308 0.0419354 0.119393 0.0612826 0.0801911 0.0728175 0.222351 0.0787772 0.0946325 0.269062 0.0981819 0.0583754 0.0838655 0.0575695 0.160545 0.148258 0.123654 0.0502665 0.0471407 0.0889975 0.185291
threshold=-0.66707000136375416 -0.71593499183654774 1.0000000180025095e-35 1.5000000000000002 2.5000000000000004 -1.0328249931335447 -1.5331450104713438 1.5000000000000002 1.5000000000000002 1.5000000000000002 -0.22169499844312665 1.0000000180025095e-35 -0.32310499250888819 -0.37875001132488245 -0.40793499350547785 -0.39802500605583185 1.5000000000000002 -0.48883000016212458 -0.50982502102851857 2.5000000000000004 1.0000000180025095e-35 -0.36913000047206873 -0.48883000016212458 -0.43813998997211451 1.5000000000000002 -0.59735000133514393 -0.43813998997211451 -0.23139999806880948 1.0000000180025095e-35 1.5000000000000002
decision_type=2 2 2 2 2 2 2 2 2 2 2 2 2 2 2 2 2 2 2 2 2 2 2 2 2 2 2 2 2 2
left_child=1 2 4 -4 -1 -6 8 -8 -5 -3 11 -2 13 14 16 -16 22 18 -18 26 -15 -22 25 24 -24 -13 -19 28 -14 -30
right_child=10 9 3 6 5 -7 7 -9 -10 -11 -12 12 27 20 15 -17 17 19 -20 -21 21 -23 23 -25 -26 -27 -28 -29 29 -31
leaf_value=7.3058281677506546e-05 -2.5741794585369587e-05 -0.00016095315763939484 -0.00013827784872240851 -1.6045911540180664e-05 -0.00074492213451727294 0.00033133846891906019 0.00016847456918340473 -7.6707844961135493e-05 0.00049906609213138243 -0.00051518960141282068 2.8795130785902582e-06 0.00039041704697655009 -1.8214576445058881e-05 -0.00044426308128051116 0.001141422272568012 3.1298729556892123e-05 -4.9417446468187953e-05 -0.0008018437995108861 0.0010693366102069715 7.9744984831911728e-05 -0.00061364629943660922 0.00011177124089471136 0.00031955571211508501 -0.00010554740444761502 0.0012582385131316859 -7.6547551674832509e-05 -0.00017250877559831239 -0.00013963913210302423 0.0007013473175051249 8.1255672187722469e-05
leaf_weight=69057 66802 9808 53307 2831 2182 1769 13250 16054 3870 3113 502730 5825 4436 2687 1747 3406 10832 2202 1576 2600 1223 6144 2990 2834 1683 9628 1287 1819 6337 6008
leaf_count=69057 66802 9808 53307 2831 2182 1769 13250 16054 3870 3113 502730 5825 4436 2687 1747 3406 10832 2202 1576 2600 1223 6144 2990 2834 1683 9628 1287 1819 6337 6008
internal_value=6.32762e-06 -2.08907e-05 -2.94784e-06 -5.02105e-05 5.48694e-05 -0.000263043 8.01772e-05 3.4153e-05 0.000281445 -0.000246298 1.37249e-05 5.21037e-05 0.000121197 7.98382e-05 0.000124039 0.000407659 8.87857e-05 -3.40789e-05 9.26809e-05 -0.000292387 -0.000125075 -8.65575e-06 0.000187768 0.000369517 0.000657626 9.94745e-05 -0.000569699 0.000247195 0.000289126 0.000399564
internal_weight=820037 175241 162320 89312 73008 3951 36005 29304 6701 12921 644796 142066 75264 56664 46610 5153 41457 18497 12408 6089 10054 7367 22960 7507 4673 15453 3489 18600 16781 12345
internal_count=820037 175241 162320 89312 73008 3951 36005 29304 6701 12921 644796 142066 75264 56664 46610 5153 41457 18497 12408 6089 10054 7367 22960 7507 4673 15453 3489 18600 16781 12345
is_linear=0
shrinkage=0.08


Tree=219
num_leaves=31
num_cat=0
split_feature=2 0 0 3 0 0 0 0 0 0 3 3 0 0 3 3 0 0 0 2 0 0 3 0 0 0 0 0 0 3
split_gain=0.0821088 0.0891158 0.131652 0.221553 0.161087 0.115209 0.173837 0.0887289 0.0754487 0.0725926 0.0677045 0.0631776 0.168018 0.103904 0.205345 0.0993482 0.0511084 0.0585024 0.0383969 0.0601879 0.100955 0.0840701 0.0855887 0.0812054 0.109075 0.114283 0.0961611 0.0730966 0.0882225 0.0870081
threshold=2.5000000000000004 2.8455899953842168 1.798830032348633 1.0000000180025095e-35 2.7231450080871586 2.4737600088119511 2.5083100795745854 2.40149998664856 2.7693750858306889 2.5523250102996831 1.5000000000000002 1.0000000180025095e-35 1.3255900144577029 1.3947499990463259 1.5000000000000002 1.5000000000000002 1.5110000371932986 1.717480003833771 1.7600449919700625 1.0000000180025095e-35 3.5338749885559086 3.8234599828720097 1.5000000000000002 2.4276549816131596 2.5083100795745854 2.5882999897003178 2.5612649917602544 2.6509549617767338 2.6863999366760258 1.0000000180025095e-35
decision_type=2 2 2 2 2 2 2 2 2 2 2 2 2 2 2 2 2 2 2 2 2 2 2 2 2 2 2 2 2 2
left_child=18 2 11 -4 5 7 -7 -5 -6 -8 -9 12 -2 15 -15 -13 -16 -18 -1 21 -21 22 23 -20 -25 26 -26 -27 29 -29
right_child=1 -3 3 4 8 6 9 10 -10 -11 -12 13 -14 14 16 -17 17 -19 19 20 -22 -23 -24 24 25 27 -28 28 -30 -31
leaf_value=-3.766993431580507e-05 -0.00081765129529612877 2.4479731912480442e-05 0.00014073423252488514 -0.00027366175429534675 -0.0011785223276994832 0.00085977545990777247 -0.00060509852187368249 -0.0012137001411009446 -0.00048925296439253428 -1.4897114024059947e-05 -0.00041343516074298959 -9.3433057913679286e-06 0.00018763682731207638 0.0003684799461879572 5.3011517454083161e-05 0.00056633038915505658 -0.00079252559289319047 -0.00010995095641301151 0.00010392169519640905 -3.5575180836817875e-05 8.2298531553160162e-05 -7.8387441571384025e-05 0.00019383801948666404 -0.00024398460578641416 9.990016223236406e-05 -0.00022888054327636548 0.00060573873226180109 0.0001469275469450771 1.6320777075358497e-06 0.0009194449764784948
leaf_weight=129132 1828 37186 9331 19539 1665 1298 1683 1189 2609 6427 1570 3358 2546 3620 1080 4476 2497 1185 77315 251726 57039 35014 25183 10674 7049 8337 3651 3487 106126 1274
leaf_count=129132 1828 37186 9331 19539 1665 1298 1683 1189 2609 6427 1570 3358 2546 3620 1080 4476 2497 1185 77315 251726 57039 35014 25183 10674 7049 8337 3651 3487 106126 1274
internal_value=-7.78641e-06 -7.454e-05 -0.000130414 -0.000206636 -0.000296723 -0.000234574 1.98127e-07 -0.000333629 -0.000757768 -0.000137377 -0.000758312 3.73239e-05 -0.000232497 0.000110104 -8.56691e-05 0.000319571 -0.000430906 -0.000572849 1.82442e-06 1.05145e-05 -1.38e-05 3.75091e-05 5.42021e-05 3.80652e-05 1.85063e-06 2.20474e-05 0.0002725 -4.29963e-07 1.6746e-05 0.000353646
internal_weight=819094 103087 65901 45311 35980 31706 9408 22298 4274 8110 2759 20590 4374 16216 8382 7834 4762 3682 716007 586875 308765 278110 243096 217913 140598 129924 10700 119224 110887 4761
internal_count=819094 103087 65901 45311 35980 31706 9408 22298 4274 8110 2759 20590 4374 16216 8382 7834 4762 3682 716007 586875 308765 278110 243096 217913 140598 129924 10700 119224 110887 4761
is_linear=0
shrinkage=0.08


Tree=220
num_leaves=31
num_cat=0
split_feature=1 1 2 3 1 1 3 3 2 1 1 1 1 2 3 1 1 1 3 1 1 3 2 1 3 3 1 1 1 2
split_gain=0.0453347 0.0624272 0.0571458 0.0534252 0.0598982 0.0576135 0.141007 0.0627173 0.0748169 0.0880381 0.0559162 0.046553 0.0459178 0.0469928 0.0692336 0.0415566 0.0607744 0.0410916 0.0662365 0.246299 0.120855 0.156286 0.084308 0.0532669 0.0497747 0.0370534 0.0883941 0.059113 0.0860544 0.0495282
threshold=0.85535499453544628 0.82949000597000133 1.5000000000000002 1.0000000180025095e-35 2.1327749490737919 1.2303000092506411 1.5000000000000002 1.5000000000000002 1.0000000180025095e-35 1.3251599669456484 1.5011050105094912 1.5398749709129336 0.803624987602234 1.0000000180025095e-35 1.0000000180025095e-35 0.89762499928474437 0.91235998272895824 0.97230499982833873 1.0000000180025095e-35 1.579819977283478 1.8437100052833559 1.5000000000000002 2.5000000000000004 1.2086899876594546 1.0000000180025095e-35 1.5000000000000002 1.5011050105094912 1.0555250048637392 1.1098350286483767 2.5000000000000004
decision_type=2 2 2 2 2 2 2 2 2 2 2 2 2 2 2 2 2 2 2 2 2 2 2 2 2 2 2 2 2 2
left_child=1 12 3 4 -2 6 -5 8 9 -7 -10 -9 -1 -14 -15 -4 -17 24 19 22 25 -22 -19 -24 -18 -20 27 -27 -29 -28
right_child=2 -3 15 5 -6 7 -8 11 10 -11 -12 -13 13 14 -16 16 17 18 20 -21 21 -23 23 -25 -26 26 29 28 -30 -31
leaf_value=-1.2820835873423529e-05 3.3136332929305119e-05 -0.00026739886911249895 0.00039408288597811306 -0.00012613237167576223 0.00036624704324495253 -0.000803692297809643 0.00030580629584901412 -9.5184515796714492e-05 -9.5768197645862467e-05 -7.9674199960411886e-05 0.00039355711215679725 -0.00044502202020089277 -5.9436351475639119e-05 0.00084480925980628258 0.00012862849136725487 -0.00050250286105872524 0.00080913971066373224 0.00033643606285842307 0.00018796988518762504 -0.00076487747215849228 -2.7816113955228499e-05 0.0010422405995413326 0.00013280768691181717 -0.00066582674082591678 0.00017762762982581097 0.0002561033802066519 6.397708329254696e-05 -0.00090422146271811705 -0.00012959248723213687 0.00076426513875291376
leaf_weight=662509 53974 6122 3138 12944 3691 1295 7723 4168 2709 6323 3334 5853 2585 1341 2428 1072 1099 4776 10128 2592 1538 2022 1065 1073 2924 1861 1401 1090 5811 1200
leaf_count=662509 53974 6122 3138 12944 3691 1295 7723 4168 2709 6323 3334 5853 2585 1341 2428 1072 1099 4776 10128 2592 1538 2022 1065 1073 2924 1861 1401 1090 5811 1200
internal_value=-4.38207e-06 -1.30957e-05 3.62352e-05 3.68657e-06 5.4458e-05 -6.23292e-05 3.52777e-05 -0.00014751 -3.6006e-05 -0.000202752 0.000174199 -0.000299515 -1.07681e-05 0.000203267 0.000383444 0.000113833 9.16547e-05 0.000108164 7.99939e-05 -9.98039e-05 0.000148221 0.000579952 0.000149527 -0.000268004 0.000350144 7.67044e-05 -2.24681e-05 -0.000144037 -0.000251944 0.000387063
internal_weight=819789 674985 144804 102014 57665 44349 20667 23682 13661 7618 6043 10021 668863 6354 3769 42790 39652 38580 34557 9506 25051 3560 6914 2138 4023 21491 11363 8762 6901 2601
internal_count=819789 674985 144804 102014 57665 44349 20667 23682 13661 7618 6043 10021 668863 6354 3769 42790 39652 38580 34557 9506 25051 3560 6914 2138 4023 21491 11363 8762 6901 2601
is_linear=0
shrinkage=0.08


Tree=221
num_leaves=31
num_cat=0
split_feature=2 0 0 1 1 0 0 0 1 0 0 1 1 1 0 0 1 1 1 0 0 1 1 1 1 1 0 0 1 1
split_gain=0.0329514 0.0755664 0.219452 0.0837613 0.192771 0.188771 0.13237 0.126565 0.1591 0.296213 0.286542 0.362514 0.210486 0.0758299 0.169505 0.110221 0.829347 0.535754 0.118725 0.178389 0.17671 0.139533 0.116316 0.0914764 0.219016 0.178238 0.159125 0.14727 0.119285 0.209814
threshold=2.5000000000000004 1.989254951477051 2.032885074615479 0.81671500205993663 0.46295499801635748 1.5460549592971804 1.5460549592971804 1.9096449613571169 -1.1494199633598325 1.2501950263977053 1.193715035915375 -0.71593499183654774 -0.74143001437187184 -1.2447049617767332 2.8834550380706792 3.3420850038528447 1.5011050105094912 1.7778800129890444 -0.70328500866889943 2.2175250053405766 2.40149998664856 -0.61973500251770008 -0.56418499350547779 0.9558599889278413 0.31859999895095831 -0.49946500360965723 3.9545400142669682 3.8234599828720097 -0.078710000962018953 0.13024000078439715
decision_type=2 2 2 2 2 2 2 2 2 2 2 2 2 2 2 2 2 2 2 2 2 2 2 2 2 2 2 2 2 2
left_child=-1 3 -3 4 7 -6 -5 8 9 -2 12 -12 -10 14 -4 17 23 18 19 -15 -21 -20 -23 24 25 -17 -25 28 -27 -30
right_child=1 2 13 6 5 -7 -8 -9 10 -11 11 -13 -14 15 -16 16 -18 -19 21 20 -22 22 -24 26 -26 27 -28 -29 29 -31
leaf_value=-3.1119282502102348e-06 -0.0013339599478729067 -0.00097871091613044498 0.00072771937666062797 -0.00021256505702345603 0.0001846709483400726 -0.0012018809763476531 0.00096594618567849165 0.00065242695231644706 -0.00029914753858761541 0.00016286047293408637 0.00077354210506660787 -0.0002924523580810705 0.001013248524377065 0.00041095304059100477 -0.00051856167952976184 0.00072780715572919128 -0.0015885037035622423 0.0015888548344763886 0.00060959827347236177 -0.0016100023954044071 -0.00046549510957621422 -0.00096362306087327749 -0.0001441529233454549 0.00029789781832454136 0.00073920849262620674 4.9611119710366203e-05 -0.00092958977790728501 0.00036017280771273488 -0.0016620131081062487 -4.7270003762674288e-05
leaf_weight=716972 1454 1747 2098 1010 1064 1535 1540 2325 1031 2024 2595 9576 3240 1112 1047 2054 1724 1114 1539 1092 4124 1138 42831 1847 5384 1713 1066 2378 1029 1031
leaf_count=716972 1454 1747 2098 1010 1064 1535 1540 2325 1031 2024 2595 9576 3240 1112 1047 2054 1724 1114 1539 1092 4124 1138 42831 1847 5384 1713 1066 2378 1029 1031
internal_value=-9.20231e-06 -5.14075e-05 -9.24364e-05 6.25223e-05 1.77052e-05 -0.000634243 0.000499163 9.38758e-05 2.86834e-05 -0.000462895 0.000132668 -6.51698e-05 0.000696442 -7.16036e-05 0.000312821 -8.85898e-05 8.10949e-05 -0.000146997 -0.000184302 -0.000508983 -0.000705104 -0.000139155 -0.000165362 0.000255522 0.000342729 8.25648e-05 -0.000151296 -0.000132901 -0.000443669 -0.000853858
internal_weight=820434 103462 76068 27394 24844 2599 2550 22245 19920 3478 16442 12171 4271 74321 3145 71176 18226 52950 51836 6328 5216 45508 43969 16502 13589 8205 2913 6151 3773 2060
internal_count=820434 103462 76068 27394 24844 2599 2550 22245 19920 3478 16442 12171 4271 74321 3145 71176 18226 52950 51836 6328 5216 45508 43969 16502 13589 8205 2913 6151 3773 2060
is_linear=0
shrinkage=0.08


Tree=222
num_leaves=31
num_cat=0
split_feature=1 1 3 2 1 1 3 2 1 3 3 1 1 1 3 1 1 1 1 1 1 2 1 1 2 2 1 1 1 3
split_gain=0.0176033 0.0206536 0.0383712 0.0416489 0.0159601 0.0883687 0.0946202 0.0656258 0.0491203 0.202238 0.151906 0.0975493 0.0674853 0.0861369 0.059259 0.148672 0.0479163 0.0466796 0.132739 0.06417 0.0684881 0.0904912 0.0565148 0.0981988 0.0522772 0.0508341 0.106654 0.0539537 0.0499889 0.0468276
threshold=2.1327749490737919 2.5417549610137944 1.5000000000000002 1.0000000180025095e-35 -0.18604499846696851 -0.17668499797582624 1.0000000180025095e-35 2.5000000000000004 -1.1957349777221677 1.0000000180025095e-35 1.5000000000000002 -0.29524999856948847 -0.96281999349594105 -0.42821499705314631 1.5000000000000002 -1.5331450104713438 -0.24051500111818311 -0.070014998316764818 -0.043800000101327889 -0.11453500017523764 -0.12342000007629393 1.0000000180025095e-35 0.0082950000651180762 0.034244999289512641 1.5000000000000002 1.0000000180025095e-35 1.1291350126266482 1.0555250048637392 0.042975001037120826 1.0000000180025095e-35
decision_type=2 2 2 2 2 2 2 2 2 2 2 2 2 2 2 2 2 2 2 2 2 2 2 2 2 2 2 2 2 2
left_child=4 2 3 -2 7 6 -6 -1 9 -9 -10 12 -12 -14 -11 -16 -13 19 24 20 -7 -22 29 -24 -19 26 28 -27 -25 -20
right_child=1 -3 -4 -5 5 17 -8 8 10 14 11 16 13 -15 15 -17 -18 18 22 -21 21 -23 23 25 -26 27 -28 -29 -30 -31
leaf_value=-6.3279765510632187e-06 0.00028250561722300269 -5.8825698758434747e-05 0.00051093772849560427 -0.00020524882880246294 1.4463965308434525e-05 -6.5973749889523944e-05 -0.00083838929603815746 -0.00088460127038398272 0.00030403016047579119 -0.00017608961735730602 0.00045545324181658138 -0.00088195241860669919 -0.00016300693849610363 0.00035222096643177037 0.00094571528956337856 -0.00013258262292162074 -0.00016063805208510617 0.00041633750905309451 -1.5398488850725281e-05 -0.00021760676004493285 0.00083682493588455563 -2.6985730452561274e-05 0.00024786662451571596 -0.00044751310914105158 2.4798237725433833e-05 -5.6670022409226823e-05 -0.00010104326215778786 3.5659428729853863e-05 6.0231847931814071e-05 -0.00026400421705265686
leaf_weight=289437 2530 3315 1712 2011 1611 19477 1723 1586 17665 2261 2155 1151 8288 2771 1495 1808 1208 6530 9269 16354 1333 1858 9536 1253 3278 180911 35491 52192 129290 10169
leaf_count=289437 2530 3315 1712 2011 1611 19477 1723 1586 17665 2261 2155 1151 8288 2771 1495 1808 1208 6530 9269 16354 1333 1858 9536 1253 3278 180911 35491 52192 129290 10169
internal_value=-5.27379e-06 0.000102603 0.000188183 6.65016e-05 -6.5479e-06 -1.58533e-05 -0.000426288 7.00216e-06 0.000102531 -8.76897e-05 0.000143451 -3.86999e-05 4.58986e-05 -3.39088e-05 0.000139467 0.000355475 -0.000512581 -1.29842e-05 -5.5132e-06 -9.68265e-05 -9.68866e-06 0.00033386 -1.21798e-05 -5.84067e-06 0.000285478 -1.19021e-05 2.19263e-05 -3.59974e-05 5.53583e-05 -0.000145457
internal_weight=819668 9568 6253 4541 810100 480275 3334 329825 40388 7150 33238 15573 13214 11059 5564 3303 2359 476941 437919 39022 22668 3191 428111 408673 9808 399137 166034 233103 130543 19438
internal_count=819668 9568 6253 4541 810100 480275 3334 329825 40388 7150 33238 15573 13214 11059 5564 3303 2359 476941 437919 39022 22668 3191 428111 408673 9808 399137 166034 233103 130543 19438
is_linear=0
shrinkage=0.08


Tree=223
num_leaves=31
num_cat=0
split_feature=1 1 0 1 0 0 0 1 0 0 0 3 0 0 0 0 0 0 0 1 3 1 1 1 0 0 1 3 0 0
split_gain=0.065581 0.114895 0.22588 0.121938 0.214648 0.307529 0.122526 0.106366 0.25212 0.170477 0.291268 0.168737 0.354267 0.120166 0.124 0.103086 0.144364 0.0879179 0.152227 0.0862577 0.0689984 0.0671027 0.0920333 0.0765457 0.0753916 0.115431 0.0742391 0.0990341 0.175685 0.0705162
threshold=0.2281950041651726 0.21030499786138537 1.9328650236129763 0.19279000163078311 2.6243550777435307 2.032885074615479 2.9908800125122075 0.14820500463247302 1.7600449919700625 2.2548649311065678 2.4555249214172368 1.5000000000000002 3.3420850038528447 2.6863999366760258 2.8834550380706792 3.1048250198364262 3.5854150056838994 2.6154251098632817 3.2299000024795537 0.2373050004243851 1.0000000180025095e-35 0.62961500883102428 0.65214499831199657 0.58621501922607433 3.5854150056838994 2.7983599901199345 0.53323501348495495 1.5000000000000002 3.3692250251770024 2.0101149082183842
decision_type=2 2 2 2 2 2 2 2 2 2 2 2 2 2 2 2 2 2 2 2 2 2 2 2 2 2 2 2 2 2
left_child=1 3 -3 7 5 -5 -6 -1 20 -10 -11 13 -13 -12 -15 -16 -17 -4 -19 -2 -9 23 29 26 25 -25 -21 -28 -29 -23
right_child=19 2 17 4 6 -7 -8 8 9 10 11 12 -14 14 15 16 -18 18 -20 21 -22 22 -24 24 -26 -27 27 28 -30 -31
leaf_value=1.8048625313474663e-05 -0.00043315659557362684 0.0013105121957148337 -0.00031392943832747811 -0.00065355995801440094 -0.0015221570230614725 0.00091545714726955739 -0.00045368245153778553 -0.00010193415624353121 0.00091211470150756493 -0.00083382245951326805 0.00085494136479515568 0.0018298030325448261 -0.00013318670089833751 -0.00075981952981070172 0.00086113947456026773 -0.00050388746899003296 0.00055671296383829401 0.00091404873248916274 -0.00018283994557493439 -6.7610296556457869e-05 -0.00093432575194208722 -0.00021979386960538946 1.7850028777609541e-06 -0.00013583519181957298 0.00017891605542059749 -0.00068745383650400309 1.0812256400526369e-05 0.00087053003267054607 -0.00031565232586728626 0.00043818104019876391
leaf_weight=453671 3218 1284 1866 1592 1010 1606 2147 1325 2867 1457 1361 1332 1054 1065 1130 1814 1501 1649 1591 100248 1228 1302 198016 6608 2178 3838 12681 2454 1185 5229
leaf_count=453671 3218 1284 1866 1592 1010 1606 2147 1325 2867 1457 1361 1332 1054 1065 1130 1814 1501 1649 1591 100248 1228 1302 198016 6608 2178 3838 12681 2454 1185 5229
internal_value=6.12958e-06 2.50408e-05 0.000362015 2.05186e-05 -0.000327565 0.000134383 -0.000795513 2.52271e-05 0.000227079 0.000364193 0.000217572 0.000383056 0.000962665 0.000181783 1.55089e-05 0.000201274 -2.36578e-05 0.000123497 0.000375422 -2.09528e-05 -0.000502317 -1.69782e-05 1.15305e-05 -6.21155e-05 -0.000249237 -0.000338507 -4.18507e-05 0.000116381 0.000484263 0.000307009
internal_weight=819507 482550 6390 476160 6355 3198 3157 469805 16134 13581 10714 9257 2386 6871 5510 4445 3315 5106 3240 336957 2553 333739 204547 129192 12624 10446 116568 16320 3639 6531
internal_count=819507 482550 6390 476160 6355 3198 3157 469805 16134 13581 10714 9257 2386 6871 5510 4445 3315 5106 3240 336957 2553 333739 204547 129192 12624 10446 116568 16320 3639 6531
is_linear=0
shrinkage=0.08


Tree=224
num_leaves=31
num_cat=0
split_feature=0 0 1 1 0 0 1 1 3 0 1 1 1 1 1 1 3 1 0 1 1 1 1 3 1 1 1 1 0 1
split_gain=0.0401297 0.113859 0.118307 0.143387 0.0650138 0.145771 0.272335 0.209237 0.100461 0.0935893 0.137787 0.0983292 0.0851909 0.0734237 0.0687546 0.18452 0.405537 0.3809 0.301276 0.241471 0.215206 0.522412 0.19348 0.162308 0.181468 0.158619 0.157465 0.135551 0.12574 0.129128
threshold=2.5612649917602544 2.5523250102996831 0.33780500292778021 -0.36913000047206873 2.383835077285767 2.3655949831008916 0.47293500602245336 -0.28576499223709101 1.0000000180025095e-35 2.3471150398254399 -0.40793499350547785 0.26465499401092535 -0.061204999685287469 -0.83697497844696034 -0.71593499183654774 -0.3509449958801269 1.5000000000000002 -0.17668499797582624 2.4996850490570073 0.30093999207019811 0.20120500028133395 0.15719499439001086 -0.43813998997211451 1.5000000000000002 -1.0328249931335447 0.09470000118017198 -0.12342000007629393 -0.53252500295639027 2.4644500017166142 0.025634999386966232
decision_type=2 2 2 2 2 2 2 2 2 2 2 2 2 2 2 2 2 2 2 2 2 2 2 2 2 2 2 2 2 2
left_child=1 4 3 -3 5 9 7 -7 -9 -1 13 12 -12 -11 23 16 22 18 -17 20 21 25 27 -6 -25 26 -19 -16 -28 -30
right_child=-2 2 -4 -5 14 6 -8 8 -10 10 11 -13 -14 -15 15 17 -18 19 -20 -21 -22 -23 -24 24 -26 -27 28 -29 29 -31
leaf_value=-1.5028802488241956e-05 4.3002449823786998e-06 -0.00018936079882469686 0.00015662702073119796 -0.001514431492662725 -0.00010435401911079889 0.00018150452931558572 -0.00045210919071927882 0.00072572698356376754 0.0018066969804358542 -0.00024442103550781791 -0.00046486508683190952 -0.00022233851248895864 -0.001488909543117376 0.00071520518198500205 5.5197844277641946e-05 -0.0012405903578118699 0.0013370743172353701 0.00087213630797295131 0.00013861020354504841 -0.00020350537255995019 0.00086493479170134471 -0.0015036193968301168 0.00071165986867542761 -0.00028361285037417091 -0.0015633048093798268 0.00095086312805651031 -0.00044601650638224612 -0.00082413326050829322 0.00061717266808109807 -0.00045967575375204596
leaf_weight=326767 416524 1031 1124 1060 8754 2466 1883 1125 1077 1042 1053 2447 1027 1000 2973 3236 1819 1407 1476 22407 2697 1205 1726 1796 1172 1758 2931 1802 2241 1045
leaf_count=326767 416524 1031 1124 1060 8754 2466 1883 1125 1077 1042 1053 2447 1027 1000 2973 3236 1819 1407 1476 22407 2697 1205 1726 1796 1172 1758 2931 1802 2241 1045
internal_value=-1.31188e-05 -3.1098e-05 -0.000505281 -0.000861085 -2.72899e-05 -1.36944e-05 0.000360025 0.000687628 0.00125443 -2.10391e-05 -0.000320012 -0.000566087 -0.000970487 0.000225523 -0.000103739 -6.18886e-05 0.000281187 -0.000132537 -0.000808566 -4.32859e-05 0.000226967 6.4447e-05 -1.42532e-05 -0.00027769 -0.000788936 0.000265845 0.000107889 -0.000276646 -6.50718e-05 0.000274718
internal_weight=820071 403547 3215 2091 400332 339887 6551 4668 2202 333336 6569 4527 2080 2042 60445 48723 8320 40403 4712 35691 13284 10587 6501 11722 2968 9382 7624 4775 6217 3286
internal_count=820071 403547 3215 2091 400332 339887 6551 4668 2202 333336 6569 4527 2080 2042 60445 48723 8320 40403 4712 35691 13284 10587 6501 11722 2968 9382 7624 4775 6217 3286
is_linear=0
shrinkage=0.08


Tree=225
num_leaves=31
num_cat=0
split_feature=1 0 0 0 1 1 1 1 1 1 0 1 1 1 1 1 1 1 1 1 0 1 2 1 1 0 1 1 1 2
split_gain=0.0516246 0.0812676 0.0535679 0.0684676 0.121205 0.181121 0.733997 0.204547 0.0944792 0.085431 0.0565956 0.0874457 0.0872874 0.0813614 0.175753 0.0974624 0.0841802 0.158931 0.0857476 0.0831773 0.0811745 0.11015 0.085502 0.0810748 0.136867 0.108894 0.0976186 0.0832609 0.0739018 0.102676
threshold=-2.4603549242019649 1.9440699815750124 2.2737300395965581 2.3193099498748784 0.92579501867294323 0.29182499647140508 0.13906000554561618 -0.19490000605583188 1.0000000180025095e-35 0.44294500350952154 2.1472198963165288 0.41397500038146978 0.56529501080513012 0.20120500028133395 0.12142500281333925 0.25529499351978308 -0.10584500059485434 -0.052595000714063637 -1.0000000180025095e-35 0.31001999974250799 2.2548649311065678 0.66334000229835521 1.5000000000000002 -0.24051500111818311 -0.30440001189708704 2.2644751071929936 -0.40793499350547785 -0.46793998777866358 1.1098350286483767 1.0000000180025095e-35
decision_type=2 2 2 2 2 2 2 2 2 2 2 2 2 2 2 2 2 2 2 2 2 2 2 2 2 2 2 2 2 2
left_child=1 -1 10 4 5 6 7 -4 -9 -7 -2 13 -13 14 16 -15 23 -18 -19 -17 21 -14 28 24 25 26 27 -12 29 -23
right_child=2 -3 3 -5 -6 9 -8 8 -10 -11 11 12 20 15 -16 19 17 18 -20 -21 -22 22 -24 -25 -26 -27 -28 -29 -30 -31
leaf_value=6.206291771536063e-05 -1.4537984903794665e-05 -0.00072651439260038963 9.6605296691183314e-05 8.7445447645708825e-06 -0.00038737762679763805 0.0013737782198942933 -0.0018827946574053096 0.0013656408127158532 0.00036001481366734826 0.00050575513993529825 -7.848531181094793e-05 0.00049326517248797529 -0.00083399485317895621 -0.0012093178138540097 0.00068959832161628789 0.00027159258973307533 -0.0013590059999545948 0.00036983230519603382 -0.00050207884813216258 -0.00063263610343585895 0.00050004018584814069 0.00046513558385029101 0.00039576600663304934 0.00028935684093177951 -0.00099147861572983025 -0.00085285162420545345 0.00049397745561414834 -0.00082251214225215034 -0.00055222647157102307 -0.00054911070759228729
leaf_weight=1743 256252 1608 6546 501201 2096 1037 1073 1451 1017 2417 12207 2444 1241 1007 1545 1048 1061 1035 2386 1719 1503 1661 2210 2681 1245 1205 1779 1045 2167 1038
leaf_count=1743 256252 1608 6546 501201 2096 1037 1073 1451 1017 2417 12207 2444 1241 1007 1545 1048 1061 1035 2386 1719 1503 1661 2210 2681 1245 1205 1779 1045 2167 1038
internal_value=-2.98353e-06 -0.000316341 -1.69561e-06 1.38877e-05 0.000178736 0.000266364 9.51541e-05 0.000330603 0.000951248 0.000766363 -2.86792e-05 -0.000114494 6.54513e-05 -0.000188147 -0.000138103 -0.000535415 -0.000189994 -0.00050359 -0.000238288 -0.00029016 -4.1023e-05 -0.000138801 -1.68766e-05 -0.000120282 -0.000183107 -0.000121119 -6.24582e-05 -0.000137156 -0.000204287 7.50698e-05
internal_weight=818668 3351 815317 516838 15637 13541 10087 9014 2468 3454 298479 42227 12264 29963 26189 3774 24644 4482 3421 2767 9820 8317 7076 20162 17481 16236 15031 13252 4866 2699
internal_count=818668 3351 815317 516838 15637 13541 10087 9014 2468 3454 298479 42227 12264 29963 26189 3774 24644 4482 3421 2767 9820 8317 7076 20162 17481 16236 15031 13252 4866 2699
is_linear=0
shrinkage=0.08


Tree=226
num_leaves=31
num_cat=0
split_feature=2 0 0 0 0 0 0 3 3 0 0 0 0 3 0 0 2 2 0 0 0 3 0 0 0 2 0 0 0 0
split_gain=0.0469394 0.0702564 0.0663541 0.106854 0.0880955 0.0893632 0.420606 0.0564942 0.0496045 0.0772019 0.0461057 0.152861 0.103893 0.132977 0.124743 0.0754814 0.0960707 0.0692079 0.0648211 0.125458 0.0608465 0.0962726 0.105879 0.186528 0.0833919 0.0777679 0.055109 0.254734 0.0837425 0.0503891
threshold=1.0000000180025095e-35 1.3501800298690798 1.6741399765014651 1.6123750209808352 2.855045080184937 2.7413899898529057 2.7326350212097172 1.0000000180025095e-35 1.0000000180025095e-35 2.8736749887466435 3.2546050548553471 3.3158149719238286 3.3287749290466313 1.5000000000000002 3.5167798995971684 4.6075801849365243 1.5000000000000002 2.5000000000000004 3.6377300024032597 3.6753000020980839 3.0104351043701176 1.5000000000000002 3.1264350414276127 3.1602449417114262 3.083110094070435 1.5000000000000002 3.0623250007629399 3.1048250198364262 3.2054899930953984 3.1490499973297124
decision_type=2 2 2 2 2 2 2 2 2 2 2 2 2 2 2 2 2 2 2 2 2 2 2 2 2 2 2 2 2 2
left_child=1 7 3 -2 5 6 -4 -1 9 -6 17 -12 -13 -14 -15 18 -17 20 -16 -20 -10 25 24 -24 -23 26 -22 -28 29 -29
right_child=2 -3 4 -5 8 -7 -8 -9 10 -11 11 12 13 14 15 16 -18 -19 19 -21 21 22 23 -25 -26 -27 27 28 -30 -31
leaf_value=-6.9690824739117229e-05 5.0813238597895127e-05 -1.3762940192346379e-05 -2.620394434448963e-05 0.00036631340771757596 0.00070161198690525369 -0.00018166220099033955 0.0012121254628610658 -0.00031136306617928421 8.1239243640956174e-06 8.9813918452899471e-05 -0.00040763550424182586 0.0007330377978559757 0.00012629349300608017 -0.00036409183855810401 0.00018953403900777812 -2.8500779265702898e-05 0.00074152548657393266 -8.6397324393011767e-05 -0.00087376268681466139 -8.3251222494987935e-05 0.00068517829738102057 0.0004209166153039009 -0.0006598405695061757 0.00044367501821648543 0.001111243693001992 -0.00019483664762347223 -0.00094741051908921192 0.00028974637461995535 -0.00015796894976138044 0.0010139802632440173
leaf_weight=20221 68511 310297 199626 7636 1352 23032 1771 8922 14433 55867 6131 1246 28825 8863 4856 2520 1762 12381 1374 19808 1391 3133 1349 3587 1743 4539 1108 1100 1047 1394
leaf_count=20221 68511 310297 199626 7636 1352 23032 1771 8922 14433 55867 6131 1246 28825 8863 4856 2520 1762 12381 1374 19808 1391 3133 1349 3587 1743 4539 1108 1100 1047 1394
internal_value=-2.14439e-06 -2.49169e-05 1.39467e-05 8.24515e-05 1.04231e-06 -3.2386e-05 -1.53146e-05 -0.000143678 4.27659e-05 0.00010427 1.4059e-05 -2.47642e-05 9.13106e-06 -4.13191e-06 -0.000100079 -2.29046e-05 0.000288357 7.60584e-05 -7.40922e-05 -0.000134529 0.000133816 0.000222783 0.000403278 0.000142086 0.000667684 5.53743e-05 0.000243405 0.000111225 0.000442478 0.000694551
internal_weight=819825 339440 480385 76147 404238 224429 201397 29143 179809 57219 122590 75385 69254 68008 39183 30320 4282 47205 26038 21182 34824 20391 9812 4936 4876 10579 6040 4649 3541 2494
internal_count=819825 339440 480385 76147 404238 224429 201397 29143 179809 57219 122590 75385 69254 68008 39183 30320 4282 47205 26038 21182 34824 20391 9812 4936 4876 10579 6040 4649 3541 2494
is_linear=0
shrinkage=0.08


Tree=227
num_leaves=31
num_cat=0
split_feature=0 0 2 0 0 0 3 0 0 0 0 3 0 2 0 3 0 0 0 0 3 0 0 0 0 2 2 0 0 2
split_gain=0.0442388 0.115369 0.331261 0.0559002 0.0639095 0.15264 0.0966885 0.073271 0.0696292 0.052046 0.0931984 0.112481 0.0524176 0.112301 0.0434815 0.0354961 0.109324 0.0824207 0.0641607 0.0429891 0.135569 0.0678384 0.0635025 0.0712712 0.0620311 0.114837 0.0585231 0.127776 0.0758042 0.0716892
threshold=3.1264350414276127 3.115745067596436 1.0000000180025095e-35 3.2546050548553471 3.2908449172973637 3.3158149719238286 1.0000000180025095e-35 3.2783350944519047 3.3034549951553349 2.5435550212860112 2.5348649024963383 1.0000000180025095e-35 2.5523250102996831 1.0000000180025095e-35 3.1048250198364262 1.0000000180025095e-35 2.5706551074981694 2.5799100399017338 2.5975749492645268 2.6692450046539311 1.5000000000000002 2.941275000572205 2.6243550777435307 2.6509549617767338 2.6243550777435307 1.0000000180025095e-35 1.0000000180025095e-35 3.0623250007629399 3.0726850032806401 1.5000000000000002
decision_type=2 2 2 2 2 2 2 2 2 2 2 2 2 2 2 2 2 2 2 2 2 2 2 2 2 2 2 2 2 2
left_child=1 9 -3 -2 7 6 8 -5 -6 10 -1 -12 13 -11 15 -14 -17 -18 -19 20 24 -21 -22 -24 -20 -26 -23 -28 -29 -30
right_child=3 2 -4 4 5 -7 -8 -9 -10 12 11 -13 14 -15 -16 16 17 18 19 21 22 26 23 -25 25 -27 27 28 29 -31
leaf_value=4.7288424099079293e-07 -0.00011721608073183857 -0.00048372097247733898 0.0011894512687921752 3.5690416949922334e-05 -0.0004514562233592156 -4.7407604077621582e-06 -0.0006906728139922701 0.00050940673156158367 0.00033232218989914201 -0.00021508819922249283 6.2327281216037586e-05 -0.00090088609698210718 1.0388856995993607e-05 0.00075677547341363143 -0.00024910442537540243 -0.00036231767504941586 0.00063867626229528632 -0.00025859715187222476 0.00075208966043128654 1.9408948221288273e-05 -0.00039811392102892171 0.0003665614137799232 0.00043848787786589238 -0.00028753573867704277 0.00082836697765734546 1.3095610219185862e-07 0.00022225035491573117 -0.00078858454388335746 -0.00048687230100666801 0.00021950411981658377
leaf_weight=393836 35730 1287 1840 6177 1467 175472 3445 3158 1435 1264 1490 1619 88052 1912 3222 3447 1760 3333 2805 49145 2206 7519 2155 1446 1614 3187 14950 1233 1547 2267
leaf_count=393836 35730 1287 1840 6177 1467 175472 3445 3158 1435 1264 1490 1619 88052 1912 3222 3447 1760 3333 2805 49145 2206 7519 2155 1446 1614 3187 14950 1233 1547 2267
internal_value=4.67574e-06 1.6168e-05 0.000500813 -2.53681e-05 -8.20007e-06 -1.86814e-05 -0.000404092 0.000195947 -6.38883e-05 1.35994e-05 -2.97126e-06 -0.000439262 4.76691e-05 0.000369988 4.22781e-05 4.73076e-05 8.02722e-05 9.63031e-05 8.60835e-05 9.88377e-05 0.000230965 7.572e-05 -6.01127e-05 0.000146949 0.000453197 0.000278567 0.000176294 0.000104753 -0.000243293 -6.70099e-05
internal_weight=820020 593136 3127 226884 191154 181819 6347 9335 2902 590009 396945 3109 193064 3176 189888 186666 98614 95167 93407 90074 13413 76661 5807 3601 7606 4801 27516 19997 5047 3814
internal_count=820020 593136 3127 226884 191154 181819 6347 9335 2902 590009 396945 3109 193064 3176 189888 186666 98614 95167 93407 90074 13413 76661 5807 3601 7606 4801 27516 19997 5047 3814
is_linear=0
shrinkage=0.08


Tree=228
num_leaves=31
num_cat=0
split_feature=0 0 0 3 3 0 0 0 2 0 0 2 2 0 2 3 0 3 0 0 0 3 3 2 0 2 0 2 2 0
split_gain=0.0572982 0.0708987 0.0530154 0.146609 0.0569316 0.0527162 0.0755901 0.077439 0.0802037 0.064255 0.0630179 0.0590019 0.116416 0.0520595 0.0482451 0.0677025 0.0520137 0.0479134 0.0896979 0.0854392 0.121722 0.0677843 0.0674972 0.0880163 0.0860475 0.0628757 0.0561657 0.0496271 0.0468116 0.071374
threshold=2.7983599901199345 2.8455899953842168 2.7789149284362797 1.0000000180025095e-35 1.5000000000000002 2.9309849739074711 2.8929450511932377 2.8834550380706792 1.0000000180025095e-35 3.0412950515747075 2.855045080184937 2.5000000000000004 1.5000000000000002 2.855045080184937 1.0000000180025095e-35 1.0000000180025095e-35 2.8361749649047856 1.0000000180025095e-35 3.0623250007629399 3.1942899227142338 3.1264350414276127 1.5000000000000002 1.5000000000000002 1.0000000180025095e-35 3.0940248966217045 1.5000000000000002 4.1522002220153817 1.5000000000000002 1.5000000000000002 2.902344942092896
decision_type=2 2 2 2 2 2 2 2 2 2 2 2 2 2 2 2 2 2 2 2 2 2 2 2 2 2 2 2 2 2
left_child=2 14 -1 -4 -5 6 7 8 13 -7 -10 12 -12 -3 15 -2 -16 -11 21 20 22 -19 23 -20 -24 -26 -21 -22 -8 -30
right_child=1 5 3 4 -6 9 28 -9 10 17 11 -13 -14 -15 16 -17 -18 18 19 26 27 -23 24 -25 25 -27 -28 -29 29 -31
leaf_value=1.8555550335362664e-05 -0.00020481321853123863 0.00025343689517984833 0.00064463904423077466 -0.0003806969114016103 0.00027201090022849873 -0.0001244698477839089 0.00013170275250283588 -0.00037913366109366622 -0.00016790145664723731 3.1080973619562028e-05 0.00058292780860454249 0.00086315304385631883 -0.00023586992934044516 -0.00033363793312919768 -0.00020901346704625665 0.00033410238856963038 -0.00068322506502502766 3.9438056875087428e-05 0.00061253745214097279 -5.2733262683406512e-05 -0.00024153020202534223 0.0007503966093625105 -0.00056718681574214767 -5.1421662860041271e-05 -0.00031913434861906558 0.00050964893002088357 7.8658307107232594e-05 -0.00059563843233068005 -0.00011442223111612004 0.00066031863417159828
leaf_weight=480966 4327 1299 3127 2049 1468 35287 8539 3166 1935 108006 2570 1184 1958 3779 7676 2277 1834 1886 1974 93353 5899 1575 2377 3623 1117 1232 26799 4439 1021 2989
leaf_count=480966 4327 1299 3127 2049 1468 35287 8539 3166 1935 108006 2570 1184 1958 3779 7676 2277 1834 1886 1974 93353 5899 1575 2377 3623 1117 1232 26799 4439 1021 2989
internal_value=4.20023e-06 -2.14277e-05 2.16559e-05 0.000246094 -0.000108256 -1.3081e-05 9.08197e-05 -2.50812e-05 6.30076e-05 -2.33566e-05 0.000226674 0.00036034 0.000228863 -0.000183459 -0.000185112 -1.89999e-05 -0.000300465 -9.21367e-06 -3.93789e-05 -4.92683e-05 -0.000199543 0.000362975 -5.22526e-06 0.000182749 -0.000227844 0.000115545 -2.34274e-05 -0.00039358 0.000237587 0.000463059
internal_weight=819731 332121 487610 6644 3517 316007 28440 15891 12725 287567 7647 5712 4528 5078 16114 6604 9510 252280 144274 140813 20661 3461 10323 5597 4726 2349 120152 10338 12549 4010
internal_count=819731 332121 487610 6644 3517 316007 28440 15891 12725 287567 7647 5712 4528 5078 16114 6604 9510 252280 144274 140813 20661 3461 10323 5597 4726 2349 120152 10338 12549 4010
is_linear=0
shrinkage=0.08


Tree=229
num_leaves=31
num_cat=0
split_feature=3 0 1 1 1 0 1 0 0 3 1 1 0 0 0 1 0 1 1 0 1 1 0 0 3 0 1 1 1 0
split_gain=0.0456303 0.0473707 0.272236 0.281101 0.268089 0.30396 0.234104 0.232624 0.207449 0.205786 0.227755 0.781548 0.18193 0.263359 0.152625 0.142911 0.179837 0.135041 0.165211 0.136421 0.134475 0.15597 0.16301 0.192763 0.126666 0.12523 0.346931 0.278728 0.387699 0.284327
threshold=1.0000000180025095e-35 3.2669749259948735 0.86929500102996837 -0.76716500520706166 0.88355499505996715 3.2420299053192143 -0.41817499697208399 1.5637750029563906 2.7231450080871586 1.5000000000000002 0.14820500463247302 0.0082950000651180762 2.9606549739837651 2.9908800125122075 4.523980140686036 -0.25813500583171839 1.5110000371932986 -0.16760500520467755 -0.22169499844312665 3.083110094070435 -0.38854500651359553 -0.32310499250888819 2.3379249572753911 2.1372649669647221 1.5000000000000002 2.5435550212860112 0.14820500463247302 0.26465499401092535 0.43287500739097601 2.6777949333190922
decision_type=2 2 2 2 2 2 2 2 2 2 2 2 2 2 2 2 2 2 2 2 2 2 2 2 2 2 2 2 2 2
left_child=-1 4 3 -3 5 6 -2 15 20 10 11 17 -11 -14 -5 -8 -17 18 19 -10 -9 22 23 -22 -6 -23 -27 -28 -29 -30
right_child=1 2 -4 14 24 -7 7 8 9 12 -12 -13 13 -15 -16 16 -18 -19 -20 -21 21 25 -24 -25 -26 26 27 28 29 -31
leaf_value=2.4367490788496377e-05 -6.6479202601861542e-05 0.00021745049392245399 0.00015549671127838225 -0.0002372827333971659 -6.6930624728981476e-05 0.00085447850166986471 0.00029316757741646034 0.00079597470092336868 2.4775824123563171e-05 -7.6994257197959153e-05 -0.00037355147765805267 0.0011513557494731575 0.0014950382874994626 0.00025854358498596567 0.00014975009724120156 -0.00016049834100405474 -0.00097393289764224726 -0.00063306913103346695 0.00083060390041745193 -0.0010483236143698439 -0.00031397021125888203 0.00015443467667045153 -0.00081416848498794378 0.00099296907469700857 -0.00034147181346744308 -1.8778413393324843e-05 0.0016396532721308515 -0.00031872898801577477 0.00056564879212398715 0.0019367311953827767
leaf_weight=386131 112421 12400 28142 61599 25903 2839 3814 2292 2835 9699 14619 3280 1243 9747 7293 17056 1937 4053 1148 1035 2290 69455 2004 1055 18392 7202 1720 2445 3952 1282
leaf_count=386131 112421 12400 28142 61599 25903 2839 3814 2292 2835 9699 14619 3280 1243 9747 7293 17056 1937 4053 1148 1035 2290 69455 2004 1055 18392 7202 1720 2445 3952 1282
internal_value=4.37107e-06 -1.34546e-05 -5.89568e-05 -0.000133197 1.92753e-06 3.09138e-05 2.24603e-05 8.33673e-05 0.00012162 -1.42677e-05 -0.000159866 9.30593e-05 0.000175532 0.000398395 -0.000196311 -0.000153717 -0.000243456 -0.000289612 -1.22045e-05 -0.000262216 0.000190739 0.000175562 -0.000243598 9.82334e-05 -0.000180925 0.000201616 0.000399012 0.000719145 0.000512963 0.000901478
internal_weight=819283 433152 109434 81292 323718 279423 276584 164163 141356 47659 26970 12351 20689 10990 68892 22807 18993 9071 5018 3870 93697 91405 5349 3345 44295 86056 16601 9399 7679 5234
internal_count=819283 433152 109434 81292 323718 279423 276584 164163 141356 47659 26970 12351 20689 10990 68892 22807 18993 9071 5018 3870 93697 91405 5349 3345 44295 86056 16601 9399 7679 5234
is_linear=0
shrinkage=0.08


Tree=230
num_leaves=31
num_cat=0
split_feature=0 0 3 0 0 2 0 2 0 0 3 3 3 0 0 3 0 0 3 3 0 0 3 0 3 0 0 0 0 2
split_gain=0.0149441 0.175523 0.115864 0.075104 0.0629074 0.0437229 0.0589085 0.0404857 0.0365967 0.145152 0.097219 0.0763568 0.0536423 0.0512165 0.0886821 0.286885 0.0466953 0.0447617 0.0443351 0.037793 0.03656 0.106666 0.0540595 0.042898 0.0479352 0.133971 0.0660491 0.0443386 0.0389767 0.0455757
threshold=3.083110094070435 3.0623250007629399 1.5000000000000002 3.0726850032806401 3.1264350414276127 1.5000000000000002 3.1490499973297124 1.0000000180025095e-35 3.2420299053192143 3.2783350944519047 1.5000000000000002 1.5000000000000002 1.0000000180025095e-35 3.6377300024032597 3.6949000358581547 1.5000000000000002 3.3420850038528447 3.355854988098145 1.5000000000000002 1.0000000180025095e-35 3.2054899930953984 3.217230081558228 1.0000000180025095e-35 3.5499849319458012 1.5000000000000002 3.2783350944519047 3.4861500263214116 3.3158149719238286 3.3420850038528447 1.0000000180025095e-35
decision_type=2 2 2 2 2 2 2 2 2 2 2 2 2 2 2 2 2 2 2 2 2 2 2 2 2 2 2 2 2 2
left_child=1 -1 3 -3 -2 20 -7 -5 11 10 -10 12 -8 16 15 -15 18 -18 19 -11 -6 -22 28 24 -24 -26 27 -27 29 -23
right_child=4 2 -4 7 5 6 8 -9 9 13 -12 -13 -14 14 -16 -17 17 -19 -20 -21 21 22 23 -25 25 26 -28 -29 -30 -31
leaf_value=-1.489679594783817e-05 0.0001763894361860487 8.1020218844927904e-05 -0.0010134815124200065 -0.00022104577874356733 8.8493856660973625e-05 -0.00036430683279239305 0.00031963072845332094 -0.00086673737753009661 -0.00013952669032272913 6.4756407196618751e-05 -0.0010808752761141437 0.00052261585719059946 -0.00021545415448402072 0.00028687244919260507 4.5663459614937966e-05 -0.0013009631746142053 0.00072537759289731591 0.00018456527562451489 0.0002280922753720748 -0.00050655966234491368 -0.00059892195193805581 4.5806272130629921e-05 -0.00026158235159467222 -3.6251984357792288e-05 0.0005497827543792654 -0.00048042378186783551 -0.00058869709445227771 4.3385982272037145e-05 -9.1551682884627224e-06 0.00038425283638654191
leaf_weight=573874 12844 2414 1641 1237 15524 2136 2150 1249 1803 1324 1150 3239 2711 1643 26212 1308 1036 17952 2041 1683 2158 8328 14251 48058 2017 1277 1916 5440 57861 3668
leaf_count=573874 12844 2414 1641 1237 15524 2136 2150 1249 1803 1324 1150 3239 2711 1643 26212 1308 1036 17952 2041 1683 2158 8328 14251 48058 2017 1277 1916 5440 57861 3668
internal_value=-1.26534e-05 -1.95936e-05 -0.000431666 -0.000236818 4.14963e-06 -5.60086e-06 4.90039e-05 -0.00054545 6.27441e-05 3.98128e-05 -0.00050612 0.000221711 2.12117e-05 7.01168e-05 -1.14521e-06 -0.000416919 0.000156579 0.000214072 -5.96803e-05 -0.000255006 -2.81874e-05 -4.06818e-05 -3.22466e-05 -8.04085e-05 -0.000165629 -3.72313e-05 -0.00017438 -5.61979e-05 1.80538e-05 0.000149293
internal_weight=820145 580415 6541 4900 239730 226886 66388 2486 64252 56152 2953 8100 4861 53199 29163 2951 24036 18988 5048 3007 160498 144974 142816 72959 24901 10650 8633 6717 69857 11996
internal_count=820145 580415 6541 4900 239730 226886 66388 2486 64252 56152 2953 8100 4861 53199 29163 2951 24036 18988 5048 3007 160498 144974 142816 72959 24901 10650 8633 6717 69857 11996
is_linear=0
shrinkage=0.08


Tree=231
num_leaves=31
num_cat=0
split_feature=1 1 3 1 1 1 1 2 1 1 1 1 1 1 1 1 1 2 2 1 2 1 1 2 1 1 1 1 1 2
split_gain=0.0465494 0.117744 0.0592562 0.305968 0.121653 0.117819 0.105851 0.0851096 0.117195 0.120818 0.238838 0.104223 0.169101 0.137703 0.0898625 0.0891137 0.0850948 0.0899516 0.0830532 0.139906 0.0814394 0.0956512 0.0682733 0.065039 0.0604401 0.0704732 0.0564137 0.0647024 0.0509329 0.0495764
threshold=-0.070014998316764818 -0.078710000962018953 1.5000000000000002 0.5971449911594392 -0.034919999539852135 0.56529501080513012 0.54358500242233287 1.0000000180025095e-35 0.45309500396251684 0.19279000163078311 0.09470000118017198 0.2373050004243851 0.46295499801635748 0.43287500739097601 0.51316997408866893 0.39493499696254736 0.19279000163078311 2.5000000000000004 2.5000000000000004 0.32790499925613409 1.5000000000000002 0.068785000592470183 0.12142500281333925 1.5000000000000002 0.33780500292778021 0.26465499401092535 -0.71593499183654774 -0.66707000136375416 0.21030499786138537 1.0000000180025095e-35
decision_type=2 2 2 2 2 2 2 2 2 2 2 2 2 2 2 2 2 2 2 2 2 2 2 2 2 2 2 2 2 2
left_child=1 26 -2 4 23 6 7 8 9 10 -6 16 13 15 -14 18 17 20 24 -20 -9 -22 -23 -4 25 -13 29 -28 -18 -1
right_child=2 -3 3 -5 5 -7 -8 11 -10 -11 -12 12 14 -15 -16 -17 28 -19 19 -21 21 22 -24 -25 -26 -27 27 -29 -30 -31
leaf_value=-3.7435834496394536e-05 -2.6135895108228113e-06 -0.00050351614507433869 0.0011117948707784369 -7.5238566554249465e-05 4.4831828370484456e-05 0.0007419507034043543 -0.00051567039484130318 -3.5820185613864637e-05 0.0011430991552530312 -4.3594166904182596e-05 0.0014036293036561829 -0.00010250697431599836 -0.00043136901702604406 0.0010403722382260811 0.00028737633347842851 -0.00015419026057684749 -0.00082501282891869884 -0.00021306095038604129 0.000279759424661431 0.0013138111217754498 5.0223506171440174e-05 0.0011854870913665227 0.00038919251443757903 0.00036145851838258566 -9.0472872079895735e-05 0.00060396485622341467 -0.00022247285957325132 -3.6988493361290778e-05 -0.00014482151820906114 5.2061456749477184e-05
leaf_weight=68287 344348 3262 1335 50026 1955 2211 1505 5134 1165 3636 1436 1257 3018 1785 1764 2355 1164 5312 2003 1439 2492 1207 1606 1657 2427 3215 12834 193596 1785 94337
leaf_count=68287 344348 3262 1335 50026 1955 2211 1505 5134 1165 3636 1436 1257 3018 1785 1764 2355 1164 5312 2003 1439 2492 1207 1606 1657 2427 3215 12834 193596 1785 94337
internal_value=-4.09197e-06 -2.49884e-05 1.33039e-05 6.65763e-05 0.00020078 0.000171055 0.00014457 0.000166099 0.000399958 0.000276754 0.000620247 0.000115635 0.000246237 0.000382446 -0.000166236 0.000289944 -1.88994e-05 5.49427e-05 0.000391089 0.000712066 0.000191319 0.000411137 0.000730866 0.000696251 0.000230949 0.000405388 -2.07588e-05 -4.85203e-05 -0.0004133 1.44809e-05
internal_weight=819553 372316 447237 102889 52863 49871 47660 46155 8192 7027 3391 37963 19263 14481 4782 12696 18700 15751 10341 3442 10439 5305 2813 2992 6899 4472 369054 206430 2949 162624
internal_count=819553 372316 447237 102889 52863 49871 47660 46155 8192 7027 3391 37963 19263 14481 4782 12696 18700 15751 10341 3442 10439 5305 2813 2992 6899 4472 369054 206430 2949 162624
is_linear=0
shrinkage=0.08


Tree=232
num_leaves=31
num_cat=0
split_feature=0 0 0 0 0 2 0 3 2 0 3 2 0 0 3 0 2 2 2 2 0 0 3 3 3 0 0 0 0 3
split_gain=0.0237291 0.0661913 0.0904909 0.186565 0.0539551 0.105836 0.109231 0.207985 0.132463 0.0704386 0.0684143 0.0551761 0.218709 0.151403 0.127504 0.0545623 0.0503671 0.0498668 0.0432318 0.146316 0.0986829 0.105749 0.0522757 0.0558399 0.0400686 0.185195 0.0555295 0.0774668 0.0395785 0.0783085
threshold=3.0412950515747075 2.5348649024963383 2.4905850887298588 2.4737600088119511 2.5975749492645268 1.0000000180025095e-35 2.5799100399017338 1.5000000000000002 1.5000000000000002 2.5435550212860112 1.0000000180025095e-35 2.5000000000000004 2.5523250102996831 2.5706551074981694 1.0000000180025095e-35 2.6061549186706547 1.5000000000000002 2.5000000000000004 1.0000000180025095e-35 1.5000000000000002 2.5260450839996342 2.5083100795745854 1.5000000000000002 1.0000000180025095e-35 1.0000000180025095e-35 4.0105900764465341 3.7358449697494511 3.6189699172973637 2.4373950958251958 1.5000000000000002
decision_type=2 2 2 2 2 2 2 2 2 2 2 2 2 2 2 2 2 2 2 2 2 2 2 2 2 2 2 2 2 2
left_child=1 2 3 28 5 10 9 8 -8 -7 -3 12 -11 14 -14 -6 -5 -2 20 -20 21 -4 23 -21 25 -19 27 -26 -1 -30
right_child=17 4 18 16 15 6 7 -9 -10 11 -12 -13 13 -15 -16 -17 -18 24 19 22 -22 -23 -24 -25 26 -27 -28 -29 29 -31
leaf_value=7.8230290098099007e-06 1.206257825523151e-05 0.00020438942844938827 -0.00016804637746785795 -0.00059530650603157838 0.00030229982933085417 -0.00060312591750549978 -0.0016117972005647021 0.00021559995572022287 -0.00047897099202513235 0.00089703930658598953 -0.00026180799935674029 -0.00045359471043981893 0.00010598715407183807 0.00041355721143831287 -0.00095467799505176182 -3.5505060273960844e-05 -0.00010653158131185514 0.00014724196478688739 0.00065205643231085089 -0.00014765015178778008 -0.00059876642764160912 0.000545797263913043 -0.00030022496880711762 0.00052374499750718507 0.00015139397816610109 -0.001015074153949565 0.00035454957379899059 -0.00040310242192518079 4.8217275778735171e-05 0.00052927412880258453
leaf_weight=358877 223375 6096 2635 4076 3125 1860 1354 1187 1290 1499 3009 1742 1183 1613 1875 147430 2017 4893 4324 1440 1248 2678 1988 1764 13906 1069 7262 1824 10234 2747
leaf_count=358877 223375 6096 2635 4076 3125 1860 1354 1187 1290 1499 3009 1742 1183 1613 1875 147430 2017 4893 4324 1440 1248 2678 1988 1764 13906 1069 7262 1824 10234 2747
internal_value=4.45664e-06 -4.62167e-06 1.34991e-05 5.59208e-06 -4.58313e-05 -0.000160782 -0.000302081 -0.000664142 -0.00105909 -0.00016014 5.03215e-05 -5.59998e-05 5.62547e-05 -0.000213567 -0.000544355 -2.84934e-05 -0.000433505 2.48667e-05 0.000199384 0.000308314 4.13934e-05 0.000191764 2.20383e-05 0.000221994 0.000123648 -6.11639e-05 0.000171571 8.70964e-05 1.27868e-05 0.000150017
internal_weight=819620 567291 394028 377951 173263 22708 13603 3831 2644 9772 9105 7912 6170 4671 3058 150555 6093 252329 16077 9516 6561 5313 5192 3204 28954 5962 22992 15730 371858 12981
internal_count=819620 567291 394028 377951 173263 22708 13603 3831 2644 9772 9105 7912 6170 4671 3058 150555 6093 252329 16077 9516 6561 5313 5192 3204 28954 5962 22992 15730 371858 12981
is_linear=0
shrinkage=0.08


Tree=233
num_leaves=31
num_cat=0
split_feature=3 1 1 2 1 1 1 1 1 1 1 1 1 1 2 1 1 2 1 1 1 1 1 2 1 1 2 1 1 1
split_gain=0.0115022 0.0559684 0.083095 0.223526 0.165822 0.0822653 0.0757136 0.243694 0.125415 0.0818731 0.0643815 0.104172 0.0934822 0.0640346 0.091715 0.0665992 0.061937 0.0617879 0.0616491 0.0615849 0.0756937 0.052509 0.131215 0.0516607 0.0454991 0.104764 0.117471 0.180839 0.125548 0.0936204
threshold=1.5000000000000002 -0.18604499846696851 -0.30440001189708704 1.5000000000000002 -0.26704500615596766 -0.46793998777866358 -0.017509999684989449 0.0082950000651180762 -0.052595000714063637 0.025634999386966232 -0.39802500605583185 -0.41817499697208399 -0.35998500883579249 -0.57517498731613148 2.5000000000000004 -0.54321500658988942 -0.034919999539852135 1.5000000000000002 -0.21294500678777692 -0.26704500615596766 -0.21294500678777692 -0.12342000007629393 -0.087965000420808778 1.5000000000000002 0.73063498735427868 0.6409749984741212 1.5000000000000002 0.47293500602245336 0.50270497798919689 0.5971449911594392
decision_type=2 2 2 2 2 2 2 2 2 2 2 2 2 2 2 2 2 2 2 2 2 2 2 2 2 2 2 2 2 2
left_child=-1 2 5 19 -5 13 8 -8 21 -9 11 17 -12 -2 15 -15 -10 -7 -6 -4 -21 -3 23 -23 25 26 -11 -28 -29 -30
right_child=1 6 3 4 18 10 7 9 16 24 12 -13 -14 14 -16 -17 -18 -19 -20 20 -22 22 -24 -25 -26 -27 27 28 29 -31
leaf_value=9.3358610792294864e-06 -4.1316591615234513e-05 0.00025821170836329998 -0.00029996446565556066 -0.0013365833741797878 -0.00011261078176466861 0.00049055811504058935 -0.00084186284372656287 0.00061541210352254988 0.0010042789949671668 0.00015823060356756949 -0.00035024092735315448 0.00092638025974963053 0.00023289037770898722 -0.00054563561567288013 -0.00076105556439142678 4.8542224585333068e-05 0.00028201034574451062 -0.00015884853136527492 -0.00080826435607277061 0.00063860389908070427 -0.00021524151430611147 -0.00083805992372261277 0.00028216951552707505 -0.00016965282983439373 -5.4407197836063608e-05 0.00038045277943249607 2.4675520739138123e-05 -0.0011984290495744806 -7.0299597087871183e-05 -0.00080614433648153563
leaf_weight=626204 51327 5224 1394 1538 2426 1736 2160 1443 1555 21253 2948 1508 4364 1717 1960 4067 1486 2039 1228 1935 1012 1319 3044 1686 41645 5727 19909 1207 3650 1588
leaf_count=626204 51327 5224 1394 1538 2426 1736 2160 1443 1555 21253 2948 1508 4364 1717 1960 4067 1486 2039 1228 1935 1012 1319 3044 1686 41645 5727 19909 1207 3650 1588
internal_value=4.06182e-06 -1.29537e-05 -6.36082e-05 -0.000285501 -0.000639716 -3.4092e-05 2.34789e-05 -1.4854e-06 0.000195411 1.73403e-05 0.00015153 0.000364319 -2.21234e-06 -7.367e-05 -0.000288107 -0.000127841 0.000651339 0.000139793 -0.000346399 0.000138153 0.000345393 7.24196e-05 -8.8033e-05 -0.00046304 8.25394e-06 5.71819e-05 1.82932e-05 -9.45583e-05 -0.000462879 -0.000293385
internal_weight=820299 194095 81199 9533 5192 71666 112896 98582 14314 96422 12595 5283 7312 59071 7744 5784 3041 3775 3654 4341 2947 11273 6049 3005 94979 53334 47607 26354 6445 5238
internal_count=820299 194095 81199 9533 5192 71666 112896 98582 14314 96422 12595 5283 7312 59071 7744 5784 3041 3775 3654 4341 2947 11273 6049 3005 94979 53334 47607 26354 6445 5238
is_linear=0
shrinkage=0.08


Tree=234
num_leaves=31
num_cat=0
split_feature=2 0 0 0 2 3 0 0 0 0 0 0 0 0 0 0 0 0 0 3 0 0 0 0 3 0 0 0 0 0
split_gain=0.015077 0.0898584 0.131968 0.126652 0.126881 0.0659449 0.196618 0.117584 0.120979 0.0738489 0.0809649 0.0832044 0.0606044 0.199966 0.114351 0.0926173 0.0831359 0.0587924 0.124977 0.133393 0.109532 0.0753323 0.185005 0.0833098 0.0689205 0.0585246 0.278299 0.096756 0.0959751 0.0558599
threshold=1.5000000000000002 1.6123750209808352 2.902344942092896 2.9309849739074711 2.5000000000000004 1.5000000000000002 1.8852050304412844 2.4996850490570073 2.5260450839996342 1.823825001716614 1.7734550237655642 1.717480003833771 2.2175250053405766 2.2459249496459965 2.291815042495728 2.3928849697113042 2.4191350936889653 2.4905850887298588 2.4555249214172368 1.0000000180025095e-35 2.5260450839996342 2.0216650962829594 2.0652649402618413 2.0004749298095708 1.0000000180025095e-35 2.1372649669647221 2.1775450706481938 2.2085049152374272 2.1169149875640874 2.0216650962829594
decision_type=2 2 2 2 2 2 2 2 2 2 2 2 2 2 2 2 2 2 2 2 2 2 2 2 2 2 2 2 2 2
left_child=-1 -2 5 4 -4 17 9 12 -9 10 11 -7 29 -14 -15 -16 -17 18 21 -20 24 23 -23 -3 -19 28 -27 -28 -24 -8
right_child=1 2 3 -5 -6 6 7 8 -10 -11 -12 -13 13 14 15 16 -18 20 19 -21 -22 22 25 -25 -26 26 27 -29 -30 -31
leaf_value=6.9071732263524383e-06 9.8967653404333504e-05 1.0950674155127673e-05 0.00099042898025442278 2.179449414586792e-05 -7.1891132139243673e-05 -0.00030334647901422853 0.00011399087706238849 -0.0010389245588374309 -0.00019272035124351296 -0.00097548978045499269 0.00010830679404845076 -0.0010330834475713476 0.0011566493849473111 -0.00051917145343245621 0.00042885647283343926 -0.00066511382429415458 0.00010960941892701763 0.00010041855219635574 -1.3952389760471242e-05 -0.0011727700154125433 9.1565292261208325e-07 -0.0007738323515434015 -5.5654397148178337e-05 0.00067525935077841651 0.00093169484566224721 -0.00090911990113121718 0.00047504425341898668 -9.4818551307866329e-05 0.00075463127762827266 -0.00023769192293337499
leaf_weight=561517 36927 19499 1748 85431 1223 2736 4681 1156 16730 1829 1524 1576 1142 1905 4359 1176 3601 1184 1181 1377 25903 2732 3236 1288 1385 2629 2141 17436 1316 7557
leaf_count=561517 36927 19499 1748 85431 1223 2736 4681 1156 16730 1829 1524 1576 1142 1905 4359 1176 3601 1184 1181 1377 25903 2732 3236 1288 1385 2629 2141 17436 1316 7557
internal_value=-4.34425e-07 -1.64995e-05 -3.59088e-05 3.96515e-05 0.000553129 -8.67904e-05 -0.000159115 -9.15704e-05 -0.000247412 -0.000531925 -0.000392912 -0.000570059 2.25683e-05 0.000148879 4.46421e-05 0.000162206 -8.11116e-05 -4.23393e-05 -9.22778e-05 -0.000637757 5.03305e-05 -6.45248e-05 -0.00014674 5.21124e-05 0.000548576 -8.27142e-05 -0.000136281 -3.24966e-05 0.000178602 -0.000103174
internal_weight=818125 256608 219681 88402 2971 131279 49972 42307 17886 7665 5836 4312 24421 12183 11041 9136 4777 81307 52835 2558 28472 50277 29490 20787 2569 26758 22206 19577 4552 12238
internal_count=818125 256608 219681 88402 2971 131279 49972 42307 17886 7665 5836 4312 24421 12183 11041 9136 4777 81307 52835 2558 28472 50277 29490 20787 2569 26758 22206 19577 4552 12238
is_linear=0
shrinkage=0.08


Tree=235
num_leaves=31
num_cat=0
split_feature=1 1 1 3 1 1 1 2 1 2 3 1 1 1 1 1 2 1 2 1 1 1 2 1 3 2 1 2 2 1
split_gain=0.0237173 0.0857497 0.0464698 0.0609759 0.216978 0.149748 0.0893765 0.164804 0.14698 0.146786 0.0554082 0.0563662 0.151445 0.101212 0.071352 0.0577047 0.0466758 0.0443459 0.131468 0.128843 0.191647 0.185323 0.0864852 0.179497 0.0841688 0.0426266 0.041392 0.0360404 0.0753837 0.0559687
threshold=0.31001999974250799 0.28307500481605535 0.58621501922607433 1.0000000180025095e-35 0.32790499925613409 0.32790499925613409 0.36592499911785131 1.5000000000000002 0.43287500739097601 1.5000000000000002 1.5000000000000002 0.49272499978542333 0.54358500242233287 0.56529501080513012 0.46295499801635748 0.52312499284744274 2.5000000000000004 0.53323501348495495 2.5000000000000004 0.47293500602245336 0.49272499978542333 0.44294500350952154 2.5000000000000004 0.39493499696254736 1.5000000000000002 1.5000000000000002 0.51316997408866893 2.5000000000000004 1.5000000000000002 0.37631000578403478
decision_type=2 2 2 2 2 2 2 2 2 2 2 2 2 2 2 2 2 2 2 2 2 2 2 2 2 2 2 2 2 2
left_child=1 -1 3 4 -2 25 9 8 -8 -7 11 14 15 -14 -10 -13 -11 19 24 21 -21 22 -9 -24 -19 -5 -22 28 -6 -30
right_child=2 -3 -4 5 27 6 7 17 10 16 -12 12 13 -15 -16 -17 -18 18 -20 20 26 -23 23 -25 -26 -27 -28 -29 29 -31
leaf_value=-1.1843367428407332e-05 0.00064495926089681551 -0.00025587148467409027 -8.3385852025477741e-06 -0.00013277657236894296 -3.0871798350642244e-05 8.5941870712267379e-05 -5.036528672635953e-05 -0.00044744576422757753 0.00018866917661063183 0.0011126016293465711 0.00063431221073854613 3.1570991852145267e-05 0.0011200028021111697 7.0198372698844952e-05 0.00090653594110535031 -0.00070175371906810091 0.00049143540817405242 0.00011805054361454338 -0.00035968482488024813 -0.0012179223054282883 0.00016941310249454327 0.00066391555625767193 0.00099483430914190413 -0.00034305691234058703 0.0011170453852487367 -0.00070762763214583812 -0.00041459900643712777 0.00025191563335047218 -0.0008841992380285564 -0.00022693043248357892
leaf_weight=502403 3033 9388 217041 1817 33512 3668 6285 3455 1793 1714 4850 1725 1200 1152 1752 1141 1412 1166 1695 1514 1566 2269 1021 1728 1005 1513 1541 2292 1040 4090
leaf_count=502403 3033 9388 217041 1817 33512 3668 6285 3455 1793 1714 4850 1725 1200 1152 1752 1141 1412 1166 1695 1514 1566 2269 1021 1728 1005 1513 1541 2292 1040 4090
internal_value=-5.76377e-06 -1.63197e-05 1.17771e-05 5.97813e-05 -7.93177e-06 0.000123149 0.000162597 0.00011345 0.000269627 0.000429223 0.000417364 0.000297292 0.000130056 0.000605813 0.000543451 -0.000260377 0.000832024 -6.97816e-05 0.000168291 -0.000140072 -0.000479881 4.52523e-05 -0.000181013 0.000153846 0.000580506 -0.000393963 -0.000120243 -5.63077e-05 -7.45895e-05 -0.000360178
internal_weight=819781 511791 307990 90949 43967 46982 43652 36858 19898 6794 13613 8763 5218 2352 3545 2866 3126 16960 3866 13094 4621 8473 6204 2749 2171 3330 3107 40934 38642 5130
internal_count=819781 511791 307990 90949 43967 46982 43652 36858 19898 6794 13613 8763 5218 2352 3545 2866 3126 16960 3866 13094 4621 8473 6204 2749 2171 3330 3107 40934 38642 5130
is_linear=0
shrinkage=0.08


Tree=236
num_leaves=31
num_cat=0
split_feature=1 1 3 1 2 3 2 2 1 1 1 1 1 2 1 2 1 1 1 1 1 1 2 1 1 3 1 1 1 3
split_gain=0.0174236 0.0207134 0.0510828 0.113832 0.0829466 0.0686153 0.0572504 0.0362338 0.0328946 0.0355528 0.0701905 0.0673515 0.0502031 0.03698 0.0641562 0.0543887 0.0216354 0.0680959 0.0711256 0.0199293 0.0193726 0.0436512 0.0165729 0.088457 0.126207 0.147103 0.0850745 0.0757047 0.120302 0.15022
threshold=0.79055002331733715 1.0732450485229494 1.0000000180025095e-35 0.803624987602234 2.5000000000000004 1.5000000000000002 1.0000000180025095e-35 1.5000000000000002 0.803624987602234 0.82949000597000133 0.81671500205993663 0.85535499453544628 0.84239500761032116 1.5000000000000002 0.97230499982833873 1.0000000180025095e-35 0.82949000597000133 0.86929500102996837 0.91235998272895824 0.7778649926185609 0.84239500761032116 0.86929500102996837 2.5000000000000004 0.57619997859001171 0.61858499050140392 1.0000000180025095e-35 0.6741049885749818 -0.72843000292778004 -0.82248499989509571 1.5000000000000002
decision_type=2 2 2 2 2 2 2 2 2 2 2 2 2 2 2 2 2 2 2 2 2 2 2 2 2 2 2 2 2 2
left_child=19 2 4 -4 8 7 -7 20 -2 10 -10 12 -11 15 -15 -13 -8 -18 -19 22 -5 -22 -1 27 -25 -26 -27 28 29 -24
right_child=1 -3 3 5 -6 6 16 -9 9 11 -12 13 -14 14 -16 -17 17 18 -20 -21 21 -23 23 24 25 26 -28 -29 -30 -31
leaf_value=4.3683789469489429e-06 -0.00025724905015010984 5.4381737916254095e-06 0.00064728595383023793 -0.00048305942663187592 0.00068566837696251075 0.00043179697216665661 -0.00030999024887020489 4.9026541672995515e-06 9.1328337699345823e-06 6.7685215805788373e-05 0.00079891670900107833 0.00019468556522593346 -0.00060526482587141043 0.00076616845256268092 -2.5006528583472671e-05 -0.00010847279629746875 0.00050432023505266282 -0.00049281830229686518 8.3884700276657258e-05 -0.00020153901831946875 0.00027718974351344987 -0.00026027329195574121 -0.00024036178065070583 0.00083631868083950615 0.00083908495408897962 -0.00063166948282292071 9.7837050059031036e-05 -0.00010379100420703078 0.00055436528189722477 0.00026180077835452137
leaf_weight=572187 1501 99629 1616 1758 1681 2582 1188 6066 1482 1413 1401 12700 1425 1513 1158 5397 1739 1783 5890 3171 1108 7606 8189 1697 1193 1585 2886 58206 2912 7134
leaf_count=572187 1501 99629 1616 1758 1681 2582 1188 6066 1482 1413 1401 12700 1425 1513 1158 5397 1739 1783 5890 3171 1108 7606 8189 1697 1193 1585 2886 58206 2912 7134
internal_value=4.29242e-06 2.79179e-05 6.4629e-05 -6.60414e-06 0.000139859 -4.21589e-05 9.39941e-05 -0.000150683 0.00010708 0.000127724 0.00039293 9.53347e-05 -0.000270213 0.000145288 0.000423158 0.000104276 1.17104e-05 5.23161e-05 -5.01257e-05 -1.46506e-06 -0.000240807 -0.000191934 -4.97921e-07 -3.37243e-05 0.00023114 4.98217e-05 -0.000160778 -5.92298e-05 8.30094e-05 -6.56763e-06
internal_weight=819796 160636 61007 31336 29671 29720 13182 16538 27990 26489 2883 23606 2838 20768 2671 18097 10600 9412 7673 659160 10472 8714 655989 83802 7361 5664 4471 76441 18235 15323
internal_count=819796 160636 61007 31336 29671 29720 13182 16538 27990 26489 2883 23606 2838 20768 2671 18097 10600 9412 7673 659160 10472 8714 655989 83802 7361 5664 4471 76441 18235 15323
is_linear=0
shrinkage=0.08


Tree=237
num_leaves=31
num_cat=0
split_feature=1 1 0 0 1 0 0 0 0 1 0 1 3 0 0 0 0 0 0 1 0 1 1 1 1 1 3 1 0 3
split_gain=0.0723429 0.122813 0.0960852 0.0732833 0.144636 0.103696 0.0772146 0.0939612 0.0766674 0.0936253 0.163207 0.10464 0.0820865 0.146203 0.359187 0.185767 0.103602 0.197984 0.271287 0.116849 0.075968 0.132747 0.0737763 0.0730013 0.0655877 0.0580343 0.0575876 0.0540082 0.114724 0.13629
threshold=0.53323501348495495 0.54358500242233287 3.115745067596436 1.6282950043678286 1.3251599669456484 1.4359849691390993 3.1942899227142338 3.1711750030517583 3.1602449417114262 0.62961500883102428 3.0623250007629399 0.6409749984741212 1.0000000180025095e-35 2.5882999897003178 2.1981151103973393 2.8076500892639165 2.8834550380706792 2.5435550212860112 2.3193099498748784 0.58621501922607433 4.2789301872253427 1.3000449538230898 2.2850900888442998 0.85535499453544628 1.7778800129890444 0.71913000941276561 1.5000000000000002 -0.79456001520156849 1.2228899598121645 1.0000000180025095e-35
decision_type=2 2 2 2 2 2 2 2 2 2 2 2 2 2 2 2 2 2 2 2 2 2 2 2 2 2 2 2 2 2
left_child=27 2 -2 4 5 -3 7 8 9 10 12 -11 13 14 -5 -15 17 18 19 -14 -8 -22 -13 25 26 -7 -23 28 -1 -30
right_child=1 3 -4 6 -6 23 20 -9 -10 11 -12 22 16 15 -16 -17 -18 -19 -20 -21 21 24 -24 -25 -26 -27 -28 -29 29 -31
leaf_value=-0.000169683509540953 0.00080968500448671459 0.00012415344893972272 -0.00011520280654322434 -0.00075973853993365067 -0.00028990973741519643 0.0005756275670316766 0.00010051730613010949 -0.00056603950595845271 0.00066894011846303347 0.00057450546430080842 -0.0012008920917195441 -2.7940555054954256e-05 0.00079182702523523138 -0.0014898160808831109 0.00069811625796079252 -0.00017193886889576185 -0.00069878707885676647 0.00082077641571140882 -0.0011245694583621882 -0.00025971634080815422 9.3500729681409786e-05 -0.00087446678064656254 0.00039833811340797445 0.00089715439157516969 -9.6477990076894308e-05 -0.00017526608098044315 -0.00019757842351542465 -4.3639074171781164e-05 0.00013596353990284895 -3.32237763224088e-05
leaf_weight=19073 2212 9610 1065 2227 3539 1751 66698 2104 1005 1944 1012 107149 1434 1304 2103 1441 1023 2004 1260 1280 9496 2118 2663 2355 2828 1056 1297 442479 54349 69363
leaf_count=19073 2212 9610 1065 2227 3539 1751 66698 2104 1005 1944 1012 107149 1434 1304 2103 1441 1023 2004 1260 1280 9496 2118 2663 2355 2828 1056 1297 442479 54349 69363
internal_value=-1.48028e-05 2.27957e-05 0.000509104 1.58879e-05 0.000169448 0.000279499 2.64886e-06 -3.57697e-05 -2.70431e-05 -3.25574e-05 -0.000219613 -7.30332e-06 -0.000149064 -0.000341241 -5.16857e-05 -0.000797991 4.51453e-05 0.000172453 -0.000154483 0.000295889 6.32115e-05 -9.48813e-05 -1.76031e-05 0.000568702 -0.000381422 0.00029314 -0.000617388 -2.9834e-05 1.29468e-05 4.11034e-05
internal_weight=819242 233978 3277 230701 18311 14772 212390 129953 127849 126844 15088 111756 14076 7075 4330 2745 7001 5978 3974 2714 82437 15739 109812 5162 6243 2807 3415 585264 142785 123712
internal_count=819242 233978 3277 230701 18311 14772 212390 129953 127849 126844 15088 111756 14076 7075 4330 2745 7001 5978 3974 2714 82437 15739 109812 5162 6243 2807 3415 585264 142785 123712
is_linear=0
shrinkage=0.08


Tree=238
num_leaves=31
num_cat=0
split_feature=3 1 2 1 1 2 3 1 1 2 3 2 2 3 3 2 1 2 1 2 1 1 1 1 1 1 1 2 1 1
split_gain=0.045965 0.048919 0.109419 0.065212 0.0523677 0.0401923 0.0955685 0.052644 0.0351489 0.036308 0.0406193 0.0363824 0.0353071 0.106788 0.0861322 0.0375016 0.0315685 0.0740348 0.0253488 0.0773098 0.0233087 0.0539015 0.0609818 0.0793895 0.0732222 0.0894784 0.0714321 0.060063 0.051005 0.0799419
threshold=1.0000000180025095e-35 1.4673249721527102 1.0000000180025095e-35 1.579819977283478 1.3000449538230898 1.5000000000000002 1.5000000000000002 1.3788350224494936 1.7208549976348879 2.5000000000000004 1.5000000000000002 1.5000000000000002 1.5000000000000002 1.5000000000000002 1.5000000000000002 2.5000000000000004 -2.193194985389709 1.0000000180025095e-35 -1.5331450104713438 1.5000000000000002 -0.32310499250888819 -0.17668499797582624 1.0000000180025095e-35 0.016889999620616439 0.034244999289512641 0.13906000554561618 0.085974998772144332 1.0000000180025095e-35 -0.13198500126600263 -0.14952500164508817
decision_type=2 2 2 2 2 2 2 2 2 2 2 2 2 2 2 2 2 2 2 2 2 2 2 2 2 2 2 2 2 2
left_child=16 4 3 -3 -2 -6 -7 -8 9 10 11 -4 14 -14 -10 -15 17 -1 19 -18 -20 -22 27 -24 -25 26 -26 28 29 -23
right_child=1 2 8 -5 5 6 7 -9 12 -11 -12 -13 13 15 -16 -17 18 -19 20 -21 21 22 23 24 25 -27 -28 -29 -30 -31
leaf_value=0.00063817798459412495 -2.4134392136631878e-05 0.00031971645142757073 0.00043411308580510295 -0.00026229420295979984 -0.00034618379195532664 0.00039102861602774891 -0.00079426121613687423 6.871673834778123e-06 0.00051061461810647827 0.00039621738769759238 -0.00025910471481731522 -0.00014646061936828073 3.6300137587135215e-05 0.00053760609516980275 -0.00022733875869408799 0.001137732680819887 -1.3541403875081121e-05 -0.00023600748380876436 4.751982149689366e-05 -0.00058544388438021592 -0.00010911432684123265 6.4540798128195386e-05 -0.0004130075388690985 0.00039187696947280118 -8.6561883805765254e-06 1.738603043032106e-05 -0.00032290173709915949 0.00024389986629737967 9.9765707294025165e-05 -0.00063867069282865082
leaf_weight=1574 399135 1520 1596 6505 5789 1920 1040 1060 2023 1722 2526 1218 2126 1568 2026 1159 9621 1023 114928 1795 24331 2574 2936 3099 9165 177776 9355 13907 12951 1730
leaf_count=1574 399135 1520 1596 6505 5789 1920 1040 1060 2023 1722 2526 1218 2126 1568 2026 1159 9621 1023 114928 1795 24331 2574 2936 3099 9165 177776 9355 13907 12951 1730
internal_value=-4.20348e-06 -2.21091e-05 8.89218e-05 -0.000152057 -2.86223e-05 -0.000211238 -1.69086e-05 -0.00038988 0.00021006 7.67832e-05 -2.62253e-05 0.00018282 0.000315789 0.000461317 0.000141365 0.000792665 1.58396e-05 0.000293822 1.39604e-05 -0.000103465 1.75567e-05 4.20025e-06 1.60081e-05 -3.66932e-08 6.04411e-06 -4.71776e-08 -0.000167391 0.000120185 2.04748e-05 -0.000218116
internal_weight=819698 432933 23989 8025 408944 9809 4020 2100 15964 7062 5340 2814 8902 4853 4049 2727 386765 2597 384168 11416 372752 257824 233493 202331 199395 196296 18520 31162 17255 4304
internal_count=819698 432933 23989 8025 408944 9809 4020 2100 15964 7062 5340 2814 8902 4853 4049 2727 386765 2597 384168 11416 372752 257824 233493 202331 199395 196296 18520 31162 17255 4304
is_linear=0
shrinkage=0.08


Tree=239
num_leaves=31
num_cat=0
split_feature=2 3 0 0 0 2 0 0 2 0 0 0 0 2 2 0 2 0 0 0 0 0 0 2 2 0 0 0 0 0
split_gain=0.0126505 0.0489055 0.147211 0.139258 0.183063 0.167006 0.11399 0.152343 0.181905 0.111659 0.0963423 0.0795499 0.341312 0.224636 0.106821 0.0794657 0.120491 0.079092 0.19182 0.077479 0.0705769 0.171808 0.0684157 0.0620568 0.056323 0.0497682 0.0489798 0.076113 0.05231 0.0460632
threshold=1.5000000000000002 1.5000000000000002 3.9545400142669682 4.3302948474884042 3.3287749290466313 2.5000000000000004 3.355854988098145 3.2783350944519047 2.5000000000000004 3.4116849899291997 3.2420299053192143 1.9783749580383303 1.6282950043678286 2.5000000000000004 2.5000000000000004 3.5014650821685795 2.5000000000000004 1.8608150482177737 1.7461850047111513 2.1062049865722661 3.6949000358581547 3.6189699172973637 3.2669749259948735 2.5000000000000004 2.5000000000000004 1.4359849691390993 1.8362749814987185 1.7600449919700625 1.9215899705886843 4.074855089187623
decision_type=2 2 2 2 2 2 2 2 2 2 2 2 2 2 2 2 2 2 2 2 2 2 2 2 2 2 2 2 2 2
left_child=-1 3 6 4 22 -5 7 10 -9 -8 11 12 13 -3 17 16 -11 18 -14 23 21 24 -2 -13 -17 -15 27 -16 -28 -6
right_child=1 2 -4 5 29 -7 9 8 -10 15 -12 19 14 25 26 20 -18 -19 -20 -21 -22 -23 -24 -25 -26 -27 28 -29 -30 -31
leaf_value=2.0064193785338863e-06 3.4131440108680879e-05 -0.00019934752163896493 0.00032554470840069112 -4.3782021317467345e-05 0.00030685736114536026 -0.0011816871536431818 -0.00087088848456349328 0.0012627056062651924 -0.00010530928621797019 -0.00027417014324799475 -0.00074745243966015996 0.00063743591211671917 0.00017252065534830352 0.00058585492683849757 -0.00084241156072481515 0.00019304917411930972 0.00082363757102578135 0.00016982440817179184 -0.0010645971306445477 5.80807169702939e-06 -6.5956714861517831e-05 -0.0011436608240273393 -0.00036049402790162382 5.4741910793363258e-05 -0.00051600939928209241 0.00011844377172648301 -0.0013457231672478656 -9.0047254977537585e-06 -0.00058099089285508824 -3.4876489136117911e-05
leaf_weight=562427 125719 6951 7321 2390 21125 1261 1685 1294 1198 1430 1181 2347 1541 4826 1815 1568 1158 1995 1673 47448 4691 1706 2876 2332 1321 2089 1308 1143 1018 2867
leaf_count=562427 125719 6951 7321 2390 21125 1261 1685 1294 1198 1430 1181 2347 1541 4826 1815 1568 1158 1995 1673 47448 4691 1706 2876 2332 1321 2089 1308 1143 1018 2867
internal_value=8.72817e-06 2.34224e-05 -1.99503e-05 5.14716e-05 6.31545e-05 -0.000436797 -4.69395e-05 -1.06526e-05 0.000605048 -0.000261463 -3.04078e-05 -1.93361e-05 -0.000138686 0.000121816 -0.000482926 -0.000174981 0.000217044 -0.000225843 -0.000471443 3.6436e-05 -0.000284238 -0.00050708 2.53057e-05 0.000347023 -0.000131169 0.000444651 -0.00073636 -0.000520375 -0.00101103 0.000266021
internal_weight=819704 257277 101039 156238 152587 3651 93718 80159 2492 13559 77667 76486 24359 13866 10493 11874 2588 5209 3214 52127 9286 4595 128595 4679 2889 6915 5284 2958 2326 23992
internal_count=819704 257277 101039 156238 152587 3651 93718 80159 2492 13559 77667 76486 24359 13866 10493 11874 2588 5209 3214 52127 9286 4595 128595 4679 2889 6915 5284 2958 2326 23992
is_linear=0
shrinkage=0.08


Tree=240
num_leaves=31
num_cat=0
split_feature=0 0 3 1 0 3 1 3 1 0 1 1 1 0 0 1 0 1 1 1 0 0 0 1 0 1 0 1 1 1
split_gain=0.0346206 0.0944341 0.258554 0.082528 0.169645 0.337661 0.591469 0.183394 0.331594 0.393109 0.288937 0.205533 0.35771 0.219091 0.226201 0.202982 0.176484 0.17123 0.479825 0.141577 0.177319 0.271393 0.277979 0.131923 0.130237 0.266399 0.222218 0.129163 0.128901 0.177952
threshold=2.2737300395965581 2.283195018768311 1.0000000180025095e-35 -0.75479999184608448 2.9214450120925908 1.0000000180025095e-35 1.0382149815559389 1.5000000000000002 0.31859999895095831 2.3566550016403203 0.21030499786138537 -0.53252500295639027 -0.17668499797582624 2.660234928131104 2.7504100799560551 -0.29524999856948847 2.8076500892639165 0.042975001037120826 0.09470000118017198 -0.078710000962018953 2.7599399089813237 2.6955149173736577 2.5975749492645268 -0.36913000047206873 2.6509549617767338 0.26465499401092535 2.7142848968505864 0.14820500463247302 0.46295499801635748 0.57619997859001171
decision_type=2 2 2 2 2 2 2 2 2 2 2 2 2 2 2 2 2 2 2 2 2 2 2 2 2 2 2 2 2 2
left_child=-1 2 -2 -3 5 19 7 -7 9 -9 11 -11 13 15 -15 -13 28 -14 -19 20 21 22 -5 -23 -21 26 -26 -20 -10 -30
right_child=1 3 -4 4 -6 6 -8 8 16 10 -12 12 17 14 -16 -17 -18 18 27 24 -22 23 -24 -25 25 -27 -28 -29 29 -31
leaf_value=-1.436129108982166e-05 -0.00028974093025923588 -6.1811077844872578e-05 0.0011505482091740207 -1.5487106132688065e-06 -1.2153410507329916e-05 0.00017482611137639465 -0.00029108363852408975 -0.00070993510268751352 0.0014303952303985367 0.001015480419627246 -0.0005305516790229083 0.00076820667741710604 0.0010248245511543586 -0.0015572650420617685 -0.00010504036786878498 -0.00050357985663332524 9.97470615314798e-05 -0.0011737996267431384 0.001581209404830588 -5.346928116021526e-05 -0.00053076120523039142 0.00012866649991023638 -0.00072494402330083602 0.0012140549548793401 0.0013640430758809097 2.4335456206843105e-05 0.00033897472886137465 0.00034836833780242036 3.6834446534620633e-05 0.00097677487901979177
leaf_weight=301007 1546 72904 1648 14750 256447 47757 13784 2481 2354 3470 2093 2311 4421 1039 2023 1231 2056 1022 1024 35917 6660 1447 4418 1420 1801 19172 5447 1160 1710 5237
leaf_count=301007 1546 72904 1648 14750 256447 47757 13784 2481 2354 3470 2093 2311 4421 1039 2023 1231 2056 1022 1024 35917 6660 1447 4418 1420 1801 19172 5447 1160 1710 5237
internal_value=7.2214e-06 1.97449e-05 0.000453401 1.70582e-05 3.00479e-05 8.81688e-05 0.000193529 0.000275602 0.000418703 0.000239337 0.00035832 0.000463422 0.000328811 -0.000102222 -0.00059781 0.000326205 0.000770502 0.000702031 0.000256907 -2.19839e-05 -0.000169032 -5.97008e-05 -0.000168283 0.00066625 4.57054e-05 0.00018053 0.000593686 0.000926404 0.000918773 0.000745409
internal_weight=819757 518750 3194 515556 442652 186205 95173 81389 33632 22275 19794 17701 14231 6604 3062 3542 11357 7627 3206 91032 28695 22035 19168 2867 62337 26420 7248 2184 9301 6947
internal_count=819757 518750 3194 515556 442652 186205 95173 81389 33632 22275 19794 17701 14231 6604 3062 3542 11357 7627 3206 91032 28695 22035 19168 2867 62337 26420 7248 2184 9301 6947
is_linear=0
shrinkage=0.08


Tree=241
num_leaves=31
num_cat=0
split_feature=0 1 1 3 0 0 0 1 3 0 0 0 0 1 1 1 3 1 1 1 1 1 1 0 3 1 1 0 0 1
split_gain=0.0227111 0.0849722 0.27179 0.418956 0.227924 0.133222 0.147682 0.0817332 0.205646 0.103314 0.0902708 0.0599782 0.138093 0.201922 0.158013 0.0670218 0.0640324 0.253869 0.164532 0.161513 0.100961 0.19191 0.0992007 0.0622171 0.135039 0.143234 0.13329 0.121335 0.219596 0.0898958
threshold=3.4707949161529545 -0.017509999684989449 0.29182499647140508 1.5000000000000002 3.6559150218963627 4.189889907836915 3.6753000020980839 -1.0697450041770933 1.5000000000000002 4.074855089187623 3.6189699172973637 3.083110094070435 2.941275000572205 -0.92924499511718739 -0.60804000496864308 -1.0514999628067014 1.5000000000000002 -0.061204999685287469 1.0908250212669375 -0.27666500210762018 0.91235998272895824 0.43287500739097601 0.15719499439001086 3.0412950515747075 1.0000000180025095e-35 -0.40793499350547785 -0.12342000007629393 3.0104351043701176 2.9707000255584721 0.09470000118017198
decision_type=2 2 2 2 2 2 2 2 2 2 2 2 2 2 2 2 2 2 2 2 2 2 2 2 2 2 2 2 2 2
left_child=11 7 3 4 -3 6 -5 8 10 -10 -2 12 -1 15 -15 -14 18 19 23 -18 21 22 -19 24 25 -16 -27 28 -26 -25
right_child=1 2 -4 5 -6 -7 -8 -9 9 -11 -12 -13 13 14 16 -17 17 20 -20 -21 -22 -23 -24 29 27 26 -28 -29 -30 -31
leaf_value=-1.8482652464690024e-06 5.3088610502742812e-05 -0.00061084945309345957 -1.3817216343325401e-05 -0.00052437895391682155 0.00013449868265466764 -0.00035298515028004909 -0.0015007233099242937 9.6368307089583102e-05 0.00064142554474117517 -0.00033893506702860967 -0.00079454942271094803 5.38653919410816e-05 0.00019304505819440026 -0.00070415668410556977 0.00048117928603795968 0.00093189289028027867 0.00017481182874664076 7.4182171550848534e-05 0.00022978763556840871 0.0014944197353747143 -0.00072555302595593292 0.00061147385200182658 -0.00096482365612767743 -0.00017115026799651014 0.00050532146347724008 -0.0011143410924124898 -0.00034621051262558663 0.00060217577383040995 -0.00063184263369405857 -0.00075604442434800984
leaf_weight=535356 1098 3737 74395 1570 8830 2026 2691 38681 1981 1054 3004 100291 3539 3690 1073 1010 1420 1083 4508 1020 1888 1767 1287 2982 1870 1794 7449 1940 2595 3857
leaf_count=535356 1098 3737 74395 1570 8830 2026 2691 38681 1981 1054 3004 100291 3539 3690 1073 1010 1420 1083 4508 1020 1888 1767 1287 2982 1870 1794 7449 1940 2595 3857
internal_value=-9.28092e-06 -3.87397e-05 -8.25738e-05 -0.000353877 -8.71426e-05 -0.000887048 -0.00114098 5.04717e-05 -0.000198278 0.000300964 -0.000567659 -3.26002e-06 -1.31357e-05 -0.000148104 -0.000205239 0.000357089 -0.000154846 3.80133e-05 -0.00021301 0.000726451 -0.00024079 -1.95587e-05 -0.000490037 -0.000297735 -0.000214593 -0.000393733 -0.000495299 7.39329e-05 -0.000155584 -0.000501014
internal_weight=819486 139067 93249 18854 12567 6287 4261 45818 7137 3035 4102 680419 580128 44772 40223 4549 36533 8465 28068 2440 6025 4137 2370 23560 16721 10316 9243 6405 4465 6839
internal_count=819486 139067 93249 18854 12567 6287 4261 45818 7137 3035 4102 680419 580128 44772 40223 4549 36533 8465 28068 2440 6025 4137 2370 23560 16721 10316 9243 6405 4465 6839
is_linear=0
shrinkage=0.08


Tree=242
num_leaves=31
num_cat=0
split_feature=3 0 1 1 0 0 1 0 0 0 1 1 0 0 0 1 1 0 0 0 0 0 1 1 1 1 1 1 0 1
split_gain=0.070006 0.060029 0.252412 0.273679 0.319638 0.378985 0.221664 0.180086 0.30068 0.203687 0.143592 0.164494 0.407493 0.215241 0.191751 0.155131 0.140278 0.187588 0.218542 0.148463 0.134566 0.204039 0.294475 0.378093 0.202413 0.253793 0.196673 0.124377 0.286763 0.122251
threshold=1.5000000000000002 2.8076500892639165 -0.070014998316764818 1.0908250212669375 2.2175250053405766 2.1775450706481938 0.97230499982833873 1.989254951477051 2.0437750816345219 2.096270084381104 -0.034919999539852135 1.2754200100898745 3.2908449172973637 4.074855089187623 3.5014650821685795 1.6690800189971926 -0.23139999806880948 2.4191350936889653 2.5975749492645268 2.2085049152374272 2.3471150398254399 2.6243550777435307 0.12142500281333925 0.31001999974250799 0.35660000145435339 0.042975001037120826 0.71913000941276561 -0.24051500111818311 3.5683250427246098 -0.50982502102851857
decision_type=2 2 2 2 2 2 2 2 2 2 2 2 2 2 2 2 2 2 2 2 2 2 2 2 2 2 2 2 2 2
left_child=-1 2 16 4 5 7 20 -4 -9 -10 27 -12 15 14 -14 -13 29 19 -19 -18 -6 24 -23 -24 25 -22 -25 -3 -29 -2
right_child=1 10 3 -5 6 -7 -8 8 9 -11 11 12 13 -15 -16 -17 17 18 -20 -21 21 22 23 26 -26 -27 -28 28 -30 -31
leaf_value=1.0452497775328261e-05 -0.00014201677055675441 -4.5338091839491983e-05 -6.1603696451249535e-05 -0.00027565616298574783 0.00084344092271566363 -0.0014717788156517343 0.0015796889509287332 0.0016292556098940836 -0.0007034938807709576 0.00061000644655733382 -0.00024041744889834399 -0.0011450247466414929 -1.7523292298170993e-05 -6.4127612203146024e-05 0.0011357970412343541 -2.8229153008609594e-05 -0.00049325460789915424 0.0010232294416329002 -0.00056647648044124885 -0.0015614796074635874 0.00066570315320043044 0.0017358193849547096 -0.00087551889466986319 0.0012031089394232209 0.00041547814385601721 -0.0007671335954663219 -0.00014150115074951979 0.00070693077758111813 -0.0002722060508718459 0.00015367032203413722
leaf_weight=626089 35704 29684 13321 8394 3464 1060 1077 1167 1186 2082 44719 1794 1319 3325 3070 1431 3856 1020 1210 1062 1087 1256 1185 2276 4262 2907 1003 4734 3214 11942
leaf_count=626089 35704 29684 13321 8394 3464 1060 1077 1167 1186 2082 44719 1794 1319 3325 3070 1431 3856 1020 1210 1062 1087 1256 1185 2276 4262 2907 1003 4734 3214 11942
internal_value=-2.55364e-06 -4.45688e-05 -1.67737e-06 0.000137093 0.000229896 -2.32129e-06 0.000465863 8.54026e-05 0.000526952 0.00013332 -9.07848e-05 -0.000172396 0.000105676 0.000421384 0.000789197 -0.000649479 -0.000117485 -0.000447961 0.000160654 -0.000723929 0.000397079 0.000286447 0.00065368 0.000349207 3.20167e-05 -0.000377175 0.000791812 2.99193e-05 0.000310989 -6.79057e-05
internal_weight=819900 193811 100521 45727 37333 18816 18517 17756 4435 3268 93290 55658 10939 7714 4389 3225 54794 7148 2230 4918 17440 13976 5720 4464 8256 3994 3279 37632 7948 47646
internal_count=819900 193811 100521 45727 37333 18816 18517 17756 4435 3268 93290 55658 10939 7714 4389 3225 54794 7148 2230 4918 17440 13976 5720 4464 8256 3994 3279 37632 7948 47646
is_linear=0
shrinkage=0.08


Tree=243
num_leaves=31
num_cat=0
split_feature=0 3 1 1 1 1 0 1 0 0 1 0 0 1 1 3 1 1 0 1 1 1 1 0 1 1 0 0 1 0
split_gain=0.0211096 0.0535513 0.467745 0.287453 0.281598 0.267702 0.214511 0.181896 0.125611 0.1148 0.101509 0.140873 0.122569 0.152667 0.0943568 0.0855745 0.0765862 0.0677092 0.0591601 0.0584596 0.0572164 0.159364 0.156545 0.155139 0.0834253 0.12338 0.563204 0.152966 0.0623496 0.0570599
threshold=3.2908449172973637 1.0000000180025095e-35 1.1291350126266482 0.88355499505996715 -0.91236498951911915 -0.74143001437187184 4.189889907836915 1.7208549976348879 3.4116849899291997 3.4258000850677495 0.48253999650478369 3.5338749885559086 3.7784500122070317 0.82949000597000133 0.82949000597000133 1.5000000000000002 0.57619997859001171 0.38572500646114355 4.8342800140380868 2.2850900888442998 -0.16760500520467755 -0.10584500059485434 -0.061204999685287469 3.4258000850677495 0.11249499768018724 0.19279000163078311 3.6753000020980839 3.3287749290466313 0.2373050004243851 3.4707949161529545
decision_type=2 2 2 2 2 2 2 2 2 2 2 2 2 2 2 2 2 2 2 2 2 2 2 2 2 2 2 2 2 2
left_child=-1 2 4 5 8 -3 14 9 -2 -4 11 17 16 -14 20 -8 -12 -6 -17 -9 23 -22 -23 -7 -24 26 -26 -27 -29 -25
right_child=1 3 7 -5 10 6 15 19 -10 -11 12 -13 13 -15 -16 18 -18 -19 -20 -21 21 22 24 29 25 27 -28 28 -30 -31
leaf_value=4.8520116067725769e-07 0.00030354653968547038 0.00019604005886671478 3.8202220239281732e-05 0.00015893515758226063 -6.7300243933952921e-05 -0.00058852979318623475 0.00031679347447238543 0.0001921166778016922 -0.00066696204988303293 -0.00070303666396773592 2.8207551785937193e-05 0.00020739467018525797 0.00038092912096000315 -0.00029146179796651667 -0.00090087218328864451 -0.00020662477871648697 0.0005914327333719294 -0.00073239101781649208 0.00024553292350263718 -0.00041999499368961272 -0.00099708268960625192 0.00049966146103141854 -0.0005788644260900955 0.00055695532629751183 0.0012031424725123278 -0.0011178946260497213 -0.0010115272074703212 -0.00074350170942174415 -0.00022248840706888713 -4.9720950552113351e-05
leaf_weight=638414 1091 12509 1597 26909 11719 3680 5374 3464 3921 8221 1863 23363 5075 3764 1537 6815 9056 1069 2543 1403 2097 1578 6239 1095 1674 1428 1310 1591 19328 10568
leaf_count=638414 1091 12509 1597 26909 11719 3680 5374 3464 3921 8221 1863 23363 5075 3764 1537 6815 9056 1069 2543 1403 2097 1578 6239 1095 1674 1428 1310 1591 19328 10568
internal_value=-6.36475e-06 -3.04085e-05 2.10573e-05 -6.70222e-05 0.000118752 -0.000143633 -0.000207186 -0.00038423 -0.000455704 -0.000582466 0.000170249 9.05575e-05 0.00031606 9.45982e-05 -0.000283367 6.23602e-05 0.000495335 -0.000122898 -8.37527e-05 1.56645e-05 -0.000264606 -0.000320741 -0.000277954 -0.000135656 -0.000316823 -0.000252282 0.000230885 -0.0003168 -0.000262114 7.23785e-06
internal_weight=820295 181881 75606 106275 60921 79366 66857 14685 5012 9818 55909 36151 19758 8839 52125 14732 10919 12788 9358 4867 50588 35245 33148 15343 31570 25331 2984 22347 20919 11663
internal_count=820295 181881 75606 106275 60921 79366 66857 14685 5012 9818 55909 36151 19758 8839 52125 14732 10919 12788 9358 4867 50588 35245 33148 15343 31570 25331 2984 22347 20919 11663
is_linear=0
shrinkage=0.08


Tree=244
num_leaves=31
num_cat=0
split_feature=0 0 3 0 3 0 0 0 0 0 2 0 0 0 0 0 0 0 2 0 0 2 0 0 3 2 3 0 2 0
split_gain=0.0612063 0.0657536 0.0635473 0.0408027 0.0393199 0.0852471 0.113593 0.23479 0.120532 0.0805588 0.0734654 0.0719626 0.178843 0.0589921 0.0730493 0.0582862 0.0603658 0.197047 0.161921 0.161808 0.140317 0.229863 0.122693 0.100889 0.0766194 0.0700026 0.102911 0.0555354 0.121777 0.0860971
threshold=2.6692450046539311 2.6863999366760258 1.0000000180025095e-35 2.6955149173736577 1.0000000180025095e-35 1.9673299789428713 1.989254951477051 2.0004749298095708 2.0216650962829594 1.9783749580383303 1.0000000180025095e-35 2.0652649402618413 2.096270084381104 2.660234928131104 2.6509549617767338 2.6331748962402348 2.5523250102996831 2.5435550212860112 2.5000000000000004 2.5348649024963383 2.5706551074981694 1.5000000000000002 2.4905850887298588 2.383835077285767 1.5000000000000002 1.5000000000000002 1.5000000000000002 1.8722299933433535 2.5000000000000004 1.8482049703598025
decision_type=2 2 2 2 2 2 2 2 2 2 2 2 2 2 2 2 2 2 2 2 2 2 2 2 2 2 2 2 2 2
left_child=4 2 -2 -3 -1 27 9 -8 -9 -7 11 -10 -13 14 15 16 17 19 20 22 -18 -22 23 -12 -20 -24 -27 29 -29 -6
right_child=1 3 -4 -5 5 6 7 8 10 -11 13 12 -14 -15 -16 -17 18 -19 24 -21 21 -23 25 -25 -26 26 -28 28 -30 -31
leaf_value=-6.285268987075646e-06 -1.7997965225043783e-05 0.0002616406091406735 -0.00052940771199049951 -2.4291834224045947e-05 -5.3416247344530889e-06 0.00015279739186584027 -0.00084712058466561522 0.00057667013360607319 -0.00032854195262968749 0.00096003444416281516 7.5872437083018238e-05 0.0011440024926195626 0.00016922325469800238 0.00058546424781481018 -0.00057478518889196681 0.00041784422125203536 -0.0009385889549408462 0.0010530041620668564 -0.00011857018408078019 -0.00088225551522639505 0.00030558420274174193 -0.00065813045291994432 0.00073856489689630097 -0.00016698376523365251 0.00069059466709823093 0.00062775029209059916 -0.00021210837650818525 -4.0983925763680847e-05 -0.00063698452109628813 0.00042205446940182925
leaf_weight=219685 2991 3222 3239 368276 83921 1571 1746 3137 1661 1594 45356 1262 26481 1233 1267 2498 1877 1240 1294 1208 3341 3012 2332 14431 1778 1753 1998 10481 2775 3129
leaf_count=219685 2991 3222 3239 368276 83921 1571 1746 3137 1661 1594 45356 1262 26481 1233 1267 2498 1877 1240 1294 1208 3341 3012 2332 14431 1778 1753 1998 10481 2775 3129
internal_value=-2.48667e-06 -2.61344e-05 -0.000283882 -2.18119e-05 1.77196e-05 4.14339e-05 8.63338e-05 7.37431e-05 8.74666e-05 0.000559349 7.40075e-05 0.000182942 0.000213565 3.61538e-05 2.80312e-05 3.73321e-05 2.53939e-05 5.37263e-05 -0.000145869 3.52537e-05 -0.00033087 -0.000151319 5.20801e-05 1.72534e-05 0.000349755 0.000394376 0.000180393 -1.32081e-05 -0.00016575 1.00211e-05
internal_weight=819789 377728 6230 371498 442061 222376 122070 118905 117159 3165 114022 29404 27743 84618 83385 82118 79620 68318 11302 67078 8230 6353 65870 59787 3072 6083 3751 100306 13256 87050
internal_count=819789 377728 6230 371498 442061 222376 122070 118905 117159 3165 114022 29404 27743 84618 83385 82118 79620 68318 11302 67078 8230 6353 65870 59787 3072 6083 3751 100306 13256 87050
is_linear=0
shrinkage=0.08


Tree=245
num_leaves=31
num_cat=0
split_feature=2 0 0 2 0 0 0 0 0 0 3 0 0 3 0 0 0 3 0 0 0 0 2 0 3 2 0 0 0 0
split_gain=0.0231098 0.0331025 0.172516 0.457458 0.0666006 0.171956 0.084428 0.135978 0.120338 0.0981754 0.0876377 0.0830291 0.120926 0.109134 0.0906547 0.0668919 0.0572497 0.0759569 0.0596898 0.0665202 0.0740606 0.0588774 0.0555764 0.0517046 0.0647223 0.0737127 0.0509461 0.0500463 0.0554716 0.0494077
threshold=1.5000000000000002 2.5260450839996342 2.5523250102996831 2.5000000000000004 2.1372649669647221 2.1169149875640874 2.0860500335693364 2.0652649402618413 2.0753901004791264 2.0437750816345219 1.5000000000000002 1.8974449634552004 1.8722299933433535 1.5000000000000002 0.75101500749588024 2.1878750324249272 2.8361749649047856 1.5000000000000002 3.083110094070435 3.1264350414276127 3.115745067596436 2.5706551074981694 2.5000000000000004 2.2459249496459965 1.0000000180025095e-35 2.5000000000000004 0.29491999745368963 2.8171350955963139 2.5882999897003178 3.031194925308228
decision_type=2 2 2 2 2 2 2 2 2 2 2 2 2 2 2 2 2 2 2 2 2 2 2 2 2 2 2 2 2 2
left_child=-1 4 3 -3 5 6 7 9 -9 11 -8 12 13 26 -15 22 17 21 29 20 -20 -4 -6 24 -17 -26 -2 28 -23 -18
right_child=1 2 16 -5 15 -7 10 8 -10 -11 -12 -13 -14 14 -16 23 18 -19 19 -21 -22 27 -24 -25 25 -27 -28 -29 -30 -31
leaf_value=-8.6036561784074596e-06 -0.00043325026910257555 0.0014632378137815459 -0.00049055719962265193 -0.0005205556038047753 -0.00056695950530113212 0.00073935160144498579 -6.5153015044201065e-05 0.0012833498031715976 6.5442809503025553e-05 -0.00052221838942270119 -0.00092808604100913115 0.00020742332551505711 -0.00060296963084322561 0.00034810562465825256 -0.00019248440911529785 -0.00025572278495613227 -4.702106645071276e-05 0.0002799017198457874 0.00015982712652858579 2.2125320091943069e-05 0.00095388201718218631 0.00054172083310955908 -4.3264959226795587e-05 -9.2313678385012507e-05 0.00060906274942471483 -3.9535342865561755e-05 0.00011261044027818343 0.00055743201163035441 -1.0784316810379753e-05 -0.00032879250993163365
leaf_weight=562915 1130 1796 1307 1270 3174 2152 2023 1031 1046 2125 1200 13622 2134 2222 18640 1743 20605 12590 3028 66289 1000 1255 2193 32371 2498 2035 34615 1233 15864 4937
leaf_count=562915 1130 1796 1307 1270 3174 2152 2023 1031 1046 2125 1200 13622 2134 2222 18640 1743 20605 12590 3028 66289 1000 1255 2193 32371 2498 2035 34615 1233 15864 4937
internal_value=4.7295e-07 2.03438e-05 4.84711e-05 0.00064151 -8.94917e-06 3.36863e-05 1.46534e-05 3.15376e-05 0.000669998 1.37349e-05 -0.000386444 2.94737e-05 -1.17928e-05 1.04937e-05 -0.000134906 -8.83227e-05 3.4278e-05 0.000126481 3.25881e-06 4.13059e-05 0.000356961 2.82279e-05 -0.000352974 -5.157e-05 0.000158582 0.000317888 9.53542e-05 6.5175e-05 2.972e-05 -0.000101485
internal_weight=820043 257128 131174 3066 125954 81940 79788 76565 2077 74488 3223 72363 58741 56607 20862 44014 128108 32249 95859 70317 4028 19659 5367 38647 6276 4533 35745 18352 17119 25542
internal_count=820043 257128 131174 3066 125954 81940 79788 76565 2077 74488 3223 72363 58741 56607 20862 44014 128108 32249 95859 70317 4028 19659 5367 38647 6276 4533 35745 18352 17119 25542
is_linear=0
shrinkage=0.08


Tree=246
num_leaves=31
num_cat=0
split_feature=0 1 2 1 2 1 1 1 0 2 0 2 0 1 1 1 0 2 0 1 2 2 0 1 1 0 0 1 0 1
split_gain=0.0269305 0.152739 0.180107 0.170078 0.161988 0.127451 0.0952876 0.0877182 0.169596 0.134519 0.114376 0.0817436 0.0592379 0.0567065 0.0726769 0.0505823 0.112161 0.171013 0.0713367 0.170899 0.292065 0.151113 0.164065 0.177917 0.189886 0.0950402 0.222636 0.229467 0.12606 0.399779
threshold=1.4934149980545046 -0.97958502173423756 2.5000000000000004 -1.3896800279617307 1.0000000180025095e-35 1.4359099864959719 -0.66707000136375416 0.39493499696254736 1.2228899598121645 2.5000000000000004 1.3947499990463259 2.5000000000000004 1.3501800298690798 0.0082950000651180762 0.14820500463247302 -0.86674499511718739 1.989254951477051 1.5000000000000002 2.0549700260162358 1.0208449959754946 1.5000000000000002 1.5000000000000002 2.0216650962829594 0.58621501922607433 0.7778649926185609 1.8974449634552004 1.9215899705886843 -0.57517498731613148 1.9673299789428713 0.12142500281333925
decision_type=2 2 2 2 2 2 2 2 2 2 2 2 2 2 2 2 2 2 2 2 2 2 2 2 2 2 2 2 2 2
left_child=1 2 -1 -4 12 6 -6 8 9 -8 -9 13 -3 -10 -15 16 17 -2 19 21 -21 -17 23 25 -25 -23 -27 -28 -29 -30
right_child=15 4 3 -5 5 -7 7 10 11 -11 -12 -13 -14 14 -16 18 -18 -19 -20 20 -22 22 -24 24 -26 26 27 28 29 -31
leaf_value=-5.977392249986221e-05 5.202217824685535e-05 -0.00011858023591952637 -0.0014224454899764397 -0.00016840425748549214 0.00048765359442940582 -0.00066240467686565164 0.00013511743942534483 0.00023384341153341462 0.00011287726872786102 0.00073187980212823813 0.00094889343736472909 -0.00055920013498739045 0.00014290588590481755 -0.00085526047117992152 -1.5844148697982903e-06 -4.1525267721136431e-05 -4.4561299548627467e-06 0.0005145679965890299 -5.5792363557207824e-06 -3.9506446583276453e-05 0.00085113916371067598 -0.00022035606741643696 -0.00088960232186177646 -0.0012074738810903605 -0.00012833307871704347 0.0010659952281405632 -0.0011739518154487622 -0.00031055093362202186 0.0012677519297991189 -0.00074220901858960964
leaf_weight=20207 16678 21423 1283 1503 6972 1079 10832 7120 5508 3112 1792 2468 7481 1049 1630 64685 75515 7379 518167 8304 3290 18143 2405 2160 2019 1311 1026 2175 1676 1018
leaf_count=20207 16678 21423 1283 1503 6972 1079 10832 7120 5508 3112 1792 2468 7481 1049 1630 64685 75515 7379 518167 8304 3290 18143 2405 2160 2019 1311 1026 2175 1676 1018
internal_value=-4.29358e-06 3.61272e-05 -0.000142911 -0.000745911 9.45474e-05 0.000195699 0.00021857 0.000162587 8.46812e-05 0.000268302 0.000377624 -0.00015562 -5.09018e-05 -3.39591e-05 -0.000335853 -9.49736e-06 4.34672e-05 0.000193899 -1.79168e-05 -7.69948e-05 0.00021323 -0.000111821 -0.000254216 -0.000202465 -0.000686109 -0.000122732 0.000123061 -8.66394e-05 0.00014248 0.000508234
internal_weight=819410 93459 22993 2786 70466 41562 40483 33511 24599 13944 8912 10655 28904 8187 2679 725951 99572 24057 626379 108212 11594 96618 31933 29528 4179 25349 7206 5895 4869 2694
internal_count=819410 93459 22993 2786 70466 41562 40483 33511 24599 13944 8912 10655 28904 8187 2679 725951 99572 24057 626379 108212 11594 96618 31933 29528 4179 25349 7206 5895 4869 2694
is_linear=0
shrinkage=0.08


end of trees

feature_importances:
PlateLocHeight=2664
PlateLocSide=2641
Balls=1086
Strikes=1019

parameters:
[boosting: gbdt]
[objective: regression]
[metric: l2]
[tree_learner: serial]
[device_type: cpu]
[data_sample_strategy: bagging]
[data: ]
[valid: ]
[num_iterations: 600]
[learning_rate: 0.08]
[num_leaves: 31]
[num_threads: 0]
[seed: 17]
[deterministic: 0]
[force_col_wise: 0]
[force_row_wise: 0]
[histogram_pool_size: -1]
[max_depth: -1]
[min_data_in_leaf: 1000]
[min_sum_hessian_in_leaf: 0.001]
[bagging_fraction: 0.8]
[pos_bagging_fraction: 1]
[neg_bagging_fraction: 1]
[bagging_freq: 1]
[bagging_seed: 26602]
[bagging_by_query: 0]
[feature_fraction: 0.8]
[feature_fraction_bynode: 1]
[feature_fraction_seed: 18297]
[extra_trees: 0]
[extra_seed: 13015]
[early_stopping_round: 0]
[early_stopping_min_delta: 0]
[first_metric_only: 0]
[max_delta_step: 0]
[lambda_l1: 0]
[lambda_l2: 0]
[linear_lambda: 0]
[min_gain_to_split: 0]
[drop_rate: 0.1]
[max_drop: 50]
[skip_drop: 0.5]
[xgboost_dart_mode: 0]
[uniform_drop: 0]
[drop_seed: 30017]
[top_rate: 0.2]
[other_rate: 0.1]
[min_data_per_group: 100]
[max_cat_threshold: 32]
[cat_l2: 10]
[cat_smooth: 10]
[max_cat_to_onehot: 4]
[top_k: 20]
[monotone_constraints: ]
[monotone_constraints_method: basic]
[monotone_penalty: 0]
[feature_contri: ]
[forcedsplits_filename: ]
[refit_decay_rate: 0.9]
[cegb_tradeoff: 1]
[cegb_penalty_split: 0]
[cegb_penalty_feature_lazy: ]
[cegb_penalty_feature_coupled: ]
[path_smooth: 0]
[interaction_constraints: ]
[verbosity: -1]
[saved_feature_importance_type: 0]
[use_quantized_grad: 0]
[num_grad_quant_bins: 4]
[quant_train_renew_leaf: 0]
[stochastic_rounding: 1]
[linear_tree: 0]
[max_bin: 255]
[max_bin_by_feature: ]
[min_data_in_bin: 3]
[bin_construct_sample_cnt: 200000]
[data_random_seed: 94]
[is_enable_sparse: 1]
[enable_bundle: 1]
[use_missing: 1]
[zero_as_missing: 0]
[feature_pre_filter: 1]
[pre_partition: 0]
[two_round: 0]
[header: 0]
[label_column: ]
[weight_column: ]
[group_column: ]
[ignore_column: ]
[categorical_feature: ]
[forcedbins_filename: ]
[precise_float_parser: 0]
[parser_config_file: ]
[objective_seed: 20363]
[num_class: 1]
[is_unbalance: 0]
[scale_pos_weight: 1]
[sigmoid: 1]
[boost_from_average: 1]
[reg_sqrt: 0]
[alpha: 0.9]
[fair_c: 1]
[poisson_max_delta_step: 0.7]
[tweedie_variance_power: 1.5]
[lambdarank_truncation_level: 30]
[lambdarank_norm: 1]
[label_gain: ]
[lambdarank_position_bias_regularization: 0]
[eval_at: ]
[multi_error_top_k: 1]
[auc_mu_weights: ]
[num_machines: 1]
[local_listen_port: 12400]
[time_out: 120]
[machine_list_filename: ]
[machines: ]
[gpu_platform_id: -1]
[gpu_device_id: -1]
[gpu_use_dp: 0]
[num_gpu: 1]

end of parameters

pandas_categorical:[]
