tree
version=v4
num_class=1
num_tree_per_iteration=1
label_index=0
max_feature_idx=11
objective=regression
feature_names=RelSpeed SpinRate InducedVertBreak HorzBreak AxisSin AxisCos RelHeight RelSide Extension dVelo dIVB dHB
feature_infos=[51.729290008544922:95.800399780273438] [641.7862548828125:3586.623779296875] [-55.385311126708984:26.797569274902344] [-38.579750061035156:27.609579086303711] [-1:1] [-1:1] [-0.40645000338554382:9.6518898010253906] [-6.3374500274658203:7.5556697845458984] [1.2509700059890747:8.9917201995849609] [-32.583320617675781:4.449981689453125] [-76.055709838867188:27.678974151611328] [-50.671852111816406:27.308074951171875]
tree_sizes=6097 6271 6249 6264 6232 6225 6243 6242 6238 6228 6253 6213 6187 6176 6196 6217 6228 6263 6263 6231 6141 6208 6207 6221 6185 6194 6200 6219 6202 6181 6200 6227 6172 6164 6188 6157 6166 6154 6134 6092 6114 6173 6117 6163 6128 6129 6195 6064 6169 6109 6096 6116 6101 6088 6104 6112 6114 6123 6117 6152 6057 6127 6118 6106 6089 6154 6116 6077 6048 6089 6112 6105 6134 6066 6097 6057 6061 6055 6070 6088 6062 6117 6080 6159 6100 6105 6089 6144 6099 6063 6043 6028 6051 6095 6083 6064 6100 6103 6053 6021 6038 6080 6050 6096 6107 6054 6063 6084 6022 6051 6023 5980 5995 6003 6002 6058 6054 6026 6021 6044 5979 6029 5974 6063 6028 6051 6000 6034 6037 5989 6040 6012 6082 5999 6080 6097 6117 6093 5956 5985 6023 6061 5993 6024 6102 6047 6083 5993 5981 6015 6035 6002 6023 5998 6014 6015 5983 5949 6063 5981 5986 6086 6065 6062 5989 6078 6019 5991 6021 6003 6051 6041 6043 5992 6010 6020 6003 6016 6026 6041 6070 6055 5954 6029 6029 5967 6025 6059 6001 5995 6010 5974 6023 6006 6052 6005 6030 6023 6120 6000 5999 6046 6032 6020 6057 6088 6004 6023 6043 6035 6082 6097 5978 6058 5967 6041 5987 6031 6018 5974 6062 6023 5955 5982 6072 6020 6001 6027 6030 6082 6043 6043 6042 6014 5992 6092 6027 5974 6024 6047 6040 6024 6029 6026 6028 6076 6039 5993 6113 6070 5962 5981 6002 6059 6005 6091 5973 6002 5998 5990 6001 6047 5966 6028 5978 5985 5985 5984 6006 5974 6051 6063 5991 6068 6007 6105 6022 6003 6013 6087 6009 5963 5996 5989 6009 6022 5996 6048 6015 5991 6025 6035 6088 5995 6053 5947 5967 6042 5992 5937 6010 6036 5976 6067 6046 6035 6014 6065 5992 6025 6058 5993 5981 6000 6045 6048 5968 6020 6029 6027 5989 5997 6027 6025 5985 6010 6041 5998 6022 6071 6016 5976 6086 5988 5999 5974 6029 5951 6072 5977 6007 6049 6038 6029 6044 6092 6055 5986 6042 6004 6071 6018 6063 5979 6039 6010 6014 6001 5996 6016 6024 5994 5980 6043 5998 6010 5960 6005 5987 6012 6029 6024 6008 5965 5954 6007 6026 6064 6012 5992 6005 5987 5988 6068 6008 5978 6015 6025 6026 6062 5977 6047 6005 5935 6035 6004 6001 6007 6077 6063 6031 5992 6021 6004 6077 6024 5998 5996 6004 5997 6070 5973 6069 6010 5971 6035 6042 6009 6043 6072 5972 6081 6033 5984 5992 6042 6028 5985 5975 6004 6005 6037 6025 6024 6004 5976 6049 6032 5996 5954 6007 6010 5985 5992 6066 6062 6030 6006 6058 5982 5983 5988 6036 5994 5983 6063 5978 6009 6000 5969 6069 6062 5988 5990 6052 6008 6040 6011 6005 6029 5961 6015 6014 6036 5993 6026 6043 5958 6024 6024 5988 5989 6030 6037 5958 6019 6046 6067 6004 6048 5954 6002 6004 5956 6053 6023 6021 5987 6007 6010 5992 6006 5983 5994 5992 6048 6013 5972 6008 5987 5981 5981 5970 5997 6047 6017 6025 5995 6020 5997 5998 6028 6086 5989 5985 6006 6000 6038 5999 6029 6021 5980 6021 6017 5990 6039 5995 5975 5987 5977 6005 5985 6030 6023 6009 6037 5963 6079 6011 6037 5960 5973 5965 6002 6024 6006 6009 5985 5999 5998 6013 6007 6005 6003 6013 6126 6035 6025 5973 6015 5996 6024 6063 6015 6055 5989 5986 5997 6054 6044 6005 5994 6034 6065 6024 6021 5999 6007 6016 6014 6020 5964 6009 6036 5977 6024 6079 6017 6028 6009

Tree=0
num_leaves=63
num_cat=0
split_feature=1 9 6 3 3 9 6 3 5 2 3 9 7 9 5 3 9 10 10 5 10 6 1 9 1 10 7 11 6 10 9 1 8 6 11 2 3 6 3 5 3 11 1 5 7 5 7 3 8 10 3 7 10 3 3 9 11 11 9 3 11 7
split_gain=6.00309 3.56779 2.12184 2.18531 1.23007 1.17921 0.945803 0.962573 1.23326 0.812133 0.820229 0.779955 0.839996 0.606815 0.880146 0.611128 0.62645 0.603397 0.771354 0.59527 0.566738 0.566153 0.468408 0.454974 0.454098 0.444884 0.444792 0.658752 0.44054 0.431971 0.401964 0.388595 0.419841 0.3841 0.370641 0.369943 0.368888 0.356731 0.365963 0.354836 0.359676 0.417071 0.353399 0.346785 0.368988 0.343375 0.343219 0.340678 0.378235 0.377877 0.339544 0.337396 0.333989 0.332291 0.330669 0.330282 0.329599 0.328041 0.34595 0.324905 0.321826 0.320811
threshold=2531.3610839843755 -12.457847595214842 5.8833148479461679 -12.575775146484373 -15.574990272521971 -3.7123603820800777 5.8880250453948983 -10.686934947967528 -0.01950722653418779 9.0751600265502947 -2.8814599514007564 -3.3028182983398433 1.3125950098037722 -11.104679107666014 0.77650135755538952 -9.7581548690795881 -7.941631317138671 -14.694976806640623 -27.08635330200195 1.0000000180025095e-35 -12.92483329772949 5.5720651149749765 2323.619750976563 -7.662700653076171 1672.3515625000002 -13.313050746917723 1.1644749641418459 -20.20485687255859 4.4634349346160898 -5.6218857765197745 -12.700458526611326 2738.6508789062505 5.2732601165771493 4.91091012954712 -16.626703262329098 -4.5333299636840811 -18.105010032653805 5.4619598388671884 -6.8528599739074698 0.22067093104124072 -3.4479899406433101 -17.254147529602047 1982.4315185546877 0.96957102417945873 0.77195498347282421 0.44339412450790411 1.0588999986648562 -21.708259582519528 5.5087749958038339 -8.6832776069641096 -8.3230948448181135 2.6877250671386723 -3.1885929107666011 -1.8969500064849851 -17.435424804687496 -11.663894653320311 -17.566814422607418 -19.389620780944821 -9.6998329162597638 -11.265065193176268 -6.9010281562805167 1.6907149553298952
decision_type=2 10 2 2 2 8 2 2 2 2 2 10 2 10 2 2 10 10 8 2 10 2 2 10 2 10 2 8 2 10 10 2 2 2 10 2 2 2 2 2 2 8 2 2 2 2 2 2 2 10 2 2 10 2 2 10 10 10 10 2 10 2
left_child=1 4 3 20 -1 6 7 8 30 11 29 12 52 31 15 16 -15 18 -6 -19 34 46 25 47 -20 33 43 -28 59 -11 -2 36 -33 -14 35 -3 -8 38 -24 50 41 56 -13 -4 -45 -25 57 -10 -49 -50 -26 -35 -5 -27 -37 -22 -41 -9 -59 -7 -39 -44
right_child=5 2 26 9 17 28 13 21 23 10 -12 42 22 14 -16 -17 -18 19 24 -21 55 -23 37 45 39 53 27 -29 -30 -31 -32 32 -34 51 -36 54 -38 60 -40 40 -42 -43 61 44 -46 -47 -48 48 49 -51 -52 -53 -54 -55 -56 -57 -58 58 -60 -61 -62 -63
leaf_value=0.0043439620173476605 0.0043512072116648612 0.0040161039810224647 0.0042040940654232651 0.004382646354829706 0.0045727853672091054 0.0029796597143195522 0.0034380486996434538 0.0063787383766386891 0.0036866046350961402 0.004262084952602864 0.0045015740314309615 0.0066966525713670882 0.0056020558387068625 0.0038963195781775337 0.003482509621262776 0.0041596532252762049 0.0029598423676144223 0.0042547947933628321 0.0055480506727559132 0.0048571437164308829 0.0043660143768505834 0.004208198170164274 0.0044297748363166262 0.003350094755486626 0.0044469535145743033 0.0044696799670055744 0.0040172283916752446 0.0043794473058763935 0.004697102993172597 0.0035089730164131121 0.0036049890377131402 0.0043012519832106256 0.0036448528385322494 0.0047239623951733341 0.0059988450577556779 0.0039770982071603766 0.0043768802345100508 0.0043999789086815819 0.0047457434408180559 0.004841440269230988 0.0046501505164691266 0.0050966712916113086 0.0053817980531298305 0.0042165160191574656 0.0033668707655797325 0.0046349179103670445 0.0044419457043443772 0.0043840508429280342 0.0041678570457506685 0.0033211700074616147 0.0048021041271030353 0.0051887929987700877 0.0033458103656003706 0.0047287892855521737 0.0045843698393117829 0.003755773235327926 0.003802550504325315 0.005613188767999381 0.0043421903598003988 0.0046370195096432859 0.0050288273557783448 0.0047088598106555524
leaf_weight=15030 1340 5624 35296 28218 22926 435 708 245 1659 2169 7546 206 918 6561 6031 16629 1384 7597 1435 4011 1777 22189 9164 1561 6277 18489 9160 65317 9110 2781 8365 2859 3429 24989 200 1881 12358 28700 16292 15059 7609 16432 2015 1570 1707 423 27268 20201 12978 902 13725 2776 506 13852 6046 7045 505 535 953 335 1364 2591
leaf_count=15030 1340 5624 35296 28218 22926 435 708 245 1659 2169 7546 206 918 6561 6031 16629 1384 7597 1435 4011 1777 22189 9164 1561 6277 18489 9160 65317 9110 2781 8365 2859 3429 24989 200 1881 12358 28700 16292 15059 7609 16432 2015 1570 1707 423 27268 20201 12978 902 13725 2776 506 13852 6046 7045 505 535 953 335 1364 2591
internal_value=0.0044053 0.00448631 0.00441435 0.00449772 0.00468034 0.0041963 0.00416816 0.00423999 0.00411016 0.00454893 0.0042391 0.00457473 0.00455813 0.00402636 0.00391551 0.00402177 0.00373319 0.00473324 0.00477061 0.00446293 0.00412892 0.00436028 0.00460588 0.00421362 0.00484491 0.00468237 0.0042778 0.0043349 0.00461945 0.00383897 0.00370802 0.00420167 0.0039433 0.00479705 0.00428946 0.00426423 0.00432601 0.00452181 0.004632 0.00482798 0.00489734 0.00495612 0.00507575 0.00416755 0.00377393 0.00362403 0.00447664 0.00424635 0.00427359 0.00411283 0.00469065 0.00477044 0.00436438 0.00458066 0.00444027 0.00387869 0.00480773 0.00502248 0.00479917 0.00370072 0.00442851 0.00500325
internal_weight=567263 408805 298199 185149 110606 158458 148578 98619 47429 162576 12496 150080 145268 49959 30605 24574 7945 95576 83968 11608 22573 51190 116544 37724 61042 61024 113050 74477 9880 4950 9705 19354 6288 28683 13751 13551 13066 55520 25456 59607 39605 31996 4812 38573 3277 1984 29001 35740 34081 13880 20002 27765 28724 32341 7927 8822 15564 1733 1488 770 30064 4606
internal_count=567263 408805 298199 185149 110606 158458 148578 98619 47429 162576 12496 150080 145268 49959 30605 24574 7945 95576 83968 11608 22573 51190 116544 37724 61042 61024 113050 74477 9880 4950 9705 19354 6288 28683 13751 13551 13066 55520 25456 59607 39605 31996 4812 38573 3277 1984 29001 35740 34081 13880 20002 27765 28724 32341 7927 8822 15564 1733 1488 770 30064 4606
is_linear=0
shrinkage=1


Tree=1
num_leaves=63
num_cat=0
split_feature=0 3 0 10 3 0 2 4 4 0 1 7 3 9 0 2 10 2 0 7 10 7 1 5 7 11 3 11 3 11 9 4 0 11 7 11 3 0 10 10 0 1 3 0 9 2 10 2 0 7 10 9 3 1 9 1 11 1 7 10 3 9
split_gain=5.23512 3.63789 2.81992 2.34458 1.97768 1.94112 1.44535 1.11658 1.08328 1.30709 1.03495 0.801239 0.772946 0.67449 0.653175 0.649448 0.846225 0.630287 0.616971 0.614948 0.60866 0.563384 0.511705 0.483955 0.459721 0.455431 0.453345 0.413131 0.409809 0.407517 0.428993 0.395565 0.392147 0.39064 0.389317 0.3814 0.370809 0.367636 0.366852 0.364164 0.360694 0.358382 0.347641 0.343455 0.343174 0.34272 0.342662 0.400288 0.341247 0.339311 0.390058 0.387734 0.334806 0.333813 0.33275 0.3784 0.366803 0.331754 0.329952 0.328534 0.321862 0.321871
threshold=78.05564117431642 -9.7581548690795881 82.575649261474624 -18.912885665893551 -15.724300384521483 81.153423309326186 4.7259099483489999 0.48738513886928564 0.35437409579753881 82.818595886230483 2510.788940429688 1.0893449783325198 -17.435424804687496 -7.2294960021972647 86.471668243408217 1.0613600015640261 -29.32962608337402 0.3401200026273728 84.977127075195327 1.2332900166511538 -23.666352272033688 1.8291649818420412 2372.6389160156255 -0.99580675363540638 1.1914550065994265 -27.169975280761715 -4.2927200794219962 -18.291339874267575 -3.3902800083160396 -18.211071014404293 -6.316020965576171 0.99835294485092174 80.545829772949233 -29.404716491699215 1.1182099580764773 -26.798704147338864 -18.105010032653805 83.266735076904311 -31.520558357238766 -12.688656330108641 84.029254913330092 2541.0371093750005 -13.904689788818358 79.487361907958999 -9.4681243896484357 3.9652199745178227 -6.7299108505249015 -9.2935900688171369 75.005970001220717 0.61125001311302196 -28.013231277465817 -10.320819854736326 -14.768334865570067 2592.629516601563 -6.0175552368164054 2650.247924804688 -7.8738710880279532 1788.2920532226565 2.9841051101684575 -26.035516738891598 -4.8018500804901114 -3.5237960815429683
decision_type=2 2 2 8 2 2 2 2 2 2 2 2 2 8 2 2 8 2 2 2 10 2 2 2 2 10 2 10 2 8 8 2 2 8 2 8 2 2 8 10 2 2 2 2 10 2 8 2 2 2 10 8 2 2 10 2 10 2 2 10 2 8
left_child=4 2 12 5 36 7 10 19 11 13 25 -5 45 17 20 16 -14 -10 46 43 40 28 -21 -8 -19 31 -23 -20 -9 -13 37 -6 49 -12 48 -25 -1 41 -35 54 -7 -31 -33 -3 -22 -2 47 -4 -27 51 -51 -18 -50 -34 55 -15 -56 -32 -26 -45 -11 -62
right_child=1 3 18 8 6 14 23 21 9 60 33 29 15 39 -16 -17 32 24 27 22 44 26 -24 35 58 34 -28 -29 -30 30 57 42 53 38 -36 -37 -38 -39 -40 -41 -42 -43 -44 59 -46 -47 -48 -49 52 50 -52 -53 -54 -55 56 -57 -58 -59 -60 -61 61 -63
leaf_value=-0.00027108009614315874 -0.00043214346174272577 -0.00027543430913092146 -0.0012824113889076158 -0.00011147243477919216 0.00057126619333970749 -0.00057811858474162651 0.0011431905570382301 9.1820270683144734e-05 0.00020770911213605897 -0.00024534154514775484 -0.0006008413961126485 0.00071087272864543086 -0.00054498956163670249 0.00062207347295669042 -0.001369750760910105 -0.00035230420849092814 -6.2997076821364001e-05 -0.00032704968747751523 -0.00149393888643869 0.00024536502229699009 -7.357734322728312e-05 0.0003243452954446815 -0.00037021125223812346 -0.00079354688737695285 -2.9656824340901375e-05 0.00037164691198857548 0.0012370251510600316 -0.00057721700369676369 -0.00061459924853237346 0.00023780220309958187 0.0015770305945602414 -0.0011365777223380569 8.4640727357313434e-06 -0.00017314390573851108 0.0003607225892947939 -0.00011123282043866981 1.8232796469599232e-05 -0.00010292570744406489 0.00018995706846275639 7.3172732383163986e-05 -0.0012734195945979531 -0.00050107341441571365 0.00025714785998988784 -0.0011774055431998157 -0.00041141485719125204 -0.0012240526131064768 -0.0011245103696772007 -0.00047430694621821557 -0.0014913393823397264 0.00063346900846997386 6.1885535028781107e-05 -0.0022993266983282064 5.5656695556616539e-05 -0.00037771090899092546 -0.00033840388718716226 -0.00024122179058008519 0.0012703691798217622 0.00027921329604968856 0.00040122868354197107 -0.00043282892954207489 -0.00010782721520457124 0.00028941823332308888
leaf_weight=13514 11123 3938 1090 14421 18595 8310 452 13467 21607 30193 1334 2573 5230 8430 1191 17527 324 8099 2676 4559 7305 5694 4107 1477 37464 7301 1028 1114 1456 17114 318 388 7650 5871 56118 11648 14907 10697 18420 6775 1394 1119 1093 1915 14090 949 2004 9785 228 2078 23663 201 12264 6734 1389 899 271 35090 3077 1878 39185 3560
leaf_count=13514 11123 3938 1090 14421 18595 8310 452 13467 21607 30193 1334 2573 5230 8430 1191 17527 324 8099 2676 4559 7305 5694 4107 1477 37464 7301 1028 1114 1456 17114 318 388 7650 5871 56118 11648 14907 10697 18420 6775 1394 1119 1093 1915 14090 949 2004 9785 228 2078 23663 201 12264 6734 1389 899 271 35090 3077 1878 39185 3560
internal_value=-6.96728e-06 -8.41487e-05 -0.000305024 -1.90421e-05 0.000183975 -0.000222358 0.00024774 -2.87554e-05 3.99788e-05 -2.01466e-05 0.000291441 0.000158962 -0.000201037 8.36248e-05 -0.000450449 -0.000145185 -6.6061e-05 2.79402e-05 -0.000775886 -0.000277739 -0.000415243 0.00015986 -4.63695e-05 -0.000143698 -5.19173e-05 0.000351732 0.000463922 -0.00122449 2.28967e-05 0.000217247 0.000197506 0.000521158 -4.44243e-06 6.55984e-05 0.000306925 -0.000188016 -0.000119334 8.32371e-05 0.000102198 0.000303828 -0.000678 0.000192456 -0.000107988 -0.00053709 -0.000296065 -0.000494397 -0.000643873 -0.000555303 0.000154395 8.7496e-05 0.000108028 -0.000919192 2.74214e-05 -0.000172327 0.000446032 0.000538881 -7.57668e-05 0.000290869 3.04673e-06 -0.000808749 -0.000145363 -7.47428e-05
internal_weight=568371 404761 92148 312613 163610 70332 135189 38042 242281 160949 121612 81332 75479 88011 32290 63407 45880 70247 16669 16397 31099 21645 8666 13577 48640 95987 6722 3790 14923 66911 64338 20076 40650 25625 75911 13125 28421 28930 24291 17764 9704 18233 1481 7731 21395 12072 12879 10875 19793 26266 25741 525 12492 14384 10989 9329 1660 35408 40541 3793 72938 42745
internal_count=568371 404761 92148 312613 163610 70332 135189 38042 242281 160949 121612 81332 75479 88011 32290 63407 45880 70247 16669 16397 31099 21645 8666 13577 48640 95987 6722 3790 14923 66911 64338 20076 40650 25625 75911 13125 28421 28930 24291 17764 9704 18233 1481 7731 21395 12072 12879 10875 19793 26266 25741 525 12492 14384 10989 9329 1660 35408 40541 3793 72938 42745
is_linear=0
shrinkage=0.04


Tree=2
num_leaves=63
num_cat=0
split_feature=1 0 0 6 2 3 3 6 10 9 0 6 5 3 6 3 2 7 5 0 5 10 2 2 0 3 8 2 3 0 10 3 2 5 9 1 6 7 2 0 2 0 3 0 2 6 3 7 9 6 10 3 6 3 8 9 2 2 3 10 7 5
split_gain=5.07855 2.98908 2.13904 2.09705 1.95366 1.92386 1.85171 1.59325 1.42203 1.15369 0.855948 0.847236 0.687146 0.659816 0.677206 0.650996 0.587358 0.617713 0.568315 0.531734 0.522609 0.767512 0.5074 0.497416 0.482951 0.462227 0.436498 0.502015 0.389753 0.43658 0.387389 0.406913 0.575725 0.400379 0.390322 0.365657 0.364042 0.362211 0.372736 0.346598 0.347844 0.345376 0.332022 0.331795 0.485025 0.340388 0.367204 0.333894 0.330392 0.329538 0.438417 0.329373 0.325526 0.32504 0.519561 0.341502 0.32296 0.319809 0.602079 0.39063 0.353885 0.316472
threshold=2490.493774414063 77.958396911621108 79.974754333496108 5.9470150470733651 -11.110320091247557 -11.265065193176268 -12.575775146484373 5.6224548816680917 -11.530130386352537 -3.3028182983398433 85.124172210693374 5.3507750034332284 0.37828540802001959 -13.673569679260252 6.2795050144195566 -20.427824974060055 8.1341948509216326 1.6840150356292727 0.8553963601589204 82.818595886230483 0.018831706605851654 -9.6911077499389631 2.7243099212646489 -10.906304836273192 79.813091278076186 -2.0957900285720821 4.8323001861572275 3.8316199779510502 -2.9389600753784175 82.529495239257827 -5.4187927246093741 3.79778003692627 3.769590020179749 -0.84539481997489918 -6.316020965576171 2699.770629882813 6.3716599941253671 0.87517499923706066 8.8868350982666033 82.166778564453139 6.5673499107360849 83.858814239501967 -7.5574848651885977 82.03339004516603 -3.9604899883270259 6.0260250568389901 -7.5574848651885977 2.2844550609588627 -7.8624496459960929 5.1872951984405526 -13.550027847290037 -10.686934947967528 5.9619147777557382 -1.7703400254249571 5.4049751758575448 -6.7475318908691397 -5.2439000606536856 8.5646100044250506 -2.9389600753784175 -3.1885929107666011 2.4608600139617924 -0.87967571616172779
decision_type=2 2 2 2 2 2 2 2 10 8 2 2 2 2 2 2 2 2 2 2 2 8 2 2 2 2 2 2 2 2 10 2 2 2 10 2 2 2 2 2 2 2 2 2 2 2 2 2 10 2 10 2 2 2 2 8 2 2 2 10 2 2
left_child=1 8 15 6 52 10 39 -7 13 11 22 30 61 -1 26 -2 17 24 37 28 25 23 48 -22 -13 49 -15 -28 -14 -30 31 33 -33 -8 -34 -23 -10 -5 43 -3 -41 -20 -18 -39 47 -46 -47 -45 -6 -17 -51 -26 -4 54 -40 -55 -21 60 -59 -60 -11 -9
right_child=2 3 4 18 5 7 9 12 36 57 -12 16 19 14 -16 20 42 -19 41 56 21 35 -24 -25 51 -27 27 -29 29 -31 -32 32 34 -35 -36 -37 -38 38 53 40 -42 -43 -44 44 45 46 -48 -49 -50 50 -52 -53 -54 55 -56 -57 -58 58 59 -61 -62 -63
leaf_value=0.00011533808669551577 -0.0004853701530766051 -0.00023412585979419018 -0.0006623789479994986 -0.00028419753508368946 -0.00031834505657367526 6.5292394437386437e-05 0.00061325171730959571 9.1674617788223441e-05 -5.4741584626224151e-05 0.00072593770128343254 -0.0013573924965227125 0.00020426315207797933 -0.0001534849604126066 0.00072633854180442303 8.1239543209039327e-05 -1.0482427527281522e-05 -0.00091480320575265369 0.00017477698215691149 -0.00032082107930178508 -0.0011370720044576788 -0.00014575939482155232 0.00075978596686696531 -0.00085625768296061127 0.0001091191090481854 -0.00077300486616473389 0.00089025191076906043 0.00041599157873630914 6.1622991661872654e-06 -0.00095153711267053731 0.00077321877328440883 1.0780500461098664e-05 -6.8948516697335665e-05 0.0032786890615746052 0.00023347546918971683 0.0010520469137984113 8.7783835583267884e-05 -0.0010511901567644272 1.3141365775575769e-05 0.0010513451861670292 -0.00060968911117904672 -0.00233589309917354 -0.0010320949220596451 -0.00016248772483872396 -0.0005748853135021585 -0.00042869096111131593 -0.00064650398693533975 -2.9553343511311748e-05 -0.0020853714094072866 -0.00080504421182987535 -3.7474542366783755e-05 -0.00070564725338393363 -8.4462504982765529e-05 -0.0012920506462562554 -0.0002610357807006349 -0.00038811236982188609 0.00071924579517344215 -0.00057068902944546656 -0.00091673209695022407 0.00068622438045053721 -0.00026941628858135063 0.00021414239934074278 -0.00023576332345878574
leaf_weight=21174 4198 14083 2322 14049 16529 34550 5450 5818 15310 7907 1896 10391 7775 6485 11410 4513 1037 48247 12273 2196 17909 3606 4498 38778 1152 573 56668 5223 2003 266 7685 347 227 24004 283 2022 610 25502 502 2101 205 1199 9893 904 5586 1675 19672 316 2580 2527 4154 31692 3025 728 1998 2597 6045 681 2227 988 2975 25088
leaf_count=21174 4198 14083 2322 14049 16529 34550 5450 5818 15310 7907 1896 10391 7775 6485 11410 4513 1037 48247 12273 2196 17909 3606 4498 38778 1152 573 56668 5223 2003 266 7685 347 227 24004 283 2022 610 25502 502 2101 205 1199 9893 904 5586 1675 19672 316 2580 2527 4154 31692 3025 728 1998 2597 6045 681 2227 988 2975 25088
internal_value=4.86274e-06 9.05635e-05 -0.000161968 1.46839e-05 -0.000272068 -0.000235528 9.57996e-05 -0.000142893 0.000258433 0.000138504 -0.000539701 0.000103121 -0.000289116 0.000313837 0.000366516 -7.97531e-07 4.32716e-05 7.63831e-05 -0.000145285 -0.00048348 2.66617e-05 7.28284e-05 -0.000474028 2.85959e-05 -3.34171e-05 -0.000217825 0.00041412 0.000381406 -0.000288092 -0.00074934 0.000264435 0.000328746 0.00118794 0.000303747 0.00204312 0.000518352 -9.29221e-05 -0.000101524 -5.83777e-05 -0.000308561 -0.000763146 -0.000384124 -0.000233865 -9.13704e-05 -0.000186041 -0.000150705 -7.79626e-05 -0.000966126 -0.000384057 -0.000274546 -0.00045292 -0.000108613 -0.00101861 0.000245523 -9.90693e-05 0.000504616 -0.000721615 0.000474679 0.000163692 0.000392547 0.000586019 -0.000174124
internal_weight=568327 375456 192871 258576 114591 109244 171575 83741 116880 155186 25503 140408 49191 100960 79786 78280 102412 91482 87001 18285 74082 62315 23607 56687 43235 11767 68376 61891 10044 2269 37996 30311 857 29454 510 5628 15920 73529 59480 16389 2306 13472 10930 53655 28153 26933 21347 1220 19109 11194 6681 32844 5347 5825 2500 3325 8241 14778 3896 3215 10882 30906
internal_count=568327 375456 192871 258576 114591 109244 171575 83741 116880 155186 25503 140408 49191 100960 79786 78280 102412 91482 87001 18285 74082 62315 23607 56687 43235 11767 68376 61891 10044 2269 37996 30311 857 29454 510 5628 15920 73529 59480 16389 2306 13472 10930 53655 28153 26933 21347 1220 19109 11194 6681 32844 5347 5825 2500 3325 8241 14778 3896 3215 10882 30906
is_linear=0
shrinkage=0.04


Tree=3
num_leaves=63
num_cat=0
split_feature=1 0 6 3 0 2 3 5 0 3 3 2 2 5 10 0 0 6 6 10 7 8 0 10 2 10 3 3 5 10 5 0 3 3 6 7 1 7 0 0 10 1 3 8 1 5 0 2 3 10 7 10 0 4 10 6 5 7 5 6 10 4
split_gain=5.25602 2.61791 1.73437 2.149 1.6334 1.5701 1.43822 1.47335 0.844616 0.811587 0.750394 0.685651 0.679012 0.808711 0.865726 0.683417 0.647911 0.647615 0.623224 0.613303 0.628 0.603818 0.60154 0.592755 0.636207 0.567846 0.549268 0.512746 0.505443 0.498485 0.474261 0.469125 0.457701 0.455946 0.440456 0.423348 0.408105 0.40632 0.404996 0.396669 0.365706 0.38795 0.357735 0.380035 0.386179 0.353798 0.351755 0.392213 0.348743 0.410477 0.348196 0.510001 0.408055 0.340293 0.334187 0.424154 0.401829 0.332279 0.332144 0.329642 0.328772 0.31948
threshold=2490.493774414063 77.958396911621108 5.8833148479461679 -12.156129837036131 81.195270538330092 6.2122299671173105 -9.7581548690795881 0.39286614954471594 84.147853851318374 -15.174535274505613 -18.105010032653805 -11.110320091247557 -10.482110023498533 -0.058179751038551324 -28.502314567565914 79.974754333496108 83.917366027832045 5.4907548427581796 6.2340497970581064 -10.560141086578367 1.4384050369262698 5.7818448543548593 80.789806365966811 -35.135868072509759 9.0751600265502947 -15.554244041442869 -2.8814599514007564 -6.1417949199676505 -0.92908683419227589 -20.877754211425778 -0.92282095551490773 84.328586578369155 -16.856049537658688 -8.0137248039245588 5.6617298126220712 3.1539049148559575 2753.3437500000005 1.0893449783325198 75.544380187988295 82.718948364257827 -10.930830955505369 2457.783325195313 -0.99159500002861012 6.6946401596069345 2216.644653320313 0.13124828040599826 83.42065811157228 -2.8459850549697872 4.2286601066589364 -6.5707414150238028 1.1364649534225466 -10.650908470153807 84.086593627929702 0.40091542899608618 -12.03587770462036 5.8032047748565683 -0.078655734658241258 0.54901999235153209 -0.078655734658241258 5.8743450641632089 -25.268777847290036 0.45032772421836859
decision_type=2 2 2 2 2 2 2 2 2 2 2 2 2 2 10 2 2 2 2 8 2 2 2 10 2 8 2 2 2 10 2 2 2 2 2 2 2 2 2 2 10 2 2 2 2 2 2 2 2 10 2 8 2 2 8 2 2 2 2 2 10 2
left_child=1 5 3 39 10 9 8 17 58 21 -2 60 15 27 32 38 34 50 40 20 31 -1 -22 -5 37 45 -26 -14 -7 -18 -21 -4 -15 -24 -13 48 -10 -25 -12 -3 54 -42 46 59 -45 57 -39 -48 49 53 51 52 -8 -32 56 -56 -11 -19 -6 -44 -9 -31
right_child=4 2 19 23 6 28 7 11 36 18 12 16 13 14 -16 -17 29 25 -20 30 22 -23 33 24 26 -27 -28 -29 -30 61 35 -33 -34 -35 -36 -37 -38 42 -40 -41 41 -43 43 44 -46 -47 47 -49 -50 -51 -52 -53 -54 -55 55 -57 -58 -59 -60 -61 -62 -63
leaf_value=0.00016846223987701677 -0.00036530863118324343 -0.00026719614349411414 -0.000227681967066353 0.00048938679606905493 -0.00078467860882787334 0.00040323698789344008 0.0023728158748566775 -0.0010505616474076921 -0.0013638422440116493 -1.9782031839713457e-05 0.00014214590315122326 5.8794623709733959e-05 -0.00039374720273024455 0.0020211556213290756 4.6405546573353201e-05 -0.00083070233545056815 -0.0011985669061619656 -0.0019415832573734825 7.4336158660357897e-05 0.00025465231295892783 0.00016096708259826954 -0.00037285853482940071 -0.00065427406676631409 -6.5996034289569119e-05 -0.00055030866540485665 -8.2992619637316576e-05 3.9907031067398555e-05 0.00015727480022856746 -0.00042347101903859874 0.0001647206451704792 -0.00059506724860973372 -0.0005925707191234349 0.00048739340157278335 -0.00011458003924813637 -0.00043281987578161095 0.0015724252309149303 -0.00063361986445660534 0.00017683913054674931 -0.00026395744492360744 -0.00089677333855526706 1.7229254978398483e-05 0.0014481750557948864 0.00025787283378375479 0.0019572034831785499 -7.2204774543965534e-05 -0.00015137651711443279 -0.0006648889932274561 3.2136905782168405e-05 0.00042296480932109231 -0.00060129711493644132 8.3451138004999258e-05 -0.00079879139077487261 0.00025777294874495388 4.1986366658159469e-05 0.00045050854720771785 0.00098147396251235092 0.00037811192486024854 -0.00058980783156070671 -0.00036111425448557112 0.0015318645986991631 -0.0027091616954721879 -0.00065458399328666237
leaf_weight=11421 12232 15552 33095 7362 3761 1417 361 1419 2773 4400 5589 4665 10010 332 49719 2639 2385 309 13983 10399 12782 4635 2849 12837 3924 22441 7065 3701 7174 954 1624 6795 4994 20719 7777 238 2193 62087 13230 1785 6489 318 26460 428 231 3523 1389 18429 1621 3080 14300 203 245 7715 11366 3054 52699 4980 13946 329 221 3774
leaf_count=11421 12232 15552 33095 7362 3761 1417 361 1419 2773 4400 5589 4665 10010 332 49719 2639 2385 309 13983 10399 12782 4635 2849 12837 3924 22441 7065 3701 7174 954 1624 6795 4994 20719 7777 238 2193 62087 13230 1785 6489 318 26460 428 231 3523 1389 18429 1621 3080 14300 203 245 7715 11366 3054 52699 4980 13946 329 221 3774
internal_value=-1.07515e-05 7.63478e-05 5.37034e-06 8.81596e-05 -0.00018061 0.000233404 -0.000304708 -0.000212192 -0.00058037 0.000274669 -7.13099e-05 -0.000488468 -3.1447e-05 2.98588e-05 9.83251e-05 -0.000227884 -0.000422583 -8.58891e-05 0.000320324 -0.000124148 -0.000180249 1.21953e-05 -5.99871e-05 0.000139992 0.000120678 -0.000189836 -0.00017085 -0.00024501 -0.000287114 -0.000727097 4.91767e-05 -0.000289838 0.000583002 -0.000179821 -0.000248494 -0.000100476 -0.00104137 0.000146896 -0.00014335 -0.000332017 0.000364238 8.40782e-05 0.000171888 0.000296863 0.00124583 -0.000461926 0.000130006 -1.67161e-05 -0.000128834 -0.000200858 0.000129124 0.000936448 0.00151772 -6.87937e-05 0.000390903 0.000562961 0.000347451 -0.000668783 -0.00045108 0.000273519 -0.00127407 -0.000489267
internal_weight=568427 375751 258795 157878 192676 116956 90230 67557 22673 108365 102446 21195 90214 68756 55045 21458 19555 46362 92309 100917 76240 16056 36350 140541 133179 31253 10989 13711 8591 7113 24677 39890 5326 23568 12442 14278 4966 122190 18819 17337 78326 6807 109353 27448 659 8812 81905 19818 14040 12419 15109 809 606 9339 71519 14420 57099 5289 17707 26789 1640 4728
internal_count=568427 375751 258795 157878 192676 116956 90230 67557 22673 108365 102446 21195 90214 68756 55045 21458 19555 46362 92309 100917 76240 16056 36350 140541 133179 31253 10989 13711 8591 7113 24677 39890 5326 23568 12442 14278 4966 122190 18819 17337 78326 6807 109353 27448 659 8812 81905 19818 14040 12419 15109 809 606 9339 71519 14420 57099 5289 17707 26789 1640 4728
is_linear=0
shrinkage=0.04


Tree=4
num_leaves=63
num_cat=0
split_feature=0 3 6 0 10 10 2 3 0 2 11 3 11 3 10 8 2 0 5 6 5 6 2 11 5 0 8 5 1 10 6 10 1 6 2 2 4 4 8 0 2 1 2 6 8 6 8 1 8 5 2 3 6 5 0 8 11 8 6 3 8 4
split_gain=4.4972 3.37276 2.56731 2.42034 1.56677 1.45524 1.2337 1.18679 1.11918 1.04895 0.92292 0.881775 0.699251 0.688192 0.686128 0.61706 0.583013 0.534648 0.571092 0.518101 0.50865 0.493021 0.491729 0.554411 0.473781 0.485221 0.525845 0.475089 0.446829 0.435223 0.417588 0.416895 0.403003 0.601877 0.401227 0.39638 0.409711 0.5172 0.415889 0.395692 0.640528 0.388243 0.382754 0.378806 0.359672 0.350275 0.327481 0.326002 0.318227 0.374101 0.314036 0.311529 0.311336 0.30889 0.30605 0.305787 0.30441 0.301687 0.30117 0.299211 0.338277 0.319309
threshold=78.05564117431642 -7.2706699371337882 5.6520900726318368 81.733409881591811 -17.716237068176266 -13.155060291290281 4.4403400421142587 -15.724300384521483 81.278514862060561 -14.846980094909666 -6.5186696052551261 -14.898355007171629 -12.355657577514647 -11.958175182342528 -14.240702152252195 5.5822050571441659 -11.32705497741699 86.471668243408217 0.65151444077491771 5.4503698348999032 -0.56113901734352101 6.2609150409698495 10.480635166168215 -7.5781273841857901 -0.93510058522224415 82.166778564453139 5.9943749904632577 -0.8262936770915984 2469.495483398438 -11.112005710601805 6.1029250621795663 -8.5623931884765607 2399.284545898438 5.8928148746490487 1.5515400171279909 7.7350049018859872 0.94325852394104015 0.67480584979057323 5.9098351001739511 82.96472549438478 -2.4495099782943721 2273.6171875000005 7.3775000572204599 5.294610023498536 5.3113448619842538 5.6663548946380624 4.5949549674987802 1873.3951416015627 5.7270348072052011 -0.24936726689338681 -11.110320091247557 -17.866109848022457 5.8412749767303476 -0.90249919891357411 86.981155395507827 5.3487651348114023 -13.021527290344237 5.8652350902557382 4.91091012954712 -6.5854201316833487 5.3168151378631601 0.70288297533988964
decision_type=2 2 2 2 8 10 2 2 2 2 8 2 8 2 8 2 2 2 2 2 2 2 2 8 2 2 2 2 2 10 2 10 2 2 2 2 2 2 2 2 2 2 2 2 2 2 2 2 2 2 2 2 2 2 2 2 10 2 2 2 2 2
left_child=5 3 22 6 8 7 9 48 21 41 24 34 -13 15 32 -5 -10 20 -19 -15 -18 28 23 39 29 27 -27 31 -4 30 -6 53 33 -9 -11 36 37 38 -16 47 -41 -2 51 54 -37 -17 -38 56 49 -1 -51 -7 -43 -26 -25 -44 -3 -23 -8 60 -22 -62
right_child=1 2 4 13 10 42 58 14 16 11 -12 12 -14 19 35 45 17 18 -20 -21 59 57 -24 43 25 26 -28 -29 -30 -31 -32 -33 -34 -35 -36 44 46 -39 -40 40 -42 52 55 -45 -46 -47 -48 -49 -50 50 -52 -53 -54 -55 -56 -57 -58 -59 -60 -61 61 -63
leaf_value=-0.0016329751160810702 0.0004141216119641767 0.00043819077156812832 0.00017038376319674628 -0.00046789792115822847 9.4877431455520067e-05 -0.00038694166460658669 4.2718905174556572e-05 0.00042270602125109562 -0.0012107149775907858 -0.00018067031746147675 0.00024749642119271644 1.5341434792710178e-05 0.00063293539083861218 -8.6628848456650218e-05 0.00024525455000740418 -0.00075126586879902207 0.00090075239844010502 -0.00042441598786560657 -0.0020741883017598205 -0.00046890759303497314 0.0010155427224499865 -0.00043165337627563109 -0.00025923888357544048 0.00083046699275101212 0.00053081985283996225 -0.0002608534006814648 5.1114050555581042e-05 0.00010126349108290822 -0.00026828363384359102 0.00024987750424749003 -0.00050150088135394902 -0.0010774416402668165 0.00012689974411160724 0.00015964561115059829 -0.00067481711418102604 -0.001006123581519794 0.0013322027403027017 0.00086189784247904652 0.001209377655060398 -0.00055585312761594443 9.6233601357272069e-05 -0.00039187124387229087 -0.00085686982606997459 0.00026222456443756432 0.00033506999767961954 -0.0013361257836745823 0.0002217030932066138 0.00020898676909779333 -0.00029487954919204157 -0.00025548224698892434 0.00016661964182208399 4.5996193146409522e-05 -0.0011886350147741302 -0.00043997064237464889 -3.9913163945059272e-05 -0.0001940544165779547 0.0018955634660060608 0.00023556143182384617 -0.00059986116052864185 -0.00042809006361895836 -0.0015053555255639367 0.00011620801725582895
leaf_weight=208 425 680 12360 9047 5197 3096 1332 29982 1527 18894 19665 53915 3102 8033 5369 4433 501 735 618 19304 489 7249 4104 4292 791 34159 11574 22498 5312 13452 2942 1032 34574 25970 3054 525 451 7907 826 2597 33502 1305 1596 8517 819 2599 7337 47462 5635 3612 12863 18853 1968 1556 761 3685 346 1275 9422 21014 250 872
leaf_count=208 425 680 12360 9047 5197 3096 1332 29982 1527 18894 19665 53915 3102 8033 5369 4433 501 735 618 19304 489 7249 4104 4292 791 34159 11574 22498 5312 13452 2942 1032 34574 25970 3054 525 451 7907 826 2597 33502 1305 1596 8517 819 2599 7337 47462 5635 3612 12863 18853 1968 1556 761 3685 346 1275 9422 21014 250 872
internal_value=1.14845e-06 -7.04306e-05 1.22394e-05 -0.000231942 -8.53269e-05 0.000178295 -0.000117255 0.000231709 -0.000266531 -6.48247e-05 -1.51751e-06 -3.39895e-05 4.89415e-05 -0.000478711 0.000284031 -0.000686363 -0.000452417 -0.000405115 -0.00117797 -0.000356575 -0.000359899 -8.19932e-05 0.000169729 0.000187665 -5.40583e-05 -0.000103579 -0.000181901 3.48414e-05 3.85254e-05 0.000110185 -0.000120695 -0.000407409 0.000234264 0.000300607 -0.000249429 0.000477938 0.000518876 0.000647479 0.000373804 0.000149588 4.93218e-05 -0.000723262 -8.86324e-05 0.000425008 -0.000188834 -0.000967428 0.000286012 0.000224236 -3.49887e-05 5.27943e-05 7.40775e-05 -1.50715e-05 -0.000870952 -0.000112789 0.000699385 -0.000394367 0.000929663 -0.000331853 -0.000520271 -0.000387814 0.000137551 -0.000245103
internal_weight=567470 404162 267329 136833 165068 163308 93417 136078 52202 82663 112866 78965 57017 43416 113760 16079 26006 24479 1353 27337 23126 26196 102261 98157 93201 71610 45733 25877 17672 21591 8139 3379 90526 55952 21948 23234 21890 14102 6195 84587 36099 3698 27230 13570 1344 7032 7788 48488 22318 16683 16475 21949 3273 2347 5053 5281 1026 8524 10754 22625 1611 1122
internal_count=567470 404162 267329 136833 165068 163308 93417 136078 52202 82663 112866 78965 57017 43416 113760 16079 26006 24479 1353 27337 23126 26196 102261 98157 93201 71610 45733 25877 17672 21591 8139 3379 90526 55952 21948 23234 21890 14102 6195 84587 36099 3698 27230 13570 1344 7032 7788 48488 22318 16683 16475 21949 3273 2347 5053 5281 1026 8524 10754 22625 1611 1122
is_linear=0
shrinkage=0.04


Tree=5
num_leaves=63
num_cat=0
split_feature=1 9 9 6 5 4 9 10 6 9 5 6 1 8 7 11 2 6 2 6 5 9 2 2 11 1 8 10 1 6 10 8 6 6 10 4 10 5 1 11 11 5 6 10 5 11 2 2 7 6 9 10 1 4 11 7 8 8 1 9 4 8
split_gain=4.04733 2.42921 1.31962 1.12977 0.654345 1.04286 0.961869 0.808911 0.582554 0.761341 0.660305 0.561801 0.556372 0.60634 0.514341 0.469774 0.764865 0.535228 0.46466 0.460182 0.444946 0.40176 0.544677 0.442245 0.395789 0.428861 0.409355 0.395055 0.394559 0.393346 0.388793 0.378097 0.366043 0.392102 0.581789 0.362125 0.357765 0.355518 0.349672 0.345847 0.340534 0.327203 0.326141 0.324565 0.406389 0.331547 0.319509 0.317558 0.321687 0.355016 0.3172 0.310335 0.304777 0.299696 0.353893 0.29891 0.298096 0.304144 0.296504 0.294786 0.377767 0.395375
threshold=2463.529907226563 -16.190525054931637 -3.5237960815429683 6.3581800460815439 0.1806575953960419 0.35437409579753881 -9.136161804199217 -10.836639881134031 5.6757400035858163 -12.151622772216795 0.87230813503265392 5.714099884033204 2600.2666015625005 6.0178499221801767 0.75227001309394848 -21.250198364257809 2.7243099212646489 4.7537248134613046 11.256070137023928 5.4561650753021249 -0.95163592696189869 -8.939689636230467 5.0136799812316903 -0.56482002139091481 -12.355657577514647 2273.6171875000005 6.7873251438140878 -12.452075958251951 2480.4902343750005 5.8222498893737802 -29.920345306396481 5.4099447727203378 4.4634349346160898 5.2228147983551034 -5.2158045768737784 0.27924011647701269 -2.5081520080566402 0.036232925951480872 2592.629516601563 -3.7210408449172969 -36.934146881103509 0.9529433846473695 4.7157151699066171 -6.5707414150238028 -0.94098758697509755 -15.65664482116699 2.984549999237061 -2.765200018882751 1.8821350336074831 5.0406248569488534 -7.4886131286621085 -4.7760906219482413 2968.838012695313 0.47999057173728948 -11.743442058563231 0.75227001309394848 5.7705202102661142 5.4398798942565927 2816.2377929687505 -5.3121490478515616 0.11149511858820917 5.4148647785186776
decision_type=2 10 8 2 2 2 10 10 2 10 2 2 2 2 2 10 2 2 2 2 2 10 2 2 10 2 2 10 2 2 10 2 2 2 8 2 10 2 2 10 10 2 2 10 2 10 2 2 2 2 10 10 2 2 10 2 2 2 2 10 2 2
left_child=1 -1 8 4 5 14 30 19 15 12 20 47 -10 -14 18 16 17 37 -3 -7 -11 22 -22 55 -21 26 27 -26 -4 -12 -6 58 -30 34 -34 43 -9 -2 -33 -25 -19 -37 56 45 51 -5 -36 48 -8 -50 -44 -45 -17 -29 -55 -23 57 -18 -31 -16 61 -61
right_child=2 3 28 35 6 7 11 36 9 10 29 -13 13 -15 59 52 42 40 -20 24 21 23 -24 39 25 -27 -28 53 32 31 -32 38 33 -35 46 41 -38 -39 -40 -41 -42 -43 50 44 -46 -47 -48 -49 49 -51 -52 -53 -54 54 -56 -57 -58 -59 -60 60 -62 -63
leaf_value=0.00037628715561071691 0.0011798536401483224 -0.00045642333484378336 -0.00050343935274278339 0.0010651267518144135 -1.040391600663358e-05 0.00021157704126867867 0.00019374969932097968 -0.00014329788264601096 0.00015234467653109265 0.00019490382954613403 0.00010217555983166893 -0.00024220889690709601 -0.00012978600773099261 -0.0010139726230976257 0.00012339934521194941 1.0628435258054366e-05 0.00031792486894595547 -0.00073704349277039941 0.00063050645437562715 -0.00011172675693701081 -0.00013613871877751296 -0.0013283201611750286 -0.00084240757753953799 -0.00029525176268796791 0.00025240127477057015 -7.1093096849611222e-05 -0.0014046680147293956 -0.00019371870429449374 -0.00044098878299094694 -0.00034917929087729949 0.00022674152993862621 -0.00065836531687633025 0.002793869490760866 0.0002494887393599987 0.00098522115888108591 -0.00011426100857421393 -0.00046639072364009106 0.00016569707282657899 -0.0014768802145268451 0.0008886503550775386 -0.00012617177021835861 0.0012832150474765941 -0.00069889151127152326 0.0019438387653416525 -0.00063848297484219081 -0.00051478147390821764 -1.7201177657970902e-05 0.00028681520068848541 0.00059175900036279928 -0.00064543376178769309 0.00015881323897098642 0.000116277897472565 -0.00058968934662039136 0.0027812242146362277 0.0009482016649973743 -0.00052775147858209141 0.0011284260692144309 -0.0011278116725258189 -0.0012973221210423409 0.00095177317975913493 -6.0892866552329813e-06 0.00034082981556793796
leaf_weight=39507 695 3505 1037 218 12735 16882 2630 36501 12270 3401 1076 14618 12727 1375 31385 47275 565 1524 767 32185 31126 810 1851 22029 6066 8076 208 278 960 3954 84169 1816 218 8911 1429 18554 6453 2708 1546 402 34819 272 6943 274 450 8455 790 7551 448 2162 766 325 1393 204 969 9476 322 396 609 1997 4105 11201
leaf_count=39507 695 3505 1037 218 12735 16882 2630 36501 12270 3401 1076 14618 12727 1375 31385 47275 565 1524 767 32185 31126 810 1851 22029 6066 8076 208 278 960 3954 84169 1816 218 8911 1429 18554 6453 2708 1546 402 34819 272 6943 274 450 8455 790 7551 448 2162 766 325 1393 204 969 9476 322 396 609 1997 4105 11201
internal_value=-2.63343e-06 8.06944e-05 -0.000139365 4.3461e-05 6.74841e-05 1.41988e-05 0.000136402 -5.71975e-05 -0.000164831 -0.000230444 -0.000293194 -7.28092e-05 -4.46204e-05 -0.000215998 0.000159555 -9.44612e-05 -0.000182242 -0.000106872 -0.000261275 3.1957e-05 -0.000251214 -0.00027431 -0.000175782 -0.000373622 -3.12353e-05 0.000132718 0.000345789 0.000394225 0.00024587 -0.000615446 0.000195576 -0.00071288 0.000309002 0.000372449 0.000822058 -0.000196447 -0.000191836 0.00037282 -0.00103476 -0.000274034 -0.000151788 -9.40701e-05 -0.00051539 -0.000394692 0.000269862 -0.00047507 0.000628343 0.000120787 -0.000118465 -0.000433073 -0.000613666 0.000952257 -6.55416e-06 0.000987128 0.00126699 -0.000590795 7.51109e-05 -0.000277821 -0.000475723 0.00019648 0.000329037 0.000433272
internal_weight=568369 353150 215219 313643 285095 160782 124313 107822 201874 104468 78096 27409 26372 14102 52960 97406 48738 39746 4272 64868 69095 65694 32977 32717 47986 15801 7725 7517 13345 9001 96904 7925 12308 11348 2437 28548 42954 3403 3362 22431 36343 18826 8992 9722 1049 8673 2219 12791 5240 2610 7709 599 48668 1451 1173 10286 1283 961 4563 48688 17303 13198
internal_count=568369 353150 215219 313643 285095 160782 124313 107822 201874 104468 78096 27409 26372 14102 52960 97406 48738 39746 4272 64868 69095 65694 32977 32717 47986 15801 7725 7517 13345 9001 96904 7925 12308 11348 2437 28548 42954 3403 3362 22431 36343 18826 8992 9722 1049 8673 2219 12791 5240 2610 7709 599 48668 1451 1173 10286 1283 961 4563 48688 17303 13198
is_linear=0
shrinkage=0.04


Tree=6
num_leaves=63
num_cat=0
split_feature=1 9 0 6 3 5 2 2 3 0 6 3 3 3 8 0 9 9 0 2 2 2 7 7 9 9 0 1 8 2 8 9 4 4 5 0 7 1 8 1 0 5 9 7 6 7 2 6 8 0 9 1 4 2 6 3 0 2 2 9 7 0
split_gain=3.98236 2.67852 1.69769 1.56666 1.68547 1.51406 0.83823 0.76582 0.756516 0.755483 0.734949 0.733127 0.676594 0.647788 0.613759 0.592439 0.805959 0.539114 0.5359 0.510993 0.583934 0.504945 0.487131 0.477306 0.455094 0.444455 0.42583 0.417313 0.392388 0.383359 0.381941 0.37564 0.420639 0.360079 0.396446 0.584225 0.535113 0.399442 0.355347 0.353291 0.332941 0.321031 0.319224 0.311726 0.295144 0.292074 0.289254 0.362298 0.443021 0.286474 0.285684 0.285147 0.318452 0.284 0.283088 0.281974 0.28928 0.862926 0.457107 0.497542 0.330865 0.323763
threshold=2531.3610839843755 -13.056270599365233 81.195270538330092 5.9470150470733651 -12.575775146484373 -0.83575358986854542 9.0751600265502947 -10.275044918060301 -12.156129837036131 78.05564117431642 5.5669348239898691 -13.106324672698973 -18.105010032653805 -2.8814599514007564 5.5873398780822763 81.694053649902358 -3.3028182983398433 -7.1395606994628897 83.111602783203139 -8.0987248420715314 5.0136799812316903 -7.9369149208068839 1.4455950260162356 1.7443699836730959 -6.3724365234374991 -16.674602508544918 79.974754333496108 1971.4048461914065 5.037144899368287 -0.14620000123977658 6.2082951068878183 -8.7371597290039045 0.99835294485092174 0.99489283561706554 0.79983872175216686 81.991149902343764 1.1547449827194216 2288.530883789063 5.1325252056121835 2225.585571289063 83.111602783203139 0.40691696107387548 -12.109718322753904 2.9002000093460087 5.7801249027252206 1.2665799856185915 -2.0485249757766719 5.8460547924041757 5.8467748165130624 79.772056579589858 -14.030918121337889 2634.855834960938 0.89512982964515697 8.7200250625610369 5.7472200393676767 -19.590699195861813 82.529495239257827 5.3854548931121835 0.3401200026273728 -6.5966567993164054 1.1456300020217898 87.139148712158217
decision_type=2 10 2 2 2 2 2 2 2 2 2 2 2 2 2 2 10 10 2 2 2 2 2 2 10 10 2 2 2 2 2 10 2 2 2 2 2 2 2 2 2 2 10 2 2 2 2 2 2 2 10 2 2 2 2 2 2 2 2 10 2 2
left_child=1 11 12 4 9 24 15 -7 14 -3 -10 -1 49 -8 31 17 21 29 -16 26 -21 38 41 -23 30 -13 28 -18 50 -6 -4 -9 45 34 55 36 -36 -37 -17 -31 -11 -12 -41 -29 -20 -33 47 -25 -49 -2 -14 -24 -53 -27 -28 -5 58 61 -57 60 -60 -58
right_child=2 3 5 33 6 7 13 8 10 40 22 25 19 -15 18 16 27 -19 44 20 -22 23 51 46 -26 53 54 43 -30 39 -32 32 -34 -35 35 37 -38 -39 -40 42 -42 -43 -44 -45 -46 -47 -48 48 -50 -51 -52 52 -54 -55 -56 56 57 -59 59 -61 -62 -63
leaf_value=6.3907784353058885e-05 -0.00024790951206737644 4.5688097991614308e-05 -0.00029790946871945036 -0.0013173233691352838 0.000269878431262573 -0.00096844063046317395 -0.00052271733973185107 -0.0001583244141727172 -7.685951132851202e-05 -0.00032724077338751475 -0.00042610811375513142 0.00043056371753383927 0.0005844585905640813 3.8726534082742795e-05 -0.00058746028604335647 0.00075235345577821138 0.0022799982388296402 0.00059839020581462974 -0.0011626828905186338 0.00011778439635621611 -0.0003769254547332534 -7.9230809065253851e-05 -0.00010047444987257435 -0.00033385686022932966 0.00044670938451835259 0.00024349533894559759 -4.602335166414079e-05 0.00056568575350862411 -0.00017860961058156468 0.00023215560647345729 0.0014284841231032533 -0.0014725501151049451 -0.001993641501552258 -0.00043221615110326436 -0.0003793867377765676 -0.00019028978887003259 8.7213374863530333e-05 -0.00092247443786331413 -0.0010932528869732588 0.00045276758670994476 -0.00092916345166399645 -0.00085942657243545065 -3.2018698100632752e-05 -0.00051544735484979965 -0.0022249853628485746 -0.0003706139820375852 0.00016829635809933934 0.0015610151025565698 -0.00072909263470232204 -0.00079467629351349922 -1.3500989536994555e-05 -0.00059861670963471194 -0.00017934782458515485 -0.00052789940268326647 -0.00079665992039608055 0.00016080634783058816 -0.00025823081726551419 8.3128060632051918e-05 -0.00041106186726223279 0.00036234987090740038 -6.07527132302877e-05 -0.00077566040243374958
leaf_weight=23758 8907 10592 2839 283 43178 3261 5456 4407 19235 15266 6833 32058 2065 8275 2614 200 211 5313 1630 43694 4183 31481 8747 3601 4975 36394 1201 4538 16287 20052 221 465 373 5480 7503 1977 8264 3003 1009 2383 1627 4562 24694 471 563 2233 34650 376 211 1852 3356 6203 5441 780 2431 19382 17020 15646 6588 3131 12497 2183
leaf_count=23758 8907 10592 2839 283 43178 3261 5456 4407 19235 15266 6833 32058 2065 8275 2614 200 211 5313 1630 43694 4183 31481 8747 3601 4975 36394 1201 4538 16287 20052 221 465 373 5480 7503 1977 8264 3003 1009 2383 1627 4562 24694 471 563 2233 34650 376 211 1852 3356 6203 5441 780 2431 19382 17020 15646 6588 3131 12497 2183
internal_value=9.93594e-07 6.68946e-05 -0.000169197 1.1449e-05 7.32331e-05 -0.000308055 0.000116416 -0.000370661 -0.000339869 -0.000219155 -0.000272017 0.000255633 -4.58399e-05 -0.000184363 -0.000621664 0.000140376 5.76022e-05 0.000206814 -0.0009743 -2.31612e-06 7.45617e-05 2.25851e-05 -0.000390115 3.65205e-05 0.000210617 0.000321427 -0.000147568 0.00053743 -8.04965e-05 0.000183776 -0.000173225 -0.000394983 -0.000734596 -0.000116722 -9.89851e-05 -0.000254119 -0.000134826 -0.000631806 -0.000787942 0.000104892 -0.000385213 -0.000599588 1.06465e-05 0.000464026 -0.0014354 -0.000560533 0.000130345 -0.000183647 0.000737825 -0.000342027 0.000214277 -0.000273057 -0.000402701 0.00022731 -0.000548446 -5.70386e-05 -5.23731e-05 -0.000137385 1.88462e-05 -0.000105005 -0.000181677 -0.000317052
internal_weight=568109 409531 158578 316541 213584 74602 186099 66567 63306 27485 51021 92990 83976 13731 12285 172368 76748 95620 4807 73217 47877 71528 31786 70319 8035 69232 25340 5220 21708 90307 3060 7478 3071 102957 97477 20747 15767 4980 1209 47129 16893 11395 27077 5009 2193 2698 38838 4188 587 10759 5421 20391 11644 37174 3632 76730 76447 34849 41598 22216 19085 19203
internal_count=568109 409531 158578 316541 213584 74602 186099 66567 63306 27485 51021 92990 83976 13731 12285 172368 76748 95620 4807 73217 47877 71528 31786 70319 8035 69232 25340 5220 21708 90307 3060 7478 3071 102957 97477 20747 15767 4980 1209 47129 16893 11395 27077 5009 2193 2698 38838 4188 587 10759 5421 20391 11644 37174 3632 76730 76447 34849 41598 22216 19085 19203
is_linear=0
shrinkage=0.04


Tree=7
num_leaves=63
num_cat=0
split_feature=0 3 6 0 5 0 2 2 3 5 9 10 11 0 2 11 6 9 2 10 5 5 2 7 9 8 3 5 11 6 2 9 7 7 3 7 0 3 3 0 10 9 9 0 2 2 9 11 3 3 3 8 8 10 6 8 3 3 7 5 2 5
split_gain=3.67517 2.3526 2.75476 1.59608 1.28875 1.31744 1.07733 1.06437 1.01127 0.968253 0.724453 0.656653 0.623433 0.588974 0.576781 0.639169 0.645524 0.524763 0.515528 0.510593 0.48338 0.479293 0.641777 0.470923 0.464645 0.507878 0.453125 0.437641 0.425807 0.408384 0.389493 0.415571 0.372101 0.368194 0.36683 0.383316 0.358707 0.357733 0.349896 0.342856 0.338544 0.337326 0.374884 0.334165 0.354268 0.333437 0.342553 0.327615 0.318734 0.318143 0.313349 0.363673 0.313059 0.310614 0.398874 0.310483 0.30876 0.308312 0.339136 0.305283 0.302598 0.302573
threshold=78.05564117431642 -11.657859802246092 5.6472251415252694 82.575649261474624 -0.88783073425292958 82.03339004516603 3.2358100414276127 -11.110320091247557 -18.105010032653805 0.58550962805747997 -8.563743591308592 -14.847532272338865 -18.967489242553707 83.917366027832045 8.5646100044250506 -12.131548404693602 5.3439347743988046 -8.8403701782226545 7.4896299839019784 -20.981221199035641 -0.99420425295829762 -0.92908683419227589 1.1841350197792055 1.2501899600028994 -6.0811004638671866 5.9869248867034921 -7.1984701156616202 0.54350566864013683 -2.3986185789108272 6.1711847782135019 -11.110320091247557 -12.505439758300779 1.1547449827194216 2.0833899974823002 -6.4574248790740958 1.1547449827194216 80.631011962890639 -3.3902800083160396 -5.1320700645446768 80.789806365966811 -13.077240467071531 -7.2294960021972647 -7.1395606994628897 85.124172210693374 7.4896299839019784 -1.4386999607086179 -13.47678756713867 -22.320992469787594 -4.6874799728393546 -10.030634880065916 -0.67986002564430226 4.8180999755859384 4.35229516029358 -27.314191818237301 6.1854100227355966 5.8224902153015146 -8.6523303985595685 1.0000000180025095e-35 2.9258100986480717 0.59231233596801769 13.151840209960939 -0.12087043002247809
decision_type=2 2 2 2 2 2 2 2 2 2 8 10 8 2 2 8 2 8 2 8 2 2 2 2 8 2 2 2 10 2 2 10 2 2 2 2 2 2 2 2 10 10 10 2 2 2 10 10 2 2 2 2 2 10 2 2 2 2 2 2 2 2
left_child=6 3 14 11 10 7 8 36 -1 12 -4 39 -7 53 15 21 49 29 23 -15 33 57 30 37 25 -14 -20 61 50 -10 -23 45 -30 -8 35 -24 -6 -9 -16 -2 -36 47 -43 44 -5 46 -32 -42 -21 -17 51 -12 59 54 55 -11 -26 58 -3 -19 -58 -18
right_child=1 2 4 43 5 9 20 18 17 13 28 -13 24 19 38 16 27 52 26 48 -22 22 34 -25 56 -27 -28 -29 32 -31 31 -33 -34 -35 40 -37 -38 -39 -40 -41 41 42 -44 -45 -46 -47 -48 -49 -50 -51 -52 -53 -54 -55 -56 -57 60 -59 -60 -61 -62 -63
leaf_value=-0.00015295837746616357 -1.9960068460459729e-05 0.00051148755443966912 -0.00033944308623935489 -0.00055625850824272797 -0.00031959432444932773 -0.00055553326113316987 0.00025848815747822574 2.0866655648835332e-06 0.0002410684162307713 6.0581398873027288e-05 -0.0013419725515582961 -0.0003843907522287498 -0.00032948023318358051 -0.0012050946781865029 -0.00055871856672213118 0.0020472711509223595 0.00017257681110657952 0.0022525355992365189 -0.0012052214477591573 -0.0013820955429784793 -0.0001210949679740682 -0.00044673966591181178 -0.00096972608580470499 9.1690701694834451e-05 -0.00086126013563937265 1.8378363820586358e-05 -0.00014660124016515746 -0.00019196000680646107 0.00030648701831448787 4.7206510536215898e-05 0.00029540273325448193 0.00016253585846517403 0.0016679726977769736 0.0022444128008551486 0.00027523377514819715 -0.0001600880058904869 -0.00090844707913901061 -0.00030195544847360636 -3.0961985110673025e-05 -0.00029711181033561899 0.00050967425107955938 0.0016240831944000812 9.0102740177444278e-05 -0.0011600422669584354 -0.0018043356930873798 -8.2715752751917385e-06 0.0014311180502777248 -0.00026785757144182374 -0.00036156996820821283 0.00049524577953004929 0.00025170621472510302 2.8385142965912421e-05 0.00040578778228727007 -0.00026513818048394766 -0.0015079759127417608 -0.0015993514911885184 9.1884572363494694e-06 7.9595232300745506e-05 0.0016952834560953337 0.00046866787460749036 0.0014297010058943382 0.00062061644878286281
leaf_weight=11695 26755 3524 5236 8583 6797 7063 404 15354 89019 797 317 18905 26915 3091 2607 215 13038 295 1026 576 22684 1570 1011 47838 647 8948 1751 4477 776 21606 696 38672 548 237 6946 12547 2188 10376 8777 9742 951 263 8281 2193 380 767 1091 9823 3267 12353 17298 13754 17105 9662 794 233 19031 2580 435 320 243 2959
leaf_count=11695 26755 3524 5236 8583 6797 7063 404 15354 89019 797 317 18905 26915 3091 2607 215 13038 295 1026 576 22684 1570 1011 47838 647 8948 1751 4477 776 21606 696 38672 548 237 6946 12547 2188 10376 8777 9742 951 263 8281 2193 380 767 1091 9823 3267 12353 17298 13754 17105 9662 794 233 19031 2580 435 320 243 2959
internal_value=1.07436e-06 -6.35718e-05 -2.07803e-05 -0.000280949 -0.000113053 -0.000160963 0.000161208 -5.11892e-05 0.000203129 -0.000276225 9.73813e-05 -0.000193051 -0.000201477 -0.000531257 0.000120497 0.000145866 0.000296138 0.000235577 -2.72457e-06 -0.000822366 -9.0485e-05 9.01742e-05 6.40826e-05 1.74702e-05 -0.000156648 -0.000242688 -0.000537723 0.000157617 0.000167342 0.000203206 0.000171624 0.000195173 0.000870002 0.000992754 -5.149e-05 -0.000220462 -0.00046299 -0.000120523 -0.000151821 -9.39391e-05 3.57365e-05 -5.03774e-05 0.000137321 -0.00071746 -0.000609173 0.000689352 0.00098878 -0.000199226 -0.000514529 0.000521796 0.000137684 -2.4871e-06 0.000437668 -0.000355517 -0.000834264 -0.000314918 -1.75455e-06 0.000419833 0.000641559 0.00132434 2.70978e-05 0.000255452
internal_weight=568032 404667 338109 66558 204526 166597 163365 85330 140040 81267 37929 55402 62847 18420 133583 122199 33042 128345 76345 6934 23325 89157 82618 73568 55784 35863 2777 20474 32693 110625 42796 41226 1324 641 39822 13558 8985 25730 11384 36497 26264 19318 8544 11156 8963 2554 1787 10774 3843 12568 31369 14071 17720 11486 1824 1030 19921 6539 3959 615 19274 15997
internal_count=568032 404667 338109 66558 204526 166597 163365 85330 140040 81267 37929 55402 62847 18420 133583 122199 33042 128345 76345 6934 23325 89157 82618 73568 55784 35863 2777 20474 32693 110625 42796 41226 1324 641 39822 13558 8985 25730 11384 36497 26264 19318 8544 11156 8963 2554 1787 10774 3843 12568 31369 14071 17720 11486 1824 1030 19921 6539 3959 615 19274 15997
is_linear=0
shrinkage=0.04


Tree=8
num_leaves=63
num_cat=0
split_feature=1 9 6 3 9 2 3 3 9 2 3 6 10 9 6 2 10 1 10 1 1 5 6 8 5 3 8 7 8 6 4 5 9 7 5 2 9 10 9 7 3 5 2 2 8 3 1 8 2 8 7 6 8 10 5 5 3 1 2 1 4 3
split_gain=3.77538 2.16086 1.33178 1.07994 1.00899 0.662488 0.8678 0.645097 0.577145 0.79 0.79232 1.03683 0.634171 0.582107 0.501752 0.484175 0.473957 0.443023 0.422607 0.415918 0.399358 0.398434 0.375342 0.372243 0.366027 0.372544 0.353704 0.352478 0.389666 0.341147 0.327532 0.338857 0.330706 0.346634 0.323964 0.391941 0.35923 0.392386 0.320414 0.319778 0.331426 0.317859 0.311556 0.311087 0.38214 0.363213 0.307109 0.301937 0.294515 0.294071 0.291893 0.291434 0.291116 0.288181 0.285236 0.373008 0.389355 0.284494 0.278422 0.278355 0.32034 0.324471
threshold=2490.493774414063 -12.899299621582029 5.9470150470733651 -12.679340362548826 -3.7123603820800777 8.1341948509216326 -2.647050023078918 -13.002449989318846 -12.151622772216795 -11.32705497741699 -12.575775146484373 5.4907548427581796 -15.478458404541014 -7.3197669982910147 5.3899798393249521 -1.6587800383567808 -9.3710670471191388 2600.2666015625005 -13.155060291290281 2225.585571289063 1824.4803466796877 0.95847040414810192 6.1428549289703378 6.3766849040985116 -0.98800018429756153 5.3430750370025644 5.4251649379730233 1.7376350164413454 5.2952349185943612 6.3849451541900644 0.99489283561706554 0.77650135755538952 -8.9050369262695295 0.61125001311302196 -0.87967571616172779 6.4762399196624765 -11.437221527099608 -17.224318504333493 -9.3017311096191388 1.3280149698257449 -4.2374799251556388 0.97497689723968517 -12.016030311584471 -13.896605014801024 5.037144899368287 -15.724300384521483 2880.117065429688 5.7931749820709237 -9.8673896789550763 5.2620902061462411 1.0267150402069094 5.7095348834991464 4.7378251552581796 -21.095389366149899 0.37049779295921331 0.036232925951480872 -3.3902800083160396 2426.5651855468755 3.5685300827026372 2586.105102539063 0.37388780713081365 -1.8969500064849851
decision_type=2 10 2 2 8 2 2 2 10 2 2 2 10 10 2 2 10 2 10 2 2 2 2 2 2 2 2 2 2 2 2 2 10 2 2 2 10 10 10 2 2 2 2 2 2 2 2 2 2 2 2 2 2 10 2 2 2 2 2 2 2 2
left_child=1 7 3 16 8 14 -7 47 17 29 12 50 13 15 18 26 -3 -2 19 54 -16 24 -9 43 -20 52 -11 28 -22 42 31 -4 -33 -34 -13 36 -36 38 -38 40 -35 -39 49 44 -19 -45 -28 -1 -24 -10 -12 -15 -26 -21 55 56 -5 -18 59 60 -52 -62
right_child=4 2 30 5 -6 6 -8 22 9 10 11 34 -14 51 20 -17 57 23 21 53 27 -23 48 -25 25 -27 46 -29 -30 -31 -32 32 33 39 35 -37 37 41 -40 -41 -42 -43 -44 45 -46 -47 -48 -49 -50 -51 58 -53 -54 -55 -56 -57 -58 -59 -60 -61 61 -63
leaf_value=0.00014669958447318589 0.0001074840802102129 -9.4727021892427205e-05 -5.5403252663582694e-05 -3.2734085999697349e-05 0.00019629175472244472 -0.00043755464253476838 0.00010760976326891761 0.00034341358395367528 -6.5237512617849494e-05 -9.182624317473119e-05 0.00061960225034335804 6.064726214451757e-05 -0.00056614086623563728 -0.00055084460336492279 0.00054263980410326545 0.00025265405346134028 -0.00035599389236169309 0.00022876102919447584 0.0006404917417135186 -0.000175539271312883 0.00017165136360076022 0.0018408302915150717 -0.0001074113503442858 -0.0011415444927064054 0.00083056491648357967 0.0010675357318793222 -0.00065347154668915237 0.00014672818430680104 -7.3592869170859048e-05 -0.0013182537487717763 -0.000431770447995693 -0.00015289340229525803 0.0004191261435652334 0.00035223965890084704 0.00012355977477061886 -0.00069529063473285242 -0.0002196273984308392 -0.00016359180911031991 -0.00049413505687787549 -0.00032805322246667109 -0.0012360106690980077 0.0013841588837834439 -0.0011435255084941834 -0.00028652471887037471 -0.00056286586261101827 7.4569936016574426e-05 0.00016144242162766825 -0.00016758647350602132 0.0002603848054258102 -0.00065560785222349067 -0.00069256067093537784 -0.0021777041998454895 4.1433986808102417e-05 0.00033387144712038603 0.00039195048202333006 0.0014475805285268479 0.0011137330618987921 -0.0010433637274571232 -0.00016931650078129472 -5.121625017116012e-06 0.00030318014220078983 0.0015542114461988296
leaf_weight=15675 17106 17120 69200 917 12273 7941 11348 53594 2436 7324 1375 5678 14372 368 2923 3604 3581 1247 2069 2137 14429 219 5778 598 771 607 4488 47490 36814 969 4935 14982 532 240 4219 3075 12727 26739 14617 2125 1694 214 1054 6955 4484 12409 886 7109 8772 3028 490 338 25048 10543 3564 1260 981 1318 8562 14009 6696 349
leaf_count=15675 17106 17120 69200 917 12273 7941 11348 53594 2436 7324 1375 5678 14372 368 2923 3604 3581 1247 2069 2137 14429 219 5778 598 771 607 4488 47490 36814 969 4935 14982 532 240 4219 3075 12727 26739 14617 2125 1694 214 1054 6955 4484 12409 886 7109 8772 3028 490 338 25048 10543 3564 1260 981 1318 8562 14009 6696 349
internal_value=-1.07007e-05 6.31253e-05 8.9213e-06 6.94967e-05 -0.000154651 0.000103815 -0.000116826 0.000232893 -0.000178524 -0.000218422 -0.000195434 -0.000139795 -0.000370525 -0.000205226 0.000132232 -0.000156528 -0.000194 -5.02369e-05 0.000238649 0.000382862 8.1862e-05 0.000141204 0.0002945 -0.000155245 0.000128141 8.80269e-05 -0.000272663 6.82207e-05 -4.53702e-06 -0.000617973 -0.000114598 -9.69659e-05 -0.00024391 -0.000540928 -0.000228462 -0.000255115 -0.000231983 -0.00025961 -0.000366368 -0.00066676 -0.00103892 -0.000151303 -0.000513865 -0.000131742 -0.000390617 -5.5125e-05 -0.000519118 4.86369e-05 0.000114328 -0.000392405 4.96705e-05 -0.00132971 6.49988e-05 0.000248019 0.000637224 0.00091403 0.000559829 -0.00054092 2.36406e-05 0.000100325 0.000296372 0.000365155
internal_weight=568405 375716 284788 191080 192689 169061 19289 90928 180416 137617 130130 98750 31380 17008 149772 16302 22019 42799 48116 19402 101656 28714 68144 25693 28495 26426 12698 98733 51243 7487 93708 88773 19573 4591 67269 61591 58516 54297 27344 4059 1934 26953 6518 25095 5731 19364 5374 22784 14550 5464 31481 706 25819 12680 6722 3158 1898 4899 30106 21544 7535 7045
internal_count=568405 375716 284788 191080 192689 169061 19289 90928 180416 137617 130130 98750 31380 17008 149772 16302 22019 42799 48116 19402 101656 28714 68144 25693 28495 26426 12698 98733 51243 7487 93708 88773 19573 4591 67269 61591 58516 54297 27344 4059 1934 26953 6518 25095 5731 19364 5374 22784 14550 5464 31481 706 25819 12680 6722 3158 1898 4899 30106 21544 7535 7045
is_linear=0
shrinkage=0.04


Tree=9
num_leaves=63
num_cat=0
split_feature=1 0 5 3 9 3 2 7 0 3 3 7 0 7 3 0 11 2 2 0 10 2 1 7 11 10 10 10 7 1 9 0 1 5 0 2 1 9 8 10 0 10 11 8 7 3 3 11 5 2 1 3 1 1 10 2 5 1 8 7 1 8
split_gain=3.42495 1.56659 1.65236 1.98517 1.50589 1.11288 0.925329 0.815418 0.730923 0.669066 0.631772 0.539071 0.515997 0.512469 0.496645 0.801285 0.493263 0.47182 0.471585 0.440253 0.685197 0.638387 0.558706 0.517531 0.471529 0.427061 0.424514 0.401121 0.55226 0.398552 0.380683 0.379844 0.374235 0.343888 0.397668 0.378099 0.361513 0.338905 0.333352 0.329031 0.328193 0.328292 0.327805 0.318606 0.317357 0.311947 0.310769 0.583513 0.443941 0.392228 0.330803 0.32275 0.305974 0.300622 0.393274 0.29447 0.297954 0.316387 0.30757 0.293971 0.334646 0.285185
threshold=2390.7629394531255 79.974754333496108 0.82220116257667553 -11.265065193176268 -12.899299621582029 -18.105010032653805 7.2751200199127206 1.2665799856185915 85.124172210693374 -13.448769569396971 -13.106324672698973 1.2822649478912356 79.689815521240249 0.75227001309394848 -1.7703400254249571 84.086593627929702 -11.497533321380613 -3.7794499397277828 -14.20944023132324 81.153423309326186 -13.392262458801268 -0.7092899978160857 2222.396850585938 2.0929050445556645 -7.4234294891357413 -12.371767044067381 -7.0416576862335196 -13.937015533447264 2.3868000507354741 2382.9458007812505 -7.2294960021972647 77.76794815063478 1741.3696899414065 0.84487962722778331 76.559040069580092 -1.0739200115203855 2385.4523925781255 -6.3724365234374991 4.8036999702453622 -18.047947883605953 83.215110778808608 -16.66465854644775 -10.677775382995604 5.8588650226593026 2.9536600112915044 -3.3902800083160396 -10.594630241394041 -13.09922933578491 0.84999325871467601 -1.5096500515937803 2596.1545410156255 -16.338059425354 2531.3610839843755 2370.109985351563 -17.467333793640133 9.2654747962951678 -0.98281916975975026 1873.3951416015627 5.6482751369476327 1.0893449783325198 2596.1545410156255 4.4210901260375985
decision_type=2 2 2 2 10 2 2 2 2 2 2 2 2 2 2 2 10 2 2 2 10 2 2 2 10 8 10 10 2 2 10 2 2 2 2 2 2 10 2 10 2 8 10 2 2 2 2 8 2 2 2 2 2 2 10 2 2 2 2 2 2 2
left_child=4 5 3 8 10 43 11 33 26 12 -1 31 29 -5 15 -15 32 -17 -4 20 22 -21 23 45 -23 44 59 -25 -29 53 55 -7 -12 35 -35 37 -37 38 39 -6 52 -42 -38 -2 -16 -11 47 48 -13 51 -51 -49 -20 -9 -55 56 58 -58 -22 60 -3 -48
right_child=1 2 18 13 7 6 -8 9 -10 19 16 46 -14 14 25 17 -18 -19 40 21 30 24 -24 27 -26 -27 -28 28 -30 -31 -32 -33 -34 34 -36 36 42 -39 -40 -41 41 -43 -44 -45 -46 -47 61 49 -50 50 -52 -53 -54 54 -56 -57 57 -59 -60 -61 -62 -63
leaf_value=3.0098450208746645e-05 -0.00025731552040775339 -0.00020214261463934237 -0.0011634309811906136 -0.00042702791116561883 0.00053342190474065367 6.0943979023609424e-05 -0.00061076787950740984 -3.0281107005392398e-05 -0.0011309785285711154 0.00042866854321976436 0.00084516966821132807 3.2144466174275813e-05 -0.00059144820238425297 1.7813653930036447e-06 -0.00017332514028920516 -0.00090285107477681395 -4.1222597215488129e-05 -0.00021427020469886576 -9.7249651131384857e-05 -0.00023656935247802439 -5.7990566489443318e-05 4.7312317775674566e-05 0.00013193530344031103 0.00061529220601219594 0.00036159253790900547 0.00023713031083409227 -0.00077119375619947141 0.0034100069680172412 0.00075489752475653329 -0.0014563027104858297 0.00052923083666330136 -0.00023592508193254175 0.00032651494220033676 0.00035856525118363756 -0.00039293514486368015 -0.00011521491803685344 0.00013644159597063821 -0.0014044177447332541 0.00013022319635093855 0.0023573672483675184 -0.00093988285689571667 -9.8346208467795459e-05 0.0021915613356750549 -0.00083534568724649661 0.0013484332998555187 4.9910071171795367e-05 0.0010664983247421424 0.0019686900622119712 -0.0010563022194613443 0.00060513798833218828 -0.00076147013750865939 0.00067635545313197694 -0.00056231860251077642 -0.00027744939116990732 0.001990776714912552 -0.00043280710604235969 0.00061173011866466013 -4.397042538934235e-05 0.0012065129225712666 -0.00026861459234211262 -0.0011110301329281798 0.00021087523313148009
leaf_weight=16508 11678 1152 1908 5921 758 15344 3238 6895 2145 9302 2331 35022 3759 55735 7362 1683 5731 29498 4100 11156 565 54025 20387 6723 8896 15791 3662 201 333 297 2224 12525 49372 1289 8944 38124 315 214 9215 200 3648 931 205 1755 226 5558 636 386 610 641 508 1554 5053 219 277 2456 1249 20542 676 24280 1482 31159
leaf_count=16508 11678 1152 1908 5921 758 15344 3238 6895 2145 9302 2331 35022 3759 55735 7362 1683 5731 29498 4100 11156 565 54025 20387 6723 8896 15791 3662 201 333 297 2224 12525 49372 1289 8944 38124 315 214 9215 200 3648 931 205 1755 226 5558 636 386 610 641 508 1554 5053 219 277 2456 1249 20542 676 24280 1482 31159
internal_value=-4.10485e-06 -0.000103899 -0.000183061 -0.000141989 9.2473e-05 9.33411e-06 5.45635e-05 3.89216e-05 -0.000417207 8.69748e-05 0.000248186 7.64606e-05 -0.00020738 -6.45e-05 -4.50384e-05 -8.90602e-05 0.000310871 -0.000251436 -0.000574182 0.000110326 0.000182091 4.2302e-05 0.000282986 0.000422222 9.17464e-05 0.000118621 -0.000367134 0.000699105 0.00175429 -1.95924e-05 2.73414e-05 -7.24761e-05 0.000349898 -8.73575e-05 -0.000298272 -4.33386e-05 -0.000100927 0.000170913 0.000204051 0.000914204 -0.000492308 -0.000768782 0.000946633 -0.000332834 -0.000128001 0.000287004 0.000135323 5.92303e-05 1.35109e-05 0.00058661 9.28303e-07 0.00093349 -0.000353995 3.81404e-05 0.000989282 -1.64519e-05 2.79458e-05 -6.38748e-06 0.000630812 -0.000312156 -0.000713521 0.00022799
internal_weight=568579 279633 164577 148937 288946 115056 101623 215004 32721 155740 73942 98385 11447 116216 110295 86916 57434 31181 15640 144293 70216 74077 42504 22117 62921 23379 30576 7257 534 7688 27712 27869 51703 59264 10233 49031 38644 10387 10173 958 13732 4579 520 13433 7588 14860 70516 38721 35632 3089 1149 1940 9153 7391 496 25488 23032 21791 1241 26914 2634 31795
internal_count=568579 279633 164577 148937 288946 115056 101623 215004 32721 155740 73942 98385 11447 116216 110295 86916 57434 31181 15640 144293 70216 74077 42504 22117 62921 23379 30576 7257 534 7688 27712 27869 51703 59264 10233 49031 38644 10387 10173 958 13732 4579 520 13433 7588 14860 70516 38721 35632 3089 1149 1940 9153 7391 496 25488 23032 21791 1241 26914 2634 31795
is_linear=0
shrinkage=0.04


Tree=10
num_leaves=63
num_cat=0
split_feature=1 9 0 3 6 6 0 2 3 3 0 2 10 8 2 3 10 10 0 2 9 0 2 11 2 4 3 8 0 4 3 6 9 2 8 0 2 10 4 11 6 9 4 2 9 10 6 3 8 9 10 10 8 8 3 9 2 3 6 2 10 2
split_gain=2.9039 1.74095 1.33097 1.48607 1.48373 0.989944 0.989571 0.855547 0.816724 0.792139 0.95631 1.03381 0.978806 0.734436 0.636464 0.621685 0.535161 0.643333 0.55609 0.526777 0.500924 0.498729 0.455081 0.451519 0.431244 0.430359 0.428969 0.448063 0.424118 0.405528 0.546359 0.395114 0.394997 0.380911 0.396682 0.368366 0.410918 0.362911 0.359198 0.355125 0.350167 0.347719 0.343058 0.342213 0.447017 0.341216 0.335597 0.334526 0.330607 0.331604 0.329147 0.418801 0.343366 0.335248 0.332009 0.344983 0.329111 0.335023 0.32412 0.35348 0.37455 0.323773
threshold=2463.529907226563 -16.190525054931637 79.974754333496108 -9.3220701217651349 5.6224548816680917 6.3113648891448983 85.124172210693374 -1.8921899795532224 -14.39429998397827 -14.898355007171629 81.694053649902358 8.7200250625610369 -15.400074958801268 6.5032200813293466 2.984549999237061 -5.0219101905822745 -29.920345306396481 -13.236320018768309 78.006469726562514 7.2751200199127206 -14.959537506103514 82.818595886230483 -13.604060173034666 -7.8738710880279532 9.46313524246216 0.67013037204742443 -21.708259582519528 4.6239199638366708 74.340660095214858 0.8043251931667329 -17.646170616149899 6.1854100227355966 -7.662700653076171 7.7350049018859872 4.8323001861572275 75.458515167236342 -10.906304836273192 -6.8895356655120841 0.95438116788864147 -26.088795661926266 5.902254819869996 -4.684764862060546 0.69381129741668712 4.9407300949096689 -10.124214172363279 -24.921072959899899 4.6207599639892587 -6.3919901847839347 5.5576250553131112 -9.136161804199217 -9.0422267913818342 -13.628963947296141 6.3212499618530282 4.8960299491882333 -10.686934947967528 -13.415962219238279 -4.6304550170898429 -4.0128598213195792 5.5825650691986093 2.3478549718856816 -14.61906576156616 5.464980125427247
decision_type=2 10 2 2 2 2 2 2 2 2 2 2 10 2 2 2 10 10 2 2 10 2 2 8 2 2 2 2 2 2 2 2 10 2 2 2 2 10 2 10 2 8 2 2 10 10 2 2 2 10 10 8 2 2 2 10 2 2 2 2 10 2
left_child=1 8 19 6 -5 9 14 21 -1 20 11 16 13 45 29 24 18 32 -11 26 -3 22 -6 -24 -14 -10 -2 -28 -7 31 39 -4 61 34 -27 -29 -37 46 40 -31 -38 -9 -19 -44 47 -12 -32 -45 -30 -50 51 52 -40 -52 55 -55 -51 -58 59 -34 -61 -18
right_child=2 5 3 4 7 28 -8 41 25 10 12 -13 15 -15 -16 -17 17 42 -20 -21 -22 -23 23 -25 -26 33 27 35 48 30 37 -33 58 -35 -36 36 38 -39 50 -41 -42 -43 43 44 -46 -47 -48 -49 49 56 53 -53 -54 54 -56 -57 57 -59 -60 60 -62 -63
leaf_value=-0.00010092182803123127 -0.00050712171272595131 0.00043856498839065389 -0.00040261089447073231 0.00010635446537460966 -0.001122749145683666 0.00047289043417846673 -0.0010932490322782056 -0.0001785722397085173 0.00026801793404993387 9.0160527299528427e-05 -0.00066765335883103654 -0.00032341853184075727 -9.9235038932627217e-05 -0.0011772949540986082 -0.00069394688498589845 0.00012184515711351532 0.00024066057328035742 0.00022349222315185577 -0.0005284713808427011 -0.00059003520772296528 -0.00023415558298404911 -0.00074689645055997403 -9.447558284046104e-05 -0.00091045471760587554 -0.00086703522592431902 0.00115629600712357 0.00040668523413005665 0.00020390476251185401 -0.00031044514720250638 -0.000446610089232085 -0.0015576756907428541 -0.0012501126382607312 0.00068215877941182554 -0.00053789195485850452 0.00051735634922355411 -0.00021840649760648009 0.00020847849593641756 -0.00070969466247084877 -4.9237612107724441e-05 -0.0014438163489256049 -7.5378347137695375e-05 0.00015594907750519891 6.5516249226682695e-05 -0.00014149885301529801 -0.00062258439043055055 -0.0001269412841937586 -4.3135322661341621e-05 0.00083528111757108286 -0.00026813139188599144 -0.00087376124809683835 -0.0010511909995693713 -0.0004312527106619533 0.0015894608137879574 0.0016346168723667704 0.0013049697546154591 1.0562402458871676e-05 0.000552436962208283 -3.2371575562464005e-06 0.00038910326996399839 0.0030498615166254018 0.00074221807093743019 -0.00044794315251835013
leaf_weight=6059 2349 1958 4486 33975 962 1617 3000 30926 17652 7806 2034 7030 13906 1218 6603 61716 89506 14415 3311 2281 18545 6423 7813 1260 1278 1756 5036 13910 17259 3420 237 1095 1059 494 13561 13590 20714 1490 9690 686 10467 5924 20881 3502 3044 22786 19040 668 6545 511 272 6329 209 236 543 1848 2544 5466 3740 251 204 1106
leaf_count=6059 2349 1958 4486 33975 962 1617 3000 30926 17652 7806 2034 7030 13906 1218 6603 61716 89506 14415 3311 2281 18545 6423 7813 1260 1278 1756 5036 13910 17259 3420 237 1095 1059 494 13561 13590 20714 1490 9690 686 10467 5924 20881 3502 3044 22786 19040 668 6545 511 272 6329 209 236 543 1848 2544 5466 3740 251 204 1106
internal_value=5.7114e-06 7.62075e-05 -0.000110274 -0.000192796 -0.000100226 4.47067e-05 -0.000394504 -0.000231886 0.000326405 6.944e-05 8.8354e-05 0.00015063 -6.34046e-06 -0.000218313 -0.000337936 6.54325e-05 0.000172923 0.000194374 -9.40879e-05 9.85695e-06 -0.000169912 -0.000471668 -0.000295505 -0.000207794 -0.000163859 0.000403779 2.59188e-05 4.10329e-05 -0.000159302 -0.000260746 -0.000191604 -0.000568892 0.000251807 0.000555348 0.000590607 1.73666e-05 -2.3241e-05 -0.000108244 2.94802e-05 -0.000613216 0.000113192 -0.000124795 6.48548e-05 -1.6539e-05 -0.000254049 -0.000171253 -6.17558e-05 1.49733e-05 -0.000190926 -5.40095e-05 -0.000106988 -0.000177121 -1.46394e-05 0.000285603 0.000424015 0.000194476 0.000110458 0.000173247 0.000588995 0.00108278 0.00201523 0.000232256
internal_weight=568242 353428 214814 127340 87283 313906 40057 53308 39522 279964 259461 156523 102938 26038 37057 76900 149493 138376 11117 87474 20503 16458 10035 9073 15184 33463 85193 82844 33942 30454 24873 5581 95866 15811 15317 77808 63898 20767 50308 4106 31181 36850 42510 28095 7214 24820 19277 4170 32325 15066 19127 16228 9899 2899 2627 2084 8521 8010 5254 1514 455 90612
internal_count=568242 353428 214814 127340 87283 313906 40057 53308 39522 279964 259461 156523 102938 26038 37057 76900 149493 138376 11117 87474 20503 16458 10035 9073 15184 33463 85193 82844 33942 30454 24873 5581 95866 15811 15317 77808 63898 20767 50308 4106 31181 36850 42510 28095 7214 24820 19277 4170 32325 15066 19127 16228 9899 2899 2627 2084 8521 8010 5254 1514 455 90612
is_linear=0
shrinkage=0.04


Tree=11
num_leaves=63
num_cat=0
split_feature=0 3 6 2 3 0 10 10 2 2 9 6 5 11 0 0 0 0 2 3 3 8 10 6 3 4 0 2 8 0 3 6 4 11 10 8 6 10 6 8 3 4 0 9 8 6 4 6 0 4 0 10 2 8 10 0 0 9 0 6 0 6
split_gain=2.83813 2.3081 1.78095 1.41065 1.56627 1.28771 1.14577 0.768851 0.723966 0.81114 0.595429 0.599935 0.48274 0.476687 0.469389 0.452703 0.446991 0.438831 0.458675 0.438152 0.411264 0.395232 0.394289 0.384866 0.358539 0.464703 0.48826 0.422312 0.358512 0.354093 0.353422 0.367722 0.350682 0.335162 0.334899 0.333762 0.332792 0.422797 0.3309 0.345329 0.315782 0.297035 0.296282 0.382628 0.350073 0.295331 0.414032 0.331279 0.31945 0.293575 0.357783 0.292358 0.297997 0.369653 0.421986 0.289242 0.285313 0.283477 0.280566 0.273238 0.270499 0.268341
threshold=79.15805816650392 -7.2706699371337882 5.836825132369996 5.0835700035095224 -15.724300384521483 82.575649261474624 -10.650908470153807 -25.102579116821286 4.30654001235962 -14.20944023132324 -8.2073173522949201 5.9418752193450937 0.82220116257667553 -17.33593654632568 81.319915771484389 80.055915832519545 74.081809997558608 84.977127075195327 -5.0293698310852042 -17.23375034332275 -13.106324672698973 5.8529551029205331 -24.921072959899899 5.3439347743988046 -5.0769300460815421 0.9201059639453889 80.461711883544936 -3.8682500123977657 5.0680449008941659 85.052680969238295 -12.156129837036131 6.0094048976898202 0.9995751976966859 -5.8490059375762931 -31.520558357238766 5.7646648883819589 4.9470901489257821 -6.0273802280426017 5.7095348834991464 5.9501850605010995 -14.519555091857908 0.72983458638191234 81.733409881591811 -3.3028182983398433 5.3999350070953378 5.5296552181243905 0.058747317641973502 4.4634349346160898 75.709545135498061 0.93983504176139843 85.50873184204103 -10.37414503097534 10.836245059967043 5.6792848110198983 -5.4187927246093741 67.729316711425795 84.90879058837892 -9.1683082580566388 77.910202026367202 6.0715649127960214 67.729316711425795 5.6375048160552987
decision_type=2 2 2 2 2 2 8 10 2 2 8 2 2 8 2 2 2 2 2 2 2 2 8 2 2 2 2 2 2 2 2 2 2 8 10 2 2 10 2 2 2 2 2 8 2 2 2 2 2 2 2 8 2 2 8 2 2 8 2 2 2 2
left_child=3 5 12 4 35 8 7 15 9 -2 11 21 22 41 23 -4 -13 -9 -19 -11 -12 -6 -3 28 25 26 27 -24 -14 56 38 -32 -20 -21 -18 60 37 -10 -7 40 -40 -8 61 49 -45 46 48 -48 -5 57 -51 -31 -53 -54 -55 -22 -15 -44 -36 -43 -1 -26
right_child=1 2 6 45 10 30 13 17 36 19 20 16 14 29 -16 -17 34 18 32 33 55 -23 24 -25 42 -27 -28 -29 -30 51 31 -33 -34 -35 58 -37 -38 -39 39 -41 -42 59 43 44 -46 -47 47 -49 -50 50 -52 52 53 54 -56 -57 -58 -59 -60 -61 -62 -63
leaf_value=0.0014186172232288738 -0.00074172139267378214 0.001422083239911014 -6.6130642454969289e-05 0.0020745158714621705 0.00027561287058121801 -0.00047926774001014069 -0.00062255412519973262 -0.00010095342534695261 -0.00076540364460310625 -0.00033797534824019738 -6.8523340535992099e-05 0.00032402857614821152 -0.00042346013730598821 8.0118821386539793e-05 -0.0003751077221762865 -0.00074583267788517994 -0.00022240288556862824 -0.0015741698234241247 -0.00027334233264606796 -3.4546571786863995e-05 0.0014536746878674176 8.2803220953562819e-05 0.00108651092359025 -5.6265396396141305e-05 0.00035230575993200813 0.00017411027850081074 -0.00027764550430739524 1.6338604190632873e-05 0.0011359927555569969 0.0012939442891126919 -0.00025083241421743573 -0.00064780612561790064 -0.0017032502049506779 0.0006503079151567268 0.00014603330257644182 -0.00033896268271646702 -0.00054593362702169094 0.0007454544297004884 -0.0012247094802060497 -0.0018673295626485667 -0.00036633913345298079 -0.0003116307964243533 -0.00027024735205316108 0.00087951667208348554 0.00023556643316027985 -0.00036837170703789697 -0.00054028150670162108 -1.0629647899358429e-05 0.00033816278661568153 0.00044561950756724959 -0.00027488683724833518 0.00021295471215760601 -7.2068626951819306e-05 0.0026624374542509061 0.00074407262673509701 0.00043490225400530386 -0.0008446099281118058 6.6757743200061251e-05 -8.7406164668970906e-05 0.00053209693985643673 -4.7394880195652313e-05 6.818169524218006e-05
leaf_weight=203 2921 372 2129 216 70263 6570 2117 56028 487 7932 2697 8553 315 14003 6474 5948 8210 462 16722 54170 457 22444 785 4111 18381 12082 11802 2375 939 506 14827 4990 279 1168 22620 7526 8608 757 1335 568 1410 1579 4373 1622 8077 9265 2496 7775 788 5866 1358 7772 436 271 568 18341 555 46031 12956 1005 25196 7484
leaf_count=203 2921 372 2129 216 70263 6570 2117 56028 487 7932 2697 8553 315 14003 6474 5948 8210 462 16722 54170 457 22444 785 4111 18381 12082 11802 2375 939 506 14827 4990 279 1168 22620 7526 8608 757 1335 568 1410 1579 4373 1622 8077 9265 2496 7775 788 5866 1358 7772 436 271 568 18341 555 46031 12956 1005 25196 7484
internal_value=2.09625e-06 -6.89031e-05 -9.79635e-07 0.000114585 0.000147088 -0.000224882 -0.000119642 -0.000196235 -0.000137647 -9.00306e-05 0.000196926 0.00016781 9.79124e-05 9.71971e-05 -0.000145827 -0.000566671 5.95412e-05 -0.000155523 -0.000330602 -5.99439e-05 0.000393397 0.000228934 0.000121838 0.000130848 0.000117815 -1.04074e-05 -0.000159408 0.000282188 0.000744264 0.000169039 -0.000448236 -0.000350792 -0.000296808 -2.00916e-05 7.87721e-06 -0.000105003 -0.000457556 0.000153985 -0.000643626 -0.000969565 -0.000783798 -0.000271273 0.000155025 0.000110819 0.000343257 -0.000201051 -6.35584e-05 -0.000139343 0.000711721 7.16985e-05 0.000310175 0.00035827 0.000305937 0.000872731 0.00136371 0.00045967 4.4865e-05 3.75195e-05 6.10198e-05 1.65218e-05 -3.56779e-05 0.000270095
internal_weight=568576 348570 242827 220006 199466 105743 110380 81568 76043 66191 166541 145046 132447 28812 11839 8077 52339 73491 17463 63270 21495 92707 120608 5365 120236 27044 14962 3160 1254 24111 29700 19817 17001 55338 43786 32925 9852 1244 9883 3313 2745 4701 93192 67327 9699 20540 11275 10271 1004 57628 7224 9553 9047 1275 839 18798 14558 50404 35576 2584 25399 25865
internal_count=568576 348570 242827 220006 199466 105743 110380 81568 76043 66191 166541 145046 132447 28812 11839 8077 52339 73491 17463 63270 21495 92707 120608 5365 120236 27044 14962 3160 1254 24111 29700 19817 17001 55338 43786 32925 9852 1244 9883 3313 2745 4701 93192 67327 9699 20540 11275 10271 1004 57628 7224 9553 9047 1275 839 18798 14558 50404 35576 2584 25399 25865
is_linear=0
shrinkage=0.04


Tree=12
num_leaves=63
num_cat=0
split_feature=0 10 4 0 2 2 1 5 10 1 9 2 6 1 6 1 2 0 10 10 8 8 1 8 7 8 6 2 6 9 7 8 8 1 0 8 9 8 10 1 8 10 4 4 9 9 5 9 2 7 10 10 0 1 5 8 8 9 1 7 10 9
split_gain=2.44087 1.92935 1.3318 1.28846 1.17234 1.04331 0.922795 0.6595 0.779037 0.514561 0.58174 0.494699 0.483347 0.605581 0.482438 0.480857 0.466801 0.54672 0.464027 0.461144 0.443916 0.411177 0.377207 0.346291 0.453428 0.345947 0.345265 0.397535 0.352178 0.343148 0.337949 0.324452 0.320913 0.411698 0.317591 0.333233 0.565323 0.341162 0.316064 0.313647 0.487799 0.308045 0.307743 0.454401 0.30012 0.291558 0.290871 0.29052 0.329867 0.287617 0.295707 0.529177 0.287468 0.284197 0.283235 0.282129 0.450421 0.331044 0.280347 0.304004 0.277964 0.275665
threshold=79.813091278076186 -18.731150627136227 0.21602590382099154 82.671676635742202 7.4896299839019784 -11.110320091247557 2312.0449218750005 0.33359307050704962 -20.661773681640621 2574.482055664063 -14.191974639892576 9.0751600265502947 6.1363351345062265 1561.1172485351565 6.2795050144195566 2596.1545410156255 -3.7794499397277828 83.917366027832045 -10.930830955505369 3.2810747623443608 6.1121551990509042 5.1461501121521005 2634.855834960938 5.553035020828248 2.5745249986648564 5.3113448619842538 5.7938349246978769 4.4403400421142587 5.7327849864959726 -12.899299621582029 3.3617649078369145 5.1589949131011972 4.7193799018859872 2183.115112304688 81.153423309326186 5.5822050571441659 -10.420814514160154 6.0022451877594003 -23.090764045715328 2485.602172851563 5.5182900428771982 -19.099677085876461 0.12794555723667148 0.32277838885784155 -8.563743591308592 -10.89554977416992 0.69066017866134655 -12.554031372070311 -12.260890007019041 0.37209500372409826 -12.611013412475584 -13.860714435577391 76.683467864990249 2604.9184570312505 0.75937840342521679 5.3113448619842538 5.119075059890748 -4.8808670043945304 1788.2920532226565 1.4455950260162356 1.7551655769348147 -11.252601623535154
decision_type=2 8 2 2 2 2 2 2 8 2 10 2 2 2 2 2 2 2 10 10 2 2 2 2 2 2 2 2 2 10 2 2 2 2 2 2 10 2 10 2 2 10 2 2 10 10 2 10 2 2 10 10 2 2 2 2 2 8 2 2 10 10
left_child=4 3 26 5 6 -2 12 23 21 10 -4 20 18 -14 15 34 17 31 -1 -13 49 -9 -23 -8 -25 -6 28 -28 58 46 -22 -5 33 -20 35 -7 37 -37 -16 55 -41 -18 -40 -44 -31 -39 -15 48 54 50 51 -12 61 -17 -10 56 -30 -57 59 -3 -51 -49
right_child=1 2 9 16 25 14 7 8 47 -11 11 19 13 29 38 53 41 -19 32 -21 30 22 -24 24 -26 -27 27 -29 39 44 -32 -33 -34 -35 -36 36 -38 45 42 40 -42 -43 43 -45 -46 -47 -48 52 -50 60 -52 -53 -54 -55 -56 57 -58 -59 -60 -61 -62 -63
leaf_value=0.00028048829858252146 -0.00057480741040600572 0.00012569547794158989 0.00042264626450245292 5.8580384754146761e-05 -0.00064172991158481952 6.3981867805955415e-05 1.5961534046581404e-05 0.00019567623148054357 -0.0011838521921837871 -0.00018326609868503209 -0.00068280188036950627 -0.00030589341694413 0.0017103848426696464 0.00049794801412311968 -0.00067381523367546963 -0.0013180150247098644 -0.00022701689090971937 -0.0010072941204828901 0.0021691097939590931 -0.0020060423059775579 0.00012448715299604197 4.6394915088328738e-05 -0.00021630431919712086 -0.00030444499137203689 0.00013863326146308012 -0.00015880319909723924 -0.00018950572795990137 0.00013882284967307751 4.8431112600321121e-05 -0.00021391337680121852 0.0015814356891756026 -0.00060647005248199706 -4.1385296462015863e-05 -0.00027689749706942258 -6.0687963576631975e-05 0.0012531994137600917 6.9834824328423971e-05 -4.43576912805725e-05 -0.00088823777259781705 0.00011411043483531103 0.0024996903749706688 -0.00081050769347468178 0.0016025103195934473 -0.00010599026886499202 0.00047742745617922449 0.0016543363228978991 2.5671334569204093e-05 5.6182471679675446e-05 0.00053484377668635706 -5.7485312338419372e-05 -0.0014621323706370804 0.0016084515265654773 0.00025154619919248082 -0.00019012781132502426 0.00023829710720517917 -7.3998638133089697e-05 0.0025566485897485932 0.00089145653734729535 0.00017091937914442878 0.0022628903874997485 0.0011071306333444041 -0.0010861873615493635
leaf_weight=74875 7469 211 4373 1551 3291 7846 31146 19004 330 48583 833 6945 338 3113 3020 371 9059 4878 242 265 20109 31066 12172 15234 4879 8512 8476 19417 220 10155 258 4825 10600 202 11142 1616 2707 779 693 240 320 1723 273 2842 1115 204 6328 969 9827 98193 456 200 10572 9783 698 1575 239 889 29932 215 329 519
leaf_count=74875 7469 211 4373 1551 3291 7846 31146 19004 330 48583 833 6945 338 3113 3020 371 9059 4878 242 265 20109 31066 12172 15234 4879 8512 8476 19417 220 10155 258 4825 10600 202 11142 1616 2707 779 693 240 320 1723 273 2842 1115 204 6328 969 9827 98193 456 200 10572 9783 698 1575 239 889 29932 215 329 519
internal_value=4.04164e-06 -7.08064e-05 -1.71336e-05 -0.000254524 9.5864e-05 -0.000139778 0.000114744 4.57741e-05 0.000114009 -7.19731e-05 -3.09993e-05 -4.65477e-05 0.000202702 3.09141e-05 -6.10586e-05 -1.75465e-07 -0.00050835 -0.00068855 0.000244787 -0.000368382 -2.72716e-05 4.06009e-05 -2.7558e-05 -6.75859e-05 -0.000196963 -0.000293456 0.000143247 3.90518e-05 0.000229129 3.50546e-06 0.000142943 -0.000444693 2.74422e-06 0.00105629 9.64419e-05 0.000229558 0.000474396 0.000895768 -0.000368221 0.000610089 0.0014773 -0.000320261 -0.000125863 4.37435e-05 -0.000145515 0.000308169 0.000181396 0.000313403 0.000463526 -6.19354e-05 -0.000613711 -0.00023919 0.00017828 -0.000231338 -0.000218229 0.000443945 0.00135445 0.000274333 0.000185421 0.00120433 -5.35962e-05 -0.000342265
internal_weight=568246 313059 242278 70781 255187 48745 243384 136416 85157 180544 131961 127588 106968 21049 41276 34448 22036 11254 85919 7210 120378 62242 43238 51259 20113 11803 61734 27893 33841 20711 20367 6376 11044 444 24294 13152 5306 2599 6828 3483 560 10782 3808 3115 11270 983 9441 22915 10855 100011 1489 1033 12060 10154 1028 2923 459 2464 30358 426 98522 1488
internal_count=568246 313059 242278 70781 255187 48745 243384 136416 85157 180544 131961 127588 106968 21049 41276 34448 22036 11254 85919 7210 120378 62242 43238 51259 20113 11803 61734 27893 33841 20711 20367 6376 11044 444 24294 13152 5306 2599 6828 3483 560 10782 3808 3115 11270 983 9441 22915 10855 100011 1489 1033 12060 10154 1028 2923 459 2464 30358 426 98522 1488
is_linear=0
shrinkage=0.04


Tree=13
num_leaves=63
num_cat=0
split_feature=0 3 5 2 3 9 0 9 7 0 5 7 0 6 8 6 1 5 2 9 7 8 0 1 8 6 0 2 1 2 3 5 6 0 11 8 3 6 9 8 1 5 7 5 0 1 7 0 3 6 6 7 1 6 0 0 7 2 2 3 2 5
split_gain=2.41694 2.34457 1.44209 1.25173 1.16471 1.02811 0.829984 0.78696 0.77849 0.686828 0.624958 0.597694 0.620385 0.462504 0.471572 0.444979 0.430187 0.402308 0.397963 0.43024 0.403888 0.375574 0.375501 0.507511 0.358665 0.353948 0.347617 0.386872 0.345089 0.430008 0.3434 0.414972 0.342918 0.340769 0.319227 0.34354 0.318497 0.309 0.30652 0.304314 0.41313 0.341957 0.375951 0.312884 0.297987 0.452195 0.35235 0.321565 0.327083 0.378979 0.483627 0.329401 0.321818 0.305125 0.293127 0.290424 0.289734 0.288865 0.286596 0.286538 0.274984 0.298175
threshold=79.813091278076186 -11.265065193176268 0.861402988433838 7.9974851608276376 -15.724300384521483 -3.7123603820800777 82.395809173583999 -7.3197669982910147 0.54901999235153209 82.575649261474624 0.39286614954471594 1.1456300020217898 76.916809082031264 5.6425299644470224 5.9943749904632577 5.714099884033204 2500.684204101563 0.1806575953960419 -6.0349249839782706 -10.056552886962889 1.4384050369262698 4.35229516029358 67.729316711425795 1948.824157714844 4.5237050056457528 6.5850999355316171 79.448093414306655 3.8991199731826787 2592.629516601563 4.9407300949096689 -6.5854201316833487 0.23622596263885501 6.4149248600006112 79.689815521240249 -6.7112665176391593 6.4214501380920419 -2.7037199735641475 6.0260250568389901 -10.861854553222654 5.3168151378631601 2460.6052246093755 -0.92282095551490773 1.048154950141907 -0.83575358986854542 83.36624908447267 2493.0952148437505 2.9536600112915044 83.917366027832045 -5.0219101905822745 6.1428549289703378 6.0313901901245126 1.7238349914550783 2295.9575195312505 5.8555648326873788 85.949939727783217 80.831104278564467 1.8745449781417849 -2.2884099483489986 -4.3414599895477286 -0.67986002564430226 -12.016030311584471 0.42132940888404852
decision_type=2 2 2 2 2 8 2 8 2 2 2 2 2 2 2 2 2 2 2 8 2 2 2 2 2 2 2 2 2 2 2 2 2 2 10 2 2 2 10 2 2 2 2 2 2 2 2 2 2 2 2 2 2 2 2 2 2 2 2 2 2 2
left_child=3 9 5 4 -1 6 25 11 -8 -2 13 12 60 -10 -15 -11 17 56 32 -20 -21 58 23 -9 -7 28 27 37 29 -3 31 -16 -4 -28 35 44 -31 -14 -34 40 41 42 -38 -41 -12 47 -47 52 -49 50 51 -50 -46 -53 -17 -44 -13 -37 -18 -26 -6 -62
right_child=1 2 18 -5 7 24 8 22 10 15 34 16 26 14 30 54 21 -19 19 20 -22 -23 -24 -25 59 -27 33 -29 -30 36 -32 -33 38 -35 -36 57 39 -39 -40 43 -42 -43 55 -45 45 46 -48 48 49 -51 -52 53 -54 -55 -56 -57 -58 -59 -60 -61 61 -63
leaf_value=-9.2586662853070878e-05 -0.00024723346277474596 0.00016976428779576981 -0.00038647161798507099 -0.00035010460771701398 -4.5193654037747252e-05 -0.00097519499142763658 -0.0006055880748610271 0.00025241662976703398 6.8966200791405248e-05 -0.00042537039628590741 -7.0096002786359117e-05 0.00021651753888262494 0.00013259268587677934 -0.00016867785211192198 -0.00057270929691519991 -0.00082626639643385545 0.00029085598980232432 0.00025708456612656791 0.00026400545030263133 -0.00058622764174900966 -7.4668549679325275e-05 2.538430572386339e-05 0.00033509313827842692 0.0025526146509459819 0.00012045522735335793 -0.0004217686784223967 -0.00082863146682622246 -0.00065956684656002292 -0.00010407040404091722 -0.00021664958617932447 0.00013437677787105719 0.0013296271369695701 -0.00044341850304678728 6.9702063056552931e-05 0.00058786278056540602 -0.0020090949223538312 -0.00030348072375802065 -0.00019229384854462328 -0.0014068524629030619 -9.1637828832433245e-05 -0.00090224429510866674 -2.6263263603707529e-05 0.00046445100982549524 0.00076952200526418603 0.00019421513509723166 -0.00068416067946485044 0.00055862459354102609 -0.00045705237601937671 -0.00034939377164866113 -0.00069101681140253785 0.0024444442403532942 0.00048351198677251391 -0.0010946212647239466 0.0022144924755700215 -0.0019753276923304554 0.0020526620905573774 -1.632513774509744e-05 -0.00024653529116734006 0.0023043920845830686 0.00039039026387718178 -4.9613884003477747e-05 0.00038205066705109664
leaf_weight=38267 30442 54617 9865 9833 7158 383 4569 326 41051 7960 6596 15688 9013 47453 2000 3881 257 68621 2893 4250 5894 35349 23946 290 12335 2323 2123 1741 13915 9401 16104 202 1010 991 648 346 211 9752 1108 6521 263 530 263 753 493 6423 387 1028 557 401 216 704 835 212 391 615 18794 261 202 12843 3524 9363
leaf_count=38267 30442 54617 9865 9833 7158 383 4569 326 41051 7960 6596 15688 9013 47453 2000 3881 257 68621 2893 4250 5894 35349 23946 290 12335 2323 2123 1741 13915 9401 16104 202 1010 991 648 346 211 9752 1108 6521 263 530 263 753 493 6423 387 1028 557 401 216 704 835 212 391 615 18794 261 202 12843 3524 9363
internal_value=1.06011e-06 -7.34069e-05 -2.99331e-05 9.24241e-05 0.000110156 -4.45237e-07 -2.83558e-05 0.00014761 -9.26838e-05 -0.000348955 -7.40727e-05 0.000119014 -1.00722e-05 -3.63821e-05 -0.000102147 -0.000602113 0.00015959 0.000201074 -0.000319224 -0.00016628 -0.000288995 4.0146e-05 0.000360178 0.0013353 0.000239666 6.55232e-05 -0.000148967 -8.91689e-05 7.85211e-05 0.000113243 7.03141e-05 -0.000398199 -0.00048562 -0.000542746 -0.000284767 -0.000315401 -5.31093e-05 -3.62479e-05 -0.000947425 0.000114807 0.000568169 0.000807031 0.00121258 -2.49109e-06 -0.000283581 -0.000408683 -0.000613535 -9.49068e-05 0.000127102 0.000414428 0.000676881 0.000417687 -0.00061616 0.000884132 -0.000931436 0.00157692 8.96094e-05 -0.00125122 0.00117699 0.000258146 0.000153595 0.00026401
internal_weight=568391 313153 270479 255238 245405 245459 219898 207138 130486 42674 125917 182576 43665 106810 65759 12232 138911 103103 25020 13037 10144 35808 24562 616 25561 89412 23620 20506 87089 73174 18306 2202 11983 3114 19107 18459 18557 18765 2118 9156 1882 1619 1089 7274 17852 11256 6810 4446 3118 2090 1689 1473 1328 916 4272 878 34482 607 459 25178 20045 12887
internal_count=568391 313153 270479 255238 245405 245459 219898 207138 130486 42674 125917 182576 43665 106810 65759 12232 138911 103103 25020 13037 10144 35808 24562 616 25561 89412 23620 20506 87089 73174 18306 2202 11983 3114 19107 18459 18557 18765 2118 9156 1882 1619 1089 7274 17852 11256 6810 4446 3118 2090 1689 1473 1328 916 4272 878 34482 607 459 25178 20045 12887
is_linear=0
shrinkage=0.04


Tree=14
num_leaves=63
num_cat=0
split_feature=0 5 9 2 2 1 9 1 6 6 2 7 2 0 11 8 7 2 4 6 2 0 1 7 2 8 11 0 11 8 8 0 7 9 0 6 6 11 4 11 11 0 6 6 4 6 4 1 6 0 11 8 6 0 2 11 0 1 7 1 8 9
split_gain=2.26155 1.59699 1.32888 1.02551 0.868213 0.86281 0.669981 0.659093 0.564601 0.528901 0.496351 0.49062 0.436278 0.6162 0.416856 0.416058 0.392539 0.389947 0.603312 0.59133 0.386633 0.382421 0.357864 0.357549 0.348517 0.347105 0.346306 0.329594 0.654106 0.422259 0.319197 0.31533 0.305797 0.311805 0.313614 0.304404 0.358614 0.335142 0.299766 0.280918 0.422992 0.277728 0.27332 0.271196 0.291042 0.270584 0.266848 0.260642 0.263632 0.300045 0.266115 0.294887 0.290907 0.261845 0.25978 0.326913 0.257091 0.276731 0.256888 0.301706 0.255254 0.46878
threshold=81.153423309326186 -0.62868207693099964 -7.2774925231933585 2.3478549718856816 -8.9433698654174787 2286.133911132813 -7.1848297119140616 2537.800903320313 5.6375048160552987 5.8648951053619394 4.6534500122070321 1.1182099580764773 -11.110320091247557 76.683467864990249 -23.604656219482418 4.4764750003814706 2.5897700786590581 9.9226799011230487 0.67962449789047252 5.6375048160552987 6.1249849796295175 86.588272094726577 2090.4775390625005 0.13088999688625338 -3.1673849821090694 5.2507050037384042 -3.7210408449172969 84.390396118164077 -18.374745368957516 5.5280148983001718 6.7873251438140878 75.102706909179702 1.5770850181579592 -10.090164184570311 81.072017669677749 5.3161101341247567 5.3090100288391122 -6.0695061683654776 0.8043251931667329 -18.053968429565426 -19.655964851379391 71.818248748779311 4.8900649547576913 6.2522997856140146 0.21602590382099154 6.3849451541900644 0.60293212532997142 2365.184448242188 6.1854100227355966 82.818595886230483 -19.477565765380856 5.1849448680877694 6.4149248600006112 81.278514862060561 -17.071505546569821 -17.017039299011227 73.088672637939467 2577.398803710938 1.079154968261719 1948.824157714844 4.5237050056457528 -9.6659431457519513
decision_type=2 2 8 2 2 2 8 2 2 2 2 2 2 2 10 2 2 2 2 2 2 2 2 2 2 2 10 2 8 2 2 2 2 10 2 2 2 8 2 10 10 2 2 2 2 2 2 2 2 2 10 2 2 2 2 10 2 2 2 2 2 10
left_child=2 6 3 5 47 11 26 9 -9 10 -6 31 13 56 -14 -8 41 18 19 25 27 30 -18 -15 -23 -5 -2 46 29 -29 -11 -1 33 34 43 36 -17 -37 -12 40 42 58 -27 -16 -45 54 -10 -3 53 50 -50 -52 -53 -49 55 -25 57 -7 -4 -60 61 -20
right_child=1 4 16 17 7 12 15 8 20 21 38 -13 14 23 32 35 22 -19 60 -21 -22 24 -24 45 -26 39 -28 28 -30 -31 -32 -33 -34 -35 -36 37 -38 -39 -40 -41 -42 -43 -44 44 -46 -47 -48 48 49 -51 51 52 -54 -55 -56 -57 -58 -59 59 -61 -62 -63
leaf_value=0.00027223755746064572 -0.00016851162380701227 -0.00014010887989047884 -7.3857453675440485e-05 -0.00012958655528818544 4.2608272762428152e-05 0.00061813611160215821 -0.0011108132053299674 -0.0001336413783032768 -0.00064084545469659745 -0.0001527792557039483 0.00014517586416378618 0.0002319809857591568 -4.9829138052251407e-05 -0.0014415384716655521 0.00015312698066607136 0.00026484310499577435 0.00049194416648937211 -0.00046299640820975855 -5.3556973910337434e-05 -0.00010502847616710054 -0.0013503767227473922 -0.0020802124287656334 -0.0001204320425285998 -0.00094247969037603225 -0.00051277259377250728 -0.00079680780351940375 0.0011024487477020715 -0.00061093090187936522 -0.00037397445615662653 -0.0016918856244362154 -0.0013520235901998102 -0.00010682174467599021 0.00018299303678845049 -0.00016344741791583667 0.0015541344227340932 1.419793957238668e-05 0.001841851813892313 0.00024975400626525815 -0.00057563703350659143 0.00041526623617634624 0.0019972789382980186 0.00030005573572117308 0.0011042999666747882 -0.00090974542061806002 -5.1106996587571705e-05 -0.00066535746308963293 -0.00020123198074902665 -0.0017262769224016333 -0.0017746627701167642 -0.0017708353513245772 0.0007564953328619595 -1.6326553216102816e-05 -0.0015962521255351407 -0.00045389243725184688 -0.00011580693108828031 1.074726882399529e-05 -1.3488193430862385e-05 -0.00023036717691154248 0.00024634500193005272 0.0011290749055245864 -0.00018165165224045849 0.0022239667323883622
leaf_weight=4781 23959 1719 594 1530 42833 2311 455 26935 2575 32780 1250 59896 43442 412 19729 10306 2028 4805 522 7909 653 249 6179 1468 2565 201 348 1183 7846 1131 359 13222 39261 10373 234 43976 236 12386 3530 4367 490 28047 304 724 4950 2182 15553 275 299 667 256 368 378 4387 12599 947 12075 838 919 1901 39261 200
leaf_count=4781 23959 1719 594 1530 42833 2311 455 26935 2575 32780 1250 59896 43442 412 19729 10306 2028 4805 522 7909 653 249 6179 1468 2565 201 348 1183 7846 1131 359 13222 39261 10373 234 43976 236 12386 3530 4367 490 28047 304 724 4950 2182 15553 275 299 667 256 368 378 4387 12599 947 12075 838 919 1901 39261 200
internal_value=-7.96007e-06 -0.000101461 6.01547e-05 3.03593e-05 -0.000182814 6.87566e-05 2.97039e-05 -0.000159091 -0.000265442 -8.79808e-05 -5.35332e-07 0.000176946 1.31438e-05 -0.00011591 4.88358e-05 9.46652e-05 0.000277253 -0.000117487 -8.71832e-05 0.000130987 -0.000388107 -0.000203786 3.08899e-05 -0.000277042 -0.000651469 0.00040183 -0.000150315 -0.000365894 -0.000548273 -0.00113926 -0.000165771 -6.15616e-06 0.000105779 2.1595e-05 9.6465e-05 0.000102863 0.000300147 6.59633e-05 -0.00038714 0.000553466 0.00116002 0.00034152 0.000347621 8.30377e-05 -0.000160669 -0.000249142 -0.000263677 -0.000579027 -0.000692828 -0.00108105 -0.000727404 -0.000414899 -0.000816879 -0.000528947 -0.000188653 -0.000568688 7.04542e-05 0.000392336 0.000682159 0.000841405 -0.000167946 0.000577336
internal_weight=568158 239457 328701 289033 147791 229444 91666 139442 55876 83566 47613 77899 151545 32832 118713 67359 39668 59589 54784 14801 28941 35953 8207 17608 2814 6892 24307 28288 10160 2314 33139 18003 75271 36010 25637 66904 10542 56362 4780 5362 995 31461 505 25403 5674 17196 18128 8349 6630 1968 1301 1002 746 4662 15014 2415 15224 3149 3414 2820 39983 722
internal_count=568158 239457 328701 289033 147791 229444 91666 139442 55876 83566 47613 77899 151545 32832 118713 67359 39668 59589 54784 14801 28941 35953 8207 17608 2814 6892 24307 28288 10160 2314 33139 18003 75271 36010 25637 66904 10542 56362 4780 5362 995 31461 505 25403 5674 17196 18128 8349 6630 1968 1301 1002 746 4662 15014 2415 15224 3149 3414 2820 39983 722
is_linear=0
shrinkage=0.04


Tree=15
num_leaves=63
num_cat=0
split_feature=1 9 6 0 2 2 11 1 9 10 0 10 11 7 8 4 10 0 6 6 9 2 2 8 10 2 10 11 7 6 8 9 11 0 8 7 6 7 10 10 11 8 9 0 6 9 8 7 1 8 8 10 0 10 4 7 1 9 11 11 10 7
split_gain=2.8467 1.75141 1.02735 0.708137 1.04158 0.595313 0.606607 0.502867 0.530148 0.523075 0.506319 0.541018 0.482843 0.534984 0.465678 0.450763 0.701114 0.446841 0.440453 0.433315 0.422682 0.418118 0.392942 0.360131 0.35238 0.579367 0.348838 0.441301 0.463729 0.34335 0.339838 0.332465 0.3303 0.3183 0.316949 0.314453 0.308091 0.399745 0.292142 0.558124 0.289608 0.303168 0.286142 0.332624 0.307007 0.284542 0.294562 0.281363 0.279125 0.321285 0.278111 0.274733 0.281598 0.280829 0.269801 0.322401 0.300346 0.299974 0.27016 0.355893 0.265372 0.264043
threshold=2592.629516601563 -12.410999298095701 5.4619598388671884 79.93646621704103 -14.517055034637449 11.256070137023928 -27.169975280761715 2323.619750976563 -5.4674415588378897 -10.836639881134031 81.991149902343764 -17.635943412780758 -19.927795410156246 0.97012001276016246 6.4460351467132577 0.25532494485378271 -18.82236289978027 76.85828018188478 6.0778548717498788 5.6757400035858163 -18.397548675537106 6.9573850631713876 5.5486650466918954 5.4794847965240487 -28.502314567565914 0.27160999178886419 -13.155060291290281 -9.9509840011596662 0.79087999463081371 6.0039451122283944 6.0659899711608896 -12.109718322753904 -12.209037303924559 82.575649261474624 5.8965651988983163 1.2501899600028994 5.577280044555665 2.3752899169921879 -13.628963947296141 -14.008124828338621 -18.053968429565426 5.9431149959564218 -3.8937339782714839 84.710937500000014 4.9637699127197275 -11.511451721191404 6.3212499618530282 1.650720000267029 2052.437133789063 5.0971498489379892 6.5032200813293466 -25.268777847290036 81.278514862060561 -18.82236289978027 0.17407771199941638 1.7040849924087527 2786.680541992188 -5.4674415588378897 -9.3564586639404279 -12.582767486572264 -25.268777847290036 1.2586350440979006
decision_type=2 10 2 2 2 2 10 2 10 10 2 10 10 2 2 2 10 2 2 2 10 2 2 2 10 2 10 10 2 2 2 10 10 2 2 2 2 2 10 10 10 2 10 2 2 10 2 2 2 2 2 10 2 10 2 2 2 10 10 10 10 2
left_child=1 20 5 38 61 6 33 17 10 50 24 14 -13 21 18 16 -6 29 -12 32 -1 -14 48 -11 -9 30 -8 28 -28 31 51 -4 -17 -3 -23 -27 37 -25 39 45 -15 -42 -30 -44 -45 46 -2 -35 49 -22 -10 52 -26 -53 55 58 -57 -56 59 -18 -33 -5
right_child=3 2 7 4 15 -7 26 8 9 23 11 12 13 40 -16 19 54 -19 -20 -21 22 34 -24 36 25 35 27 -29 42 -31 -32 60 -34 47 -36 -37 -38 -39 -40 -41 41 -43 43 44 -46 -47 -48 -49 -50 -51 -52 53 -54 -55 57 56 -58 -59 -60 -61 -62 -63
leaf_value=0.00027721212811263496 -8.9261197864168759e-05 -7.847370836546796e-05 -0.00019948897628977201 -0.0020534220735227678 -0.00062782308539053807 -0.00054783534157324819 0.000257035469509956 -0.00037309219213442886 -0.00012723990099905718 0.00068659747206277467 -0.00023951976001667687 -0.00056736852370974588 -0.00081325517808992804 0.00043001930550502196 -0.0018942383044222239 -0.00022027547522560775 0.00035523849702147949 -2.0784221423512524e-05 -0.00072191303006410694 -0.00038843203010938853 0.00081634523072488495 -0.00030892654497622274 -0.00025975219055012947 -7.5628486802040832e-05 0.00028777966476833803 -0.00045467932827537383 -0.0011004298996786148 0.00039802736723448546 2.5835987199415983e-05 -2.5943997637001949e-05 -0.0004081409989324226 0.0013166895769634659 0.0002011776666044056 0.00062864405277359759 0.001534553199307993 -0.00010912670444288553 0.00023673883966090933 -0.0019682957698409186 -0.00030443507780402937 0.0014258096260683878 -0.00017265961528584007 0.00014368174217440526 0.0020603376674222683 0.0014885730318446922 9.1956930223563771e-05 0.00012943880591521502 -0.00095493686454506551 -0.0010058705358718149 0.00010372403245584132 0.0002271051637631748 -0.0016114692149074891 -4.7096347985139867e-05 0.0013213154550564985 0.00023189247416827066 0.0021581059770616599 0.00016292074795580945 -0.0010803251005460819 0.00012482143389241934 0.00031438170012241384 0.0024897017227734604 0.00048984393502514998 -0.00091741485089387302
leaf_weight=36245 26835 10636 921 534 1551 2217 32287 5620 6994 2554 7854 4096 2605 1932 355 29906 239 107239 4929 29807 1742 447 4270 764 3896 5592 568 6186 36010 3504 2202 759 3304 200 224 17093 6562 233 7037 420 16474 6868 203 308 1381 11228 644 1070 69902 9865 208 15670 473 9140 266 1819 375 206 908 262 3417 846
leaf_count=36245 26835 10636 921 534 1551 2217 32287 5620 6994 2554 7854 4096 2605 1932 355 29906 239 107239 4929 29807 1742 447 4270 764 3896 5592 568 6186 36010 3504 2202 759 3304 200 224 17093 6562 233 7037 420 16474 6868 203 308 1381 11228 644 1070 69902 9865 208 15670 473 9140 266 1819 375 206 908 262 3417 846
internal_value=-1.21999e-05 3.32194e-05 -1.46977e-05 -0.000188782 -0.000268963 9.96023e-05 0.000115757 -5.83177e-05 -0.000114719 9.04162e-05 -0.000148395 -0.000248462 -0.000161233 -0.000102966 -0.000465212 -0.000247089 9.59668e-05 1.4645e-06 -0.000425526 -0.000277717 0.000162684 -0.000583907 0.000114292 0.000275948 -7.16366e-05 -4.03012e-05 0.000156871 8.44507e-05 3.40273e-05 0.000278866 7.10284e-05 0.000488412 -0.000178346 -0.000149941 0.000306482 -0.000194308 0.000137199 -0.000517947 -6.71613e-05 -2.44876e-05 -4.06264e-05 -7.95814e-05 5.10283e-05 0.000530508 0.000346639 -4.02244e-05 -0.000109549 -0.000748467 0.000133887 0.000315539 -0.000170106 0.000107189 0.000399673 5.56831e-05 0.000371451 0.000253648 -4.95757e-05 0.0012707 0.000725807 0.00147146 0.000640126 -0.001357
internal_weight=567902 451715 329691 116187 70023 91066 88849 238625 122785 17315 105470 45784 32646 28550 13138 68643 5626 115840 12783 63017 122024 3276 85779 10113 59686 54066 76943 44656 38470 8601 31381 5097 33210 11906 671 22685 7559 997 46164 39127 25274 23342 37902 1892 1689 38707 27479 1270 81509 11607 7202 29179 4369 24810 4075 3603 2194 472 1409 501 4176 1380
internal_count=567902 451715 329691 116187 70023 91066 88849 238625 122785 17315 105470 45784 32646 28550 13138 68643 5626 115840 12783 63017 122024 3276 85779 10113 59686 54066 76943 44656 38470 8601 31381 5097 33210 11906 671 22685 7559 997 46164 39127 25274 23342 37902 1892 1689 38707 27479 1270 81509 11607 7202 29179 4369 24810 4075 3603 2194 472 1409 501 4176 1380
is_linear=0
shrinkage=0.04


Tree=16
num_leaves=63
num_cat=0
split_feature=1 0 3 7 0 0 2 3 11 2 3 10 5 4 5 4 1 3 2 11 7 8 0 5 5 0 2 2 10 0 3 11 8 8 3 2 8 3 2 2 7 8 8 8 3 5 10 5 1 5 1 5 7 3 5 10 0 7 8 4 10 5
split_gain=2.3531 1.42479 1.18216 0.915515 0.716908 0.701818 0.773749 0.706795 0.56015 0.547994 0.604607 0.440873 0.428667 0.447444 0.401229 0.394075 0.374603 0.423262 0.372343 0.37648 0.365897 0.387496 0.319364 0.347994 0.318806 0.308989 0.290965 0.290608 0.304386 0.35511 0.448988 0.323078 0.297685 0.343078 0.296724 0.289911 0.289126 0.284685 0.340895 0.343209 0.361988 0.284158 0.281009 0.61732 0.36186 0.365907 0.430377 0.281906 0.279643 0.279572 0.288801 0.284093 0.491745 0.341724 0.31166 0.268257 0.382273 0.268208 0.346004 0.26681 0.286331 0.266229
threshold=2531.3610839843755 77.958396911621108 -11.859790325164793 1.2665799856185915 81.278514862060561 80.872039794921889 -11.110320091247557 -13.448769569396971 -7.4234294891357413 6.1249849796295175 -15.724300384521483 -13.705716609954832 1.0000000180025095e-35 0.17407771199941638 -0.88783073425292958 -0.25242647528648371 2029.994323730469 -1.2147799730300901 -11.110320091247557 -12.582767486572264 1.5085849761962893 4.6239199638366708 77.76794815063478 0.94147542119026195 0.12306622415781023 84.775169372558608 9.46313524246216 5.9575800895690927 -6.5707414150238028 84.83942031860353 -9.8421697616577131 -27.368593215942379 5.2157201766967782 5.4398798942565927 2.8788549900054936 -0.21131999790668485 5.7591149806976327 -6.3919901847839347 1.2471700310707095 1.4875800013542178 1.8435850143432619 5.5280148983001718 5.5773801803588876 5.2390449047088632 -3.3354749679565425 0.08858493342995645 -10.650908470153807 -0.71856409311294545 2333.8198242187505 -0.98554119467735279 1561.1172485351565 0.16490019112825396 1.8435850143432619 -4.1278200149536124 0.98890498280525219 -23.509980201721188 82.214084625244155 1.4595749974250796 5.8105947971344003 0.96859893202781688 -3.1885929107666011 -0.99806490540504444
decision_type=2 2 2 2 2 2 2 2 8 2 2 10 2 2 2 2 2 2 2 8 2 2 2 2 2 2 2 2 10 2 2 10 2 2 2 2 2 2 2 2 2 2 2 2 2 2 8 2 2 2 2 2 2 2 2 10 2 2 2 2 8 2
left_child=1 9 11 42 26 12 -7 -8 55 10 36 25 -2 -14 15 -9 -12 22 -15 -20 -16 -22 -18 57 -21 -3 49 28 29 -23 41 -30 -33 -34 -29 -26 -1 -32 -39 -40 -41 -31 43 44 45 59 -47 -44 -46 -5 -51 -52 53 -53 -55 56 -6 -24 -59 60 -4 -11
right_child=5 2 3 4 8 6 7 14 -10 61 16 -13 13 18 20 -17 17 -19 19 24 21 27 23 -25 35 -27 -28 34 31 30 37 32 33 -35 -36 -37 -38 38 39 40 -42 -43 47 -45 48 46 -48 -49 -50 50 51 52 -54 54 -56 -57 -58 58 -60 -61 -62 -63
leaf_value=6.691844364057893e-05 -0.00026224221614891657 -0.00010875682597296442 0.00028253964577311939 0.00064886097139733704 0.0001160252863488801 -0.00083465283070988875 -0.00048924477870083071 0.00093573624605411583 0.00022100286944588433 0.0012662579963546037 0.00038356976565517468 -0.00045927979583419888 -0.00063516932312422799 -0.00014926547727092394 -0.00031369608502658069 3.4216935557950018e-05 0.00018972588280456254 -0.00018069476707093142 2.4529966270501006e-05 -0.00062435973098340413 0.00076505842948127009 -3.5558882777301773e-05 2.0197187363506105e-05 0.002080068662348721 0.00035883737129314801 -0.0014973632888958003 -0.00022837862644328527 -0.00058515864058144196 -0.00073416780522235373 -0.00034722715503458768 0.00017424435554220673 -0.00043474279464530063 0.001840186467819684 0.00046088986538135173 0.00095608858879063735 0.0015097106912675196 -0.00031163405849060801 -0.0006672167046304538 0.0013486562757810325 -0.00082641628548386621 5.4885269582968965e-05 -0.0018141267677847612 0.00012914199850046519 -0.00033985223079155983 -0.00033176922295406378 0.00031380598542762639 0.0020802207157677001 -0.00010876644219116763 0.00012398463783670348 0.00098267710427766956 8.0599682457196243e-05 0.00022282344022214254 0.00038343104846833183 -0.0002661225461115551 0.00052320555463975058 -1.3377195082305223e-05 -0.00075464658044886908 0.00098807718761854523 -7.5804204026835541e-05 -0.00066335721320562844 -0.0012829299349589585 -0.00016806621551914143
leaf_weight=11094 12233 18477 1771 2039 1414 3079 10722 899 17351 212 19085 9786 1753 16846 19547 5661 72321 4727 41289 497 807 23406 1408 225 5732 260 2801 3025 393 367 2069 433 359 1470 214 373 4553 3163 243 1057 2532 498 13510 17797 6239 4945 231 19430 3290 699 32981 10974 18966 5323 942 92364 1879 1865 663 1084 209 8872
leaf_count=11094 12233 18477 1771 2039 1414 3079 10722 899 17351 212 19085 9786 1753 16846 19547 5661 72321 4727 41289 497 807 23406 1408 225 5732 260 2801 3025 393 367 2069 433 359 1470 214 373 4553 3163 243 1057 2532 498 13510 17797 6239 4945 231 19430 3290 699 32981 10974 18966 5323 942 92364 1879 1865 663 1084 209 8872
internal_value=1.3813e-06 5.20216e-05 2.60039e-06 2.97918e-05 7.54653e-05 -0.000129407 -0.000212888 -0.000187981 1.19029e-05 0.000164585 0.000188026 -0.000241676 -4.46312e-05 -4.59451e-06 -0.000139146 0.000157764 0.000224105 0.000186629 1.24807e-05 6.93761e-05 -0.000171835 -0.000102573 0.000209332 0.000550098 0.000349844 -0.000128026 0.000171592 -0.000120422 -8.7761e-05 -0.00012059 -0.000321039 0.000324431 0.000508352 0.000731621 -0.000483329 0.000429153 -4.32336e-05 -0.000237944 -0.000359862 -0.000106166 -0.000204668 -0.00119175 -9.53713e-05 -0.000173336 -6.55811e-06 0.000187557 0.000392639 -1.11908e-05 -0.000174415 0.000187168 0.000173698 0.000165524 0.000242887 8.82623e-05 -0.00014744 -2.60252e-05 -0.000380784 0.000462638 0.000709061 -0.000158888 0.000117296 -0.000134592
internal_weight=568454 409787 284762 256239 187733 158667 79944 76865 113008 125025 115941 28523 78723 66490 66143 6560 100294 81209 64737 47891 59583 40036 76482 4161 6602 18737 74725 39229 35990 33335 9929 2655 2262 1829 3239 6105 15647 9064 6995 3832 3589 865 68506 35566 17769 8240 5176 32940 9529 71924 69885 69186 36205 17239 6265 95657 3293 3936 2528 3064 1980 9084
internal_count=568454 409787 284762 256239 187733 158667 79944 76865 113008 125025 115941 28523 78723 66490 66143 6560 100294 81209 64737 47891 59583 40036 76482 4161 6602 18737 74725 39229 35990 33335 9929 2655 2262 1829 3239 6105 15647 9064 6995 3832 3589 865 68506 35566 17769 8240 5176 32940 9529 71924 69885 69186 36205 17239 6265 95657 3293 3936 2528 3064 1980 9084
is_linear=0
shrinkage=0.04


Tree=17
num_leaves=63
num_cat=0
split_feature=0 3 5 0 9 2 10 0 3 7 4 0 10 2 3 4 2 2 0 7 7 8 10 0 11 3 8 10 0 5 8 7 7 3 10 2 9 0 3 2 8 10 7 4 8 3 10 9 3 9 0 9 4 0 3 3 3 9 2 2 0 10
split_gain=2.0454 1.37185 1.05809 1.05804 0.784127 0.727671 0.566403 0.566414 0.557783 0.516704 0.511369 0.751796 0.53683 0.502645 0.460167 0.421418 0.393273 0.389421 0.367995 0.361745 0.359895 0.354346 0.404228 0.349618 0.336081 0.330413 0.336347 0.329444 0.366553 0.323941 0.375987 0.304847 0.294113 0.342479 0.338171 0.299564 0.299468 0.415802 0.304451 0.292103 0.488547 0.441543 0.339797 0.329201 0.622996 0.298126 0.289521 0.282839 0.282031 0.305521 0.280718 0.400338 0.3518 0.350134 0.471897 0.366548 0.345317 0.323235 0.276258 0.361889 0.273849 0.308058
threshold=78.05564117431642 -8.6523303985595685 0.83376297354698192 82.575649261474624 -12.65018844604492 2.4709650278091435 -23.666352272033688 81.319915771484389 -21.708259582519528 1.8073450326919558 0.37388780713081365 82.259052276611342 -11.112005710601805 2.9192700386047368 -17.866109848022457 0.99580538272857677 -15.20874500274658 -9.1162247657775861 86.143325805664077 0.58113500475883495 1.2822649478912356 5.1048247814178476 -31.170119285583493 84.029254913330092 -13.397426605224608 -14.025890350341795 5.816505193710328 -24.27729511260986 78.284420013427749 0.42868770658969885 5.9719250202178964 1.6440150141716006 1.9594199657440188 -8.0943951606750471 -3.1885929107666011 5.9575800895690927 -4.7875900268554679 85.949939727783217 -6.5236802101135245 7.4896299839019784 5.3275949954986581 -8.5623931884765607 1.0000000180025095e-35 0.89996078610420238 4.8725750446319589 -3.7288799285888667 -7.5063602924346915 -8.563743591308592 -7.6282501220703116 -11.471195220947264 84.518550872802749 -9.4012832641601545 0.99379491806030285 88.96149063110353 -4.7428600788116446 -3.1136400699615474 -3.2253600358963008 -3.8937339782714839 3.8991199731826787 -9.2935900688171369 83.42065811157228 -16.4968147277832
decision_type=2 2 2 2 10 2 8 2 2 2 2 2 10 2 2 2 2 2 2 2 2 2 8 2 8 2 2 10 2 2 2 2 2 2 10 2 8 2 2 2 2 8 2 2 2 2 10 10 2 10 2 10 2 2 2 2 2 10 2 2 2 10
left_child=5 3 4 13 -3 8 23 9 -1 17 12 27 20 14 -2 39 -16 -8 58 -13 -6 -10 -23 -4 -18 26 31 48 46 30 32 -24 34 -34 36 -35 37 38 -21 41 -41 -7 -42 44 -43 -44 -29 -39 -12 -50 51 52 -32 54 -52 -55 -56 -58 59 -5 -22 -62
right_child=1 2 6 18 10 15 7 -9 21 -11 11 19 -14 -15 16 -17 24 -19 -20 29 60 22 25 -25 -26 -27 -28 28 -30 -31 50 -33 33 35 -36 -37 -38 47 -40 40 42 43 45 -45 -46 -47 -48 -49 49 -51 53 -53 -54 55 56 -57 57 -59 -60 -61 61 -63
leaf_value=-0.0004529989748926818 -0.00033478804374789542 0.00030060402082171447 -0.00031457721359948502 -0.00090241554947079791 -0.00025610610351196861 -0.00012926702599153791 0.0010079797602438433 -0.00025342877993374773 0.00027949719143498003 0.00052983550430160523 -7.0953345423425807e-05 -0.00053144828334974288 0.00017644852702367899 -0.00031700755092103829 -0.000497093718984369 -0.00066360746888202758 -2.8724351175133083e-05 -0.00014907512421619427 -0.00092722291916026462 -0.00045916247555934418 0.0002279268152932697 -6.038925088962515e-05 -8.9120303188923946e-05 -0.0010844976779533528 0.0004136309842716367 0.00021054865353941989 -0.00021229346668492715 -0.00028386993311345788 5.8271387338499753e-05 -0.00027212406683250757 -0.00063013669615247638 0.00026982691071450151 0.00085599429030232179 4.7126036416387344e-05 -0.00094078584744756652 -0.00039474834451763653 0.0001260619504218637 -0.0014002260496270471 -7.8433817004650415e-05 -0.00075474166527731313 -0.0012711003497499255 0.0021280321823114036 -0.00011712558890422104 7.0469460698160372e-05 0.00037808256972428046 0.00065332567722079817 -0.0016682203563541944 -0.00045199753603755873 0.0018710998597801947 0.00053401038930761741 -0.00044906415820646659 0.00037692555890961061 0.0010744981619517332 0.0016188270180998731 0.00042792467163677781 -0.00046324963822441461 -2.6061828789068475e-05 -0.0012775071408530627 -0.00067913806048473552 -0.00023355772234162468 0.00066188430504197124 -0.00015394347738991837
leaf_weight=2367 8966 15482 17962 1425 8895 10197 505 11011 33280 3799 901 3192 46739 15505 2748 1781 58698 5936 2095 4150 8065 15303 6201 996 2883 62072 6455 2237 73781 14125 1200 9719 732 14623 939 2950 4638 579 17665 2131 327 365 3403 5799 3008 1052 271 3850 343 1348 3911 7275 231 387 2908 208 2613 378 3709 14109 807 8994
leaf_count=2367 8966 15482 17962 1425 8895 10197 505 11011 33280 3799 901 3192 46739 15505 2748 1781 58698 5936 2095 4150 8065 15303 6201 996 2883 62072 6455 2237 73781 14125 1200 9719 732 14623 939 2950 4638 579 17665 2131 327 365 3403 5799 3008 1052 271 3850 343 1348 3911 7275 231 387 2908 208 2613 378 3709 14109 807 8994
internal_value=-2.19911e-06 -5.04266e-05 -5.40245e-06 -0.000170869 2.47328e-05 0.000117223 -0.000196079 -5.42817e-05 0.000155645 0.00015986 6.85743e-06 -3.21473e-05 9.46499e-05 -0.000110096 -6.63249e-05 -6.81555e-05 -2.89073e-05 -5.83574e-05 -0.000423782 -0.00011355 -4.82142e-05 0.000166475 0.000128767 -0.000355027 -8.01487e-06 0.000163045 3.12607e-05 5.71737e-05 4.21059e-05 -9.75483e-05 -6.19332e-05 0.000130013 -0.000119489 8.26027e-06 -0.000192976 -2.70519e-05 -0.000170238 -0.000222602 -0.000150862 -2.78047e-05 -0.000251018 5.18623e-05 -2.65432e-05 0.000253233 0.000567449 6.48081e-05 -0.000433455 -0.000575959 0.000500658 0.000805224 8.90286e-05 0.000256625 -0.000354965 -5.12015e-05 -0.000108347 0.000890975 0.000117547 -0.000184218 -0.000368972 -0.000294915 5.52895e-05 -8.67694e-05
internal_weight=568224 404764 294626 110138 254417 163460 40209 21251 135397 10240 238935 165435 73500 88800 73295 28063 64329 6441 21338 86554 26761 133030 99750 18958 61581 84447 22375 78881 76289 83362 69237 15920 50126 18305 31821 17573 30882 26244 21815 26282 6913 19369 4782 9172 3373 4455 2508 4429 2592 1691 19111 8706 1431 10405 9810 595 5899 2991 19243 15534 17866 9801
internal_count=568224 404764 294626 110138 254417 163460 40209 21251 135397 10240 238935 165435 73500 88800 73295 28063 64329 6441 21338 86554 26761 133030 99750 18958 61581 84447 22375 78881 76289 83362 69237 15920 50126 18305 31821 17573 30882 26244 21815 26282 6913 19369 4782 9172 3373 4455 2508 4429 2592 1691 19111 8706 1431 10405 9810 595 5899 2991 19243 15534 17866 9801
is_linear=0
shrinkage=0.04


Tree=18
num_leaves=63
num_cat=0
split_feature=1 9 6 6 3 2 10 3 10 9 3 7 2 9 7 2 9 8 4 1 3 4 2 6 1 2 7 6 3 6 10 5 9 8 3 10 3 3 3 1 8 9 6 1 10 3 8 4 10 7 7 5 2 3 9 9 6 1 10 8 4 1
split_gain=2.04616 0.846224 0.80399 0.748698 0.843386 0.675325 0.543005 0.512038 0.602257 0.480512 0.449329 0.600709 0.499948 0.433094 0.432537 0.41106 0.386122 0.432913 0.425456 0.373668 0.360018 0.411848 0.427909 0.359612 0.334889 0.328842 0.324711 0.316657 0.315874 0.312522 0.333147 0.303172 0.430464 0.352018 0.414228 0.297951 0.290947 0.293096 0.322848 0.38121 0.290407 0.290611 0.286668 0.375327 0.281608 0.281151 0.278991 0.395261 0.305519 0.276619 0.456144 0.389468 0.315326 0.276479 0.285719 0.274765 0.27322 0.269854 0.269498 0.267756 0.266675 0.344186
threshold=2380.315551757813 -4.684764862060546 6.1497550010681161 5.8788449764251718 -8.6523303985595685 2.984549999237061 -21.324045181274411 -3.1136400699615474 -8.5623931884765607 -12.151622772216795 -8.1695098876953107 0.8902300000190736 3.769590020179749 -11.104679107666014 0.95796999335289013 -14.20944023132324 -11.590290069580076 6.0659899711608896 0.92428925633430492 2745.6184082031255 -13.002449989318846 0.66505455970764171 7.1599650382995614 5.2720248699188241 1873.3951416015627 11.256070137023928 2.1101800203323369 4.4634349346160898 -19.971289634704586 5.3899798393249521 -13.155060291290281 -0.7309785485267638 -12.324741363525389 5.3168151378631601 -2.4057700634002681 -3.1885929107666011 -8.2479600906372053 -5.0769300460815421 -4.8018500804901114 2634.855834960938 5.816505193710328 -15.622509002685545 5.0406248569488534 2940.0910644531255 0.78748106956481945 -17.866109848022457 6.2887051105499276 0.36463516950607305 -5.4187927246093741 1.8361649513244631 0.77195498347282421 0.22830950468778613 -2.2884099483489986 -3.3902800083160396 -9.0062980651855451 -12.410999298095701 4.7537248134613046 2314.789916992188 -16.333635330200192 4.35229516029358 0.59219551086425792 2778.701782226563
decision_type=2 8 2 2 2 2 10 2 10 10 2 2 2 10 2 2 10 2 2 2 2 2 2 2 2 2 2 2 2 2 10 2 10 2 2 10 2 2 2 2 2 10 2 2 10 2 2 2 8 2 2 2 2 2 10 8 2 2 8 2 2 2
left_child=2 3 6 4 5 40 20 -4 -9 -7 12 -12 -8 19 -15 -16 17 36 53 28 26 -22 -23 -11 -13 29 -1 -3 -5 30 -26 33 -33 34 -31 59 -6 -38 -39 -40 42 -42 43 56 -25 -28 58 -48 -49 50 51 -30 -52 54 -18 -47 -2 -34 -29 -17 -21 -62
right_child=1 27 7 13 16 9 10 8 -10 23 11 24 -14 14 15 35 18 -19 -20 60 21 22 -24 44 25 -27 45 46 49 31 -32 32 57 -35 -36 -37 37 38 39 -41 41 -43 -44 -45 -46 55 47 48 -50 -51 52 -53 -54 -55 -56 -57 -58 -59 -60 -61 61 -63
leaf_value=0.00015215680000137721 0.00015319688688627322 -0.0004427042988870092 4.7915590211544478e-05 -0.00098832564799481251 0.0010898079261044702 7.5611950434959838e-05 3.1988905120322028e-05 -0.0002817479149207339 0.00029695396678224901 -0.00023363543623965033 -0.00018519349825629313 0.00043029909576011385 -0.00029978527028175228 -0.00049514033914745841 -0.00098683326444883208 0.00090036909860775687 1.1381754361020468e-05 -0.00050356533177638391 0.00016757730352995955 -0.00071188408823322322 0.00016547134662811739 0.00042831022393139811 -0.00083934436430471064 -0.00062010209992479043 0.0004320569089877908 -0.00026968923845760835 0.00032179719865520353 -0.00064935031544783304 0.0018677287619106337 -0.00017836014439448231 0.00014679975096426557 0.00038455362290640413 3.7084451155942831e-05 0.00012826929442507484 0.00073984193984139664 -0.0011119191404322789 0.00012979579089686497 0.0019180711509205425 0.00076035413775626102 -0.00060600030826933593 -0.00081171487716371997 -0.00018538028365508612 -4.3146971242537581e-06 -0.0009587376801682521 -0.0020165709428738602 1.9906465271436188e-05 0.00030177326107845651 -0.0015287016514372431 4.7394928742592896e-05 0.00020349120809318437 -0.00010225943917903447 0.00018657661791398884 -0.00058855946932017051 5.2327920878282404e-05 -0.00025740189110430394 -0.00078319646425425895 -0.00032158676022613075 -0.00020360841922077621 0.00021961709888739482 -0.00018735120840472776 -0.00091970349353173546 2.3762928708435903e-05
leaf_weight=8034 2982 1447 28845 529 844 3086 29683 20811 3339 5361 10396 5735 9623 10160 1059 365 11254 979 20452 2236 32513 18687 436 6944 9631 3414 902 585 232 1034 20481 4678 31168 24879 3279 554 4943 291 1690 405 1297 13760 49996 1045 239 1082 790 530 313 7665 13523 4442 2533 22470 14456 1842 5546 9795 23935 45534 772 3115
leaf_count=8034 2982 1447 28845 529 844 3086 29683 20811 3339 5361 10396 5735 9623 10160 1059 365 11254 979 20452 2236 32513 18687 436 6944 9631 3414 902 585 232 1034 20481 4678 31168 24879 3279 554 4943 291 1690 405 1297 13760 49996 1045 239 1082 790 530 313 7665 13523 4442 2533 22470 14456 1842 5546 9795 23935 45534 772 3115
internal_value=-2.51289e-06 -7.73201e-05 7.44487e-05 -9.96133e-05 -4.92665e-05 -0.000132457 0.000107161 -6.58515e-05 -0.000201736 -0.000371537 6.8667e-05 0.000105894 -4.92369e-05 -0.00019086 -0.000258252 -0.000207595 4.7263e-05 0.000291315 1.47189e-05 -7.99616e-05 0.000206461 0.000252108 0.000399408 -0.000481542 0.000132417 0.000116651 7.72173e-06 0.000133301 -1.98677e-05 0.000129219 0.000238036 8.54326e-05 2.10435e-05 0.000186103 0.000519712 -0.000189831 0.000386529 0.000305541 0.000669626 0.000496214 -8.2383e-05 -0.000239332 -4.27116e-05 -0.000243243 -0.000666567 -0.000295569 0.00016517 -0.000341076 -0.000943508 -1.82529e-06 -7.77419e-05 0.000270023 -0.000178978 -5.01682e-05 -0.000139748 -0.000486015 -0.000155568 -2.04696e-05 0.000198885 -0.000178701 -0.000363835 -0.00016362
internal_weight=568646 288359 280287 260759 168040 90256 227292 52995 24150 15630 163796 124490 39306 92719 57672 47512 77784 9152 68632 35047 63496 51636 19123 12544 114094 108359 11860 27600 28924 104945 30112 74833 45641 29192 4313 46453 8173 7329 2386 2095 74626 15057 59569 9573 7183 3826 26153 1633 843 28395 20730 4674 16056 48180 25710 2924 8528 40963 24520 45899 6123 3887
internal_count=568646 288359 280287 260759 168040 90256 227292 52995 24150 15630 163796 124490 39306 92719 57672 47512 77784 9152 68632 35047 63496 51636 19123 12544 114094 108359 11860 27600 28924 104945 30112 74833 45641 29192 4313 46453 8173 7329 2386 2095 74626 15057 59569 9573 7183 3826 26153 1633 843 28395 20730 4674 16056 48180 25710 2924 8528 40963 24520 45899 6123 3887
is_linear=0
shrinkage=0.04


Tree=19
num_leaves=63
num_cat=0
split_feature=0 3 2 0 9 0 10 2 3 3 7 0 8 8 7 1 4 3 9 7 1 9 9 1 1 4 11 10 9 4 2 4 8 9 7 10 11 7 10 8 2 3 9 7 1 8 2 3 11 9 10 3 2 0 11 2 3 4 7 4 3 7
split_gain=1.62406 1.49877 1.23213 0.905497 0.866406 0.708439 0.710483 0.602987 0.669873 0.582207 0.521307 0.496414 0.465965 0.406262 0.387316 0.634688 0.386635 0.38358 0.375478 0.365342 0.36095 0.339658 0.331828 0.328916 0.542945 0.42965 0.319586 0.318511 0.31494 0.399813 0.314709 0.314138 0.305349 0.296889 0.293662 0.293601 0.296872 0.367847 0.291013 0.363816 0.307828 0.287796 0.309227 0.283396 0.351908 0.274488 0.273176 0.319939 0.273477 0.264242 0.307224 0.344831 0.261801 0.328768 0.266079 0.329184 0.258564 0.253942 0.276572 0.368521 0.492458 0.52829
threshold=78.05564117431642 -12.156129837036131 -11.110320091247557 83.317440032958999 -3.7123603820800777 81.733409881591811 -17.888283729553219 5.0835700035095224 -18.105010032653805 -7.2706699371337882 1.2976449728012087 83.858814239501967 5.5773801803588876 6.3383748531341562 0.8902300000190736 2669.136352539063 -0.73142504692077626 -17.435424804687496 -12.197372436523436 3.6389650106430058 2866.125854492188 -14.455230712890623 -8.8403701782226545 2770.7763671875005 2738.6508789062505 0.96606406569480907 -6.9010281562805167 -15.084305286407469 -10.928791046142576 0.99580538272857677 9.9226799011230487 0.99705016613006603 4.5237050056457528 -4.7875900268554679 2.5011999607086186 -15.084305286407469 -29.970961570739743 0.75227001309394848 -26.233821868896481 5.0292701721191415 -7.4820699691772452 -2.1586400270462032 -7.5778198242187491 1.2501899600028994 2273.6171875000005 5.4843699932098398 0.54006001353263866 -7.4859700202941886 -13.55047559738159 -7.2774925231933585 -11.199447154998778 -2.7037199735641475 -5.1367201805114737 81.319915771484389 -17.566814422607418 -10.067409992218016 -17.435424804687496 0.63488355278968822 1.8592250347137453 0.96981468796730053 -15.574990272521971 1.6574649810791018
decision_type=2 2 2 2 8 2 10 2 2 2 2 2 2 2 2 2 2 2 10 2 2 10 8 2 2 2 10 10 10 2 2 2 2 10 2 10 10 2 10 2 2 2 10 2 2 2 2 2 10 10 10 2 2 2 10 2 2 2 2 2 2 2
left_child=7 3 -3 17 5 10 11 8 13 46 21 18 -5 -1 15 -11 -13 -2 -7 23 38 -4 -10 24 26 34 28 -26 29 -16 49 56 -6 -18 -25 43 -37 -38 39 -20 -40 42 -28 44 -19 57 47 -8 -48 -12 -51 -52 53 54 55 -23 -24 -45 59 60 61 -59
right_child=1 2 4 12 32 6 9 -9 22 14 30 16 -14 -15 19 -17 33 35 20 -21 -22 52 31 25 27 -27 41 -29 -30 -31 -32 -33 -34 -35 -36 36 37 -39 40 -41 -42 -43 -44 45 -46 -47 48 -49 -50 50 51 -53 -54 -55 -56 -57 -58 58 -60 -61 -62 -63
leaf_value=-0.0001101042000328838 -0.00036205187801932522 -0.00038572434899597518 -0.0011662168182374445 -0.00031422390163380806 -0.00065793216143844536 0.00075300375515826386 8.9786308159226717e-05 -0.00013776813043572269 0.00013342813757285859 -0.00030857568232332897 9.7791037824859428e-05 0.0011030773510032233 -0.0009938429818594234 -0.001541082359960394 -0.0006620754685167828 0.001238442454998201 -0.00044026649723604371 0.00071284193813044114 0.00083343336583468423 -0.0008891457365994734 0.00063318756344786953 0.001927705583991209 0.0014111422672244348 -0.0008096287039064242 0.0019057863655802334 0.0003411040155188475 0.0021714568539307668 0.00047145275437470639 2.744112854981051e-05 0.0011921612961568694 -0.00032544574812542527 -0.00020650061857061159 0.00023064414758826725 -0.0017749560337544409 0.00018442820121835433 3.454156334171213e-06 0.0012801658886743255 -0.00041605313498930738 0.00043494639061562369 -0.00099497793372850789 -0.00018791551108716118 0.00018405552396552965 0.00051903077901386261 -0.00077182481074939086 -0.00040346129059704998 -0.0001166510511571659 -0.00040530035910455635 -0.0010983535312378185 0.00014998702400627082 0.00057021122490579033 -0.00037698373683998666 0.00045963171540592282 -0.00011299540944200605 -0.0007548515915369548 8.1721595919793843e-05 0.00041827278417858667 0.00033713771929106225 0.00037007713676284369 1.6633257547472252e-05 0.0010372259650956249 -4.4272255282255762e-05 0.0022990080749353829
leaf_weight=12088 12693 13244 448 3078 632 765 4996 14358 116687 9129 86034 255 3394 326 1839 445 11477 500 203 689 903 272 366 2169 354 1104 234 825 89439 207 2639 1722 29551 273 609 4808 209 9632 1370 1224 17312 8078 803 439 4691 10153 11294 391 1623 4225 1550 1604 28886 591 5181 1540 17870 734 5619 1198 2798 329
leaf_count=12088 12693 13244 448 3078 632 765 4996 14358 116687 9129 86034 255 3394 326 1839 445 11477 500 203 689 903 272 366 2169 354 1104 234 825 89439 207 2639 1722 29551 273 609 4808 209 9632 1370 1224 17312 8078 803 439 4691 10153 11294 391 1623 4225 1550 1604 28886 591 5181 1540 17870 734 5619 1198 2798 329
internal_value=3.3732e-06 -3.96043e-05 -7.40074e-06 -0.000223613 7.72932e-06 -1.27593e-05 -6.73541e-05 0.000109802 0.000133649 -2.60883e-05 5.62223e-05 -0.000231318 -0.000670625 -0.000147683 7.0144e-06 -0.00023667 -0.000437836 -0.000169842 -0.000117471 2.89517e-05 -0.000149163 -7.15286e-05 0.000159207 3.49385e-05 4.87215e-05 -0.000326427 3.872e-05 0.000902118 1.62161e-05 -0.000474477 0.000105324 0.000309928 0.000212038 -0.000471277 -0.000591709 -0.000110496 -0.000254165 -0.000380029 -0.000184295 -0.000734875 -0.000142239 0.000264586 0.000891902 -3.09591e-05 -0.000295938 3.37097e-05 -0.000235736 3.54857e-06 -0.000335529 0.000117494 0.000347211 4.84859e-05 -5.80814e-05 0.000151076 0.000227638 0.000644854 0.000358693 0.000171032 0.000209795 0.000424339 0.000234172 0.000967084
internal_weight=568099 404682 344407 60275 331163 300980 168010 163417 149059 134228 132970 33782 6472 12414 115924 9574 12005 53803 21777 106350 21012 36918 136645 105661 101779 3882 100600 1179 91485 2046 96052 19958 30183 11750 2778 41110 14649 9841 20109 1427 18682 9115 1037 26461 5191 21270 18304 5387 12917 93413 7379 3154 36470 7584 6993 1812 18236 11117 10678 5059 3861 1063
internal_count=568099 404682 344407 60275 331163 300980 168010 163417 149059 134228 132970 33782 6472 12414 115924 9574 12005 53803 21777 106350 21012 36918 136645 105661 101779 3882 100600 1179 91485 2046 96052 19958 30183 11750 2778 41110 14649 9841 20109 1427 18682 9115 1037 26461 5191 21270 18304 5387 12917 93413 7379 3154 36470 7584 6993 1812 18236 11117 10678 5059 3861 1063
is_linear=0
shrinkage=0.04


Tree=20
num_leaves=63
num_cat=0
split_feature=1 9 6 11 6 3 10 6 10 3 2 5 9 8 10 4 10 8 8 3 3 5 10 5 8 2 9 2 8 4 11 2 9 1 6 6 11 8 5 4 2 9 6 1 1 8 9 3 9 3 5 1 10 8 3 4 2 3 3 6 8 9
split_gain=1.79228 0.961356 0.675873 0.667725 0.58231 0.517038 0.532663 0.468749 0.485673 0.458178 0.44968 0.439762 0.510404 0.435565 0.423004 0.409965 0.39953 0.386659 0.386518 0.366797 0.470866 0.367274 0.374637 0.346628 0.501336 0.526998 0.421006 0.42467 0.327295 0.361719 0.312577 0.296741 0.287953 0.287791 0.281541 0.27546 0.272089 0.269712 0.264164 0.307913 0.289499 0.326825 0.253804 0.253187 0.25048 0.249694 0.243395 0.284835 0.31328 0.239013 0.236938 0.236518 0.416104 0.313263 0.271444 0.290923 0.245406 0.229437 0.225233 0.348881 0.22941 0.216577
threshold=2463.529907226563 -12.410999298095701 5.6901648044586191 -20.109443664550778 5.8928148746490487 -13.002449989318846 -27.08635330200195 4.7537248134613046 -16.255324363708493 -14.898355007171629 9.0751600265502947 -0.87967571616172779 -10.387565612792967 4.948244810104371 -25.840425491333004 0.99861285090446483 -5.4187927246093741 5.7818448543548593 5.0037748813629159 -9.9351396560668928 -6.0161249637603751 -0.099116321653127656 -9.8897004127502424 -0.99580675363540638 5.2157201766967782 6.1249849796295175 -4.2020492553710929 6.2122299671173105 6.3766849040985116 0.03993120230734349 -5.299212932586669 5.0835700035095224 -7.7034492492675772 2074.908813476563 4.0986149311065683 5.9878947734832773 -24.833604812622067 5.8652350902557382 -0.5473501682281493 0.76330226659774791 -14.20944023132324 -14.746376037597654 4.4634349346160898 2592.629516601563 2693.457153320313 5.2674248218536386 -4.2020492553710929 -4.0695900917053214 -9.4681243896484357 -11.363610267639158 -0.99891525506973255 2618.585815429688 -15.00519800186157 5.9646151065826425 -1.5693899989128111 0.020220776088535789 10.836245059967043 8.6698451042175311 -2.221480011940002 5.0256099700927743 6.0328447818756112 -3.7123603820800777
decision_type=2 10 2 8 2 2 8 2 10 2 2 2 10 2 10 2 10 2 2 2 2 2 10 2 2 2 10 2 2 2 10 2 10 2 2 2 8 2 2 2 2 10 2 2 2 2 10 2 10 2 2 2 10 2 2 2 2 2 2 2 2 8
left_child=1 5 3 7 9 17 35 19 13 -3 23 18 28 -9 -14 -6 -12 34 -4 -2 21 -21 -23 24 25 -11 27 31 29 -13 57 -26 37 36 45 -7 -19 -29 39 -31 43 -42 49 -40 -30 -1 47 -10 -49 -5 -28 52 -20 56 -55 -56 -54 -8 60 -60 -18 -44
right_child=2 4 11 42 15 6 30 8 46 10 16 12 14 -15 -16 -17 58 33 51 20 -22 22 -24 -25 26 -27 50 32 44 38 -32 -33 -34 -35 -36 -37 -38 -39 40 -41 41 -43 61 -45 -46 -47 -48 48 -50 -51 -52 -53 53 54 55 -57 -58 -59 59 -61 -62 -63
leaf_value=-0.0018417615706312926 7.96920056028768e-05 -0.00020590184797472143 0.0011736413715992509 -0.00089089645413267858 -4.7171770570924065e-05 0.00019497620096264577 0.00028192447889752203 0.0003610271043934535 -0.00028231899182535561 0.0030071507302135282 9.4257985309101645e-05 -0.00080662440243104154 -0.00065532644265213231 -9.6407919641714222e-05 -0.0002338039144094661 -0.00055539817714726433 -0.00085610400433403845 -0.00027548906136085684 -0.0011815832476275638 0.00037092021822872508 -0.00023474380975381067 0.0011222138314746148 0.0035243324773265652 8.9817743393889304e-05 0.00013890532684254035 0.00026141967348560196 0.0019261183833840204 0.0022832483106583592 -0.00033138159440581553 -0.0001952669265677268 -0.00035854582980795129 -0.00096668870117621014 0.0002302210179160589 -0.00033823354994463639 0.00014628983117533504 -0.00013061703220017441 0.00087285411887335837 0.00037741275811900517 1.670028227006086e-05 -0.0021620617949349038 0.00024603492538488716 -5.5309037330421159e-05 6.8845011152428125e-05 -0.00042521422226773616 -0.0017247768966438628 -0.00014257820341643409 -0.0014173876503418674 0.0017972176412608728 4.4800335620495891e-05 3.4874029297277541e-05 0.00044652458555394762 0.00051918147998916903 -3.5398518114481327e-05 -0.00031795550442752788 0.00039843548852515321 0.0019614101720508187 -0.001232326948526697 0.0015589601683442737 0.00086002100740715289 -0.00031537546837526485 -3.5016205693791709e-05 0.00030741435121810028
leaf_weight=211 4093 9466 549 809 92767 7623 56565 3990 25166 238 5464 1053 4140 20151 47658 2611 2068 648 485 262 367 215 201 133109 865 211 354 253 554 339 1226 705 1228 6481 15767 9145 673 224 3384 204 7088 30701 42987 5360 329 402 292 206 786 995 339 1407 2703 342 471 320 305 226 466 3039 739 7093
leaf_count=211 4093 9466 549 809 92767 7623 56565 3990 25166 238 5464 1053 4140 20151 47658 2611 2068 648 485 262 367 215 201 133109 865 211 354 253 554 339 1226 705 1228 6481 15767 9145 673 224 3384 204 7088 30701 42987 5360 329 402 292 206 786 995 339 1407 2703 342 471 320 305 226 466 3039 739 7093
internal_value=2.78119e-06 5.82197e-05 -8.8268e-05 -1.7421e-05 1.70337e-05 0.000163985 0.000215974 -0.000113561 -0.000150531 6.39624e-05 8.10723e-05 -0.000159261 -0.000179944 -2.08035e-05 -0.000267494 -6.10846e-05 -0.000156159 3.20263e-06 0.000157518 0.000250462 0.000919327 0.00154402 0.00228285 0.000101386 0.000449996 0.00171684 0.000306645 0.000117115 -8.74164e-05 -7.34155e-05 0.000273365 -0.000357556 0.000554202 -0.000228554 0.000113591 1.74028e-05 0.000309549 0.00138826 -5.7015e-05 -0.000934173 -4.67793e-05 1.21339e-06 8.58433e-05 -0.00025419 -0.000850552 -0.000727452 -0.000268933 -0.000256113 0.00040871 -0.000380286 0.00120233 6.50509e-05 -7.30731e-05 5.67572e-05 0.000623631 0.00103074 -0.000156763 0.000287006 -0.000372934 -0.000159103 -0.000639936 0.000102634
internal_weight=568118 353113 215005 107613 254146 98967 74785 55729 50591 158768 149302 107392 100810 24141 51798 95378 11776 24182 6582 5138 1045 678 416 137526 4417 449 3968 3275 49012 48129 58017 1570 1705 7802 16380 16768 1321 477 47076 543 46533 37789 51884 8744 883 613 26450 26158 992 1804 693 6033 4626 4141 1133 791 3008 56791 6312 3505 2807 50080
internal_count=568118 353113 215005 107613 254146 98967 74785 55729 50591 158768 149302 107392 100810 24141 51798 95378 11776 24182 6582 5138 1045 678 416 137526 4417 449 3968 3275 49012 48129 58017 1570 1705 7802 16380 16768 1321 477 47076 543 46533 37789 51884 8744 883 613 26450 26158 992 1804 693 6033 4626 4141 1133 791 3008 56791 6312 3505 2807 50080
is_linear=0
shrinkage=0.04


Tree=21
num_leaves=63
num_cat=0
split_feature=0 2 9 6 10 1 11 0 11 6 0 7 8 10 8 2 0 2 11 1 8 10 1 7 4 9 1 9 0 4 10 11 8 6 1 8 10 7 8 10 4 9 6 11 8 10 8 10 8 11 1 9 9 2 7 0 4 1 0 8 9 4
split_gain=1.65014 1.18779 0.9352 0.897424 0.893239 0.827741 0.567405 0.523008 0.672146 0.629452 0.457367 0.421043 0.401489 0.560078 0.400124 0.369588 0.377678 0.521959 0.367375 0.35488 0.323231 0.318055 0.336847 0.317802 0.314163 0.309503 0.298332 0.297398 0.292622 0.288132 0.285038 0.301863 0.284799 0.282519 0.324405 0.276602 0.293278 0.300686 0.271308 0.34984 0.490615 0.394864 0.308751 0.270927 0.268037 0.257148 0.252663 0.260381 0.34165 0.24781 0.242702 0.232731 0.237741 0.247516 0.320022 0.232073 0.232058 0.365062 0.357035 0.343478 0.341654 0.372
threshold=79.448093414306655 -11.110320091247557 -4.684764862060546 5.6472251415252694 -13.155060291290281 2650.247924804688 -20.20485687255859 82.395809173583999 -20.388557434082028 6.706364870071412 83.858814239501967 0.37209500372409826 5.9943749904632577 -15.160013675689695 6.6287298202514657 -12.786660194396971 67.729316711425795 4.2401599884033212 -10.935550689697264 2762.052368164063 4.7193799018859872 -26.233821868896481 1925.422058105469 1.2822649478912356 0.94820341467857372 -6.9025268554687491 2795.245971679688 -1.7883529663085935 73.088672637939467 0.27924011647701269 -18.047947883605953 -10.503372669219969 5.2098748683929452 5.9569947719573983 2505.6916503906255 6.4729149341583261 -23.509980201721188 1.6643849611282351 5.3592851161956796 -16.104717254638668 -0.089487221091985689 -5.9535560607910147 5.3899798393249521 -6.9010281562805167 5.1527600288391122 -9.5883841514587385 6.6946401596069345 -5.0000946521759024 4.9950850009918222 -8.0108194351196271 2431.051391601563 -7.2294960021972647 -8.279594421386717 4.9407300949096689 2.1101800203323369 80.21637344360353 0.95890659093856823 2138.0649414062505 76.742031097412124 5.871424913406373 -8.3137474060058576 -0.16591604799032209
decision_type=2 2 8 2 10 2 10 2 10 2 2 2 2 10 2 2 2 2 10 2 2 10 2 2 2 10 2 10 2 2 8 10 2 2 2 2 10 2 2 10 2 10 2 10 2 10 2 10 2 10 2 10 10 2 2 2 2 2 2 2 10 2
left_child=4 33 3 6 15 7 -3 9 20 46 25 32 43 35 23 28 17 21 24 29 -9 22 -17 -6 -12 -8 -20 30 -1 49 31 -4 -10 -2 -35 36 37 -14 39 -27 45 42 -42 -13 -44 -41 47 51 -49 -7 -11 52 53 -5 -55 -40 58 -58 -18 -59 61 -60
right_child=1 2 27 5 14 19 10 8 11 50 18 12 13 -15 -16 16 56 -19 26 -21 -22 -23 -24 -25 -26 38 -28 -29 -30 -31 -32 -33 -34 34 -36 -37 -38 -39 55 40 41 -43 44 -45 -46 -47 -48 48 -50 -51 -52 -53 -54 54 -56 -57 57 59 60 -61 -62 -63
leaf_value=0.0002557754200098268 -0.00023942402746282305 -0.00011275636375089186 0.00018211187179780232 6.2404224126535006e-05 -0.00032862217471707895 0.00071514709345378569 8.8610779402905327e-05 0.00072183252535622526 -0.0016287585065570074 -0.0011322478933664842 -0.00026913158341531989 -0.00022010054658880407 -0.00015854453119779549 0.00019551135221704548 -0.0010630591418766459 0.00073035867525456598 0.00022782370245270651 -0.00061104195788601171 0.00012592819171162615 -0.00019635578719481007 -0.00069814659361321671 0.00012931854387485906 0.0023945083177812835 -2.7781052812623382e-05 0.00014081146375064538 -0.00018293215997796007 0.001401191963769135 -0.00017114784230118902 -7.8842224564010265e-05 -0.00056999895972500699 0.0001728833118218744 -0.0019679522686366678 -0.00046624408281887339 -0.00032388950640789972 -0.00090057629877445108 -0.00085301241841269273 -5.1263545264708426e-05 -0.0021892084438276879 0.0013721050783880196 -0.0012624949414919062 0.0010651539392297926 0.00042349321169351856 0.0033400112711946561 0.0001034550335834448 0.0014399498072235246 0.00068780515904184512 -0.0008047620879626724 0.00087604421398944864 -0.00058757628159734768 -0.00056236428981922687 -3.7433518528840476e-05 0.00021147696948227294 -0.00018534305729409048 -6.8135474686001048e-05 -0.00087035293283123545 0.00017085765267992441 0.00030814353890931429 4.7023883596913844e-05 -0.00035885572867276589 -0.00029632889007829227 0.00057110099122537462 9.5744085529306629e-05
leaf_weight=5066 4762 41792 212 38885 6596 544 43874 271 428 1113 12977 41798 251 11809 662 359 57535 331 5517 10868 4790 316 425 37902 3887 561 310 4862 23949 11056 37301 206 1589 2784 3552 1095 4493 218 267 205 486 537 267 4596 214 229 623 291 2073 439 457 8755 10142 3520 1028 7100 6640 23903 3024 5791 2293 60516
leaf_count=5066 4762 41792 212 38885 6596 544 43874 271 428 1113 12977 41798 251 11809 662 359 57535 331 5517 10868 4790 316 425 37902 3887 561 310 4862 23949 11056 37301 206 1589 2784 3552 1095 4493 218 267 205 486 537 267 4596 214 229 623 291 2073 439 457 8755 10142 3520 1028 7100 6640 23903 3024 5791 2293 60516
internal_value=-8.06583e-06 -6.53572e-05 -5.13316e-05 -7.79485e-05 7.30193e-05 -0.000139359 5.75057e-06 -0.000102452 -0.000177793 -2.20973e-05 7.05494e-05 -0.000143864 -0.000126002 3.51156e-05 -8.68976e-05 0.000110999 0.000134664 0.000781603 -8.00349e-05 -0.000362061 -0.000622111 0.00120066 0.00163248 -7.23751e-05 -0.000174643 0.000134132 0.000193773 0.00012329 -2.04182e-05 -0.000511649 0.000161243 -0.000877489 -0.000712925 -0.00047222 -0.000647184 -0.000277599 -0.000150619 -0.00110244 0.000336562 0.000696712 0.000951346 0.00129323 0.00177621 -0.000188048 0.00249466 -0.00023342 -3.07307e-06 4.64716e-06 -0.00040741 0.000144621 -0.000813566 2.02753e-05 -1.09701e-05 2.97476e-05 -0.000249463 0.000214394 0.000128867 4.00188e-05 0.000155034 -1.99377e-05 9.14193e-05 7.41087e-05
internal_weight=568342 333034 321936 279355 235308 161132 118223 138225 71338 66887 76431 66277 64260 17866 45160 190148 161133 1431 22691 22907 5061 1100 784 44498 16864 53740 5827 42581 29015 12039 37719 418 2017 11098 6336 6057 4962 469 9866 2499 1938 1504 967 46394 481 434 65317 64694 2364 983 1570 62330 53575 43433 4548 7367 159702 36334 123368 29694 65833 63540
internal_count=568342 333034 321936 279355 235308 161132 118223 138225 71338 66887 76431 66277 64260 17866 45160 190148 161133 1431 22691 22907 5061 1100 784 44498 16864 53740 5827 42581 29015 12039 37719 418 2017 11098 6336 6057 4962 469 9866 2499 1938 1504 967 46394 481 434 65317 64694 2364 983 1570 62330 53575 43433 4548 7367 159702 36334 123368 29694 65833 63540
is_linear=0
shrinkage=0.04


Tree=22
num_leaves=63
num_cat=0
split_feature=0 3 10 4 5 10 3 5 0 4 11 6 4 1 9 4 0 7 4 0 3 3 10 3 4 4 0 4 5 6 7 0 11 1 10 9 1 11 9 9 0 3 9 0 0 7 1 9 6 3 1 10 4 11 6 7 6 3 6 10 4 9
split_gain=1.27971 1.38418 1.06543 0.775998 0.761536 0.696311 0.548558 0.536397 0.459705 0.545428 0.451634 0.502105 0.393641 0.374457 0.367774 0.357044 0.340807 0.366908 0.333613 0.323041 0.322987 0.317635 0.33032 0.312595 0.321097 0.311172 0.304237 0.298162 0.381449 0.294193 0.27562 0.274856 0.37836 0.281077 0.271449 0.27079 0.270521 0.267682 0.264034 0.25947 0.2982 0.32151 0.258179 0.292279 0.350439 0.284072 0.254848 0.284511 0.252607 0.415294 0.435277 0.316163 0.271163 0.26827 0.252565 0.250334 0.249732 0.248118 0.246811 0.266473 0.298483 0.24614
threshold=79.93646621704103 -5.1320700645446768 -18.82236289978027 0.46557614207267767 0.29050332307815557 -18.912885665893551 -13.215459823608397 -0.39424686133861536 83.42065811157228 0.81123092770576488 -6.5186696052551261 5.7895398139953622 0.22969644516706469 2014.7412109375002 -10.420814514160154 0.99995040893554699 76.742031097412124 1.2418249845504763 0.7428363859653474 81.072017669677749 -18.105010032653805 -15.574990272521971 -33.519290924072259 -7.4859700202941886 0.63488355278968822 0.99741154909133922 86.143325805664077 0.85722899436950695 0.55776098370552074 6.3463602066040048 2.3412249088287358 83.164875030517592 -18.130051612854 2589.192504882813 -20.355912208557125 -6.0811004638671866 2183.115112304688 -26.257921218872067 -9.7624855041503888 -9.2022132873535138 77.358642578125014 1.6769300103187563 -13.608039855957029 76.496780395507827 75.458515167236342 1.3506350517272951 2314.789916992188 -7.2774925231933585 6.0094048976898202 -7.1275200843811026 2516.270141601563 -6.8895356655120841 0.51436632871627819 -16.027555465698239 5.7472200393676767 1.8821350336074831 5.4383652210235605 -18.3488655090332 5.807774782180787 -11.530130386352537 0.99861285090446483 -9.3348236083984357
decision_type=2 2 8 2 2 8 2 2 2 2 8 2 2 2 10 2 2 2 2 2 2 2 10 2 2 2 2 2 2 2 2 2 8 2 8 10 2 10 8 10 2 2 10 2 2 2 2 10 2 2 2 10 2 10 2 2 2 2 2 8 2 10
left_child=4 3 12 -2 20 16 26 48 13 -10 11 25 46 18 -14 -13 21 -18 -9 -16 -1 42 37 -19 39 30 -5 28 -26 36 -4 33 -33 35 -31 38 -22 -23 -15 40 -25 -42 -6 44 45 -44 -3 -48 52 51 53 -50 -8 -51 -37 -36 -29 -47 -11 60 -60 -24
right_child=1 2 10 6 5 -7 7 8 9 58 -12 15 14 31 19 -17 17 23 -20 -21 29 22 61 24 27 -27 -28 56 -30 34 -32 32 -34 -35 55 54 -38 -39 -40 -41 41 -43 43 -45 -46 57 47 -49 49 50 -52 -53 -54 -55 -56 -57 -58 -59 59 -61 -62 -63
leaf_value=-0.00022651678464935009 -0.00082793428625857327 -0.00018899424223836318 3.8907163939087639e-05 -0.0002751645670225454 -0.0002096741314508531 0.00026567817450058671 -0.0016863320312953218 -0.00059203156777226141 -0.00068646103007636867 8.8874658667615069e-06 0.0002139795812277763 -5.1902519448360619e-05 0.00022872909027989562 -6.7248504293165593e-05 0.00019457499771528337 -0.0017366392059265498 -0.00012373230028319036 -3.1214715914512175e-06 0.00093290848852778689 -0.00029685143229939967 0.00013063638587803734 0.0011996132254695696 0.000233587816680434 -0.00030091351286678667 0.0019394258654475297 0.00059755726037264778 -0.0011249165586465055 -0.0013205500033853406 0.00054866149393689972 0.0010596004549389411 0.00022080992472301532 -0.00011358597722928525 0.00081519297989340325 -0.00015620893643874785 -0.00049845311162031547 9.2485506531174406e-05 -2.0845846660525222e-05 -7.0651995755826276e-05 0.00015483941860361584 -0.00054011848366530542 0.00032032011197813615 -0.0011047833149840358 -0.00028827712664443895 0.0013786323620006442 -0.00041094260924964858 0.00015199934500190667 -0.00048264112532286582 -0.0013056090484119701 -0.00081283770421637245 0.00077359083862187084 0.0012086033376689485 0.00058881841476387251 -0.00034161428163284352 -0.00019919724952395732 -0.0012674586732190211 0.00022160992391209296 0.00023088803192856808 0.0016459406092014565 -0.00010983931409189282 -0.00090248236352969097 -0.00093439818792706423 0.001483054529054193
leaf_weight=10352 2653 4143 48638 26116 6282 41478 244 284 3189 10414 26155 55633 4170 15253 2661 202 21306 25900 1197 10936 27274 274 36868 1775 352 1980 692 209 3046 228 18358 1318 1501 17394 3825 399 61160 8487 19534 907 7621 262 383 330 1084 295 4290 797 1353 579 594 318 14390 2094 483 968 807 448 6401 983 789 254
leaf_count=10352 2653 4143 48638 26116 6282 41478 244 284 3189 10414 26155 55633 4170 15253 2661 202 21306 25900 1197 10936 27274 274 36868 1775 352 1980 692 209 3046 228 18358 1318 1501 17394 3825 399 61160 8487 19534 907 7621 262 383 330 1084 295 4290 797 1353 579 594 318 14390 2094 483 968 807 448 6401 983 789 254
internal_value=4.82197e-06 -5.07251e-05 2.14572e-05 -0.000150948 6.96829e-05 0.000124877 -0.000136639 -9.30614e-05 -4.66908e-05 -0.000203161 6.28453e-05 3.11741e-05 -0.000209983 1.27079e-05 -9.98932e-05 -5.79976e-05 7.49136e-05 1.08522e-05 0.000640482 -0.000200677 -1.45205e-05 0.000147734 0.000189998 8.09972e-05 0.000226446 0.000103357 -0.000297099 0.000512966 0.000692731 8.96227e-06 8.87515e-05 -3.92951e-06 0.00038095 -2.43764e-05 -0.000288882 3.99117e-05 2.58729e-05 -3.09245e-05 5.74609e-05 0.000106739 0.000167487 0.000272955 -7.20783e-05 0.000268228 0.00010242 0.000596635 -0.000421896 -0.000611579 -0.00028056 -3.31763e-05 0.000229171 -0.000546095 -0.000364035 1.15189e-05 -0.000652246 -0.000353028 -8.82562e-05 0.00105279 -0.00012024 -0.000284774 -0.000200323 0.000242137
internal_weight=568310 306135 177963 128172 262175 158368 125519 98711 79139 21776 150966 124811 26997 57363 17767 55835 116890 62185 1481 13597 103807 54705 45883 40879 14979 68976 26808 4414 3398 93455 66996 55882 2819 53063 5021 35669 88434 8761 34787 10565 9658 7883 8822 2540 2210 1126 9230 5087 19572 4938 3267 1671 14634 2673 882 4793 1016 743 18587 8173 7190 37122
internal_count=568310 306135 177963 128172 262175 158368 125519 98711 79139 21776 150966 124811 26997 57363 17767 55835 116890 62185 1481 13597 103807 54705 45883 40879 14979 68976 26808 4414 3398 93455 66996 55882 2819 53063 5021 35669 88434 8761 34787 10565 9658 7883 8822 2540 2210 1126 9230 5087 19572 4938 3267 1671 14634 2673 882 4793 1016 743 18587 8173 7190 37122
is_linear=0
shrinkage=0.04


Tree=23
num_leaves=63
num_cat=0
split_feature=1 9 6 3 10 6 3 5 6 4 5 5 5 11 7 4 11 3 6 8 10 5 8 9 11 6 3 3 8 9 3 9 11 11 3 3 9 1 8 7 3 8 8 6 4 8 6 1 5 10 8 10 4 7 7 3 7 3 3 5 4 7
split_gain=1.54005 0.928743 0.989108 0.761144 0.581224 0.484722 0.4831 0.454897 0.461711 0.424639 0.584525 0.421515 0.421466 0.409209 0.365655 0.356674 0.347158 0.344188 0.343945 0.343855 0.402534 0.343053 0.514566 0.502089 0.34212 0.326791 0.325599 0.367692 0.325511 0.334016 0.351672 0.323478 0.322536 0.316754 0.311834 0.307661 0.304072 0.380135 0.3212 0.301575 0.288608 0.468112 0.295949 0.284398 0.283418 0.276401 0.270731 0.270426 0.32246 0.270241 0.268454 0.267972 0.267027 0.2807 0.263974 0.263825 0.27905 0.262201 0.262188 0.261735 0.312657 0.258327
threshold=2592.629516601563 -12.410999298095701 5.9619147777557382 -13.333220005035399 -5.6218857765197745 5.3899798393249521 -13.002449989318846 -0.87967571616172779 5.6617298126220712 0.72983458638191234 0.43610414862632757 1.0000000180025095e-35 0.29050332307815557 -17.810196876525875 1.6840150356292727 -0.95167833566665638 -9.856012821197508 -12.365380287170408 6.0963900089263925 5.8467748165130624 -20.553402900695797 -0.88783073425292958 6.5032200813293466 -8.4942398071289045 -2.3986185789108272 5.8412749767303476 0.093960002064704909 0.28211000561714178 6.2325952053070077 -9.2022132873535138 -0.59998002648353566 -15.07688522338867 -4.9658071994781485 -30.920064926147457 -5.7755699157714835 1.8370100259780886 -12.846897125244139 2022.214050292969 5.7646648883819589 2.8504199981689458 -0.99159500002861012 6.1518051624298105 5.4301750659942636 6.334745168685914 0.97219216823577892 5.2450249195098886 6.3716599941253671 2568.9260253906255 -0.30061037838459009 -36.632143020629876 4.4764750003814706 -1.6968213915824888 0.96859893202781688 1.9288550019264223 2.8504199981689458 -5.0219101905822745 3.1539049148559575 -17.866109848022457 -1.7703400254249571 -0.90959730744361866 0.22969644516706469 1.6973249912261965
decision_type=2 10 2 2 10 2 2 2 2 2 2 2 2 8 2 2 10 2 2 2 10 2 2 10 10 2 2 2 2 10 2 10 10 10 2 2 8 2 2 2 2 2 2 2 2 2 2 2 2 8 2 10 2 2 2 2 2 2 2 2 2 2
left_child=1 6 3 57 5 16 12 35 11 46 36 34 18 -12 -7 -6 26 50 -1 20 -14 23 -23 40 47 -26 55 -28 29 30 45 33 39 -22 -9 61 37 52 -39 51 41 42 -4 -42 58 -10 -8 -17 -49 -48 -13 -25 -11 -54 -18 -5 -57 -3 -31 60 -34 -2
right_child=7 2 21 4 15 14 9 8 28 10 13 17 19 -15 -16 24 54 -19 -20 -21 31 22 -24 32 25 -27 27 -29 -30 44 -32 -33 59 -35 -36 -37 -38 38 -40 -41 43 -43 -44 -45 -46 -47 49 48 -50 -51 -52 -53 53 -55 -56 56 -58 -59 -60 -61 -62 -63
leaf_value=-0.00020918535304199088 0.00058288330037059512 -0.00039307548897529043 0.0007090319597550847 0.00011644854612709225 0.0015430828593671322 -8.7775476764254672e-06 0.00014535832924219403 -0.00033826518925537832 1.5861139012275963e-05 0.00012184795022311585 0.00027201642273388531 0.00087367951040207101 0.0001226232298562068 0.00072144681384496163 0.00012723664152107747 -0.000172493006079721 0.00061272483654860061 0.00013322089734674409 0.00071973874517229967 -0.00018163489075421178 0.0025976759024520881 -0.00011647819133177721 -0.00071908326596499149 8.8864772094439105e-05 0.0001763035772863077 0.0016272853848718545 -0.0014941758709906968 -6.8598024546126331e-05 -0.00076305818864292815 -0.00048912604366022625 -0.00092475508993801415 0.00041234589080963585 0.00065217200009195305 0.00076450362676759218 4.4128184628674445e-05 0.0015067621571730116 0.00030039931373670954 8.2830199718918749e-05 -0.00041190821361750644 0.0012789949638451017 -0.00029077652866023567 0.0018624910812834006 -0.00083065349691443971 -0.001225337388273671 -7.3514487221605605e-05 -0.00021190724561942636 0.00072190208853726689 9.9607508910793196e-05 0.0019681538090999449 -0.00018721354082482433 -0.00012675047393359356 -0.0008440167244690459 0.0018747131833735178 0.00030811757681793858 -0.00033335630019289619 0.00028201243130861013 0.00098296076421791633 -8.6519779993525839e-05 3.7023085342662788e-05 0.0018900592254231805 -0.00093139125614751146 -8.2078567862149701e-05
leaf_weight=13248 1579 5878 317 23989 210 62196 44573 11717 15426 932 6334 439 12314 6639 64338 23881 4663 19458 670 4513 241 81632 2332 11872 1300 307 318 3228 1713 12682 869 1888 1646 403 4814 306 12939 6226 3168 328 1346 206 540 850 4879 19054 567 558 201 6766 19142 514 391 344 525 16704 961 18559 1721 230 227 2291
leaf_count=13248 1579 5878 317 23989 210 62196 44573 11717 15426 932 6334 439 12314 6639 64338 23881 4663 19458 670 4513 241 81632 2332 11872 1300 307 318 3228 1713 12682 869 1888 1646 403 4814 306 12939 6226 3168 328 1346 206 540 850 4879 19054 567 558 201 6766 19142 514 391 344 525 16704 961 18559 1721 230 227 2291
internal_value=5.82767e-06 3.92039e-05 4.31172e-06 5.06685e-05 7.60123e-05 0.000102161 0.000133423 -0.000124127 -0.000139422 0.000182096 0.000285691 -5.76124e-05 3.42115e-06 0.000502015 6.03808e-05 -9.88512e-05 0.000207081 1.40757e-05 -0.000164468 0.000124124 0.00021707 -9.9185e-05 -0.000133215 5.88854e-05 -0.000111988 0.000453498 0.00017151 -0.000196442 -0.000220109 -0.000203084 -0.000130035 0.0006764 0.000157755 0.00145052 -0.000226908 0.000285776 0.000168759 1.47675e-05 -8.40137e-05 8.18537e-05 -0.000390622 0.000150408 -0.000261132 -0.000652515 -0.000337001 -0.000110006 0.000108305 -0.000148869 0.00059444 -0.000116919 -0.000104321 5.01516e-05 0.000571426 0.0011415 0.000516986 0.000202834 0.000320145 -0.000160258 -0.000426257 0.000616625 0.000460251 0.000189233
internal_weight=568102 452012 329856 227816 203379 176922 122156 116090 111914 88879 36973 55570 33277 12973 126534 26457 50388 39039 13918 19359 14846 102040 83964 18076 26247 1607 45200 3546 56344 54631 35349 2532 14817 644 16531 4176 24000 11061 9394 12714 3259 1063 857 2196 19282 34480 51906 24640 759 7333 19581 12386 1667 735 5188 41654 17665 24437 14403 2103 1873 3870
internal_count=568102 452012 329856 227816 203379 176922 122156 116090 111914 88879 36973 55570 33277 12973 126534 26457 50388 39039 13918 19359 14846 102040 83964 18076 26247 1607 45200 3546 56344 54631 35349 2532 14817 644 16531 4176 24000 11061 9394 12714 3259 1063 857 2196 19282 34480 51906 24640 759 7333 19581 12386 1667 735 5188 41654 17665 24437 14403 2103 1873 3870
is_linear=0
shrinkage=0.04


Tree=24
num_leaves=63
num_cat=0
split_feature=1 6 3 2 0 2 9 0 3 7 9 3 7 3 0 7 9 0 0 0 10 9 0 6 6 4 4 9 3 6 9 2 4 6 9 6 7 2 2 6 8 8 0 1 9 1 0 3 8 4 1 3 0 9 1 8 0 4 6 0 2 3
split_gain=1.3721 0.644104 0.831848 0.862725 0.734654 0.637816 0.576702 0.410083 0.391896 0.367841 0.388903 0.362252 0.345382 0.42222 0.316531 0.31365 0.309574 0.349219 0.308516 0.290544 0.480303 0.306069 0.349684 0.288001 0.455668 0.280924 0.267896 0.331569 0.351721 0.267768 0.256456 0.255886 0.388189 0.254885 0.300562 0.262678 0.258782 0.285406 0.25457 0.265744 0.296057 0.253775 0.288988 0.25881 0.248075 0.246214 0.242267 0.239512 0.237713 0.253215 0.261936 0.247001 0.290921 0.246775 0.235862 0.234905 0.485045 0.368955 0.378348 0.240943 0.237728 0.234169
threshold=2382.9458007812505 5.8788449764251718 -10.686934947967528 2.3478549718856816 77.086498260498061 -14.20944023132324 -13.000209808349608 80.99060440063478 -12.575775146484373 1.3432199954986574 -14.644447326660154 -21.708259582519528 1.2501899600028994 -12.056859970092772 81.90558242797853 0.37209500372409826 -3.5237960815429683 81.319915771484389 79.568195343017592 81.278514862060561 -10.735693931579588 -7.5778198242187491 81.446247100830092 6.3113648891448983 6.3002851009368905 0.52709355950355541 0.9201059639453889 -10.124214172363279 -3.3902800083160396 6.0487349033355722 -6.8505897521972647 -2.3697249889373775 0.92650043964385997 5.6850550174713144 -2.7304267883300777 5.860265016555787 1.6105300188064577 -0.64072999358177174 5.6239600181579599 6.3113648891448983 5.890475034713746 4.7378251552581796 77.667572021484389 2433.406127929688 -10.624198913574217 2901.240356445313 86.981155395507827 -13.002449989318846 4.6239199638366708 -0.95167833566665638 2399.284545898438 -2.7037199735641475 85.85931777954103 -4.8808670043945304 1291.9348754882815 6.1416649818420419 82.575649261474624 0.3826389759778977 5.6617298126220712 89.651168823242202 4.374159812927247 6.2703800201416025
decision_type=2 2 2 2 2 2 10 2 2 2 10 2 2 2 2 2 10 2 2 2 10 10 2 2 2 2 2 8 2 2 8 2 2 2 10 2 2 2 2 2 2 2 2 2 10 2 2 2 2 2 2 2 2 10 2 2 2 2 2 2 2 2
left_child=6 2 3 7 -3 -6 47 11 9 44 -11 -2 23 18 -5 29 17 -17 -14 20 61 -21 -23 24 -8 -13 27 -4 33 -7 -30 32 -28 34 41 36 -35 -38 -18 40 46 42 -29 -43 -9 -16 -40 -1 -32 -50 -51 52 -52 -54 -49 -24 57 58 -57 -58 -59 -15
right_child=1 4 26 14 5 15 12 8 -10 10 -12 25 13 19 45 16 38 -19 -20 21 -22 22 55 -25 -26 -27 31 28 30 -31 48 -33 -34 35 -36 -37 37 -39 39 -41 -42 43 -44 -45 -46 -47 -48 54 49 50 51 -53 53 -55 -56 56 59 60 -60 -61 -62 -63
leaf_value=2.0888852707253735e-05 -0.00049955336185453973 9.6513316793722767e-05 0.00014316884765489806 -0.00029533029668661848 -0.00063357695983313675 0.00014735969296312485 -2.2603240098026811e-05 -0.002025359956465256 9.4404852614946608e-05 0.0014159591559963745 -0.00032635170766471926 -0.00087845703237903643 -1.0961167919176857e-05 0.00019278017734394756 -0.0008729050274093055 -6.2750140401847342e-05 -0.00039247968453370657 -0.00023929874570010061 -0.0003807609692187484 -8.3823880138310445e-05 -4.2286956953586341e-05 -0.00078218271884749528 4.8313387698748441e-05 -0.00022333115579215569 0.0013237646705152129 3.5231799608123579e-05 -0.00018981453814251602 0.0018848706763422136 -9.569716032696354e-05 -0.00075194741829378989 -0.00082021869444831976 0.00012877388097596974 0.0021812219036109284 -0.00014152875511446136 -0.0015113934194038755 0.00039297318376567484 -0.00096892854585272704 -0.00028471322850475139 0.0022281029499547841 -0.00045205462922964074 0.00012438294187743675 0.00026244433252703978 0.0002300691922787854 -0.00015996623175548047 -0.00070729079477534435 9.6242226976236069e-05 0.00069743912535680187 0.0012708663084042759 -0.00095860249527369534 0.00076447801513846716 0.00099291528477194043 9.1499396824227584e-05 -0.00092924211840382065 0.00063030260826920238 0.00019008043386169863 0.0028176975898738755 0.00020873917085610649 0.0011955984783664679 0.00065475715512904942 -0.0010599875443319722 -0.00047694462776669993 0.0015125994629192133
leaf_weight=16075 2217 16408 20555 11788 5015 674 42963 294 3887 210 8574 545 10384 51085 2912 30894 540 42707 5533 27388 17905 727 31509 13209 406 44517 204 202 11197 2475 394 33687 241 3011 229 700 1999 1905 325 289 456 2760 1029 14583 1025 490 337 325 310 1199 1102 13340 295 361 54437 285 9059 268 237 246 276 216
leaf_count=16075 2217 16408 20555 11788 5015 674 42963 294 3887 210 8574 545 10384 51085 2912 30894 540 42707 5533 27388 17905 727 31509 13209 406 44517 204 202 11197 2475 394 33687 241 3011 229 700 1999 1905 325 289 456 2760 1029 14583 1025 490 337 325 310 1199 1102 13340 295 361 54437 285 9059 268 237 246 276 216
internal_value=-4.66305e-06 -6.6445e-05 -2.23665e-05 -0.000123572 -0.000148228 -0.000196198 5.78512e-05 -5.66701e-05 -0.00024691 -0.000378226 -0.000284698 -3.77649e-07 2.47933e-05 5.56498e-05 -0.000393423 -0.000168326 -0.000152023 -0.000165193 -0.000139509 7.79654e-05 0.000136083 2.0503e-05 8.75649e-05 -5.98048e-05 -9.99918e-06 2.41812e-05 4.84283e-05 6.23118e-06 -4.5306e-05 -0.000559463 5.29457e-05 0.000141362 0.00109427 -0.000150178 -7.11091e-05 -0.000345414 -0.000420161 -0.000635058 0.000345817 0.000629172 0.000908666 -5.33518e-05 0.000501613 -9.2743e-05 -0.00100108 -0.000733316 0.0014489 0.000156645 0.000150843 0.000173881 0.000195423 0.000150232 0.000595908 -7.1017e-05 0.000196495 0.000102663 0.000267787 0.00107599 0.00183567 0.000175197 0.000347029 0.000198337
internal_weight=568415 285882 185762 76459 100120 83712 282533 61269 13990 10103 8784 47279 211696 155118 15190 78697 75548 73601 15917 139201 69206 69995 42607 56578 43369 45062 109303 75171 54616 3149 28198 34132 445 26418 18803 7615 6915 3904 1947 1407 1118 18574 1231 17343 1319 3402 662 70837 17001 16607 16297 15098 1758 656 54762 41880 10371 1066 522 9305 544 51301
internal_count=568415 285882 185762 76459 100120 83712 282533 61269 13990 10103 8784 47279 211696 155118 15190 78697 75548 73601 15917 139201 69206 69995 42607 56578 43369 45062 109303 75171 54616 3149 28198 34132 445 26418 18803 7615 6915 3904 1947 1407 1118 18574 1231 17343 1319 3402 662 70837 17001 16607 16297 15098 1758 656 54762 41880 10371 1066 522 9305 544 51301
is_linear=0
shrinkage=0.04


Tree=25
num_leaves=63
num_cat=0
split_feature=0 5 3 10 6 3 1 6 10 9 3 5 0 5 9 7 7 0 6 1 0 10 10 1 6 10 10 6 4 5 0 5 5 8 8 9 1 3 4 10 5 6 7 3 6 6 9 8 0 8 3 4 7 0 5 1 5 5 10 1 6 9
split_gain=1.32173 1.1004 1.06356 0.643959 0.624011 0.663359 0.594614 0.524911 0.585254 0.572952 0.471669 0.469604 0.461207 0.425019 0.401541 0.367252 0.35697 0.397745 0.412214 0.353506 0.350498 0.438177 0.351779 0.521629 0.447748 0.395704 0.340188 0.329962 0.328557 0.325991 0.348143 0.343102 0.312598 0.305473 0.304179 0.35117 0.363523 0.303712 0.293496 0.291654 0.33495 0.291272 0.304998 0.292618 0.292586 0.289414 0.330866 0.287865 0.284139 0.283755 0.325941 0.280611 0.274755 0.275089 0.38652 0.274018 0.273658 0.290843 0.271772 0.271617 0.373115 0.278425
threshold=81.733409881591811 -0.89526635408401478 -13.333220005035399 -14.772475242614744 5.6901648044586191 -13.448769569396971 2614.135620117188 6.3113648891448983 -13.313050746917723 -7.8624496459960929 -5.0769300460815421 0.27468359470367437 83.063690185546889 0.06257325038313867 -5.1453819274902335 2.6542749404907231 1.6105300188064577 76.742031097412124 5.7611248493194589 1873.3951416015627 87.139148712158217 -14.394563674926756 -10.560141086578367 2290.958862304688 6.1782448291778573 0.78748106956481945 -5.6218857765197745 5.2050449848175058 0.28987261652946478 0.68453904986381542 83.917366027832045 0.95847040414810192 0.29050332307815557 6.4460351467132577 4.948244810104371 -6.4294929504394522 2866.125854492188 -3.1136400699615474 -0.25242647528648371 -20.661773681640621 0.69066017866134655 5.0256099700927743 2.3178000450134282 -11.265065193176268 4.7157151699066171 6.1854100227355966 -10.727008819580076 5.4148647785186776 79.11521148681642 4.5237050056457528 -8.7328400611877424 0.14378866553306582 1.1085100173950198 81.528476715087905 -0.95163592696189869 2029.994323730469 1.0000000180025095e-35 0.053784111514687545 -27.314191818237301 2414.857788085938 5.2050449848175058 -7.941631317138671
decision_type=2 2 2 10 2 2 2 2 10 8 2 2 2 2 10 2 2 2 2 2 2 8 8 2 2 8 8 2 2 2 2 2 2 2 2 8 2 2 2 10 2 2 2 2 2 2 8 2 2 2 2 2 2 2 2 2 2 2 10 2 2 10
left_child=2 20 3 -1 10 12 7 8 9 16 13 56 -6 -3 34 -11 17 55 -19 -17 22 -22 -2 25 -25 -24 28 -27 -26 -7 33 -32 -5 45 35 36 -15 -9 -20 51 49 42 44 -44 -18 -31 -47 -23 -42 50 -41 -8 -10 -54 -55 -4 -12 -58 -48 61 -61 -56
right_child=1 4 6 32 5 29 39 37 52 15 11 -13 -14 14 -16 19 41 18 38 -21 21 47 23 24 26 27 -28 -29 -30 30 31 -33 -34 -35 -36 -37 -38 -39 -40 40 48 -43 43 -45 -46 46 58 -49 -50 -51 -52 -53 53 54 59 -57 57 -59 -60 60 -62 -63
leaf_value=-1.160412121489861e-05 -0.00013116570563946158 -0.00028132130762720871 0.0005219805285382685 -0.00030488973518184219 -0.00029461784769479327 -0.00014147072536439259 -0.00082729136512416893 4.3257826776861535e-05 -0.00024113720240629292 0.00038793050418117205 0.000110932836352873 -0.00018160591420675402 -0.0011745653019284161 0.00043114301743899403 -0.001058647970838303 0.0012730739960458383 0.0012041524851417495 0.00014188223010585415 -0.0007421974241705085 -9.2193234803198223e-05 0.0018380653448967319 0.0008936619517578492 -0.00015598975934542059 0.00020519794472177995 0.00094246411348275299 0.0019162172692783145 1.5577733147792614e-05 0.00028087621984293471 0.0026247762233613668 -2.6838996665330693e-05 -0.00079447219068495747 -8.4143095548662932e-05 0.00019290292871158743 -0.0016310179448234575 -3.0337104870887857e-05 -0.00099873215745503014 0.001976358224272042 -0.00022958686596851897 -8.1287137489367598e-05 2.9297623518309576e-05 0.0015970033137053844 0.00021968380654168782 0.00040902696581821235 -0.00076163562226320676 -2.4104819046361913e-05 0.00026855240797712688 -0.0013134937398607219 0.00017114760091304742 0.00029701405568677226 -3.2892124398968993e-05 0.0021870372388558173 -0.00013899577535309856 2.517703784539212e-05 0.0014712279817579493 0.00041761070932294165 0.00013919123497512417 0.0014091005778006024 0.00033221740430181788 -0.0004354056677226867 0.0023031693403533803 0.00027547868757542531 -0.00073485092742578168
leaf_weight=60713 13347 18019 3604 21364 1977 69472 998 17360 5936 24447 22203 9090 1840 1376 561 326 383 17477 1125 4386 297 1024 11019 13278 846 229 462 1431 238 7119 3968 1499 2229 238 15298 219 296 10461 24223 253 378 58254 443 1493 1635 840 711 6376 933 12874 201 18806 49217 482 716 17624 509 1896 2727 201 523 631
leaf_count=60713 13347 18019 3604 21364 1977 69472 998 17360 5936 24447 22203 9090 1840 1376 561 326 383 17477 1125 4386 297 1024 11019 13278 846 229 462 1431 238 7119 3968 1499 2229 238 15298 219 296 10461 24223 253 378 58254 443 1493 1635 840 711 6376 933 12874 201 18806 49217 482 716 17624 509 1896 2727 201 523 631
internal_value=-2.64674e-06 -8.28019e-05 4.37945e-05 -8.05186e-05 -0.000133454 -0.000202735 8.18509e-05 0.000104073 0.000125404 0.000165794 -4.33045e-05 6.40798e-05 -0.0007188 -0.000144471 -5.54738e-06 0.000325608 0.000128886 6.26046e-05 -7.57302e-06 2.26286e-06 8.3987e-05 0.000331591 3.73333e-05 0.000119105 0.00028021 -6.92565e-05 0.000924462 0.000506474 0.00131183 -0.000179982 -0.000336423 -0.000599707 -0.00025786 -0.000212713 2.88228e-05 0.000507421 0.000704698 -5.93348e-05 -0.00011062 -7.36073e-05 6.17757e-05 0.000197134 -0.00013509 -0.000493762 0.000209008 -0.000183095 -0.000443119 0.000271128 0.000671839 1.76722e-06 0.000984596 -0.000173682 1.66224e-05 4.61773e-05 0.000451023 0.00020418 0.000154834 0.000560132 -0.000617 0.000213583 0.000838415 -0.000122258
internal_weight=568101 208405 359696 84306 159858 90391 275390 240947 213126 155420 69467 33698 3817 35769 17750 29159 126261 64053 42825 4712 48547 7697 40850 27503 14824 12679 1546 1660 1084 86574 17102 5467 23593 11635 17189 1891 1672 27821 25348 34443 14639 62208 3954 1936 2018 11397 4278 7400 1311 13328 454 19804 57706 51770 2553 21228 24608 2405 3438 2071 724 1347
internal_count=568101 208405 359696 84306 159858 90391 275390 240947 213126 155420 69467 33698 3817 35769 17750 29159 126261 64053 42825 4712 48547 7697 40850 27503 14824 12679 1546 1660 1084 86574 17102 5467 23593 11635 17189 1891 1672 27821 25348 34443 14639 62208 3954 1936 2018 11397 4278 7400 1311 13328 454 19804 57706 51770 2553 21228 24608 2405 3438 2071 724 1347
is_linear=0
shrinkage=0.04


Tree=26
num_leaves=63
num_cat=0
split_feature=0 3 10 2 3 2 6 6 2 8 4 0 3 9 10 0 1 1 9 0 8 0 2 2 0 6 2 10 4 10 9 1 1 10 2 4 8 8 6 6 2 2 5 2 5 8 8 8 0 10 0 3 10 5 4 0 9 4 4 1 9 0
split_gain=1.03948 1.1515 0.938881 0.824981 0.66804 0.551127 0.536079 0.512805 0.470532 0.448652 0.427226 0.417507 0.509029 0.39811 0.413819 0.440346 0.382347 0.362806 0.345045 0.340157 0.335086 0.320846 0.316619 0.305266 0.294864 0.293102 0.336611 0.294456 0.386293 0.363488 0.290571 0.33723 0.365198 0.309627 0.288949 0.497948 0.307776 0.346538 0.296638 0.357394 0.281848 0.279498 0.268319 0.267045 0.374604 0.275459 0.266608 0.266312 0.4359 0.266058 0.263646 0.25516 0.385881 0.533663 0.276177 0.24671 0.240776 0.240591 0.371491 0.265223 0.330625 0.328343
threshold=79.813091278076186 -5.598249912261962 -23.090764045715328 6.1249849796295175 -16.018690109252926 6.6566998958587655 5.3899798393249521 5.9418752193450937 -9.8673896789550763 5.3895847797393808 0.94325852394104015 82.350399017333999 -13.673569679260252 -13.670295715332029 -11.02500009536743 85.431388854980483 1948.824157714844 1937.9011840820315 -7.8235054016113272 74.798130035400405 5.602414846420289 83.858814239501967 2.2253000736236577 -17.071505546569821 79.073390960693374 5.3838300704956064 1.6152200102806094 -11.02500009536743 0.99969989061355602 -18.136134147644039 -9.9569969177246076 2555.2600097656255 2500.684204101563 -11.530130386352537 -5.4597699642181388 0.094170536845922484 5.7705202102661142 5.742884874343873 6.0313901901245126 6.2427101135253915 2.2857500314712529 -5.2439000606536856 -0.85431298613548268 -6.4001598358154288 0.51456820964813244 4.6987650394439706 5.7761898040771493 4.788295030593873 83.475280761718764 -30.516280174255368 84.390396118164077 5.3430750370025644 -3.5093922615051265 -0.62868207693099964 -0.90158966183662403 79.853054046630874 -3.7123603820800777 0.91607984900474559 0.89996078610420238 2618.585815429688 -13.608039855957029 78.006469726562514
decision_type=2 2 8 2 2 2 2 2 2 2 2 2 2 8 10 2 2 2 10 2 2 2 2 2 2 2 2 10 2 8 10 2 2 10 2 2 2 2 2 2 2 2 2 2 2 2 2 2 2 10 2 2 10 2 2 2 8 2 2 2 10 2
left_child=3 5 21 4 -1 8 51 10 -2 16 18 12 55 -8 15 34 -5 -13 23 -9 24 41 -14 -6 -20 26 -19 28 29 47 -28 32 33 -32 35 -15 37 -36 -37 -40 -24 -3 -21 -31 45 -45 -38 48 -27 -44 -46 54 53 -53 -4 -10 -17 58 -25 61 -61 -59
right_child=1 2 6 9 7 -7 13 19 11 -11 -12 17 22 14 -16 56 -18 25 20 42 -22 -23 40 57 -26 27 30 -29 -30 43 31 -33 -34 -35 36 38 46 -39 39 -41 -42 -43 49 44 50 -47 -48 -49 -50 -51 -52 52 -54 -55 -56 -57 -58 59 -60 60 -62 -63
leaf_value=-9.2862182243843707e-05 -0.00039898919914010077 -0.00038788926227705314 -0.00052107473954499388 0.00058240344206942989 -0.00020584964415966794 -0.00043727192416012628 0.0016743223766180954 0.00018547668542860264 -0.0013300302694443187 -6.5207461692663959e-05 3.9802405812985737e-05 -0.0012291693452538715 9.6094347854099141e-05 -0.00074191246075053013 7.9016856970336548e-05 -0.00029344391674357618 -0.00057118534424345231 0.00017068586907646616 -0.00018938862539199033 -0.00067418762284196087 0.0016027332096937158 -0.00092187274498988338 -0.0015631481758585084 0.00019489226315234245 0.0011529917267144953 0.0018202291120920186 -0.0010381521841458718 -0.00051123943862413726 -0.00094210552058087847 0.0011340727415622869 0.00088856545458872659 -0.00049235307450709326 0.0017003883414795041 -0.00045076755410094365 -7.3778698211529281e-05 0.00030275071809955363 0.0013087100083607117 -0.00069255028547015186 0.002195163587220013 0.00044528927840542813 -0.0001257466246880539 0.00012992845956679382 -0.00018620448757257721 -0.0011708113821707552 -0.00038259642535467446 3.4283184438197144e-06 6.7270614071064693e-05 -0.00039469967837310371 -0.00061394990041541565 2.499987483786328e-05 -0.0021910364292245009 0.0026006324821585968 -0.00048145402346445328 0.00049113327994450067 0.00016024808828239367 -0.00021083916743409929 0.000128657046634777 0.00052790620611858322 -0.00019614894030971602 0.0022728918124677523 0.00060052644059417236 -3.0401202168054347e-05
leaf_weight=34449 9487 7546 979 499 3135 10168 224 13802 322 12160 43433 540 32830 478 50406 16169 5837 6640 628 1037 525 1397 223 73865 449 231 693 5552 1051 305 430 1876 253 772 46200 1166 280 1495 375 372 10273 2141 12466 327 327 14205 24104 9439 240 40701 213 281 309 605 34417 14785 2496 4423 4103 248 797 2723
leaf_count=34449 9487 7546 979 499 3135 10168 224 13802 322 12160 43433 540 32830 478 50406 16169 5837 6640 628 1037 525 1397 223 73865 449 231 693 5552 1051 305 430 1876 253 772 46200 1166 280 1495 375 372 10273 2141 12466 327 327 14205 24104 9439 240 40701 213 281 309 605 34417 14785 2496 4423 4103 248 797 2723
internal_value=-1.00173e-05 -5.89197e-05 2.15828e-06 4.98697e-05 6.9967e-05 -0.000155409 2.41183e-05 9.76898e-05 -0.000129593 -0.000207413 0.000142999 -0.000104419 -3.47599e-05 -1.06729e-05 -1.33024e-05 -6.3267e-05 -0.000480333 -0.000198874 0.00019231 8.19209e-06 0.000774152 -0.000355169 3.49536e-05 0.000181871 0.000370248 -0.0001858 -4.26208e-06 -0.000246506 -0.0001907 -0.00015947 -0.000292944 -0.000137906 0.000319099 2.83616e-05 -1.97234e-05 0.000412885 -3.40738e-05 -9.31741e-05 0.000701433 0.00132374 -0.000156286 -0.000273442 -3.695e-05 -3.77228e-05 -6.14355e-05 -2.29945e-05 8.1526e-05 -0.00034838 0.000579883 -2.45209e-05 -0.00109593 0.000160812 0.000735685 0.00116017 0.000141404 -0.000234694 -0.000236998 0.000195979 0.000174314 0.000402203 0.000997413 0.000315162
internal_weight=567902 312622 191440 255280 236784 121182 180356 202335 111014 18496 134329 101527 58433 143765 143541 93135 6336 43094 90896 68006 1602 11084 43326 89294 1077 42554 10664 31890 26338 25287 4024 3331 1455 1202 74470 2391 72079 47695 1913 747 10496 9687 54204 15377 15072 14532 24384 9910 471 53167 540 36591 1195 886 35396 15107 18665 86159 77968 8191 1045 7146
internal_count=567902 312622 191440 255280 236784 121182 180356 202335 111014 18496 134329 101527 58433 143765 143541 93135 6336 43094 90896 68006 1602 11084 43326 89294 1077 42554 10664 31890 26338 25287 4024 3331 1455 1202 74470 2391 72079 47695 1913 747 10496 9687 54204 15377 15072 14532 24384 9910 471 53167 540 36591 1195 886 35396 15107 18665 86159 77968 8191 1045 7146
is_linear=0
shrinkage=0.04


Tree=27
num_leaves=63
num_cat=0
split_feature=3 9 6 3 2 10 5 3 3 8 2 6 11 5 5 7 7 6 9 9 2 4 10 3 9 11 2 7 6 11 3 2 8 9 9 8 10 7 3 3 8 8 9 9 9 11 4 4 2 4 9 9 2 2 3 7 2 8 10 2 9 10
split_gain=0.749748 0.661143 0.696584 0.541709 0.885559 0.514167 0.646153 0.544239 0.506492 0.426838 0.425274 0.378474 0.376203 0.362656 0.34182 0.333525 0.307205 0.299486 0.364376 0.278097 0.274255 0.268833 0.266841 0.26777 0.307809 0.271691 0.262972 0.262258 0.261745 0.513642 0.276935 0.25517 0.312661 0.251553 0.274678 0.297053 0.316484 0.252009 0.251069 0.266575 0.301762 0.272487 0.654322 0.929788 0.243938 0.239918 0.304268 0.231742 0.586715 0.29698 0.454302 0.436312 0.262316 0.291966 0.257906 0.227511 0.235338 0.225179 0.222174 0.31998 0.28494 0.281001
threshold=-18.3488655090332 -12.457847595214842 5.8880250453948983 -6.0161249637603751 4.30654001235962 -23.231388092041012 0.22067093104124072 -7.8585901260375968 -1.9664800167083738 6.1416649818420419 -14.846980094909666 6.5850999355316171 -20.20485687255859 0.42868770658969885 0.34088218212127691 1.6643849611282351 0.42575000226497656 5.4678602218627939 -6.0811004638671866 -12.65018844604492 0.47628000378608709 0.91811841726303112 -2.1241970062255855 -12.575775146484373 -5.3900756835937491 -19.305958747863766 0.27160999178886419 2.1187649965286259 4.7537248134613046 -18.623373985290524 -8.1695098876953107 0.27160999178886419 5.0971498489379892 -12.151622772216795 -5.0607604980468741 5.5233399868011483 -11.28649854660034 2.875655055046082 -5.8948299884796134 -2.3449399471282955 4.6507701873779306 6.6287298202514657 -9.3687400817871076 -7.7446784973144522 -7.5778198242187491 -20.475543022155758 0.72983458638191234 -0.45895954966545099 5.8712599277496347 -0.13945560157299039 -4.2020492553710929 -5.9535560607910147 4.6534500122070321 6.1249849796295175 -3.2253600358963008 2.8504199981689458 9.0751600265502947 6.075324773788453 -8.4398574829101545 9.6796298027038592 -9.5350074768066388 -18.46826076507568
decision_type=2 10 2 2 2 8 2 2 2 2 2 2 10 2 2 2 2 2 10 10 2 2 10 2 10 10 2 2 2 10 2 2 2 10 10 2 10 2 2 2 2 2 10 10 10 10 2 2 2 2 10 10 2 2 2 2 2 2 10 2 10 10
left_child=-1 5 3 4 22 45 7 12 20 10 -4 -12 15 14 44 19 -9 -6 -19 -7 -8 33 23 -3 28 -26 -18 -10 29 30 -25 32 -29 -5 38 36 -36 -38 -35 40 -40 -41 -43 -44 -11 57 -47 48 -46 50 51 -49 54 -54 -51 56 -37 -2 59 60 61 -42
right_child=1 2 9 21 17 6 8 16 27 13 11 -13 -14 -15 -16 -17 26 18 -20 -21 -22 -23 -24 24 25 -27 -28 31 -30 -31 -32 -33 -34 34 35 55 37 -39 39 41 58 42 43 -45 47 46 -48 49 -50 52 -52 -53 53 -55 -56 -57 -58 -59 -60 -61 -62 -63
leaf_value=-0.00022045762896376618 -6.0017371199918966e-05 -6.4109582718820495e-05 -0.00056429216428346312 0.00055327992788935427 -0.00012185931958794644 0.00016228355673407639 0.00029485520435762144 -0.00049920517983340648 -0.00032452906531582273 -2.401869380358824e-05 -6.8622074688063332e-05 -0.00031548901007485882 -0.000537477427288554 -0.00022372691274344321 0.0013616104667773471 -0.00013916173249311435 0.001516528318003488 -0.00051827547083879233 0.0001790255967835279 0.0013095451663553592 0.0014340630962439646 0.00020550423139948816 -0.00047538571971635226 0.00046639379096579834 -0.0014161688412118066 -0.0001503037059607098 0.0002126784992274849 -0.00023476003730294918 7.370830472148335e-05 -0.00084033058347659888 0.0015306844802370064 -0.00070268757822019841 0.0013129127526408139 0.00062784188645900437 -7.0794902829884122e-05 0.00023035450129287854 0.00051045867007605019 0.0016651121467645266 -0.0006653780082362074 6.4387783273417716e-05 0.00033723910645836423 -0.001100704742988621 0.0029677140739585613 0.00030187827264635308 -0.0013997304936525822 2.5232880077849449e-05 0.00044202048889676378 0.00061341968503645587 0.00086643614683333038 0.0010547623937499412 -7.7166550890056052e-05 0.0028729338490019935 -0.0004575722504212444 0.00032017663138262438 7.6313584718581143e-05 -0.00035850595280762767 -0.00014766335258856761 -0.00046249347002460194 -0.00023046567340502495 0.0014896463490826043 -9.2656238522396579e-05 -4.9653341273310644e-05
leaf_weight=21841 18347 32484 3091 1632 11257 4428 40001 972 3320 5624 117537 10854 2761 4009 400 13330 251 8688 1391 366 341 24719 1705 1303 391 886 17746 343 60488 373 559 268 534 1084 1535 11176 4026 327 1268 47125 6245 263 307 658 394 29382 3098 262 341 1154 335 286 1057 2867 688 1619 3448 2531 7845 231 21152 5787
leaf_count=21841 18347 32484 3091 1632 11257 4428 40001 972 3320 5624 117537 10854 2761 4009 400 13330 251 8688 1391 366 341 24719 1705 1303 391 886 17746 343 60488 373 559 268 534 1084 1535 11176 4026 327 1268 47125 6245 263 307 658 394 29382 3098 262 341 1154 335 286 1057 2867 688 1619 3448 2531 7845 231 21152 5787
internal_value=9.35714e-06 1.85352e-05 -7.01734e-06 3.24953e-05 -3.00949e-05 9.42326e-05 0.000155524 3.83524e-05 0.000259744 -7.60049e-05 -0.000100654 -8.94919e-05 -0.000102519 0.000110072 0.000209878 -3.6258e-05 0.000193453 -0.000263663 -0.000422041 0.000249872 0.000304485 8.57617e-05 2.06584e-05 2.94242e-05 7.68984e-05 -0.000537894 0.000230863 -0.000144498 8.94152e-05 0.000514506 0.00078591 0.000377513 0.000707609 6.01852e-05 5.31321e-05 0.000179649 0.000423052 0.000597197 2.26863e-05 1.54682e-05 -5.75796e-05 7.97161e-05 0.000667947 0.00114997 0.000174462 -3.01619e-06 6.49868e-05 0.000325633 -0.000348353 0.000400138 0.00108327 0.00179266 0.000295524 0.000110676 0.000689305 9.14165e-05 0.000141227 -0.000108809 -3.89008e-05 6.07386e-06 -4.25357e-06 0.000151156
internal_weight=568731 546890 408871 259972 119525 138019 84661 39854 44807 148899 131482 128391 20885 17417 13408 18124 18969 21336 10079 4794 40342 140447 98189 96484 64000 1277 17997 4465 62723 2235 1862 1145 877 115728 114096 22131 5888 4353 91965 90881 42528 48353 1228 965 13008 53358 32480 7384 735 6649 883 548 5766 3924 1842 16243 14624 20878 41260 33415 33184 12032
internal_count=568731 546890 408871 259972 119525 138019 84661 39854 44807 148899 131482 128391 20885 17417 13408 18124 18969 21336 10079 4794 40342 140447 98189 96484 64000 1277 17997 4465 62723 2235 1862 1145 877 115728 114096 22131 5888 4353 91965 90881 42528 48353 1228 965 13008 53358 32480 7384 735 6649 883 548 5766 3924 1842 16243 14624 20878 41260 33415 33184 12032
is_linear=0
shrinkage=0.04


Tree=28
num_leaves=63
num_cat=0
split_feature=0 3 6 2 0 2 8 11 0 3 4 2 7 4 10 3 7 2 2 3 10 6 4 8 2 8 1 3 1 6 6 10 7 10 1 10 6 4 4 7 7 6 3 0 1 2 6 11 1 2 10 0 10 6 3 4 1 4 1 1 4 11
split_gain=1.04338 0.980019 0.805191 0.629617 0.585899 0.498492 0.461116 0.495586 0.443041 0.427795 0.425588 0.419105 0.411133 0.4098 0.406502 0.386902 0.36469 0.349206 0.386091 0.336823 0.407467 0.327117 0.347721 0.326204 0.324503 0.313737 0.293951 0.293796 0.289362 0.323737 0.29698 0.295593 0.476202 0.314217 0.302655 0.567567 0.291252 0.284884 0.373091 0.280599 0.273921 0.272743 0.523605 0.30712 0.30582 0.288359 0.270993 0.281459 0.361838 0.307003 0.264117 0.262236 0.261174 0.454485 0.441524 0.307546 0.341377 0.309804 0.289206 0.454892 0.257591 0.253969
threshold=77.910202026367202 -8.6523303985595685 5.7801249027252206 7.4896299839019784 82.575649261474624 5.3854548931121835 6.5383551120758066 -13.173077106475828 82.03339004516603 -18.618809700012203 0.50088170170784008 0.27160999178886419 2.2952599525451665 0.99741154909133922 -13.313050746917723 -6.327385187149047 1.9756950139999392 0.73764002323150646 -15.20874500274658 -18.105010032653805 -21.79301834106445 6.3581800460815439 0.9514932930469514 5.3487651348114023 0.54006001353263866 5.0753948688507089 2006.9915771484377 -7.1984701156616202 2531.3610839843755 5.3507750034332284 4.7157151699066171 -9.8897004127502424 2.8504199981689458 -9.5883841514587385 1873.3951416015627 -16.412643432617184 5.2228147983551034 0.81448867917060863 0.82829958200454723 1.3206399679183962 0.91894498467445385 5.6375048160552987 -13.448769569396971 86.248672485351577 2187.109985351563 5.0835700035095224 4.3168749809265146 -21.988643646240231 2171.2241210937505 -1.4386999607086179 -12.206119537353514 81.946804046630874 -22.035767555236813 5.8318550586700448 -9.4920701980590803 0.7748115360736848 2693.457153320313 0.90231359004974376 2463.529907226563 2148.544311523438 0.66505455970764171 -15.434986114501951
decision_type=2 2 2 2 2 2 2 10 2 2 2 2 2 2 10 2 2 2 2 2 8 2 2 2 2 2 2 2 2 2 2 10 2 8 2 10 2 2 2 2 2 2 2 2 2 2 2 8 2 2 10 2 8 2 2 2 2 2 2 2 2 10
left_child=3 4 13 9 6 8 7 17 10 26 15 16 27 28 -14 -4 -12 18 -2 20 -20 22 -9 -5 -13 40 -1 -7 29 31 -30 32 34 -33 35 -3 -35 -10 61 -31 -11 -6 45 44 -44 -43 -42 48 49 -48 -18 -17 53 54 -49 -54 57 -57 59 -56 -38 -39
right_child=1 2 5 23 41 12 -8 21 37 25 11 24 14 -15 -16 51 50 -19 19 -21 -22 -23 -24 -25 -26 -27 -28 -29 30 39 -32 33 -34 36 -36 -37 60 38 -40 -41 46 42 43 -45 -46 -47 47 52 -50 -51 -52 -53 55 -55 58 56 -58 -59 -60 -61 -62 -63
leaf_value=0.0010283968600736234 -0.0004936999005188934 1.2934155294446133e-05 -0.00069077799364353795 -0.00071255022362451056 -0.00018864975522767146 -0.00047701291387723519 -0.00096620113661552811 0.00049657958877289635 -0.00026592814866251336 -1.9799400073890369e-05 9.4830430736477924e-05 -0.00082409591520982942 0.00084708341151216982 0.00038714031155829068 -0.00039742983915924262 -0.00012964926995762387 0.0006002175730214505 -0.00021697982908853324 0.00021018162257864832 1.3278536156904216e-05 -0.00046345014422667803 -0.00060953739109629787 0.0020046418457092836 -0.00010400085115420954 -4.4215875543792228e-05 8.9530121385420777e-05 -0.00018109575279099879 0.00013814736821319299 0.00063265596754648453 -0.00011105995559274348 -6.9381699240166655e-05 -0.00077267247671729104 -0.00021175521115818257 0.00019144632690763736 0.00033011632305607271 0.0029324769112281501 -1.008392030721971e-05 -0.00046651874490978443 -0.00011297149192245608 7.9029914507121294e-05 -0.00036375814438759601 -0.00083013414778722848 0.00093016378531957707 -0.0010513394504321986 -0.00027408236965885266 -0.0024036351002437706 0.00036029976131061309 0.00032924529375937802 2.002555484585297e-05 0.0016542630094677361 -0.00063776354255104387 0.00081257666333449613 2.8557869164839474e-05 0.00039945247338230255 0.0027611302983909171 0.00083624619633220604 0.0016527809539394504 0.00020040343704330884 0.0026669113322281123 0.00059787590893074164 -0.00071654219209753918 0.0011284191238627062
leaf_weight=332 2902 223 1996 2080 11265 1293 953 835 30891 5634 13911 910 464 6220 4422 20082 4027 26032 1982 53339 5222 268 346 4371 13787 108366 10171 31614 994 16066 32062 697 2723 12652 17787 204 3322 212 23544 54821 982 2556 357 773 6148 201 1132 616 7463 396 296 484 4147 3982 221 1783 370 3925 326 525 1099 648
leaf_count=332 2902 223 1996 2080 11265 1293 953 835 30891 5634 13911 910 464 6220 4422 20082 4027 26032 1982 53339 5222 268 346 4371 13787 108366 10171 31614 994 16066 32062 697 2723 12652 17787 204 3322 212 23544 54821 982 2556 357 773 6148 201 1132 616 7463 396 296 484 4147 3982 221 1783 370 3925 326 525 1099 648
internal_value=-1.02711e-06 -3.45465e-05 3.57126e-06 8.67415e-05 -0.000134725 -6.23042e-05 -9.09057e-05 -8.17317e-05 -0.000105097 0.000103342 -2.52495e-05 6.64405e-05 6.31393e-05 6.93188e-05 -0.000279244 -0.000159078 0.000194553 -9.36154e-05 -4.2998e-05 -2.13946e-05 -0.000278117 0.000652101 0.0009384 -0.000300216 -9.2504e-05 0.00012183 -0.000142864 0.000113976 5.54608e-05 8.67487e-05 -4.82713e-05 0.000179785 0.00028162 5.98001e-05 0.00035538 0.00140775 9.37855e-05 -0.00018523 -8.30801e-05 3.59475e-05 0.000232942 -0.000323745 -0.000475399 -0.000297565 -0.000207992 -0.000944851 0.000287989 0.000313707 0.000134846 0.000695646 0.000515452 -0.000107475 0.00041488 0.000632618 0.00118266 0.000294139 0.000475344 0.000399021 0.00167305 0.00123873 -0.0001857 0.000735248
internal_weight=567452 410630 297451 156822 113179 148581 91879 90926 110788 150371 55493 32931 37793 148870 4886 22562 18234 89477 63445 60543 7204 1449 1181 6451 14697 139868 10503 32907 142650 109594 33056 38707 20937 17770 18214 427 17073 55295 24404 70887 31502 21300 10035 7278 6505 2757 25868 24886 8991 1528 4323 20566 15895 5670 1688 10225 6078 5708 1072 746 4421 860
internal_count=567452 410630 297451 156822 113179 148581 91879 90926 110788 150371 55493 32931 37793 148870 4886 22562 18234 89477 63445 60543 7204 1449 1181 6451 14697 139868 10503 32907 142650 109594 33056 38707 20937 17770 18214 427 17073 55295 24404 70887 31502 21300 10035 7278 6505 2757 25868 24886 8991 1528 4323 20566 15895 5670 1688 10225 6078 5708 1072 746 4421 860
is_linear=0
shrinkage=0.04


Tree=29
num_leaves=63
num_cat=0
split_feature=0 3 5 0 6 3 2 5 8 6 11 11 4 4 3 9 0 3 10 11 2 0 5 0 9 9 5 8 3 0 6 0 9 8 8 0 9 11 0 6 4 3 9 0 0 11 11 3 3 9 8 4 10 5 5 5 4 0 0 11 9 11
split_gain=1.10385 1.01667 0.915466 0.657222 0.49132 0.477838 0.487926 0.365619 0.359374 0.349244 0.347396 0.340426 0.474521 0.330928 0.328781 0.328046 0.307738 0.452685 0.416904 0.383255 0.330822 0.318816 0.315288 0.29948 0.337996 0.283585 0.281608 0.317766 0.302576 0.291012 0.367592 0.282332 0.279656 0.278158 0.274287 0.273764 0.271656 0.308432 0.267831 0.27599 0.323991 0.454289 0.307363 0.26751 0.31606 0.260954 0.326507 0.260275 0.30442 0.419507 0.304222 0.258745 0.257365 0.256785 0.37883 0.305229 0.256766 0.265342 0.254709 0.253894 0.250872 0.249723
threshold=78.05564117431642 -11.560029983520506 0.82220116257667553 85.124172210693374 5.4503698348999032 -18.618809700012203 9.2654747962951678 0.70989900827407848 5.1048247814178476 6.4149248600006112 -6.5186696052551261 -12.131548404693602 0.97565054893493663 0.98865237832069408 -9.4920701980590803 -14.278347015380858 81.195270538330092 -5.598249912261962 -15.320718765258787 -8.667146682739256 0.3401200026273728 78.858936309814467 0.79393127560615551 83.917366027832045 -5.9535560607910147 -7.7034492492675772 -0.99705263972282399 5.2390449047088632 -3.6157699823379512 87.139148712158217 5.7611248493194589 86.588272094726577 -10.624198913574217 5.3168151378631601 5.62292504310608 78.556842803955092 -9.1683082580566388 -13.173077106475828 72.130874633789077 6.1640751361846933 0.7428363859653474 -2.7037199735641475 -13.881431579589842 83.36624908447267 82.818595886230483 -7.8738710880279532 -7.2508575916290274 -2.647050023078918 -2.0957900285720821 -5.6890449523925772 5.2732601165771493 0.67013037204742443 -7.1989152431488028 0.39987820386886602 0.32651163637638098 0.67784878611564647 0.56986847519874584 81.487384796142592 84.328586578369155 -18.967489242553707 -14.959537506103514 -11.020283699035643
decision_type=2 2 2 2 2 2 2 2 2 2 8 8 2 2 2 10 2 2 8 10 2 2 2 2 10 10 2 2 2 2 2 2 10 2 2 2 8 10 2 2 2 2 10 2 2 10 10 2 2 10 2 2 10 2 2 2 2 2 2 8 10 8
left_child=5 3 4 33 7 -1 8 11 -7 23 16 15 14 -14 -13 -3 20 -18 19 43 21 22 -6 24 -4 -22 27 52 -28 31 -31 -29 34 -2 -17 -24 37 51 -10 -40 -41 42 59 44 -19 -27 -47 -21 -49 50 -50 -9 58 54 -30 -55 -35 -58 -20 -42 -23 -15
right_child=1 2 9 -5 10 6 -8 36 38 -11 -12 12 13 61 -16 32 17 18 26 47 25 60 35 -25 -26 45 28 29 53 30 -32 -33 -34 56 -36 -37 -38 -39 39 40 41 -43 -44 -45 -46 46 -48 48 49 -51 -52 -53 -54 55 -56 -57 57 -59 -60 -61 -62 -63
leaf_value=-0.0001713367606786807 -5.629137827753986e-05 0.0015679021935901558 -0.00010839527576971287 -0.00085902470509270526 0.00046330927974845885 0.00022105335220482832 -0.00036472250224642766 0.00070289779158252757 0.0002738433426204979 -0.00045125046865307733 0.00011950367943176711 0.0017409774358051696 0.0018211566862677301 0.001505511526728712 0.00014890366684121322 -0.00036066101562898213 -0.00018761061273425524 -7.9669066867513058e-05 0.00079990827410773163 -0.0010033085778613853 -0.00010899793477610609 -0.0011503736123235689 -0.0011498773232557055 -0.00043934533963229641 0.0010203082036432745 0.00012065010948140045 0.0001498300915080453 0.00015922788255313378 -4.2325428171511469e-05 -0.00028282915225889517 0.0017203661207309427 -0.0011543456946134355 6.5297440106269118e-05 -0.0013973169183665855 6.8143724054603615e-05 0.00056617682076395175 0.00011490454807627793 -0.00060273458142363814 8.507656830296744e-05 -0.00022193867186716816 0.00014430292866284578 -0.0014084403698299346 3.4841008019356054e-05 -0.000243242190537871 0.0004449503528191483 0.0021440345029845711 -8.6597056929455244e-06 0.00093647784758326292 0.00023542583554184864 0.00089608099521525824 -0.0010625114926678995 0.0018230820533034753 4.7652010504054241e-05 -0.0010783691374415599 0.0015416136458171188 0.00014871210994084455 -0.00015203504449202277 -0.00038154091224005843 0.0027577070935047234 0.0011610528829177466 7.6421116361158711e-05 0.00013098812672662408
leaf_weight=11122 25359 221 33155 2225 6110 36129 3527 1124 9981 6558 25656 210 447 295 17712 5410 38369 7662 227 1301 26056 270 381 4562 430 5558 16677 3495 41769 231 401 283 45445 297 4271 244 1514 209 86430 10740 710 280 3450 10370 2417 237 215 283 385 300 1158 467 226 819 243 537 28554 11230 200 880 21844 747
leaf_count=11122 25359 221 33155 2225 6110 36129 3527 1124 9981 6558 25656 210 447 295 17712 5410 38369 7662 227 1301 26056 270 381 4562 430 5558 16677 3495 41769 231 401 283 45445 297 4271 244 1514 209 86430 10740 710 280 3450 10370 2417 237 215 283 385 300 1158 467 226 819 243 537 28554 11230 200 880 21844 747
internal_value=-6.0309e-06 -4.14735e-05 -1.30405e-05 -0.000182956 1.27672e-05 8.17601e-05 0.000100264 9.86559e-05 0.0001113 -0.000181606 -1.85781e-05 8.04306e-05 0.000224564 0.000910699 0.000167559 2.98808e-05 -3.7395e-05 -7.27638e-05 -2.32429e-05 -0.000166217 3.65493e-05 0.000134826 0.000375778 -0.000135251 -9.39441e-05 -5.18681e-05 2.91878e-05 0.000315672 5.03142e-06 0.000193731 0.000988186 6.08316e-05 2.37149e-05 -0.00015997 -0.000171484 -0.00047993 0.000509786 0.000841925 7.60445e-05 5.67818e-05 -9.5492e-05 0.000159778 0.000246901 -0.000100611 4.61376e-05 0.000195815 0.00112008 -0.000557691 -0.000284996 -0.000472558 -0.000738658 0.0010317 0.00113919 -5.06504e-05 -3.31638e-05 -0.000592423 -0.000225566 -0.000216819 0.00171691 0.000707032 6.14426e-05 0.000520129
internal_weight=567615 404366 336701 67665 291996 163249 152127 78072 148600 44705 213924 74758 19411 1489 17922 55347 188268 127353 88984 23876 60915 28849 6735 38147 33585 32066 65108 5063 60045 4410 632 3778 55126 65440 9681 625 3314 1800 112471 102490 16060 5320 5040 20449 10079 6010 452 3427 2126 1843 1543 1591 653 43368 42012 1356 40081 39784 427 1590 22114 1042
internal_count=567615 404366 336701 67665 291996 163249 152127 78072 148600 44705 213924 74758 19411 1489 17922 55347 188268 127353 88984 23876 60915 28849 6735 38147 33585 32066 65108 5063 60045 4410 632 3778 55126 65440 9681 625 3314 1800 112471 102490 16060 5320 5040 20449 10079 6010 452 3427 2126 1843 1543 1591 653 43368 42012 1356 40081 39784 427 1590 22114 1042
is_linear=0
shrinkage=0.04


Tree=30
num_leaves=63
num_cat=0
split_feature=1 9 6 10 5 0 7 11 6 10 6 8 0 8 0 0 10 5 10 6 6 4 5 6 11 11 7 6 4 4 11 4 11 1 9 9 6 9 9 11 0 9 6 8 10 7 7 0 5 1 10 11 6 0 0 11 4 8 5 7 4 6
split_gain=1.12076 0.664189 0.596441 0.600765 0.529677 0.542886 0.437182 0.512356 0.425719 0.411767 0.404164 0.39548 0.352835 0.351912 0.464623 0.3278 0.607928 0.382952 0.327766 0.399107 0.317703 0.300781 0.299618 0.441806 0.299362 0.293874 0.412189 0.289088 0.329195 0.341798 0.32915 0.303657 0.284503 0.280315 0.323886 0.278535 0.277987 0.274611 0.313715 0.31899 0.271226 0.270564 0.35373 0.339263 0.277196 0.268783 0.262257 0.258865 0.337072 0.286556 0.255236 0.255153 0.254106 0.315503 0.253366 0.251104 0.381493 0.252626 0.276244 0.421039 0.250109 0.249677
threshold=2592.629516601563 -12.410999298095701 5.4561650753021249 -13.472129821777342 -0.87967571616172779 79.93646621704103 0.95796999335289013 -20.297769546508786 4.4634349346160898 -5.2158045768737784 5.6850550174713144 5.1117501258850107 75.102706909179702 5.2567250728607187 75.709545135498061 81.195270538330092 -8.1964111328124982 0.507259100675583 -29.32962608337402 6.0260250568389901 5.4736649990081796 -0.25242647528648371 -0.99420425295829762 5.7895398139953622 -18.211071014404293 -30.920064926147457 1.9048449993133547 6.1363351345062265 -0.13945560157299039 -0.089487221091985689 -2.3986185789108272 0.94820341467857372 -17.893770217895504 2548.213256835938 -10.253673553466795 -9.0062980651855451 5.3838300704956064 -6.6986427307128897 -7.8624496459960929 -18.130051612854 86.711299896240249 -4.4569892883300772 5.5296552181243905 5.4398798942565927 -10.836639881134031 1.6302349567413332 2.6705849170684819 81.360618591308608 -0.53328669071197499 2052.437133789063 -7.5063602924346915 -19.389620780944821 5.8833148479461679 85.124172210693374 85.205547332763686 -20.297769546508786 0.78595113754272472 4.7733199596405038 0.44339412450790411 1.1182099580764773 0.90703541040420543 5.3022949695587167
decision_type=2 10 2 10 2 2 2 10 2 10 2 2 2 2 2 2 10 2 8 2 2 2 2 2 10 10 2 2 2 2 10 2 10 2 10 10 2 10 10 10 2 10 2 2 10 2 2 2 2 2 10 10 2 2 2 8 2 2 2 2 2 2
left_child=1 8 3 25 21 -6 12 9 -1 15 51 55 -4 22 -15 -8 17 -17 19 -12 -14 40 23 45 54 26 -3 28 -16 -30 31 35 37 34 -34 -29 47 38 39 -27 -2 42 -31 44 -43 -9 -33 48 -36 -50 -44 -7 53 -18 60 -10 -57 -58 -59 -60 -24 -40
right_child=4 2 6 -5 5 10 7 13 11 -11 18 -13 20 14 27 16 52 -19 -20 -21 -22 -23 24 -25 -26 32 -28 30 29 41 -32 46 33 -35 36 -37 -38 -39 61 -41 -42 43 50 -45 -46 -47 -48 -49 49 -51 -52 -53 -54 -55 -56 56 57 58 59 -61 -62 -63
leaf_value=-0.00025911772809297491 0.00054562567618603891 -0.0010379730230384108 0.00070032057452855379 6.481720865103675e-06 -2.1430384294459901e-05 -0.00020377527174564569 -2.7097207801233379e-05 0.000808077132131093 8.9940366648732489e-05 -0.00062040957611555808 5.1419223526505699e-05 8.5307590069074428e-05 -0.0017073902760220822 0.00057723421589976425 0.00018712259776311032 -0.00062197435431274913 0.0011264936728949411 -5.6228516095152325e-06 -0.00027181577052534623 -0.001221095806534683 -0.00016535035281098771 0.00019364585870628156 0.00011622448987485677 0.00017037146961286902 6.4112716098597695e-05 0.00031134150660177417 0.00030793600339068002 -0.00038553003480647338 -0.00063375370432504591 -0.0002939957454261922 0.00081763690484376161 6.8119536103170459e-05 -9.5703693171321166e-05 -0.00046503879056637091 0.0018129825434597159 -0.00010287511758501962 -5.0284636937343459e-05 -0.00070730376864162588 0.00054718206942589744 0.0014167916215631331 0.0023427352139090258 -1.233515140275208e-05 2.2573379716662578e-05 0.00015032242401585342 0.001800438471412252 0.0028767098484793678 0.0014338424341024051 0.00020369750900082556 -0.00055823776761719914 0.00066787607714770183 -0.00025112460846849713 1.5510998805742716e-05 -0.00038047501013410847 -0.00056454242319270117 0.0017167379132232965 0.00021430642493771299 0.00097816070005372663 0.00022378338385109083 0.0026394939639605582 0.00058444719128084651 0.00074642475048405314 0.0018629026386223799
leaf_weight=4832 390 698 753 55694 46064 18943 22846 202 8745 2732 574 91740 215 2115 14652 5677 833 2253 29682 1260 37422 3583 2797 693 29947 14549 761 8965 1419 7257 574 4813 4882 1188 370 14765 2691 375 557 430 205 209 64246 5657 381 200 236 4069 341 2887 5957 15385 435 224 226 10853 2012 2836 200 788 1575 394
leaf_count=4832 390 698 753 55694 46064 18943 22846 202 8745 2732 574 91740 215 2115 14652 5677 833 2253 29682 1260 37422 3583 2797 693 29947 14549 761 8965 1419 7257 574 4813 4882 1188 370 14765 2691 375 557 430 205 209 64246 5657 381 200 236 4069 341 2887 5957 15385 435 224 226 10853 2012 2836 200 788 1575 394
internal_value=6.14523e-07 2.90778e-05 -3.92362e-07 8.75077e-05 -0.000110253 -0.000126763 -3.32753e-05 -9.74696e-06 0.000108828 -0.000148892 -0.000200452 0.000124001 -0.000157007 1.94352e-05 -1.08335e-05 -0.000108971 -0.000307494 -0.000446862 -0.000303881 -0.000822828 -0.000174159 0.00033195 0.000130901 0.000782321 0.000110252 0.000219488 -0.00033596 -2.04653e-05 1.19962e-05 -1.81468e-05 -0.00013081 -0.000149727 0.000244246 0.000126762 0.000172894 -0.00020966 0.000299491 0.000362616 0.000387802 0.000343076 0.0011648 -7.71099e-06 -2.81336e-05 0.00024552 0.00115829 0.00183725 0.000131956 0.000422257 0.000669428 0.000538352 -6.50968e-07 -0.000105496 0.000433247 0.000768128 0.000410762 0.000263566 0.000354546 0.000615345 0.000424449 0.00100045 0.000343252 0.00109229
internal_weight=568254 452168 330162 89886 116086 111908 240276 201886 122006 35000 65844 117174 38390 166886 131246 32268 9422 7930 31516 1834 37637 4178 35640 1095 34545 34192 1459 129131 99778 85126 29353 28779 32733 16428 15240 23730 10358 16305 15930 14979 595 83707 77460 6247 590 402 5049 7667 3598 3228 70203 34328 1492 1057 4598 25434 16689 5836 3824 988 4372 951
internal_count=568254 452168 330162 89886 116086 111908 240276 201886 122006 35000 65844 117174 38390 166886 131246 32268 9422 7930 31516 1834 37637 4178 35640 1095 34545 34192 1459 129131 99778 85126 29353 28779 32733 16428 15240 23730 10358 16305 15930 14979 595 83707 77460 6247 590 402 5049 7667 3598 3228 70203 34328 1492 1057 4598 25434 16689 5836 3824 988 4372 951
is_linear=0
shrinkage=0.04


Tree=31
num_leaves=63
num_cat=0
split_feature=1 6 9 2 3 4 6 3 11 9 11 5 2 8 5 8 10 6 3 6 2 9 3 5 3 4 9 9 1 3 8 10 9 6 8 3 8 8 1 1 11 2 3 2 5 4 9 11 3 11 10 6 1 8 3 10 2 6 9 5 9 1
split_gain=0.988885 0.536226 0.562475 0.487084 0.499211 0.385666 0.347773 0.364068 0.43973 0.387187 0.320624 0.492963 0.375896 0.279142 0.27346 0.29665 0.349701 0.275646 0.28075 0.289958 0.266128 0.276727 0.409953 0.383779 0.264003 0.373808 0.280271 0.343875 0.262375 0.705756 0.268047 0.494142 0.408038 0.335876 0.441444 0.32863 0.260323 0.258787 0.371163 0.295113 0.250756 0.325209 0.41418 0.394343 0.386091 0.361486 0.314705 0.28796 0.391569 0.329686 0.284724 0.509284 0.365185 0.31685 0.283338 0.278074 0.392349 0.266011 0.250319 0.248847 0.248799 0.245631
threshold=2592.629516601563 5.4561650753021249 -15.977794647216795 11.256070137023928 -13.002449989318846 0.99886205792427074 6.5395948886871347 -18.3488655090332 -33.018526077270501 -14.551204681396483 -8.667146682739256 -0.83575358986854542 2.7243099212646489 6.3212499618530282 -0.11037919670343398 4.9867200851440439 -14.240702152252195 5.6224548816680917 -5.7190799713134757 5.4678602218627939 -11.110320091247557 -7.3197669982910147 -9.7581548690795881 0.41411480307579046 -3.9574800729751582 0.94990316033363353 -9.3017311096191388 -8.7715492248535138 1873.3951416015627 3.1393700838088994 5.5182900428771982 -17.065052986145016 -4.5749130249023429 4.6207599639892587 5.3948948383331308 -3.842380046844482 6.3766849040985116 5.9574549198150644 2505.6916503906255 2445.260620117188 -6.9010281562805167 -0.85305002331733693 -5.3645300865173331 5.8712599277496347 0.81670913100242626 0.8078519105911256 -6.6483192443847647 -15.877127647399901 -8.5689601898193342 -11.975057125091551 -10.930830955505369 6.2522997856140146 2475.094360351563 6.2325952053070077 -0.83907499909400929 -7.1989152431488028 3.371770024299622 5.8125150203704843 -2.7304267883300777 -0.96061456203460682 -11.859363555908201 2281.159790039063
decision_type=2 2 10 2 2 2 2 2 10 10 10 2 2 2 2 2 10 2 2 2 2 10 2 2 2 2 10 10 2 2 2 10 10 2 2 2 2 2 2 2 8 2 2 2 2 2 10 10 2 10 8 2 2 2 2 10 2 2 8 2 10 2
left_child=1 3 -3 4 36 28 7 8 -4 -10 11 58 13 20 15 -14 -17 18 -18 -20 -13 -22 -23 -24 26 -26 -8 -28 29 59 31 33 -33 -30 35 -35 -1 38 39 -7 41 46 43 45 50 -43 -9 -47 49 -49 -44 55 53 -53 -46 -52 57 -57 -2 -6 -39 -62
right_child=10 2 6 -5 5 37 24 40 9 -11 -12 12 14 -15 -16 16 17 -19 19 -21 21 22 23 -25 25 -27 27 -29 30 -31 -32 32 -34 34 -36 -37 -38 60 -40 -41 -42 42 44 -45 54 47 -48 48 -50 -51 51 52 -54 -55 -56 56 -58 -59 -60 -61 61 -63
leaf_value=-1.1383793710717005e-05 0.0002783974108818967 0.00016771617727673327 0.00023103687041809714 -0.00041551085538085725 0.0014999833740231771 0.00036531266460288538 -0.0001837636351702171 5.6272943505813679e-05 0.0005611498107699523 -0.00076846813814519788 -0.00037352629205323148 -0.00020971595874984722 0.00020785208550976446 -0.00055954370216284763 -0.0009438739917154897 -0.00074198347950903576 -0.00019322535698922423 -0.00047709514572316571 0.00011636368189654521 0.0014117599031809906 5.8503508682378189e-06 -0.00070616739860163656 0.00015466513377907119 -0.00043505023049412902 -0.00026487927281636985 -0.0013316835761387369 0.00143015610621957 0.00013494402446029931 -0.00031505981320790582 0.0025282416051713775 0.00018657458146119021 -9.8933525605722231e-05 0.00062301343864425509 0.0005649028200891402 -0.0001776934690347769 7.8047370071654615e-05 -0.00062425510571261769 0.002200646844193702 0.0013288303711984889 -0.00079184797096048599 0.00013085495870358388 0.0013325269050660064 -4.1386182807278334e-05 -0.00034830122562127977 -0.0016539518961721476 -0.00016774273028827104 -0.00039216113087202061 0.00035663125233889684 -3.6633374784941518e-05 0.0018057343831363445 0.00015944373538970554 0.00028847157393846224 0.0020584274530373809 0.0014871240425630506 -0.00034219858121333407 0.00099911574350720553 -0.00015351848690738575 -4.9826426632974419e-05 0.0014290128171809849 0.00021048942559251241 -0.00036541441381843974 0.0013363226452771492
leaf_weight=26675 3036 30506 1445 2858 262 2095 4754 103557 399 2878 6439 14923 2105 1796 919 2387 5630 3949 1214 358 63465 2186 4396 2951 9032 558 392 2008 1591 251 51163 23537 1323 7216 2489 3203 1157 258 537 424 22841 288 55117 11208 314 25817 2566 1966 11066 288 18422 2356 252 415 1637 847 12299 712 336 2782 215 368
leaf_count=26675 3036 30506 1445 2858 262 2095 4754 103557 399 2878 6439 14923 2105 1796 919 2387 5630 3949 1214 358 63465 2186 4396 2951 9032 558 392 2008 1591 251 51163 23537 1323 7216 2489 3203 1157 258 537 424 22841 288 55117 11208 314 25817 2566 1966 11066 288 18422 2356 252 415 1637 847 12299 712 336 2782 215 368
internal_value=4.93665e-06 3.1664e-05 4.24468e-06 0.000100838 0.000112592 0.000155162 -1.27502e-05 -2.03779e-06 -0.000350255 -0.000606577 -9.92063e-05 -8.30975e-05 -9.82046e-05 -6.58832e-05 -0.000273291 -0.000233895 -0.000302581 -0.000208522 -6.12584e-05 0.000411371 -5.5799e-05 -2.43337e-05 -0.000225281 -8.22003e-05 -0.000189769 -0.000326952 -5.87413e-06 0.000346495 0.000138965 0.00048958 0.000126203 4.77256e-05 -6.05129e-05 0.000233312 0.000300902 0.000415234 -3.68614e-05 0.00054507 0.000374073 0.000170539 4.00807e-06 -7.62178e-06 -4.69914e-05 -0.000138937 3.40843e-06 -7.94177e-05 4.543e-05 -8.98079e-05 6.12465e-05 0.000541787 1.54209e-05 0.000104111 0.000600569 0.000467988 -0.000553316 5.76184e-05 -7.7742e-05 0.000520061 0.000393049 0.000321477 0.00116643 0.000708752
internal_weight=568434 452344 323940 128404 125546 97714 293434 276690 4722 3277 116090 109651 106279 89717 16562 15643 13538 11151 7202 1572 87921 72998 9533 7347 16744 9590 7154 2400 93817 3295 90522 39359 24860 14499 12908 10419 27832 3897 3056 2519 271968 249127 143004 50633 92371 39425 106123 39137 13320 2254 90420 35303 3023 2771 1951 32280 13858 1559 3372 3044 841 583
internal_count=568434 452344 323940 128404 125546 97714 293434 276690 4722 3277 116090 109651 106279 89717 16562 15643 13538 11151 7202 1572 87921 72998 9533 7347 16744 9590 7154 2400 93817 3295 90522 39359 24860 14499 12908 10419 27832 3897 3056 2519 271968 249127 143004 50633 92371 39425 106123 39137 13320 2254 90420 35303 3023 2771 1951 32280 13858 1559 3372 3044 841 583
is_linear=0
shrinkage=0.04


Tree=32
num_leaves=63
num_cat=0
split_feature=0 3 10 6 10 2 5 3 3 4 5 0 11 9 11 5 4 7 7 0 6 2 2 4 7 0 7 3 9 5 3 11 9 2 6 9 6 6 3 11 11 10 3 4 0 6 4 4 11 0 6 10 0 9 7 6 0 4 11 2 2 4
split_gain=0.769901 0.748373 0.639733 0.622681 0.640304 0.556109 0.493451 0.458687 0.422991 0.427782 0.402376 0.349718 0.321306 0.314104 0.313831 0.284086 0.285921 0.272309 0.27856 0.260282 0.333748 0.259964 0.390535 0.254431 0.247509 0.326994 0.307834 0.278734 0.245821 0.285704 0.250892 0.243466 0.340933 0.234648 0.276622 0.231112 0.400376 0.229161 0.228837 0.226812 0.230827 0.290911 0.418404 0.281399 0.238622 0.225891 0.224826 0.299837 0.288074 0.274859 0.260627 0.245293 0.220942 0.367524 0.283211 0.218957 0.213172 0.21422 0.212812 0.212634 0.211848 0.242664
threshold=79.15805816650392 -5.598249912261962 -13.155060291290281 6.0487349033355722 -15.00519800186157 6.6566998958587655 0.83376297354698192 -14.519555091857908 -11.560029983520506 0.67013037204742443 0.84487962722778331 82.30448150634767 -16.179617881774899 -7.9795913696289054 -22.320992469787594 -0.94098758697509755 0.99580538272857677 2.7629649639129643 0.37209500372409826 83.317440032958999 5.7095348834991464 -5.0293698310852042 0.47628000378608709 0.15868452936410907 1.5085849761962893 85.766521453857436 2.1101800203323369 -5.3645300865173331 -12.798713684082029 -0.32678531110286707 -4.7428600788116446 -8.5437631607055646 -7.3197669982910147 -5.6814599037170401 4.7537248134613046 -7.4476928710937491 5.0673849582672128 6.1294598579406747 -2.5270099639892574 -8.2877864837646467 -12.656430721282957 -22.412788391113278 -1.8340199589729307 0.24244030565023425 81.02966690063478 6.3581800460815439 0.70288297533988964 0.53298351168632518 -17.169931411743161 80.587120056152358 6.3002851009368905 -5.6218857765197745 82.079963684082045 -9.4012832641601545 2.2036550045013432 4.3168749809265146 72.42215728759767 0.99580538272857677 -27.568914413452145 4.9407300949096689 -0.35273998975753779 0.69840952754020702
decision_type=2 2 10 2 8 2 2 2 2 2 2 2 10 10 8 2 2 2 2 2 2 2 2 2 2 2 2 2 10 2 2 10 10 2 2 8 2 2 2 10 10 10 2 2 2 2 2 2 10 2 2 10 2 10 2 2 2 2 10 2 2 2
left_child=2 5 8 14 12 6 7 19 10 13 55 -9 21 45 33 -14 24 18 -13 -2 -21 -5 -23 -15 25 27 28 -17 -26 37 -31 32 56 -3 -35 36 -7 -30 -18 40 44 42 -42 -43 -28 -10 47 -37 51 -48 -50 -49 53 -36 -54 -1 57 -11 -38 -58 61 -4
right_child=1 3 60 4 -6 35 -8 11 9 31 -12 17 15 23 -16 16 38 -19 -20 20 -22 22 -24 -25 26 -27 39 -29 29 30 -32 -33 -34 34 52 46 58 -39 -40 -41 41 43 -44 -45 -46 -47 49 48 50 -51 -52 -53 54 -55 -56 -57 59 -59 -60 -61 -62 -63
leaf_value=-0.00044185045209924891 -0.00016868697951022697 -0.00073679779470023398 -0.00058443787166878396 0.00093429541506700412 3.5075938056124537e-05 0.00015072566085173173 -0.00044333977614068341 3.1627717623004593e-05 9.3622322693678723e-05 0.00064968600013035147 -0.00075953591721473937 -0.0012394604742886773 -0.0009758590715990233 2.6448311340972417e-05 4.9672797072506849e-05 0.0008135222954205525 -0.00059559251717398575 -0.00044047620882065627 -7.5315716473349921e-05 -0.00028012355075010596 -0.0011486106234336927 -0.00061868900382114529 0.0011129281086997198 0.0018940602948655447 0.0012504122269906335 -0.000986783988929957 0.00044024836505904865 -0.00029491170675205014 -0.00047809868663664185 -0.00080219590497499177 4.6452853084637648e-05 -0.00034276031961854534 0.0014514687657356262 -0.0006644106014566713 0.0013533862616119693 -0.00096374383360130602 -0.0014910689315333831 0.0010136411849600065 -0.0020664453771314585 -0.0011363407336486336 0.00022217423421892499 0.0016007030737161573 -0.0019999921971348999 8.4142324745150674e-05 -0.0010674928105236495 -0.00011817671215882561 0.00084922219767430505 0.0020131987149531014 -0.0002000208151475009 -0.00055408051388469259 0.0013350344943769633 0.00021097303138424954 0.00072464389872267903 -0.00035352833842789983 0.0022296856084775009 3.8016954757752862e-05 0.00022283403722224535 -0.00053104986749991057 -0.00058943572414186976 -0.00024457471817356088 -0.00012173352620267754 0.00020680486456837769
leaf_weight=1558 21502 206 692 644 28070 1170 5781 61893 47856 2857 1058 332 880 205 147427 373 872 3853 34891 2279 1027 693 298 271 291 1083 217 13520 211 645 4103 1187 367 215 359 331 456 752 210 513 315 239 238 1082 743 9688 248 261 1125 2244 210 225 508 461 330 64713 46677 269 5141 1611 34363 5974
leaf_count=1558 21502 206 692 644 28070 1170 5781 61893 47856 2857 1058 332 880 205 147427 373 872 3853 34891 2279 1027 693 298 271 291 1083 217 13520 211 645 4103 1187 367 215 359 331 456 752 210 513 315 239 238 1082 743 9688 248 261 1125 2244 210 225 508 461 330 64713 46677 269 5141 1611 34363 5974
internal_value=2.00356e-06 -3.49502e-05 6.07107e-05 1.39437e-05 -9.98335e-05 -0.000105228 -8.19946e-05 -6.53863e-05 9.34782e-05 0.000141462 1.43801e-05 -2.75229e-05 -0.000235458 6.64289e-05 5.65548e-05 -0.000269298 -0.000244826 -0.000121212 -8.62885e-05 -0.000219491 -0.000549917 0.000308616 -9.79807e-05 0.00108973 -0.000216525 -0.000317338 -5.50359e-05 -0.000265152 0.000116366 5.85815e-05 -6.88333e-05 0.000223651 0.000236635 0.000544577 0.000685508 -0.000373093 -0.000522221 0.000686791 -0.000881063 -0.000362402 -0.000222306 3.60708e-05 -0.000734201 0.000358524 -0.00072668 5.79642e-05 -0.000155793 0.000143703 0.000345001 -0.000414426 4.14486e-05 0.00117883 0.000860558 0.000393767 0.00131732 2.67355e-05 0.000227963 0.000548081 -0.000662894 0.00020724 -8.17009e-05 0.000124666
internal_weight=567813 348467 219346 205498 55992 142969 131558 125777 178317 110988 67329 100969 27922 58020 149506 26287 25407 39076 35223 24808 3306 1635 991 476 24325 14976 9349 13893 6002 5711 4748 52968 51781 2079 1873 11411 6767 963 1082 3347 2834 1874 553 1321 960 57544 4644 2152 1821 2492 1335 486 1658 820 838 66271 51414 3126 5597 48288 41029 6666
internal_count=567813 348467 219346 205498 55992 142969 131558 125777 178317 110988 67329 100969 27922 58020 149506 26287 25407 39076 35223 24808 3306 1635 991 476 24325 14976 9349 13893 6002 5711 4748 52968 51781 2079 1873 11411 6767 963 1082 3347 2834 1874 553 1321 960 57544 4644 2152 1821 2492 1335 486 1658 820 838 66271 51414 3126 5597 48288 41029 6666
is_linear=0
shrinkage=0.04


Tree=33
num_leaves=63
num_cat=0
split_feature=1 0 3 2 0 2 7 3 0 11 0 0 9 7 3 4 3 2 8 3 2 3 5 9 9 9 4 4 5 11 9 2 4 2 1 4 11 5 1 8 2 3 0 2 8 5 0 0 11 8 0 8 2 2 4 7 11 2 2 11 11 4
split_gain=0.796175 0.518652 0.577137 0.843799 0.660051 0.528227 0.479245 0.528109 0.510857 0.378965 0.37805 0.333347 0.328463 0.325438 0.31087 0.307605 0.298724 0.300383 0.298009 0.293119 0.300815 0.311353 0.285633 0.280719 0.279741 0.272082 0.306194 0.269161 0.293899 0.266886 0.265987 0.291159 0.264659 0.263523 0.258967 0.567599 0.2583 0.437762 0.296789 0.29298 0.285192 0.277434 0.254971 0.383851 0.43391 0.254736 0.342638 0.244563 0.242343 0.241327 0.429021 0.262595 0.237015 0.332236 0.315835 0.23436 0.233433 0.230964 0.228529 0.227346 0.358611 0.226884
threshold=2463.529907226563 79.974754333496108 -9.7581548690795881 -10.906304836273192 85.124172210693374 0.54006001353263866 1.2501899600028994 -13.002449989318846 81.278514862060561 -6.9010281562805167 86.981155395507827 74.798130035400405 -8.7715492248535138 0.51221501827240001 -17.23375034332275 0.8078519105911256 -21.708259582519528 7.1599650382995614 5.2507050037384042 6.2703800201416025 0.67606002092361461 -12.786740303039549 -0.93510058522224415 -7.5778198242187491 -5.0607604980468741 -9.9255256652832013 0.99861285090446483 0.92428925633430492 -0.36620345711708063 -24.833604812622067 -5.9535560607910147 3.8991199731826787 0.34403654932975775 11.256070137023928 2431.051391601563 0.71242088079452526 -4.1926019191741934 -0.96504145860671986 2183.115112304688 6.1619350910186776 6.8610501289367685 -2.9389600753784175 83.581932067871108 4.30654001235962 5.6847400665283212 0.70345696806907665 80.587120056152358 83.917366027832045 -6.9010281562805167 5.4843699932098398 80.420749664306655 5.0971498489379892 0.20616000145673755 -3.3360249996185298 0.96045204997062694 1.2747349739074709 -6.5186696052551261 3.9652199745178227 0.87411001324653637 -7.5781273841857901 -6.5186696052551261 0.17407771199941638
decision_type=2 2 2 2 2 2 2 2 2 8 2 2 8 2 2 2 2 2 2 2 2 2 2 10 8 10 2 2 2 10 10 2 2 2 2 2 10 2 2 2 2 2 2 2 2 2 2 2 10 2 2 2 2 2 2 2 10 2 2 10 10 2
left_child=6 16 4 -4 5 14 11 -8 19 22 36 -1 18 -5 -3 47 -2 61 -7 20 -9 -22 32 33 30 -20 -27 -15 -29 -28 -13 48 55 58 45 -36 40 38 -38 -39 42 -42 43 -11 -45 -26 -47 -16 -32 50 -25 -52 53 -6 -54 -10 -30 -53 -23 -33 -61 -18
right_child=1 2 3 13 52 12 7 8 9 10 -12 24 -14 27 15 -17 17 -19 25 -21 21 23 -24 49 34 26 29 28 56 -31 31 59 -34 -35 35 -37 37 39 -40 -41 41 -43 -44 44 -46 46 -48 -49 -50 -51 51 57 54 -55 -56 -57 -58 -59 -60 60 -62 -63
leaf_value=0.00016853922896669857 -0.00041696364216607787 -0.00039371722504580754 -0.00070086515496716861 -0.00047411547551322531 -0.00042963492876692787 0.0001504189777217486 -7.1280303420967695e-05 0.00019479791336995866 0.0011501077675698872 -0.00020777463973103874 -0.00022688141986373014 -7.4517587329316372e-05 -0.00070456490137191772 -6.1547072865849502e-05 -0.00021754862136068225 7.9036727334009244e-05 -0.00035216735377841744 -0.00041597318531680128 -0.00065508033458709875 0.00095426411409692768 0.0011254659376887454 -0.00041688556052786412 -4.6984064529782386e-05 7.4437415294003877e-05 0.00011838399897984372 -0.00035764486527656389 0.0015925492810345829 0.0010465561086220271 5.844190812437607e-05 -0.00018393799694194969 -0.0011223747476956515 7.4802514630226861e-06 0.0012065518472063508 -0.00049051651769697012 0.0014680535863217069 -0.0008420108596716697 0.00097311306415179147 0.0006896122970153826 -0.00061019662036007995 0.0018021290873411553 -0.0010464552584396698 6.1087428668874587e-05 0.00070384183008171677 -0.00023823077505787243 0.0017107282830108497 -0.0001551315052814515 -0.001979666603505043 -0.0014228271771144199 0.00034915137556141044 0.00013853538280176692 0.00038829351213774574 0.002734204428973703 -0.0014576949749730784 -0.0017165536029762321 -0.00010407152957072957 8.9964483821947249e-05 0.00099535210689908325 0.0011615636176399294 6.523990524267256e-05 -0.0021987022969283559 -0.00024218726753837098 5.6774641916127555e-05
leaf_weight=11266 2427 4221 3088 2540 527 2073 36075 72720 340 1717 2480 64025 4050 58919 4630 14325 2231 2318 3074 714 444 1629 65011 890 10601 1459 287 508 24523 256 1124 2384 359 1496 585 240 279 1480 590 509 410 3083 2351 319 428 726 213 286 213 3346 335 245 378 821 1020 17826 433 383 45798 209 530 80311
leaf_count=11266 2427 4221 3088 2540 527 2073 36075 72720 340 1717 2480 64025 4050 58919 4630 14325 2231 2318 3074 714 444 1629 65011 890 10601 1459 287 508 24523 256 1124 2384 359 1496 585 240 279 1480 590 509 410 3083 2351 319 428 726 213 286 213 3346 335 245 378 821 1020 17826 433 383 45798 209 530 80311
internal_value=6.23373e-06 -5.45176e-05 -0.000105974 -5.10938e-05 -0.000238029 -0.000190735 4.31455e-05 7.08057e-05 9.35684e-05 2.44243e-05 0.000219859 -3.53037e-05 -0.000416753 -2.80103e-05 -8.28513e-05 -1.4655e-05 2.05958e-05 3.311e-05 -0.000253704 0.000146065 0.000141531 7.05434e-05 -7.50078e-06 6.18891e-05 -6.37081e-05 -0.000418745 -5.58593e-05 -1.45821e-05 9.40861e-05 0.000755016 -9.53234e-05 -0.000393999 0.00013106 3.21922e-05 0.000111397 0.000796035 0.000319081 0.000647093 -0.000101861 0.000974314 0.000206243 -6.89133e-05 0.000405852 0.000121529 0.000878442 6.24518e-05 -0.000569004 -0.000287669 -0.000887943 0.00034134 0.000707548 0.00129267 -0.000834985 -0.00121343 -0.000470073 0.000109806 7.46978e-05 0.00177509 4.86801e-05 -0.000182534 -0.000795518 4.57215e-05
internal_weight=568078 214705 127418 90011 37407 34661 353373 261257 225182 97182 13646 92116 11199 86923 23462 19241 87287 84860 7149 128000 127286 54566 83536 54122 80850 5076 2002 84383 25464 543 68485 4460 18525 48923 12365 825 11166 2858 869 1989 8308 3493 4815 2464 747 11540 939 4916 1337 5199 1853 963 2746 1348 1398 18166 24956 628 47427 3123 739 82542
internal_count=568078 214705 127418 90011 37407 34661 353373 261257 225182 97182 13646 92116 11199 86923 23462 19241 87287 84860 7149 128000 127286 54566 83536 54122 80850 5076 2002 84383 25464 543 68485 4460 18525 48923 12365 825 11166 2858 869 1989 8308 3493 4815 2464 747 11540 939 4916 1337 5199 1853 963 2746 1348 1398 18166 24956 628 47427 3123 739 82542
is_linear=0
shrinkage=0.04


Tree=34
num_leaves=63
num_cat=0
split_feature=1 0 10 5 3 10 3 5 10 4 6 3 11 6 3 1 1 9 10 9 3 11 11 11 8 8 3 4 3 4 0 6 3 0 8 9 4 9 6 11 9 9 0 6 11 8 10 11 1 8 11 3 0 1 9 8 8 10 0 6 11 9
split_gain=0.577425 0.473641 0.649236 0.515587 0.451847 0.449464 0.433662 0.519363 0.403143 0.50885 0.525198 0.438587 0.456277 0.477639 0.369767 0.429913 0.350913 0.341065 0.313442 0.324487 0.312511 0.309569 0.306183 0.302153 0.363088 0.304077 0.300464 0.291051 0.290532 0.289128 0.288275 0.418386 0.445301 0.288358 0.287808 0.377864 0.374259 0.359751 0.297362 0.279903 0.341864 0.276889 0.275788 0.287941 0.275265 0.274141 0.260935 0.366462 0.334249 0.464064 0.328566 0.345154 0.295592 0.28488 0.274263 0.47346 0.289335 0.286298 0.258645 0.257657 0.257058 0.256996
threshold=2634.855834960938 81.776885986328139 -23.509980201721188 0.33359307050704962 -7.0590801239013663 -19.383816719055172 -7.4136250019073477 -0.31329067051410669 -10.930830955505369 0.89512982964515697 5.8880250453948983 -4.1842148303985587 -22.320992469787594 5.2873201370239267 -3.5039399862289424 2565.752807617188 1991.9329833984377 -6.0175552368164054 -2.1241970062255855 -10.056552886962889 -14.898355007171629 -21.988643646240231 -20.66480731964111 -20.109443664550778 4.755894899368287 5.2842051982879648 -15.037664890289305 0.9415622651576997 -4.2374799251556388 0.99489283561706554 79.448093414306655 5.7046549320220956 -17.23375034332275 79.321384429931655 4.9950850009918222 -7.2294960021972647 0.87969809770584118 -8.1682929992675763 6.1363351345062265 -6.9010281562805167 -9.9892005920410138 -12.505439758300779 76.683467864990249 4.7537248134613046 -23.231971740722653 6.3766849040985116 -9.3710670471191388 -20.20485687255859 2309.3017578125005 6.0328447818756112 -10.677775382995604 2.6332100629806523 84.328586578369155 2385.4523925781255 -3.8937339782714839 5.7646648883819589 6.4729149341583261 -10.186619758605955 81.528476715087905 6.5176200866699228 -9.6564645767211896 -10.928791046142576
decision_type=2 2 8 2 2 8 2 2 8 2 2 2 8 2 2 2 2 10 10 8 2 8 10 8 2 2 2 2 2 2 2 2 2 2 2 10 2 10 2 10 10 8 2 2 10 2 10 10 2 2 10 2 2 2 10 2 2 10 2 2 10 8
left_child=1 3 -3 6 -4 27 7 23 9 39 17 12 13 -10 -7 -16 -14 -11 19 -18 26 -13 -12 -1 -25 -26 -9 42 -21 -24 33 32 -32 45 35 37 60 -8 -36 -6 -41 44 -5 -44 -33 -2 48 53 49 -23 52 -52 -51 -48 56 57 -50 -56 -40 -45 -37 -35
right_child=30 2 4 5 8 14 34 20 11 10 22 21 16 -15 15 -17 18 -19 -20 28 -22 46 29 24 25 -27 -28 -29 -30 -31 31 41 -34 61 38 36 -38 -39 58 40 -42 -43 43 59 -46 -47 47 -49 54 50 51 -53 -54 -55 55 -57 -58 -59 -60 -61 -62 -63
leaf_value=-0.00011921665236712814 -5.7569201843611133e-06 -0.0004172848260780756 -0.00017937279833803114 0.00012670332952004296 -0.00015710555352161734 0.00027289161259004758 0.00028785379735351679 -0.00012127916166774639 0.0017441551465875447 0.00039766789519098112 -0.0016434454321723633 0.0015314997651890677 0.0010848128058427516 -8.5419961732569569e-06 -1.2676711997958213e-05 0.0012720965711659818 -0.0014243099845493632 -0.00020658771523489141 -0.0011577060713870134 -0.00013294994457236411 3.9760124381685079e-05 -0.00016010279816819668 4.3667935200261768e-05 0.00094656687693755711 -0.0011204500452315967 -0.00042383857478582023 -0.00097445611063139332 0.0015541614932957496 -0.0015812732144708239 -0.00050847298636633349 -0.00047418031538130608 -0.0014501436177996334 2.0301316700033159e-06 0.0011899786275355805 6.8851421614376897e-05 -3.1397688233262892e-05 0.0023048138719657615 -0.00048328806382002978 -0.00021952837138648678 0.0012308363326398346 4.0700087073648334e-05 -0.00022201841538626636 0.001282557340325426 1.5999204663019073e-05 -0.00042146600518364372 -0.00099053374256265073 3.051086599786443e-05 8.7112692693880746e-05 0.00030526868050704913 0.0014522160277067769 -0.00046118369255268999 0.0013974126849286988 0.00030724443038310001 -0.0012767967801183661 0.0010264114931725511 0.00022924483485708966 0.0015829807776026428 0.0031278011449834419 0.00053028594686687182 -0.00027182262048072183 0.0015550631230660558 3.2121078882952253e-05
leaf_weight=6485 30947 6925 24643 44230 46431 32901 7050 21878 390 9293 203 251 308 687 13496 430 346 1781 618 7903 39287 4824 7195 262 1281 4613 681 206 228 1923 3512 569 29804 607 54158 455 263 1122 9776 408 7218 25770 278 61053 1550 459 502 35000 6751 749 739 204 696 569 205 463 296 210 796 5418 255 620
leaf_count=6485 30947 6925 24643 44230 46431 32901 7050 21878 390 9293 203 251 308 687 13496 430 346 1781 618 7903 39287 4824 7195 262 1281 4613 681 206 228 1923 3512 569 29804 607 54158 455 263 1122 9776 408 7218 25770 278 61053 1550 459 502 35000 6751 749 739 204 696 569 205 463 296 210 796 5418 255 620
internal_value=-2.00098e-06 1.59346e-05 -3.80497e-05 4.55297e-05 -2.17413e-05 9.58103e-05 -8.02148e-06 -7.61271e-05 6.7394e-06 -5.59856e-05 0.000114262 8.21362e-05 -0.000153725 0.000626139 0.000199763 2.69939e-05 -0.000243048 0.000300487 -0.000288016 -0.000224613 -2.83752e-05 0.000130171 -0.000106987 -0.000309753 -0.000510472 -0.00057524 -0.000147034 5.20291e-05 -0.000173562 -7.27794e-05 -9.2662e-05 -0.000143855 -4.81695e-05 3.35298e-06 6.06483e-05 0.000270699 0.00101585 0.000181977 3.09726e-05 -0.000120218 0.000104374 -0.00025816 4.92409e-05 -2.08819e-06 -0.000697689 -2.01495e-05 0.000123302 6.48101e-05 0.000262687 6.56508e-05 0.000521696 -5.91119e-05 0.000900728 -0.000664034 0.000441997 0.00110865 0.000358937 0.00208977 -0.000163072 -7.46093e-06 0.000538388 0.000604916
internal_weight=568171 474333 167959 306374 161034 158012 148362 74487 136391 74452 20395 61939 10480 1077 46827 13926 9403 11074 9095 8477 61846 51459 9321 12641 6156 5894 22559 111185 8131 9118 93838 61205 33316 32633 73875 9145 973 8172 64730 54057 7626 27889 110979 66749 2119 31406 51208 36071 15137 7212 2388 943 1445 1071 7925 878 7047 415 10572 66471 710 1227
internal_count=568171 474333 167959 306374 161034 158012 148362 74487 136391 74452 20395 61939 10480 1077 46827 13926 9403 11074 9095 8477 61846 51459 9321 12641 6156 5894 22559 111185 8131 9118 93838 61205 33316 32633 73875 9145 973 8172 64730 54057 7626 27889 110979 66749 2119 31406 51208 36071 15137 7212 2388 943 1445 1071 7925 878 7047 415 10572 66471 710 1227
is_linear=0
shrinkage=0.04


Tree=35
num_leaves=63
num_cat=0
split_feature=1 6 10 6 9 4 4 11 2 5 3 8 5 2 3 6 10 9 1 9 1 1 2 4 10 3 11 11 6 2 3 8 2 6 3 4 1 1 11 3 9 8 1 10 11 1 8 10 11 6 4 8 4 1 10 6 11 3 2 2 1 3
split_gain=0.587964 0.413008 0.410427 0.384766 0.489659 0.322995 0.433034 0.300861 0.351056 0.308085 0.299872 0.290191 0.260396 0.256807 0.507322 0.343142 0.270552 0.264746 0.262588 0.31563 0.278767 0.287077 0.370624 0.251912 0.250841 0.232028 0.226777 0.341265 0.240235 0.275494 0.223637 0.235608 0.286754 0.223195 0.223144 0.263445 0.255076 0.243962 0.253292 0.353441 0.262573 0.242786 0.30074 0.235282 0.279202 0.229321 0.244444 0.251231 0.219763 0.286636 0.309308 0.218741 0.308996 0.234981 0.271373 0.213184 0.358019 0.212704 0.207051 0.247655 0.213406 0.212011
threshold=2393.6965332031255 6.1497550010681161 -12.848212718963621 5.836825132369996 -11.104679107666014 0.37388780713081365 0.45032772421836859 -18.457118034362789 7.8627998828887948 -0.92282095551490773 -21.708259582519528 4.948244810104371 0.75937840342521679 4.30654001235962 -6.0794301033020011 5.5018651485443124 -14.085342884063719 -15.331287384033201 2753.3437500000005 -11.942569732666014 2650.247924804688 2680.897583007813 5.9575800895690927 0.99926769733428966 -10.186619758605955 -8.1695098876953107 -10.227720260620115 -9.0191626548767072 5.7472200393676767 8.2691802978515643 -15.724300384521483 6.5032200813293466 -6.1554198265075675 5.9933249950408944 -19.590699195861813 0.68433377146720897 2816.2377929687505 2745.6184082031255 -20.760437011718746 -8.6523303985595685 -15.197376251220701 4.7378251552581796 2968.838012695313 -20.453379631042477 -17.566814422607418 2634.855834960938 5.0119950771331796 -31.881627082824703 -33.556833267211907 5.0406248569488534 0.96328794956207286 5.1715497970581064 -0.16591604799032209 2738.6508789062505 -30.516280174255368 5.0673849582672128 -3.7210408449172969 -14.768334865570067 8.8868350982666033 6.6566998958587655 2099.8781738281255 -3.054549932479858
decision_type=2 2 10 2 10 2 2 10 2 2 2 2 2 2 2 2 8 8 2 8 2 2 2 2 8 2 8 8 2 2 2 2 2 2 2 2 2 2 8 2 8 2 2 10 10 2 2 8 8 2 2 2 2 2 10 2 8 2 2 2 2 2
left_child=1 2 30 10 34 7 58 8 9 -4 -2 33 23 17 15 25 -17 -12 19 -16 26 22 -22 -6 -3 -15 -21 28 29 -28 48 -32 -33 -8 36 37 -5 43 57 -40 -41 -37 45 -36 -45 46 -43 -48 49 -1 -51 52 -14 54 -54 56 -29 -39 59 -7 -61 -62
right_child=3 24 5 4 12 6 11 -9 -10 -11 13 -13 51 14 18 16 -18 -19 -20 20 21 -23 -24 -25 -26 -27 27 55 -30 -31 31 32 -34 -35 35 41 -38 38 39 40 -42 42 -44 44 -46 -47 47 -49 -50 50 -52 -53 53 -55 -56 -57 -58 -59 -60 60 61 -63
leaf_value=0.001791094827220266 -0.00041454362452843631 -0.00010592695394507941 0.0016634102306968702 -0.00086201415187497324 -0.00011914578860771008 -0.0006668789271241422 0.00039494224203510996 5.9017529850483984e-05 -0.00018940737650055626 -0.0001536160881863907 -0.00024536655041754082 -7.2559950010564445e-05 -0.0012910316771935534 -4.2670278166071065e-05 0.0016333520959769124 -0.0017878288432519841 -0.00047708916810361901 3.3587236990441406e-05 -0.00065344417797830038 -0.00011008797965811154 0.0023268398891904971 0.00014710245834972694 0.00028418630226765548 -0.00057883275476533621 0.00011174882879326779 -0.00054259250674000765 0.00088048661875832288 0.0018762628839710566 0.0019129756626759863 -0.00054107506674225053 0.00012170720559969541 0.0004703353616972879 -0.00029912482355426819 -0.00079348871439362256 -4.4945975720092718e-05 0.0005728968460015797 0.00045678681027262454 0.00027303930866351059 0.00044198001958733302 0.00067127875278273836 -0.00075689497277830196 -0.00031417322706137611 0.0011064983399582807 0.0019034066324439944 0.00018636577227915528 -0.0001627680681064798 0.0015803311831839039 0.00020590056981594244 -0.00014594486381858587 -0.0002764422369060311 0.0012179398131511891 -0.00046600849294839154 -0.00069880124457966705 -0.00060086081957727762 0.00031270497750895764 -7.440186810670159e-05 -8.384612252499774e-05 -0.0011355242880217167 -0.0010318530243082309 0.0013061938746945887 0.00070603796227969057 -0.00063644487474491366
leaf_weight=203 2882 44456 589 920 52027 1406 3275 34429 458 200 5684 44815 328 7744 203 266 4775 128700 852 10750 276 988 293 1980 10464 1838 837 254 236 295 132758 953 4147 274 16275 1800 315 211 982 245 1293 1488 447 214 519 5215 218 8901 9375 771 311 7877 507 855 2604 3988 361 917 908 205 299 508
leaf_count=203 2882 44456 589 920 52027 1406 3275 34429 458 200 5684 44815 328 7744 203 266 4775 128700 852 10750 276 988 293 1980 10464 1838 837 254 236 295 132758 953 4147 274 16275 1800 315 211 982 245 1293 1488 447 214 519 5215 218 8901 9375 771 311 7877 507 855 2604 3988 361 917 908 205 299 508
internal_value=-5.39983e-06 3.43395e-05 5.73409e-05 -4.70654e-05 -0.000106904 -1.14525e-05 -7.53482e-05 8.11243e-05 0.000691481 0.00120282 -9.97235e-06 -4.49871e-05 -0.000173666 -3.04604e-06 -0.000101331 -0.000279107 -0.000546253 2.17884e-05 3.31352e-05 6.47874e-05 4.73666e-05 0.000559288 0.001275 -0.000135999 -6.44528e-05 -0.000138564 -3.01758e-07 0.000197354 0.000752056 0.000510027 9.78088e-05 0.000111458 -0.000155341 0.00030319 3.66058e-06 2.05408e-05 -0.00052564 -7.70374e-05 -0.00037386 -0.000150864 -0.00052939 0.00013209 8.33187e-05 -1.33727e-05 0.000687657 5.44121e-05 0.00016119 0.000238758 -7.87053e-05 0.000411856 0.000153089 -0.000340806 -0.000111132 -1.35513e-05 0.00014786 3.24979e-05 0.000725695 -0.000872043 -0.000516835 -0.000323437 0.000153717 -0.000139044
internal_weight=568164 290804 235884 277360 106138 87366 51690 35676 1247 789 171222 48364 66178 168340 33956 14623 5041 134384 19333 18481 18278 1557 569 54007 54920 9582 16721 5971 1368 1132 148518 137858 5100 3549 39960 38725 1235 20656 3648 2520 1538 18069 16269 17008 733 15822 10607 9119 10660 1285 1082 12171 4294 3966 3111 4603 615 1128 3326 2418 1012 807
internal_count=568164 290804 235884 277360 106138 87366 51690 35676 1247 789 171222 48364 66178 168340 33956 14623 5041 134384 19333 18481 18278 1557 569 54007 54920 9582 16721 5971 1368 1132 148518 137858 5100 3549 39960 38725 1235 20656 3648 2520 1538 18069 16269 17008 733 15822 10607 9119 10660 1285 1082 12171 4294 3966 3111 4603 615 1128 3326 2418 1012 807
is_linear=0
shrinkage=0.04


Tree=36
num_leaves=63
num_cat=0
split_feature=1 0 3 7 10 2 0 6 11 10 8 11 10 6 0 4 11 0 11 2 4 3 2 1 11 0 3 1 8 3 11 7 0 2 4 11 4 4 6 3 1 2 3 1 0 2 11 11 10 7 11 8 8 11 10 2 0 6 4 4 7 7
split_gain=0.811476 0.497824 0.886862 0.55064 0.485359 0.413354 0.33605 0.417845 0.322577 0.316635 0.306384 0.319592 0.296891 0.459948 0.469772 0.340688 0.330705 0.303707 0.307685 0.292019 0.279319 0.290385 0.271663 0.270903 0.309081 0.318282 0.307325 0.267909 0.278514 0.274809 0.266477 0.258589 0.252761 0.462779 0.345202 0.408841 0.395761 0.289725 0.286791 0.285274 0.286469 0.249809 0.464239 0.265422 0.336634 0.42507 0.283446 0.257835 0.326465 0.438363 0.255791 0.24798 0.247848 0.248958 0.300485 0.244595 0.241059 0.386592 0.236792 0.346997 0.233341 0.233267
threshold=2634.855834960938 77.910202026367202 -7.4859700202941886 1.2251650094985964 -11.02500009536743 7.8627998828887948 82.575649261474624 6.0837252140045175 -7.4234294891357413 -10.468997001647947 5.6280448436737069 -16.782239913940426 -10.560141086578367 5.3230750560760507 81.319915771484389 0.24244030565023425 -12.582767486572264 83.970916748046889 -14.489950180053709 -6.0349249839782706 0.49436949193477636 -18.3488655090332 -19.826899528503414 2622.549926757813 -19.050148963928219 84.775169372558608 -2.4057700634002681 1741.3696899414065 6.4460351467132577 -13.333220005035399 -13.173077106475828 1.1364649534225466 79.895408630371108 11.256070137023928 0.25532494485378271 -9.3564586639404279 0.21602590382099154 0.34403654932975775 5.7801249027252206 -2.221480011940002 2654.478637695313 2.9192700386047368 -6.2657098770141593 2762.052368164063 84.086593627929702 1.1213799715042116 -11.265400886535643 -17.254147529602047 -13.550027847290037 1.7376350164413454 -10.042448520660399 5.6689250469207773 5.6636450290679941 -22.650941848754879 -16.66465854644775 3.2358100414276127 86.588272094726577 5.6663548946380624 0.99835294485092174 0.99267086386680614 1.9048449993133547 1.1364649534225466
decision_type=2 2 2 2 10 2 2 2 8 8 2 10 10 2 2 2 10 2 10 2 2 2 2 2 10 2 2 2 2 2 10 2 2 2 2 10 2 2 2 2 2 2 2 2 2 2 10 10 8 2 8 2 2 8 10 2 2 2 2 2 2 2
left_child=1 4 5 12 22 6 20 10 23 -7 11 58 13 14 16 -15 -4 18 -16 60 -3 -22 -1 -5 -25 26 -26 28 29 -24 -11 -9 -2 34 36 37 56 -36 -37 41 -41 43 47 44 50 -46 -45 48 49 -43 -39 -27 -12 54 -54 -44 -34 -58 59 -8 -10 -17
right_child=32 2 3 8 -6 9 7 31 19 30 52 -13 -14 15 17 61 -18 -19 -20 -21 21 -23 27 24 25 51 -28 -29 -30 -31 -32 -33 33 -35 35 38 -38 39 -40 40 -42 42 55 46 45 -47 -48 -49 -50 -51 -52 -53 53 -55 -56 -57 57 -59 -60 -61 -62 -63
leaf_value=-0.00050315801173862491 -2.40172661125886e-05 -0.00060619032561220045 -0.00077491030805030767 4.3107006696266208e-05 -0.00011516316486871789 -0.0016027889559548853 -0.00013530444539583186 -0.000120652272323502 -0.00083309253166766715 -0.00046941281485713668 -0.0014019119521727524 0.00069376212075019652 9.5948391856060062e-05 -0.00030388682381156618 0.00062760301300649173 -1.7373146708734013e-05 0.00075837465609885995 0.00018144310543909161 0.0025823633717816505 0.00022453796273518123 -0.00035173786489433987 -2.1584691210090309e-05 0.0014886000905503819 0.0017019327557296494 -0.00044834627580522216 0.0019688585225827574 0.0011539720589550393 0.0001111615414971619 0.0018841983101197653 0.00025345960397449741 0.00078778976998853919 -0.00096543006041901818 -0.00012370657265524821 0.0014967523809248878 -0.00094161688216309262 -0.00019859887667551438 0.00147220500210034 -0.00016924481873277313 -0.00102021463340143 0.0014739283756982234 0.00011456683352715831 -0.0022570478907298474 -0.00097671269746227329 -5.2529275196924166e-05 -0.00076724509485839745 8.0467266587463639e-05 0.0007932347151283544 -0.0010479297340170346 -0.00028136459254433585 -0.00017659717628947303 0.00080675399797058259 0.00020284400099012696 -0.0015289357769630899 -8.4212825181653164e-05 -0.00039205369153640871 0.00015263751628488473 -0.00013583914277809383 0.0014446508262316738 -0.00090252827472855901 0.00089462049570158996 0.00026147990528027572 -0.00030923569553553877
leaf_weight=1125 36956 1436 513 154264 16604 370 3840 833 771 3864 344 1004 13771 13985 218 26059 401 294 315 26794 4554 66590 321 300 841 267 248 116054 210 2822 290 1907 2798 269 762 1193 350 14249 1580 296 1531 336 345 18113 3370 1316 657 1411 3716 313 443 243 463 3519 1892 2774 531 464 513 606 523 5267
leaf_count=1125 36956 1436 513 154264 16604 370 3840 833 771 3864 344 1004 13771 13985 218 26059 401 294 315 26794 4554 66590 321 300 841 267 248 116054 210 2822 290 1907 2798 269 762 1193 350 14249 1580 296 1531 336 345 18113 3370 1316 657 1411 3716 313 443 243 463 3519 1892 2774 531 464 513 606 523 5267
internal_value=2.07228e-06 2.33323e-05 -2.80728e-06 3.69497e-05 8.75868e-05 -0.000108685 -8.94088e-05 -0.000262297 7.13985e-05 -0.000481517 -0.000161904 4.295e-05 -6.7406e-05 -0.000115216 0.000522795 -0.00013973 -0.000102211 0.00121355 0.00178286 0.000196194 -5.38665e-05 -4.27181e-05 0.000115517 4.89523e-05 0.000523793 0.000302753 -8.34473e-05 0.000121346 0.00047384 0.000379607 -0.000381645 -0.000708605 -0.000105445 -0.000158409 -0.000166283 -0.000194071 0.000185211 -0.000167662 -0.000666739 -0.000155594 0.000334803 -0.00017464 -0.000365528 -0.00013013 -0.000233971 -0.000529176 -2.29253e-05 -0.000577878 -0.000425932 -0.00125369 -0.000139816 0.0011274 -0.000358357 -0.000297243 -0.000615568 2.77174e-05 6.6453e-05 0.000601193 -8.88135e-05 5.07669e-06 -0.000390696 -6.64455e-05
internal_weight=568008 474235 337099 245074 137136 92025 87501 14921 184251 4524 12181 5963 60823 47052 1741 45311 914 827 533 28088 72580 71144 120532 156163 1899 1599 1089 119407 3353 3143 4154 2740 93773 56817 56548 52405 4143 49632 2773 48870 1827 47043 8895 38148 19378 4686 18770 5776 4365 649 14692 510 6218 5874 2355 3119 3793 995 4959 4446 1294 31326
internal_count=568008 474235 337099 245074 137136 92025 87501 14921 184251 4524 12181 5963 60823 47052 1741 45311 914 827 533 28088 72580 71144 120532 156163 1899 1599 1089 119407 3353 3143 4154 2740 93773 56817 56548 52405 4143 49632 2773 48870 1827 47043 8895 38148 19378 4686 18770 5776 4365 649 14692 510 6218 5874 2355 3119 3793 995 4959 4446 1294 31326
is_linear=0
shrinkage=0.04


Tree=37
num_leaves=63
num_cat=0
split_feature=1 6 6 5 3 0 0 10 11 5 2 7 6 0 3 3 6 5 0 0 6 10 10 3 7 7 3 4 0 11 0 3 1 0 10 4 7 7 0 10 2 0 10 7 6 0 3 0 2 2 10 11 11 7 11 0 10 1 7 6 1 11
split_gain=0.717696 0.45877 0.407281 0.395595 0.683833 0.403182 0.385824 0.576564 0.373972 0.353689 0.374662 0.333344 0.325642 0.303638 0.280878 0.314114 0.280833 0.268447 0.2662 0.296972 0.593812 0.461165 0.440352 0.266034 0.260307 0.288856 0.303919 0.370768 0.313119 0.365589 0.251867 0.25126 0.273631 0.247866 0.281941 0.24685 0.245271 0.242367 0.241755 0.290873 0.271649 0.234303 0.31807 0.393758 0.386663 0.377495 0.23342 0.257754 0.458654 0.23089 0.351093 0.226312 0.373896 0.223978 0.221958 0.221454 0.24269 0.219445 0.217422 0.216942 0.28056 0.297737
threshold=2375.1804199218755 6.1497550010681161 5.7846848964691171 0.32651163637638098 -4.0128598213195792 82.166778564453139 80.667133331298842 -25.650849342346188 -20.109443664550778 -0.99025195837020863 4.5118699073791513 0.8902300000190736 4.7537248134613046 75.197761535644545 -1.2898799777030943 -13.106324672698973 6.1092650890350351 -0.87967571616172779 83.266735076904311 84.710937500000014 5.8743450641632089 -23.509980201721188 -20.155048370361325 -6.327385187149047 1.2418249845504763 1.048154950141907 -2.8246300220489498 0.52709355950355541 80.708354949951186 -13.021527290344237 71.44202041625978 -19.590699195861813 2786.680541992188 72.658428192138686 -26.859508514404293 0.86009648442268383 2.0929050445556645 1.2084900140762331 76.36151504516603 -34.005311965942376 6.390709877014161 79.321384429931655 -23.818326950073239 2.4871850013732915 5.2228147983551034 73.27756500244142 -17.646170616149899 85.124172210693374 -4.9258501529693595 11.256070137023928 -6.3920841217041007 -11.895703315734862 -19.135195732116696 1.7443699836730959 -15.140788078308104 76.29367828369142 -10.650908470153807 2058.586059570313 2.6212399005889897 5.7611248493194589 2390.7629394531255 -7.4234294891357413
decision_type=2 2 2 2 2 2 2 8 8 2 2 2 2 2 2 2 2 2 2 2 2 10 10 2 2 2 2 2 2 8 2 2 2 2 8 2 2 2 2 8 2 2 10 2 2 2 2 2 2 2 10 10 10 2 10 2 10 2 2 2 2 8
left_child=1 3 8 4 17 14 31 -8 12 10 -9 49 13 58 15 16 41 51 -7 20 35 -22 -23 -21 25 26 -3 28 54 -30 -14 32 -4 -17 -35 -20 -25 38 -33 -40 -41 42 43 -5 45 -44 -32 -48 -49 -6 -51 52 -1 -24 -28 56 -15 -43 -2 -10 -61 -62
right_child=2 24 6 5 11 18 7 9 59 -11 -12 -13 30 55 -16 33 -18 -19 19 23 21 22 53 36 -26 -27 27 -29 29 -31 46 37 -34 34 -36 -37 -38 -39 39 40 -42 57 44 -45 -46 -47 47 48 -50 50 -52 -53 -54 -55 -56 -57 -58 -59 -60 60 61 -63
leaf_value=-0.0014760721113866652 0.00032465508182169463 8.5206036797724953e-05 -0.00078661790593424958 -1.2979800956700137e-05 -0.00023546168952968136 -0.00033650573059154193 -0.00055018507693189566 -0.00074154959058172869 4.0798026805989013e-05 -0.00014859596795164853 0.00052321211197295663 0.00014539723837781165 0.00081780343564208022 0.002197366005503664 -3.8585144152175898e-05 0.00051737730004023025 0.0012997847206354367 -4.9721393979776755e-05 -0.00035414985576201789 -0.0016334529093374847 -0.00047482966659766326 0.0024780142371429578 4.6026840816432636e-05 -0.00049510945739076207 2.9242146179852598e-05 -0.00036975929912871723 0.00048686431223651138 -0.00085419685600854583 0.0015963948571158016 2.5770230794123442e-05 -0.00024734043112179953 9.4408492293176515e-05 0.00031294891080690295 3.1263036102472366e-05 0.00026342623702346925 0.00075842246245362869 0.00058835301084217645 5.6150303850226531e-05 -0.00070596237999681697 -0.00011372254834895577 -0.0013712646382831011 0.00068843244383352223 -0.00028934931564585537 -0.0010042498297772988 0.00011084843773932526 0.0015555040605541737 -4.4347735865569292e-05 -0.0022015698232624513 -0.00029076930779576546 0.0019334859281604855 -6.5634469876418185e-05 -0.0015472299851423416 0.00042498624455944011 0.0016006916185011177 -0.00047363135994188269 0.00025175516721380405 0.00036345358213227724 -0.00071771776460325385 -0.00072228331076869419 -0.0010943067379770664 0.00029592405060868953 0.0014034865552880423
leaf_weight=265 502 9891 1320 5321 5833 4353 5647 448 84989 58309 2292 64158 485 204 8999 4705 264 67520 1504 218 265 377 335 1017 26223 6965 430 1321 254 3568 13406 6116 499 10656 39002 405 498 35419 1647 12542 281 209 243 729 2941 658 55897 220 2326 204 452 338 441 266 3674 5060 266 1181 863 203 3098 444
leaf_count=265 502 9891 1320 5321 5833 4353 5647 448 84989 58309 2292 64158 485 204 8999 4705 264 67520 1504 218 265 377 335 1017 26223 6965 430 1321 254 3568 13406 6116 499 10656 39002 405 498 35419 1647 12542 281 209 243 729 2941 658 55897 220 2326 204 452 338 441 266 3674 5060 266 1181 863 203 3098 444
internal_value=5.33056e-07 4.68391e-05 -4.31132e-05 7.18145e-05 3.04273e-05 0.000140285 -9.79339e-05 -0.000163494 -2.47175e-06 -0.000127725 0.000316419 0.000117765 -6.56366e-05 0.000197022 0.000171033 0.000199654 1.01726e-05 -5.95632e-05 -0.000109041 9.3651e-05 0.000324906 0.0010053 0.00140635 -0.000326959 -5.97698e-05 -0.000149191 -6.89183e-05 -0.000233777 -0.000130373 0.00013015 -9.06737e-05 -2.23149e-05 -0.000484978 0.000239898 0.000213607 -0.000118114 -0.000138961 -7.28799e-06 -0.000116436 -0.000205553 -0.00014128 -2.00045e-05 4.83271e-05 -0.000132424 0.000332956 0.00105795 -9.68062e-05 -6.22757e-05 -0.000455882 -0.000155445 0.000556043 -0.000696077 -0.000288584 0.000734115 -0.000372995 0.000328901 0.00115945 -0.000506289 -0.000337255 5.3927e-05 0.000351876 0.00043476
internal_weight=568166 275683 292483 223357 139211 84146 124520 66696 167963 61049 2740 70647 79229 6895 74908 65909 11546 68564 9238 4885 3152 1243 978 1733 52326 26103 19138 9247 7926 3822 72334 57824 1819 54363 49658 1909 1515 56005 20586 14470 12823 11282 9892 6050 3842 901 71849 58443 2546 6489 656 1044 706 601 4104 5530 470 1390 1365 88734 3745 3542
internal_count=568166 275683 292483 223357 139211 84146 124520 66696 167963 61049 2740 70647 79229 6895 74908 65909 11546 68564 9238 4885 3152 1243 978 1733 52326 26103 19138 9247 7926 3822 72334 57824 1819 54363 49658 1909 1515 56005 20586 14470 12823 11282 9892 6050 3842 901 71849 58443 2546 6489 656 1044 706 601 4104 5530 470 1390 1365 88734 3745 3542
is_linear=0
shrinkage=0.04


Tree=38
num_leaves=63
num_cat=0
split_feature=1 7 3 0 10 2 2 0 10 4 5 0 9 2 9 9 1 4 2 9 4 0 7 0 0 3 9 3 6 3 3 7 6 7 7 5 4 7 5 9 6 6 1 10 1 7 9 10 1 0 4 6 2 3 4 1 9 9 0 0 6 0
split_gain=0.813618 0.431391 0.443589 0.494725 0.642526 0.518171 0.330468 0.321453 0.405125 0.340443 0.319671 0.49375 0.318176 0.302332 0.320669 0.301823 0.299474 0.298145 0.450873 0.315901 0.295355 0.282543 0.364427 0.263385 0.244954 0.282064 0.243062 0.322967 0.291183 0.24042 0.402856 0.261952 0.257982 0.234347 0.227053 0.463833 0.286956 0.266564 0.294748 0.340371 0.228033 0.226078 0.275625 0.239812 0.223526 0.222794 0.369359 0.306349 0.35698 0.335517 0.439893 0.247595 0.222586 0.257923 0.335034 0.222477 0.358182 0.221638 0.277297 0.283943 0.264489 0.23521
threshold=2589.192504882813 1.2501899600028994 -13.002449989318846 83.01422500610353 -22.28249359130859 10.199910163879396 2.4108099937438969 78.556842803955092 -29.32962608337402 0.99267086386680614 0.57162126898765575 79.974754333496108 -5.4674415588378897 -14.20944023132324 -9.1683082580566388 -7.8624496459960929 1672.3515625000002 0.27924011647701269 1.5515400171279909 -7.1848297119140616 0.99995040893554699 84.90879058837892 1.5150400400161745 85.124172210693374 80.01602935791017 -3.3354749679565425 -11.590290069580076 -5.4805550575256339 6.5850999355316171 -3.9000400304794307 -3.7288799285888667 1.9367749691009524 6.3113648891448983 2.2524900436401372 2.3412249088287358 0.96957102417945873 -0.73142504692077626 2.4608600139617924 0.29050332307815557 -8.4217872619628888 5.8174650669097909 6.5395948886871347 2580.307250976563 -10.560141086578367 1561.1172485351565 2.7629649639129643 -10.963775634765623 -13.550027847290037 2210.8750000000005 78.422988891601577 0.5456400215625764 5.6663548946380624 4.7259099483489999 1.8370100259780886 -0.13945560157299039 2490.493774414063 -9.4681243896484357 -3.7123603820800777 77.958396911621108 74.210250854492202 4.4634349346160898 77.958396911621108
decision_type=2 2 2 2 8 2 2 2 8 2 2 2 8 2 10 8 2 2 2 8 2 2 2 2 2 2 10 2 2 2 2 2 2 2 2 2 2 2 2 10 2 2 2 8 2 2 10 10 2 2 2 2 2 2 2 2 10 8 2 2 2 2
left_child=1 7 6 5 33 15 16 -1 -9 -10 17 -12 34 -13 -15 26 -3 19 57 -2 41 22 -21 -18 -11 -26 27 28 -4 -20 -31 32 -32 -5 -6 36 -36 38 -38 -40 -39 42 44 -44 -17 -28 51 48 49 -48 -51 -47 -23 54 -54 -50 -57 60 59 -59 61 -19
right_child=10 2 3 4 12 -7 -8 8 9 24 11 13 -14 14 -16 20 23 18 29 21 -22 52 -24 -25 25 -27 45 -29 -30 30 31 -33 -34 -35 35 -37 37 40 39 -41 -42 -43 43 -45 -46 46 47 -49 55 50 -52 -53 53 -55 -56 56 -58 58 -60 -61 -62 -63
leaf_value=5.04256879040261e-05 -0.00028393420396090259 -0.001360693748376166 0.00011108445753315181 -0.00039915485198615619 -0.00010271739153853812 -0.00027265349945403291 -0.00025241235532258405 -0.00051721270967577937 -4.2366324704154861e-05 -0.00091317159095200635 -5.2499639688104882e-05 -0.00087518189330854589 0.00011149388286916197 -0.00011927310987808856 -0.00048191668250483453 0.0011746374273653645 1.5563638294789982e-05 1.8245656974613667e-05 -0.00025222378737557786 0.002086977892200444 -0.00097575510532508516 -0.00034793800372358774 0.00046970647363346228 -0.0010770892075085069 -9.1656761722289429e-05 -0.0011349092772870791 3.0782197057723754e-05 0.00030493178153471372 -0.00066631672357661651 0.001329437801922279 -0.00041434119169846026 0.00026684183484292637 0.00086915319316440093 -0.0012805856658931795 0.0010028364474677163 0.0018974448905958393 0.00017664733701179449 5.8968289128628674e-05 0.0023230232006862641 0.00019895616921012678 -0.00036198235941535041 -0.00043708058277206212 0.0022559187267906962 0.00032279216309223695 0.00021382411106761663 4.2563394497767594e-06 -5.5745410865971022e-05 0.00013160875664198861 0.00016443886939100175 0.00029034680065277192 0.0025124960871970004 -0.0010818461173460318 -0.001126409322325576 0.0014333712588177642 0.00057997164739405414 0.0002284616246352729 0.0020234389899385198 -0.00019924911728969985 -3.5263368725049175e-05 0.0012167558223069943 -1.6434232506288174e-05 0.0015973675214782702
leaf_weight=43133 1141 258 40115 1530 36790 5558 10547 3353 62932 1118 21414 1539 30735 8401 7284 391 41566 295 21230 353 333 697 605 356 3046 480 83155 16692 786 363 2719 2369 276 705 497 224 1943 6569 246 237 2999 822 200 211 42191 1097 210 4792 1893 212 435 484 235 370 850 421 308 310 1188 842 45784 309
leaf_count=43133 1141 258 40115 1530 36790 5558 10547 3353 62932 1118 21414 1539 30735 8401 7284 391 41566 295 21230 353 333 697 605 356 3046 480 83155 16692 786 363 2719 2369 276 705 497 224 1943 6569 246 237 2999 822 200 211 42191 1097 210 4792 1893 212 435 484 235 370 850 421 308 310 1188 842 45784 309
internal_value=6.9335e-06 3.15166e-05 5.43629e-05 7.42234e-05 -8.22881e-06 0.000108173 -5.21512e-05 -3.56847e-05 -8.80497e-05 -6.67555e-05 -8.62728e-05 -0.00018074 1.04044e-05 -0.000340176 -0.000287682 0.000119041 -2.07645e-06 -4.0611e-05 -5.89191e-05 0.000285347 0.000211013 0.000494206 0.00106563 6.28487e-06 -0.000397259 -0.000233676 9.20799e-05 0.000156657 9.6145e-05 -0.00019018 3.98161e-05 -4.7457e-05 -0.000296063 -0.00067719 -5.23566e-05 9.33588e-05 6.10063e-05 2.19793e-05 0.000396472 0.00128078 -7.29747e-05 0.000220033 0.000232597 0.00126349 0.000222647 5.20916e-05 0.000231952 0.000339032 0.000624739 0.00133347 0.00178437 -0.000328238 0.000239825 0.000521386 0.000210387 0.000393091 0.000986833 1.36963e-05 0.000393525 0.000835713 -5.46382e-06 0.000826108
internal_weight=568144 449570 335508 282781 82475 200306 52727 114062 70929 67576 118574 38638 80240 17224 15685 194748 42180 79936 75685 4251 44148 3110 958 41922 4644 3526 150600 57593 40901 26957 5727 5364 2995 2235 49505 12715 12491 11994 2426 483 9568 43815 42993 411 42582 93007 9852 8271 3479 857 647 1581 2152 1455 1085 2622 729 48728 2340 1152 46388 604
internal_count=568144 449570 335508 282781 82475 200306 52727 114062 70929 67576 118574 38638 80240 17224 15685 194748 42180 79936 75685 4251 44148 3110 958 41922 4644 3526 150600 57593 40901 26957 5727 5364 2995 2235 49505 12715 12491 11994 2426 483 9568 43815 42993 411 42582 93007 9852 8271 3479 857 647 1581 2152 1455 1085 2622 729 48728 2340 1152 46388 604
is_linear=0
shrinkage=0.04


Tree=39
num_leaves=63
num_cat=0
split_feature=1 10 6 4 6 5 2 4 2 1 4 6 4 2 2 4 1 1 8 9 2 6 7 9 8 9 7 11 8 8 6 4 7 9 6 11 7 1 5 8 11 6 9 9 5 1 1 2 9 9 11 9 1 6 9 7 9 11 10 4 2 1
split_gain=0.557877 0.4141 0.495312 0.296922 0.275744 0.379847 0.304891 0.431897 0.308311 0.283869 0.338565 0.306219 0.272819 0.377074 0.265266 0.255956 0.2554 0.50859 0.382284 0.255316 0.442059 0.396604 0.376308 0.328981 0.273432 0.359334 0.295701 0.260723 0.246798 0.241656 0.240045 0.239007 0.288973 0.275357 0.241328 0.237506 0.230901 0.259374 0.230712 0.244305 0.230532 0.364733 0.229623 0.311125 0.226475 0.24467 0.222496 0.221353 0.220631 0.38272 0.220016 0.460461 0.259865 0.25322 0.21839 0.258524 0.341305 0.220512 0.2169 0.351578 0.216217 0.306671
threshold=2525.078735351563 -5.4187927246093741 6.1497550010681161 0.99835294485092174 5.3899798393249521 -0.53328669071197499 4.5118699073791513 -0.73142504692077626 4.1728200912475595 2312.0449218750005 0.78595113754272472 5.5073950290679941 -0.67929983139038075 3.435750007629395 7.4896299839019784 -0.95167833566665638 2365.184448242188 2396.503295898438 5.6636450290679941 -8.7028465270996076 -5.570039987564086 5.3161101341247567 0.93275499343872081 -8.4574012756347638 5.9574549198150644 -6.6986427307128897 1.5969200134277346 -10.764091968536375 4.6987650394439706 6.1619350910186776 6.2340497970581064 0.36463516950607305 2.0155549049377446 -9.0715904235839826 5.3371450901031503 -13.32113456726074 1.7650550007820132 2290.958862304688 -0.26159358024597162 5.2674248218536386 -10.413013458251951 5.0803148746490487 -10.828922271728514 -11.034130096435545 -0.068767398595809923 2094.918579101563 2259.5434570312505 6.5673499107360849 -3.3028182983398433 -3.0460968017578121 -15.65664482116699 -5.6890449523925772 2480.4902343750005 5.0803148746490487 -10.999496459960936 2.5897700786590581 -11.104679107666014 -23.867400169372555 -9.9874753952026349 0.93046861886978161 -0.21131999790668485 2293.480590820313
decision_type=2 10 2 2 2 2 2 2 2 2 2 2 2 2 2 2 2 2 2 10 2 2 2 10 2 10 2 10 2 2 2 2 2 8 2 10 2 2 2 2 10 2 10 10 2 2 2 2 10 10 10 10 2 2 10 2 8 10 10 2 2 2
left_child=1 2 4 -4 5 6 8 -8 -1 60 48 42 13 44 -13 -3 28 18 -18 22 -21 24 -14 -23 25 58 -26 -25 -9 -17 -5 32 -30 -34 -35 -10 37 -32 39 -24 50 -42 43 -12 45 -7 -47 -43 -11 -50 52 53 -19 -52 55 56 -41 -56 -22 -60 -6 -62
right_child=-2 15 3 30 9 12 7 16 35 10 11 14 19 -15 -16 29 17 40 -20 20 21 23 38 27 26 -27 -28 -29 31 -31 36 -33 33 34 -36 -37 -38 -39 -40 54 41 47 -44 -45 -46 46 -48 -49 49 -51 51 -53 -54 -55 57 -57 -58 -59 59 -61 61 -63
leaf_value=0.00041192635680343447 -5.2958407940859807e-05 0.0012319776749718267 -3.5552443748984675e-05 -0.0013286176795702909 0.00014875334763853447 -0.002179688774520838 0.001776223803705681 0.0013795610933340396 0.00065141639572290999 5.4737675901181732e-05 -0.00015667922540973329 -2.0720152037195369e-05 -0.00055593662417812058 0.0008196561587336537 -0.00082396256187400915 -0.0001620906274956201 0.00035597636666498151 -2.6688439971382036e-06 0.0021273336430485046 -0.00070119932011418701 0.00043710806891853154 0.0022158198208204081 -0.00068734811892464439 0.00048572698224260341 0.0017342674531707805 -0.00050229293827406673 0.00038580020756692182 0.0019799038864007578 0.00050816279757234556 0.00011472707047628041 9.1650196401811655e-06 -0.00022856594623600138 0.0011063341558901847 -0.00010943604981671465 -0.0013966642314982083 0.001925052214992959 0.00059255754440959733 -0.0013273537840387351 0.00011454250779645513 0.0001567289550712497 0.0022705853602383286 -0.00064770603774145163 -0.00048773957019354906 0.0013693388165930474 -0.00020531793711304019 0.00015560420438308608 -0.0014846914260849065 0.0010145193649908357 0.001681767887010628 0.00020928954737175348 -0.002191357716755923 0.00065856643880453554 0.0013783819714296389 -0.00053115090293306933 0.00085199936993862735 -0.00032306137215747528 0.0015332809123719926 -0.00056510058214564887 -0.0010446370622385929 0.00039933626049489158 1.439657538445319e-05 0.00035303444610361239
leaf_weight=3480 163567 229 68775 476 52655 237 272 216 519 50303 3213 43173 1501 365 668 26784 350 713 440 666 3226 252 1141 1522 350 1234 1014 213 2387 6217 504 3719 257 1702 270 427 354 431 45778 938 200 235 4570 229 1040 275 255 282 357 1352 204 427 314 526 202 812 416 1349 468 637 58733 4615
leaf_count=3480 163567 229 68775 476 52655 237 272 216 519 50303 3213 43173 1501 365 668 26784 350 713 440 666 3226 252 1141 1522 350 1234 1014 213 2387 6217 504 3719 257 1702 270 427 354 431 45778 938 200 235 4570 229 1040 275 255 282 357 1352 204 427 314 526 202 812 416 1349 468 637 58733 4615
internal_value=9.37718e-06 3.45857e-05 4.66947e-05 -4.86993e-05 6.90728e-05 0.000132247 0.000300645 0.000199724 0.000585989 4.58479e-05 -2.18495e-06 -7.45137e-05 8.75979e-05 -0.000353015 -3.29591e-05 -0.000100694 0.000164697 0.000442783 0.00134256 0.000103104 0.000292877 0.000367132 6.82263e-05 0.000865316 0.000224269 9.98685e-05 0.000731815 0.000669162 4.46616e-05 -0.000109941 -0.000560978 1.00679e-05 0.00020233 -0.000125182 -0.000285679 0.0012263 -0.000277506 -0.00060692 8.67283e-05 -0.000175371 0.000197758 0.000820085 -0.000301897 -5.51516e-05 -0.000589885 -0.00111133 -0.000633595 0.000258962 6.99227e-05 0.000516882 -6.5501e-06 -0.000384801 0.00041958 -0.000995099 -1.82099e-05 0.000241242 0.000579658 -0.00038054 0.000271438 -0.000212229 8.88547e-05 3.90669e-05
internal_weight=568036 404469 371239 70540 300699 80831 16940 12514 4426 219868 103865 51853 63891 2172 43841 33230 12242 3691 790 61719 9582 8916 52137 1987 6929 5565 1364 1735 8551 33001 1765 8335 4616 2229 1972 946 1289 935 50636 4858 2901 717 8012 3442 1807 767 530 517 52012 1709 2184 1157 1027 730 3717 2166 1354 1551 4331 1105 116003 63348
internal_count=568036 404469 371239 70540 300699 80831 16940 12514 4426 219868 103865 51853 63891 2172 43841 33230 12242 3691 790 61719 9582 8916 52137 1987 6929 5565 1364 1735 8551 33001 1765 8335 4616 2229 1972 946 1289 935 50636 4858 2901 717 8012 3442 1807 767 530 517 52012 1709 2184 1157 1027 730 3717 2166 1354 1551 4331 1105 116003 63348
is_linear=0
shrinkage=0.04


Tree=40
num_leaves=63
num_cat=0
split_feature=0 3 7 6 0 10 2 0 9 9 3 5 10 6 11 10 9 9 3 5 6 0 9 2 10 2 10 2 0 3 0 10 1 6 0 1 11 3 1 6 6 7 10 0 3 5 3 9 11 7 10 10 1 2 11 6 9 1 7 0 9 0
split_gain=0.566582 0.571014 0.469132 0.462502 0.431516 0.457534 0.343356 0.526126 0.330812 0.282779 0.372641 0.389452 0.333202 0.543692 0.362071 0.400159 0.279207 0.266902 0.264745 0.264403 0.264333 0.262459 0.396974 0.259867 0.320382 0.256285 0.252186 0.296112 0.29784 0.581627 0.246041 0.244697 0.242319 0.241664 0.23509 0.24811 0.290155 0.256998 0.231711 0.292569 0.505301 0.337602 0.32633 0.437766 0.227642 0.227325 0.274288 0.325056 0.223259 0.223141 0.251185 0.25957 0.326058 0.22227 0.221435 0.291105 0.271893 0.34277 0.265962 0.334667 0.219424 0.421312
threshold=78.05564117431642 -15.439539909362791 1.3125950098037722 5.3773398399353036 81.694053649902358 -17.635943412780758 8.5646100044250506 81.528476715087905 -14.455230712890623 -7.8624496459960929 4.7214398384094247 -0.088721692562103258 -10.836639881134031 5.4797151088714608 -8.667146682739256 -14.694976806640623 -11.549633026123045 -10.861854553222654 -18.618809700012203 -0.91611039638519276 5.5296552181243905 80.545829772949233 -7.4476928710937491 9.0751600265502947 -5.8319525718688956 7.4896299839019784 -9.9874753952026349 2.8515999317169194 81.733409881591811 -4.348249912261962 79.853054046630874 -23.231388092041012 2580.307250976563 5.5616052150726327 67.729316711425795 1948.824157714844 -11.819566726684569 -9.4090199470520002 2194.4978027343755 4.8411300182342538 5.3507750034332284 2.7828800678253178 -13.313050746917723 79.853054046630874 -8.4871101379394513 -0.95163592696189869 -12.679340362548826 -9.4681243896484357 -32.519071578979485 1.5770850181579592 -10.37414503097534 -12.290597438812254 2070.1540527343755 -18.580224990844723 -9.856012821197508 5.3773398399353036 -6.4294929504394522 2519.1459960937505 1.6171799898147585 80.631011962890639 -9.1683082580566388 82.916099548339858
decision_type=2 2 2 2 2 8 2 2 8 10 2 2 10 2 10 10 10 10 2 2 2 2 10 2 10 2 10 2 2 2 2 10 2 2 2 2 8 2 2 2 2 2 8 2 2 2 2 10 8 2 10 10 2 2 10 2 10 2 2 2 8 2
left_child=18 -2 3 17 6 16 9 -8 30 10 38 33 13 14 15 21 -6 -3 -1 60 -15 -11 -23 48 -25 34 27 28 -19 32 -5 -22 -30 -12 35 37 -37 -20 39 44 49 -42 43 -43 -4 -27 -47 -48 -21 -41 51 -51 -53 -40 55 58 57 -57 -14 -60 61 -7
right_child=1 2 4 8 5 19 7 -9 -10 12 11 -13 54 20 -16 -17 -18 26 25 23 31 22 -24 24 -26 45 -28 -29 29 -31 -32 -33 -34 -35 -36 36 -38 -39 53 40 41 42 -44 -45 -46 46 47 -49 -50 50 -52 52 -54 -55 -56 56 -58 -59 59 -61 -62 -63
leaf_value=-0.0001217842969666098 -0.00019807175967174919 -0.00027522359117928701 -0.0012666869394012306 -0.0005119939499802779 0.0002470929310998516 0.00046922774337119713 -0.00033344640302071244 0.0012513825435298055 -9.9320705044385807e-05 0.00057032471844627533 0.0027194885539689236 -0.00018378306743843529 -0.001511793446974949 -0.00086026309164107808 0.0024759402746885001 0.00025484663811359412 -0.00020905993376259984 -6.5380323689200932e-05 -0.0007395760135130129 0.0011401401363027174 -0.00080850231527431176 0.0032386882834305819 0.001095210560497337 1.2336004325789467e-05 -0.0007447123976678454 0.00041995501617368372 -4.9356612145968233e-05 0.00098902521983586797 0.00044777203434221877 -0.00035419209269765275 -0.0020536074773910657 0.00034213895303529627 0.0017717206955385832 0.00078883918514475223 8.591151062438293e-05 0.00042438928772258079 0.0018724791730985006 0.00082623273561334919 -0.0010375026194294511 0.0013344609519668124 5.0823698284159564e-05 0.00044437148241490961 0.00013940357089099419 0.0025989475957014499 -7.079142311152083e-05 0.00021091881760658987 -0.00030783416352163541 -0.0014925077341671426 -1.8310122979274566e-05 0.00053018378160276237 1.2022979101356195e-06 0.002762134871952752 0.00048373545311624185 3.3854681098222904e-05 -0.00085108748915971202 -2.687639005347141e-06 0.0014059851506709124 0.0016645659452686752 0.00061002502786866412 -0.0005816423377951979 0.00012868971915504866 -0.00091445666482156544
leaf_weight=11137 27406 1512 362 881 2339 580 5252 358 92726 405 210 271 248 346 220 1127 26150 1824 360 267 313 220 372 1806 1772 917 2111 1304 348 539 204 5354 607 205 144095 558 367 314 311 555 14703 342 722 270 859 1470 3768 411 86570 2395 1225 202 200 82800 453 1655 353 224 631 937 30357 896
leaf_count=11137 27406 1512 362 881 2339 580 5252 358 92726 405 210 271 248 346 220 1127 26150 1824 360 267 313 220 372 1806 1772 917 2111 1304 348 539 204 5354 607 205 144095 558 367 314 311 555 14703 342 722 270 859 1470 3768 411 86570 2395 1225 202 200 82800 453 1655 353 224 631 937 30357 896
internal_value=3.61852e-06 -2.17856e-05 -8.96685e-06 -8.22015e-05 1.82276e-05 -2.72499e-05 7.34665e-05 -0.000232311 -0.000107446 8.79438e-05 6.63846e-05 0.000995626 0.000265058 0.000414494 0.000931242 0.000771245 -0.000171609 0.000205028 6.64768e-05 6.39185e-06 0.000213055 0.00135498 0.00189177 -2.85134e-05 -0.000362591 8.02471e-05 0.000312876 0.000478318 0.000277606 0.000696352 -0.000801846 0.000278587 0.00128928 0.00176579 9.1264e-05 0.000573608 0.000998929 -1.01043e-05 6.03105e-05 0.000176269 0.000211904 0.000106105 0.000715398 0.00139492 -0.000425348 -0.000164208 -0.000259035 -0.000424345 -1.47482e-05 0.000582606 0.000478857 0.000688055 0.0016286 2.98457e-05 -1.24001e-05 8.14549e-05 0.000387423 0.00019607 -0.000294602 -0.000102087 0.000105533 -0.000370732
internal_weight=567696 404299 376893 102056 274837 150737 124100 5610 93811 118490 105632 686 12858 8357 2344 2124 28489 8245 163397 122248 6013 997 592 90415 3578 152260 6733 4622 3318 1494 1085 5667 955 415 145694 1599 925 674 104946 21835 20614 16037 1334 612 1221 6566 5649 4179 86837 4577 4022 2797 402 83111 4501 4048 2232 1879 1816 1568 31833 1476
internal_count=567696 404299 376893 102056 274837 150737 124100 5610 93811 118490 105632 686 12858 8357 2344 2124 28489 8245 163397 122248 6013 997 592 90415 3578 152260 6733 4622 3318 1494 1085 5667 955 415 145694 1599 925 674 104946 21835 20614 16037 1334 612 1221 6566 5649 4179 86837 4577 4022 2797 402 83111 4501 4048 2232 1879 1816 1568 31833 1476
is_linear=0
shrinkage=0.04


Tree=41
num_leaves=63
num_cat=0
split_feature=3 7 9 9 10 6 10 10 4 9 7 11 9 6 8 8 4 10 4 10 1 1 1 9 7 1 3 5 7 8 7 7 11 8 11 4 3 11 9 3 1 11 10 1 10 8 9 8 3 1 1 11 1 8 7 6 3 1 7 11 5 11
split_gain=0.443779 0.4358 0.536677 0.328862 0.318077 0.315216 0.407422 0.308433 0.34516 0.312939 0.274113 0.331091 0.259072 0.345023 0.30612 0.291591 0.262047 0.30717 0.250176 0.323151 0.290339 0.294667 0.288151 0.273814 0.308571 0.244323 0.290622 0.245746 0.29959 0.256952 0.253128 0.243011 0.240977 0.240332 0.304568 0.382067 0.239354 0.334267 0.457944 0.345291 0.468545 0.342504 0.327067 0.470047 0.262 0.266005 0.239446 0.240395 0.237337 0.237269 0.232931 0.225035 0.269243 0.222671 0.220955 0.278587 0.248548 0.265325 0.218275 0.218231 0.217824 0.217804
threshold=-18.105010032653805 1.3125950098037722 -5.0607604980468741 -8.9050369262695295 -16.907662391662594 5.371004819869996 -14.472459793090819 -15.554244041442869 0.99926769733428966 -8.8403701782226545 0.8088500201702119 -25.595457077026364 -12.410999298095701 4.4634349346160898 5.2217001914978036 5.119075059890748 0.98548811674118053 -23.666352272033688 0.69381129741668712 -23.365102767944332 2693.457153320313 2232.038696289063 1999.8231201171877 -14.644447326660154 1.7858400344848635 2419.6984863281255 -9.3220701217651349 -0.058179751038551324 1.1644749641418459 4.8592050075531015 0.6885250210762025 1.1914550065994265 -29.970961570739743 5.384779930114747 -11.580745220184324 0.39189757406711584 -10.594630241394041 -11.819566726684569 -7.8624496459960929 -16.173689842224118 2720.9023437500005 -16.251242637634274 -14.694976806640623 3005.6245117187505 -17.144485473632809 6.075324773788453 -9.0062980651855451 5.7876551151275644 -2.3449399471282955 3059.6848144531255 2505.6916503906255 -15.95411443710327 2312.0449218750005 4.35229516029358 2.3752899169921879 5.1143398284912118 -16.504320144653317 2674.6540527343755 2.4237049818038945 -21.881968498229977 0.17256646603345874 2.327588796615601
decision_type=2 2 8 10 8 2 10 10 2 10 2 10 10 2 2 2 2 8 2 8 2 2 2 10 2 2 2 2 2 2 2 2 10 2 10 2 2 10 10 2 2 10 10 2 10 2 10 2 2 2 2 10 2 2 2 2 2 2 2 10 2 10
left_child=10 2 3 -2 -4 6 -5 8 25 -9 -1 -12 13 14 -3 18 17 33 19 51 21 22 -21 54 32 26 -7 -27 30 -30 48 -31 -25 34 35 -17 37 38 42 -40 41 -41 44 -44 -14 46 47 -46 -29 -42 -8 -15 -53 -38 55 -20 -57 -58 -24 -18 -48 -11
right_child=1 12 4 5 -6 7 50 9 -10 61 11 -13 36 15 -16 16 59 -19 23 20 -22 -23 58 24 -26 27 -28 28 29 31 -32 -33 -34 -35 -36 -37 53 -39 39 40 49 -43 43 -45 45 -47 60 -49 -50 -51 -52 52 -54 -55 -56 56 57 -59 -60 -61 -62 -63
leaf_value=0.00066079964403086976 -3.3676352765924722e-05 -0.00068912929606200967 -0.00078514080000783486 0.00071081260224448162 0.00016662956960440383 0.00071490179200489558 7.7605463602312355e-05 -0.0013437766417478531 -0.0012535353694498527 -6.6981193656798145e-05 -0.00013853633674263644 -0.00063304327555582774 -8.3408700942040869e-06 0.00014072254016968215 -1.8324176719941977e-05 0.0014443393022239464 -1.470056559980679e-05 0.00016316077501019329 0.0016002105768435167 0.00040282045171660642 -0.0011625786213436003 0.00030243207268864692 -0.00098491097491008243 -0.00070175239308313889 -5.8837218912904737e-05 -0.00091544389069010007 -0.00020542982735885596 -0.00096509418471288854 -0.001999357681816482 -0.0018174979608816405 -3.260750106271221e-05 -0.00039371143452780625 0.00069891809201039657 -8.936382083542466e-05 -0.00078775405930567831 0.00019981622131408309 0.00056520848767030679 0.0014481259691290641 0.00038728375698766796 -0.00037867891993608951 -0.0013435798502806203 0.0012412805910948269 -0.00017152095957089197 0.0013123954732862761 0.0002073671794139126 0.0010442220601679197 0.0013276549577596372 -0.00052072719733909951 0.00023826265840444903 -5.6567700470195098e-06 -0.00083104811043700256 0.0016297325552304556 0.00033415925926941144 2.6692395107843888e-05 0.0001850748398752852 0.0015489535086469692 0.00060894818872925716 -0.00044026007549731878 8.3017459086040459e-05 -0.00045493688190025743 0.00010156283964711933 -0.0011398998061073673
leaf_weight=623 86061 1623 578 1438 20054 585 1965 319 613 21751 21114 2414 24162 2789 3305 435 6658 39611 484 534 426 1852 1070 220 3780 1463 8917 1037 245 225 3939 1300 1842 17961 438 4259 1235 234 749 308
